ISO-10303-21;
HEADER;
FILE_DESCRIPTION(('KiCad electronic assembly'),'2;1');
FILE_NAME('base.step','2026-06-02T22:32:49',('Pcbnew'),('Kicad'),
  'Open CASCADE STEP processor 7.6','KiCad to STEP converter','Unknown'
  );
FILE_SCHEMA(('AUTOMOTIVE_DESIGN { 1 0 10303 214 1 1 1 1 }'));
ENDSEC;
DATA;
#1 = APPLICATION_PROTOCOL_DEFINITION('international standard',
  'automotive_design',2000,#2);
#2 = APPLICATION_CONTEXT(
  'core data for automotive mechanical design processes');
#3 = SHAPE_DEFINITION_REPRESENTATION(#4,#10);
#4 = PRODUCT_DEFINITION_SHAPE('','',#5);
#5 = PRODUCT_DEFINITION('design','',#6,#9);
#6 = PRODUCT_DEFINITION_FORMATION('','',#7);
#7 = PRODUCT('base 1','base 1','',(#8));
#8 = PRODUCT_CONTEXT('',#2,'mechanical');
#9 = PRODUCT_DEFINITION_CONTEXT('part definition',#2,'design');
#10 = SHAPE_REPRESENTATION('',(#11,#15,#19),#23);
#11 = AXIS2_PLACEMENT_3D('',#12,#13,#14);
#12 = CARTESIAN_POINT('',(0.,0.,0.));
#13 = DIRECTION('',(0.,0.,1.));
#14 = DIRECTION('',(1.,0.,-0.));
#15 = AXIS2_PLACEMENT_3D('',#16,#17,#18);
#16 = CARTESIAN_POINT('',(0.,0.,0.));
#17 = DIRECTION('',(0.,0.,1.));
#18 = DIRECTION('',(1.,0.,-0.));
#19 = AXIS2_PLACEMENT_3D('',#20,#21,#22);
#20 = CARTESIAN_POINT('',(0.,0.,0.));
#21 = DIRECTION('',(0.,0.,1.));
#22 = DIRECTION('',(1.,0.,-0.));
#23 = ( GEOMETRIC_REPRESENTATION_CONTEXT(3) 
GLOBAL_UNCERTAINTY_ASSIGNED_CONTEXT((#27)) GLOBAL_UNIT_ASSIGNED_CONTEXT(
(#24,#25,#26)) REPRESENTATION_CONTEXT('Context #1',
  '3D Context with UNIT and UNCERTAINTY') );
#24 = ( LENGTH_UNIT() NAMED_UNIT(*) SI_UNIT(.MILLI.,.METRE.) );
#25 = ( NAMED_UNIT(*) PLANE_ANGLE_UNIT() SI_UNIT($,.RADIAN.) );
#26 = ( NAMED_UNIT(*) SI_UNIT($,.STERADIAN.) SOLID_ANGLE_UNIT() );
#27 = UNCERTAINTY_MEASURE_WITH_UNIT(LENGTH_MEASURE(1.E-07),#24,
  'distance_accuracy_value','confusion accuracy');
#28 = PRODUCT_RELATED_PRODUCT_CATEGORY('part',$,(#7));
#29 = ADVANCED_BREP_SHAPE_REPRESENTATION('',(#11,#30),#3694);
#30 = MANIFOLD_SOLID_BREP('',#31);
#31 = CLOSED_SHELL('',(#32,#72,#103,#134,#1041,#1948,#1965,#1982,#1994,
    #2016,#2033,#2050,#2062,#2084,#2101,#2118,#2130,#2152,#2169,#2186,
    #2198,#2220,#2237,#2254,#2266,#2288,#2305,#2322,#2334,#2356,#2373,
    #2390,#2402,#2424,#2441,#2458,#2470,#2492,#2509,#2526,#2538,#2560,
    #2577,#2594,#2606,#2623,#2640,#2662,#2679,#2696,#2708,#2730,#2747,
    #2764,#2776,#2798,#2815,#2832,#2844,#2866,#2883,#2900,#2912,#2934,
    #2951,#2968,#2980,#3002,#3019,#3036,#3048,#3070,#3087,#3104,#3116,
    #3138,#3155,#3172,#3184,#3206,#3223,#3240,#3252,#3274,#3291,#3308,
    #3320,#3342,#3359,#3376,#3388,#3410,#3427,#3444,#3456,#3473,#3490,
    #3507,#3524,#3541,#3558,#3580,#3597,#3614,#3626,#3648,#3665,#3682));
#32 = ADVANCED_FACE('',(#33),#67,.T.);
#33 = FACE_BOUND('',#34,.T.);
#34 = EDGE_LOOP('',(#35,#45,#53,#61));
#35 = ORIENTED_EDGE('',*,*,#36,.T.);
#36 = EDGE_CURVE('',#37,#39,#41,.T.);
#37 = VERTEX_POINT('',#38);
#38 = CARTESIAN_POINT('',(149.9,-110.,0.));
#39 = VERTEX_POINT('',#40);
#40 = CARTESIAN_POINT('',(149.9,-110.,1.51));
#41 = LINE('',#42,#43);
#42 = CARTESIAN_POINT('',(149.9,-110.,0.));
#43 = VECTOR('',#44,1.);
#44 = DIRECTION('',(0.,0.,1.));
#45 = ORIENTED_EDGE('',*,*,#46,.T.);
#46 = EDGE_CURVE('',#39,#47,#49,.T.);
#47 = VERTEX_POINT('',#48);
#48 = CARTESIAN_POINT('',(137.4,-131.5,1.51));
#49 = LINE('',#50,#51);
#50 = CARTESIAN_POINT('',(149.9,-110.,1.51));
#51 = VECTOR('',#52,1.);
#52 = DIRECTION('',(-0.502620457375,-0.864507186684,0.));
#53 = ORIENTED_EDGE('',*,*,#54,.F.);
#54 = EDGE_CURVE('',#55,#47,#57,.T.);
#55 = VERTEX_POINT('',#56);
#56 = CARTESIAN_POINT('',(137.4,-131.5,0.));
#57 = LINE('',#58,#59);
#58 = CARTESIAN_POINT('',(137.4,-131.5,0.));
#59 = VECTOR('',#60,1.);
#60 = DIRECTION('',(0.,0.,1.));
#61 = ORIENTED_EDGE('',*,*,#62,.F.);
#62 = EDGE_CURVE('',#37,#55,#63,.T.);
#63 = LINE('',#64,#65);
#64 = CARTESIAN_POINT('',(149.9,-110.,0.));
#65 = VECTOR('',#66,1.);
#66 = DIRECTION('',(-0.502620457375,-0.864507186684,0.));
#67 = PLANE('',#68);
#68 = AXIS2_PLACEMENT_3D('',#69,#70,#71);
#69 = CARTESIAN_POINT('',(149.9,-110.,0.));
#70 = DIRECTION('',(0.864507186684,-0.502620457375,0.));
#71 = DIRECTION('',(-0.502620457375,-0.864507186684,0.));
#72 = ADVANCED_FACE('',(#73),#98,.T.);
#73 = FACE_BOUND('',#74,.T.);
#74 = EDGE_LOOP('',(#75,#85,#91,#92));
#75 = ORIENTED_EDGE('',*,*,#76,.T.);
#76 = EDGE_CURVE('',#77,#79,#81,.T.);
#77 = VERTEX_POINT('',#78);
#78 = CARTESIAN_POINT('',(149.9,-50.7,0.));
#79 = VERTEX_POINT('',#80);
#80 = CARTESIAN_POINT('',(149.9,-50.7,1.51));
#81 = LINE('',#82,#83);
#82 = CARTESIAN_POINT('',(149.9,-50.7,0.));
#83 = VECTOR('',#84,1.);
#84 = DIRECTION('',(0.,0.,1.));
#85 = ORIENTED_EDGE('',*,*,#86,.T.);
#86 = EDGE_CURVE('',#79,#39,#87,.T.);
#87 = LINE('',#88,#89);
#88 = CARTESIAN_POINT('',(149.9,-50.7,1.51));
#89 = VECTOR('',#90,1.);
#90 = DIRECTION('',(0.,-1.,0.));
#91 = ORIENTED_EDGE('',*,*,#36,.F.);
#92 = ORIENTED_EDGE('',*,*,#93,.F.);
#93 = EDGE_CURVE('',#77,#37,#94,.T.);
#94 = LINE('',#95,#96);
#95 = CARTESIAN_POINT('',(149.9,-50.7,0.));
#96 = VECTOR('',#97,1.);
#97 = DIRECTION('',(0.,-1.,0.));
#98 = PLANE('',#99);
#99 = AXIS2_PLACEMENT_3D('',#100,#101,#102);
#100 = CARTESIAN_POINT('',(149.9,-50.7,0.));
#101 = DIRECTION('',(1.,0.,-0.));
#102 = DIRECTION('',(0.,-1.,0.));
#103 = ADVANCED_FACE('',(#104),#129,.T.);
#104 = FACE_BOUND('',#105,.T.);
#105 = EDGE_LOOP('',(#106,#107,#115,#123));
#106 = ORIENTED_EDGE('',*,*,#54,.T.);
#107 = ORIENTED_EDGE('',*,*,#108,.T.);
#108 = EDGE_CURVE('',#47,#109,#111,.T.);
#109 = VERTEX_POINT('',#110);
#110 = CARTESIAN_POINT('',(42.5,-114.4,1.51));
#111 = LINE('',#112,#113);
#112 = CARTESIAN_POINT('',(137.4,-131.5,1.51));
#113 = VECTOR('',#114,1.);
#114 = DIRECTION('',(-0.984150761754,0.177333804278,0.));
#115 = ORIENTED_EDGE('',*,*,#116,.F.);
#116 = EDGE_CURVE('',#117,#109,#119,.T.);
#117 = VERTEX_POINT('',#118);
#118 = CARTESIAN_POINT('',(42.5,-114.4,0.));
#119 = LINE('',#120,#121);
#120 = CARTESIAN_POINT('',(42.5,-114.4,0.));
#121 = VECTOR('',#122,1.);
#122 = DIRECTION('',(0.,0.,1.));
#123 = ORIENTED_EDGE('',*,*,#124,.F.);
#124 = EDGE_CURVE('',#55,#117,#125,.T.);
#125 = LINE('',#126,#127);
#126 = CARTESIAN_POINT('',(137.4,-131.5,0.));
#127 = VECTOR('',#128,1.);
#128 = DIRECTION('',(-0.984150761754,0.177333804278,0.));
#129 = PLANE('',#130);
#130 = AXIS2_PLACEMENT_3D('',#131,#132,#133);
#131 = CARTESIAN_POINT('',(137.4,-131.5,0.));
#132 = DIRECTION('',(-0.177333804278,-0.984150761754,0.));
#133 = DIRECTION('',(-0.984150761754,0.177333804278,0.));
#134 = ADVANCED_FACE('',(#135,#162,#196,#230,#264,#298,#332,#366,#400,
    #434,#468,#479,#490,#526,#562,#596,#630,#664,#698,#732,#766,#800,
    #834,#868,#902,#913,#924,#935,#946,#957,#968,#1002),#1036,.F.);
#135 = FACE_BOUND('',#136,.F.);
#136 = EDGE_LOOP('',(#137,#138,#139,#147,#155,#161));
#137 = ORIENTED_EDGE('',*,*,#62,.F.);
#138 = ORIENTED_EDGE('',*,*,#93,.F.);
#139 = ORIENTED_EDGE('',*,*,#140,.F.);
#140 = EDGE_CURVE('',#141,#77,#143,.T.);
#141 = VERTEX_POINT('',#142);
#142 = CARTESIAN_POINT('',(25.9,-50.7,0.));
#143 = LINE('',#144,#145);
#144 = CARTESIAN_POINT('',(25.9,-50.7,0.));
#145 = VECTOR('',#146,1.);
#146 = DIRECTION('',(1.,0.,0.));
#147 = ORIENTED_EDGE('',*,*,#148,.F.);
#148 = EDGE_CURVE('',#149,#141,#151,.T.);
#149 = VERTEX_POINT('',#150);
#150 = CARTESIAN_POINT('',(25.9,-114.4,0.));
#151 = LINE('',#152,#153);
#152 = CARTESIAN_POINT('',(25.9,-114.4,0.));
#153 = VECTOR('',#154,1.);
#154 = DIRECTION('',(0.,1.,0.));
#155 = ORIENTED_EDGE('',*,*,#156,.F.);
#156 = EDGE_CURVE('',#117,#149,#157,.T.);
#157 = LINE('',#158,#159);
#158 = CARTESIAN_POINT('',(42.5,-114.4,0.));
#159 = VECTOR('',#160,1.);
#160 = DIRECTION('',(-1.,0.,0.));
#161 = ORIENTED_EDGE('',*,*,#124,.F.);
#162 = FACE_BOUND('',#163,.F.);
#163 = EDGE_LOOP('',(#164,#174,#182,#190));
#164 = ORIENTED_EDGE('',*,*,#165,.F.);
#165 = EDGE_CURVE('',#166,#168,#170,.T.);
#166 = VERTEX_POINT('',#167);
#167 = CARTESIAN_POINT('',(27.95,-109.135,0.));
#168 = VERTEX_POINT('',#169);
#169 = CARTESIAN_POINT('',(42.05,-109.135,0.));
#170 = LINE('',#171,#172);
#171 = CARTESIAN_POINT('',(27.95,-109.135,0.));
#172 = VECTOR('',#173,1.);
#173 = DIRECTION('',(1.,0.,0.));
#174 = ORIENTED_EDGE('',*,*,#175,.F.);
#175 = EDGE_CURVE('',#176,#166,#178,.T.);
#176 = VERTEX_POINT('',#177);
#177 = CARTESIAN_POINT('',(27.95,-95.035,0.));
#178 = LINE('',#179,#180);
#179 = CARTESIAN_POINT('',(27.95,-95.035,0.));
#180 = VECTOR('',#181,1.);
#181 = DIRECTION('',(0.,-1.,0.));
#182 = ORIENTED_EDGE('',*,*,#183,.F.);
#183 = EDGE_CURVE('',#184,#176,#186,.T.);
#184 = VERTEX_POINT('',#185);
#185 = CARTESIAN_POINT('',(42.05,-95.035,0.));
#186 = LINE('',#187,#188);
#187 = CARTESIAN_POINT('',(42.05,-95.035,0.));
#188 = VECTOR('',#189,1.);
#189 = DIRECTION('',(-1.,0.,0.));
#190 = ORIENTED_EDGE('',*,*,#191,.F.);
#191 = EDGE_CURVE('',#168,#184,#192,.T.);
#192 = LINE('',#193,#194);
#193 = CARTESIAN_POINT('',(42.05,-109.135,0.));
#194 = VECTOR('',#195,1.);
#195 = DIRECTION('',(0.,1.,0.));
#196 = FACE_BOUND('',#197,.F.);
#197 = EDGE_LOOP('',(#198,#208,#216,#224));
#198 = ORIENTED_EDGE('',*,*,#199,.F.);
#199 = EDGE_CURVE('',#200,#202,#204,.T.);
#200 = VERTEX_POINT('',#201);
#201 = CARTESIAN_POINT('',(44.55,-107.475,0.));
#202 = VERTEX_POINT('',#203);
#203 = CARTESIAN_POINT('',(58.65,-107.475,0.));
#204 = LINE('',#205,#206);
#205 = CARTESIAN_POINT('',(44.55,-107.475,0.));
#206 = VECTOR('',#207,1.);
#207 = DIRECTION('',(1.,0.,0.));
#208 = ORIENTED_EDGE('',*,*,#209,.F.);
#209 = EDGE_CURVE('',#210,#200,#212,.T.);
#210 = VERTEX_POINT('',#211);
#211 = CARTESIAN_POINT('',(44.55,-93.375,0.));
#212 = LINE('',#213,#214);
#213 = CARTESIAN_POINT('',(44.55,-93.375,0.));
#214 = VECTOR('',#215,1.);
#215 = DIRECTION('',(0.,-1.,0.));
#216 = ORIENTED_EDGE('',*,*,#217,.F.);
#217 = EDGE_CURVE('',#218,#210,#220,.T.);
#218 = VERTEX_POINT('',#219);
#219 = CARTESIAN_POINT('',(58.65,-93.375,0.));
#220 = LINE('',#221,#222);
#221 = CARTESIAN_POINT('',(58.65,-93.375,0.));
#222 = VECTOR('',#223,1.);
#223 = DIRECTION('',(-1.,0.,0.));
#224 = ORIENTED_EDGE('',*,*,#225,.F.);
#225 = EDGE_CURVE('',#202,#218,#226,.T.);
#226 = LINE('',#227,#228);
#227 = CARTESIAN_POINT('',(58.65,-107.475,0.));
#228 = VECTOR('',#229,1.);
#229 = DIRECTION('',(0.,1.,0.));
#230 = FACE_BOUND('',#231,.F.);
#231 = EDGE_LOOP('',(#232,#242,#250,#258));
#232 = ORIENTED_EDGE('',*,*,#233,.F.);
#233 = EDGE_CURVE('',#234,#236,#238,.T.);
#234 = VERTEX_POINT('',#235);
#235 = CARTESIAN_POINT('',(61.15,-103.325,0.));
#236 = VERTEX_POINT('',#237);
#237 = CARTESIAN_POINT('',(75.25,-103.325,0.));
#238 = LINE('',#239,#240);
#239 = CARTESIAN_POINT('',(61.15,-103.325,0.));
#240 = VECTOR('',#241,1.);
#241 = DIRECTION('',(1.,0.,0.));
#242 = ORIENTED_EDGE('',*,*,#243,.F.);
#243 = EDGE_CURVE('',#244,#234,#246,.T.);
#244 = VERTEX_POINT('',#245);
#245 = CARTESIAN_POINT('',(61.15,-89.225,0.));
#246 = LINE('',#247,#248);
#247 = CARTESIAN_POINT('',(61.15,-89.225,0.));
#248 = VECTOR('',#249,1.);
#249 = DIRECTION('',(0.,-1.,0.));
#250 = ORIENTED_EDGE('',*,*,#251,.F.);
#251 = EDGE_CURVE('',#252,#244,#254,.T.);
#252 = VERTEX_POINT('',#253);
#253 = CARTESIAN_POINT('',(75.25,-89.225,0.));
#254 = LINE('',#255,#256);
#255 = CARTESIAN_POINT('',(75.25,-89.225,0.));
#256 = VECTOR('',#257,1.);
#257 = DIRECTION('',(-1.,0.,0.));
#258 = ORIENTED_EDGE('',*,*,#259,.F.);
#259 = EDGE_CURVE('',#236,#252,#260,.T.);
#260 = LINE('',#261,#262);
#261 = CARTESIAN_POINT('',(75.25,-103.325,0.));
#262 = VECTOR('',#263,1.);
#263 = DIRECTION('',(0.,1.,0.));
#264 = FACE_BOUND('',#265,.F.);
#265 = EDGE_LOOP('',(#266,#276,#284,#292));
#266 = ORIENTED_EDGE('',*,*,#267,.F.);
#267 = EDGE_CURVE('',#268,#270,#272,.T.);
#268 = VERTEX_POINT('',#269);
#269 = CARTESIAN_POINT('',(77.75,-101.25,0.));
#270 = VERTEX_POINT('',#271);
#271 = CARTESIAN_POINT('',(91.85,-101.25,0.));
#272 = LINE('',#273,#274);
#273 = CARTESIAN_POINT('',(77.75,-101.25,0.));
#274 = VECTOR('',#275,1.);
#275 = DIRECTION('',(1.,0.,0.));
#276 = ORIENTED_EDGE('',*,*,#277,.F.);
#277 = EDGE_CURVE('',#278,#268,#280,.T.);
#278 = VERTEX_POINT('',#279);
#279 = CARTESIAN_POINT('',(77.75,-87.15,0.));
#280 = LINE('',#281,#282);
#281 = CARTESIAN_POINT('',(77.75,-87.15,0.));
#282 = VECTOR('',#283,1.);
#283 = DIRECTION('',(0.,-1.,0.));
#284 = ORIENTED_EDGE('',*,*,#285,.F.);
#285 = EDGE_CURVE('',#286,#278,#288,.T.);
#286 = VERTEX_POINT('',#287);
#287 = CARTESIAN_POINT('',(91.85,-87.15,0.));
#288 = LINE('',#289,#290);
#289 = CARTESIAN_POINT('',(91.85,-87.15,0.));
#290 = VECTOR('',#291,1.);
#291 = DIRECTION('',(-1.,0.,0.));
#292 = ORIENTED_EDGE('',*,*,#293,.F.);
#293 = EDGE_CURVE('',#270,#286,#294,.T.);
#294 = LINE('',#295,#296);
#295 = CARTESIAN_POINT('',(91.85,-101.25,0.));
#296 = VECTOR('',#297,1.);
#297 = DIRECTION('',(0.,1.,0.));
#298 = FACE_BOUND('',#299,.F.);
#299 = EDGE_LOOP('',(#300,#310,#318,#326));
#300 = ORIENTED_EDGE('',*,*,#301,.F.);
#301 = EDGE_CURVE('',#302,#304,#306,.T.);
#302 = VERTEX_POINT('',#303);
#303 = CARTESIAN_POINT('',(86.05,-119.925,0.));
#304 = VERTEX_POINT('',#305);
#305 = CARTESIAN_POINT('',(100.15,-119.925,0.));
#306 = LINE('',#307,#308);
#307 = CARTESIAN_POINT('',(86.05,-119.925,0.));
#308 = VECTOR('',#309,1.);
#309 = DIRECTION('',(1.,0.,0.));
#310 = ORIENTED_EDGE('',*,*,#311,.F.);
#311 = EDGE_CURVE('',#312,#302,#314,.T.);
#312 = VERTEX_POINT('',#313);
#313 = CARTESIAN_POINT('',(86.05,-105.825,0.));
#314 = LINE('',#315,#316);
#315 = CARTESIAN_POINT('',(86.05,-105.825,0.));
#316 = VECTOR('',#317,1.);
#317 = DIRECTION('',(0.,-1.,0.));
#318 = ORIENTED_EDGE('',*,*,#319,.F.);
#319 = EDGE_CURVE('',#320,#312,#322,.T.);
#320 = VERTEX_POINT('',#321);
#321 = CARTESIAN_POINT('',(100.15,-105.825,0.));
#322 = LINE('',#323,#324);
#323 = CARTESIAN_POINT('',(100.15,-105.825,0.));
#324 = VECTOR('',#325,1.);
#325 = DIRECTION('',(-1.,0.,0.));
#326 = ORIENTED_EDGE('',*,*,#327,.F.);
#327 = EDGE_CURVE('',#304,#320,#328,.T.);
#328 = LINE('',#329,#330);
#329 = CARTESIAN_POINT('',(100.15,-119.925,0.));
#330 = VECTOR('',#331,1.);
#331 = DIRECTION('',(0.,1.,0.));
#332 = FACE_BOUND('',#333,.F.);
#333 = EDGE_LOOP('',(#334,#344,#352,#360));
#334 = ORIENTED_EDGE('',*,*,#335,.F.);
#335 = EDGE_CURVE('',#336,#338,#340,.T.);
#336 = VERTEX_POINT('',#337);
#337 = CARTESIAN_POINT('',(102.65,-122.,0.));
#338 = VERTEX_POINT('',#339);
#339 = CARTESIAN_POINT('',(116.75,-122.,0.));
#340 = LINE('',#341,#342);
#341 = CARTESIAN_POINT('',(102.65,-122.,0.));
#342 = VECTOR('',#343,1.);
#343 = DIRECTION('',(1.,0.,0.));
#344 = ORIENTED_EDGE('',*,*,#345,.F.);
#345 = EDGE_CURVE('',#346,#336,#348,.T.);
#346 = VERTEX_POINT('',#347);
#347 = CARTESIAN_POINT('',(102.65,-107.9,0.));
#348 = LINE('',#349,#350);
#349 = CARTESIAN_POINT('',(102.65,-107.9,0.));
#350 = VECTOR('',#351,1.);
#351 = DIRECTION('',(0.,-1.,0.));
#352 = ORIENTED_EDGE('',*,*,#353,.F.);
#353 = EDGE_CURVE('',#354,#346,#356,.T.);
#354 = VERTEX_POINT('',#355);
#355 = CARTESIAN_POINT('',(116.75,-107.9,0.));
#356 = LINE('',#357,#358);
#357 = CARTESIAN_POINT('',(116.75,-107.9,0.));
#358 = VECTOR('',#359,1.);
#359 = DIRECTION('',(-1.,0.,0.));
#360 = ORIENTED_EDGE('',*,*,#361,.F.);
#361 = EDGE_CURVE('',#338,#354,#362,.T.);
#362 = LINE('',#363,#364);
#363 = CARTESIAN_POINT('',(116.75,-122.,0.));
#364 = VECTOR('',#365,1.);
#365 = DIRECTION('',(0.,1.,0.));
#366 = FACE_BOUND('',#367,.F.);
#367 = EDGE_LOOP('',(#368,#378,#386,#394));
#368 = ORIENTED_EDGE('',*,*,#369,.F.);
#369 = EDGE_CURVE('',#370,#372,#374,.T.);
#370 = VERTEX_POINT('',#371);
#371 = CARTESIAN_POINT('',(122.844521,-119.555479,0.));
#372 = VERTEX_POINT('',#373);
#373 = CARTESIAN_POINT('',(135.055479,-126.605479,0.));
#374 = LINE('',#375,#376);
#375 = CARTESIAN_POINT('',(122.844521,-119.555479,0.));
#376 = VECTOR('',#377,1.);
#377 = DIRECTION('',(0.866025400356,-0.500000005938,0.));
#378 = ORIENTED_EDGE('',*,*,#379,.F.);
#379 = EDGE_CURVE('',#380,#370,#382,.T.);
#380 = VERTEX_POINT('',#381);
#381 = CARTESIAN_POINT('',(129.894521,-107.344521,0.));
#382 = LINE('',#383,#384);
#383 = CARTESIAN_POINT('',(129.894521,-107.344521,0.));
#384 = VECTOR('',#385,1.);
#385 = DIRECTION('',(-0.500000005938,-0.866025400356,0.));
#386 = ORIENTED_EDGE('',*,*,#387,.F.);
#387 = EDGE_CURVE('',#388,#380,#390,.T.);
#388 = VERTEX_POINT('',#389);
#389 = CARTESIAN_POINT('',(142.105479,-114.394521,0.));
#390 = LINE('',#391,#392);
#391 = CARTESIAN_POINT('',(142.105479,-114.394521,0.));
#392 = VECTOR('',#393,1.);
#393 = DIRECTION('',(-0.866025400356,0.500000005938,0.));
#394 = ORIENTED_EDGE('',*,*,#395,.F.);
#395 = EDGE_CURVE('',#372,#388,#396,.T.);
#396 = LINE('',#397,#398);
#397 = CARTESIAN_POINT('',(135.055479,-126.605479,0.));
#398 = VECTOR('',#399,1.);
#399 = DIRECTION('',(0.500000005938,0.866025400356,0.));
#400 = FACE_BOUND('',#401,.F.);
#401 = EDGE_LOOP('',(#402,#412,#420,#428));
#402 = ORIENTED_EDGE('',*,*,#403,.F.);
#403 = EDGE_CURVE('',#404,#406,#408,.T.);
#404 = VERTEX_POINT('',#405);
#405 = CARTESIAN_POINT('',(94.35,-103.325,0.));
#406 = VERTEX_POINT('',#407);
#407 = CARTESIAN_POINT('',(108.45,-103.325,0.));
#408 = LINE('',#409,#410);
#409 = CARTESIAN_POINT('',(94.35,-103.325,0.));
#410 = VECTOR('',#411,1.);
#411 = DIRECTION('',(1.,0.,0.));
#412 = ORIENTED_EDGE('',*,*,#413,.F.);
#413 = EDGE_CURVE('',#414,#404,#416,.T.);
#414 = VERTEX_POINT('',#415);
#415 = CARTESIAN_POINT('',(94.35,-89.225,0.));
#416 = LINE('',#417,#418);
#417 = CARTESIAN_POINT('',(94.35,-89.225,0.));
#418 = VECTOR('',#419,1.);
#419 = DIRECTION('',(0.,-1.,0.));
#420 = ORIENTED_EDGE('',*,*,#421,.F.);
#421 = EDGE_CURVE('',#422,#414,#424,.T.);
#422 = VERTEX_POINT('',#423);
#423 = CARTESIAN_POINT('',(108.45,-89.225,0.));
#424 = LINE('',#425,#426);
#425 = CARTESIAN_POINT('',(108.45,-89.225,0.));
#426 = VECTOR('',#427,1.);
#427 = DIRECTION('',(-1.,0.,0.));
#428 = ORIENTED_EDGE('',*,*,#429,.F.);
#429 = EDGE_CURVE('',#406,#422,#430,.T.);
#430 = LINE('',#431,#432);
#431 = CARTESIAN_POINT('',(108.45,-103.325,0.));
#432 = VECTOR('',#433,1.);
#433 = DIRECTION('',(0.,1.,0.));
#434 = FACE_BOUND('',#435,.F.);
#435 = EDGE_LOOP('',(#436,#446,#454,#462));
#436 = ORIENTED_EDGE('',*,*,#437,.F.);
#437 = EDGE_CURVE('',#438,#440,#442,.T.);
#438 = VERTEX_POINT('',#439);
#439 = CARTESIAN_POINT('',(110.95,-105.4,0.));
#440 = VERTEX_POINT('',#441);
#441 = CARTESIAN_POINT('',(125.05,-105.4,0.));
#442 = LINE('',#443,#444);
#443 = CARTESIAN_POINT('',(110.95,-105.4,0.));
#444 = VECTOR('',#445,1.);
#445 = DIRECTION('',(1.,0.,0.));
#446 = ORIENTED_EDGE('',*,*,#447,.F.);
#447 = EDGE_CURVE('',#448,#438,#450,.T.);
#448 = VERTEX_POINT('',#449);
#449 = CARTESIAN_POINT('',(110.95,-91.3,0.));
#450 = LINE('',#451,#452);
#451 = CARTESIAN_POINT('',(110.95,-91.3,0.));
#452 = VECTOR('',#453,1.);
#453 = DIRECTION('',(0.,-1.,0.));
#454 = ORIENTED_EDGE('',*,*,#455,.F.);
#455 = EDGE_CURVE('',#456,#448,#458,.T.);
#456 = VERTEX_POINT('',#457);
#457 = CARTESIAN_POINT('',(125.05,-91.3,0.));
#458 = LINE('',#459,#460);
#459 = CARTESIAN_POINT('',(125.05,-91.3,0.));
#460 = VECTOR('',#461,1.);
#461 = DIRECTION('',(-1.,0.,0.));
#462 = ORIENTED_EDGE('',*,*,#463,.F.);
#463 = EDGE_CURVE('',#440,#456,#464,.T.);
#464 = LINE('',#465,#466);
#465 = CARTESIAN_POINT('',(125.05,-105.4,0.));
#466 = VECTOR('',#467,1.);
#467 = DIRECTION('',(0.,1.,0.));
#468 = FACE_BOUND('',#469,.F.);
#469 = EDGE_LOOP('',(#470));
#470 = ORIENTED_EDGE('',*,*,#471,.T.);
#471 = EDGE_CURVE('',#472,#472,#474,.T.);
#472 = VERTEX_POINT('',#473);
#473 = CARTESIAN_POINT('',(137.8,-99.4,0.));
#474 = CIRCLE('',#475,0.5);
#475 = AXIS2_PLACEMENT_3D('',#476,#477,#478);
#476 = CARTESIAN_POINT('',(137.8,-98.9,0.));
#477 = DIRECTION('',(-0.,0.,-1.));
#478 = DIRECTION('',(-0.,-1.,0.));
#479 = FACE_BOUND('',#480,.F.);
#480 = EDGE_LOOP('',(#481));
#481 = ORIENTED_EDGE('',*,*,#482,.T.);
#482 = EDGE_CURVE('',#483,#483,#485,.T.);
#483 = VERTEX_POINT('',#484);
#484 = CARTESIAN_POINT('',(142.8,-99.4,0.));
#485 = CIRCLE('',#486,0.5);
#486 = AXIS2_PLACEMENT_3D('',#487,#488,#489);
#487 = CARTESIAN_POINT('',(142.8,-98.9,0.));
#488 = DIRECTION('',(-0.,0.,-1.));
#489 = DIRECTION('',(-0.,-1.,0.));
#490 = FACE_BOUND('',#491,.F.);
#491 = EDGE_LOOP('',(#492,#503,#511,#520));
#492 = ORIENTED_EDGE('',*,*,#493,.T.);
#493 = EDGE_CURVE('',#494,#496,#498,.T.);
#494 = VERTEX_POINT('',#495);
#495 = CARTESIAN_POINT('',(135.7,-92.3,0.));
#496 = VERTEX_POINT('',#497);
#497 = CARTESIAN_POINT('',(133.7,-92.3,0.));
#498 = CIRCLE('',#499,1.);
#499 = AXIS2_PLACEMENT_3D('',#500,#501,#502);
#500 = CARTESIAN_POINT('',(134.7,-92.3,0.));
#501 = DIRECTION('',(-0.,0.,-1.));
#502 = DIRECTION('',(-1.,0.,0.));
#503 = ORIENTED_EDGE('',*,*,#504,.T.);
#504 = EDGE_CURVE('',#496,#505,#507,.T.);
#505 = VERTEX_POINT('',#506);
#506 = CARTESIAN_POINT('',(133.7,-91.5,0.));
#507 = LINE('',#508,#509);
#508 = CARTESIAN_POINT('',(133.7,-45.75,0.));
#509 = VECTOR('',#510,1.);
#510 = DIRECTION('',(-0.,1.,0.));
#511 = ORIENTED_EDGE('',*,*,#512,.T.);
#512 = EDGE_CURVE('',#505,#513,#515,.T.);
#513 = VERTEX_POINT('',#514);
#514 = CARTESIAN_POINT('',(135.7,-91.5,0.));
#515 = CIRCLE('',#516,1.);
#516 = AXIS2_PLACEMENT_3D('',#517,#518,#519);
#517 = CARTESIAN_POINT('',(134.7,-91.5,0.));
#518 = DIRECTION('',(0.,-0.,-1.));
#519 = DIRECTION('',(1.,0.,-0.));
#520 = ORIENTED_EDGE('',*,*,#521,.T.);
#521 = EDGE_CURVE('',#513,#494,#522,.T.);
#522 = LINE('',#523,#524);
#523 = CARTESIAN_POINT('',(135.7,-46.15,0.));
#524 = VECTOR('',#525,1.);
#525 = DIRECTION('',(0.,-1.,0.));
#526 = FACE_BOUND('',#527,.F.);
#527 = EDGE_LOOP('',(#528,#539,#547,#556));
#528 = ORIENTED_EDGE('',*,*,#529,.T.);
#529 = EDGE_CURVE('',#530,#532,#534,.T.);
#530 = VERTEX_POINT('',#531);
#531 = CARTESIAN_POINT('',(146.9,-92.3,0.));
#532 = VERTEX_POINT('',#533);
#533 = CARTESIAN_POINT('',(144.9,-92.3,0.));
#534 = CIRCLE('',#535,1.);
#535 = AXIS2_PLACEMENT_3D('',#536,#537,#538);
#536 = CARTESIAN_POINT('',(145.9,-92.3,0.));
#537 = DIRECTION('',(-0.,0.,-1.));
#538 = DIRECTION('',(-1.,0.,0.));
#539 = ORIENTED_EDGE('',*,*,#540,.T.);
#540 = EDGE_CURVE('',#532,#541,#543,.T.);
#541 = VERTEX_POINT('',#542);
#542 = CARTESIAN_POINT('',(144.9,-91.5,0.));
#543 = LINE('',#544,#545);
#544 = CARTESIAN_POINT('',(144.9,-45.75,0.));
#545 = VECTOR('',#546,1.);
#546 = DIRECTION('',(-0.,1.,0.));
#547 = ORIENTED_EDGE('',*,*,#548,.T.);
#548 = EDGE_CURVE('',#541,#549,#551,.T.);
#549 = VERTEX_POINT('',#550);
#550 = CARTESIAN_POINT('',(146.9,-91.5,0.));
#551 = CIRCLE('',#552,1.);
#552 = AXIS2_PLACEMENT_3D('',#553,#554,#555);
#553 = CARTESIAN_POINT('',(145.9,-91.5,0.));
#554 = DIRECTION('',(0.,-0.,-1.));
#555 = DIRECTION('',(1.,0.,-0.));
#556 = ORIENTED_EDGE('',*,*,#557,.T.);
#557 = EDGE_CURVE('',#549,#530,#558,.T.);
#558 = LINE('',#559,#560);
#559 = CARTESIAN_POINT('',(146.9,-46.15,0.));
#560 = VECTOR('',#561,1.);
#561 = DIRECTION('',(0.,-1.,0.));
#562 = FACE_BOUND('',#563,.F.);
#563 = EDGE_LOOP('',(#564,#574,#582,#590));
#564 = ORIENTED_EDGE('',*,*,#565,.F.);
#565 = EDGE_CURVE('',#566,#568,#570,.T.);
#566 = VERTEX_POINT('',#567);
#567 = CARTESIAN_POINT('',(27.95,-92.535,0.));
#568 = VERTEX_POINT('',#569);
#569 = CARTESIAN_POINT('',(42.05,-92.535,0.));
#570 = LINE('',#571,#572);
#571 = CARTESIAN_POINT('',(27.95,-92.535,0.));
#572 = VECTOR('',#573,1.);
#573 = DIRECTION('',(1.,0.,0.));
#574 = ORIENTED_EDGE('',*,*,#575,.F.);
#575 = EDGE_CURVE('',#576,#566,#578,.T.);
#576 = VERTEX_POINT('',#577);
#577 = CARTESIAN_POINT('',(27.95,-78.435,0.));
#578 = LINE('',#579,#580);
#579 = CARTESIAN_POINT('',(27.95,-78.435,0.));
#580 = VECTOR('',#581,1.);
#581 = DIRECTION('',(0.,-1.,0.));
#582 = ORIENTED_EDGE('',*,*,#583,.F.);
#583 = EDGE_CURVE('',#584,#576,#586,.T.);
#584 = VERTEX_POINT('',#585);
#585 = CARTESIAN_POINT('',(42.05,-78.435,0.));
#586 = LINE('',#587,#588);
#587 = CARTESIAN_POINT('',(42.05,-78.435,0.));
#588 = VECTOR('',#589,1.);
#589 = DIRECTION('',(-1.,0.,0.));
#590 = ORIENTED_EDGE('',*,*,#591,.F.);
#591 = EDGE_CURVE('',#568,#584,#592,.T.);
#592 = LINE('',#593,#594);
#593 = CARTESIAN_POINT('',(42.05,-92.535,0.));
#594 = VECTOR('',#595,1.);
#595 = DIRECTION('',(0.,1.,0.));
#596 = FACE_BOUND('',#597,.F.);
#597 = EDGE_LOOP('',(#598,#608,#616,#624));
#598 = ORIENTED_EDGE('',*,*,#599,.F.);
#599 = EDGE_CURVE('',#600,#602,#604,.T.);
#600 = VERTEX_POINT('',#601);
#601 = CARTESIAN_POINT('',(44.55,-90.875,0.));
#602 = VERTEX_POINT('',#603);
#603 = CARTESIAN_POINT('',(58.65,-90.875,0.));
#604 = LINE('',#605,#606);
#605 = CARTESIAN_POINT('',(44.55,-90.875,0.));
#606 = VECTOR('',#607,1.);
#607 = DIRECTION('',(1.,0.,0.));
#608 = ORIENTED_EDGE('',*,*,#609,.F.);
#609 = EDGE_CURVE('',#610,#600,#612,.T.);
#610 = VERTEX_POINT('',#611);
#611 = CARTESIAN_POINT('',(44.55,-76.775,0.));
#612 = LINE('',#613,#614);
#613 = CARTESIAN_POINT('',(44.55,-76.775,0.));
#614 = VECTOR('',#615,1.);
#615 = DIRECTION('',(0.,-1.,0.));
#616 = ORIENTED_EDGE('',*,*,#617,.F.);
#617 = EDGE_CURVE('',#618,#610,#620,.T.);
#618 = VERTEX_POINT('',#619);
#619 = CARTESIAN_POINT('',(58.65,-76.775,0.));
#620 = LINE('',#621,#622);
#621 = CARTESIAN_POINT('',(58.65,-76.775,0.));
#622 = VECTOR('',#623,1.);
#623 = DIRECTION('',(-1.,0.,0.));
#624 = ORIENTED_EDGE('',*,*,#625,.F.);
#625 = EDGE_CURVE('',#602,#618,#626,.T.);
#626 = LINE('',#627,#628);
#627 = CARTESIAN_POINT('',(58.65,-90.875,0.));
#628 = VECTOR('',#629,1.);
#629 = DIRECTION('',(0.,1.,0.));
#630 = FACE_BOUND('',#631,.F.);
#631 = EDGE_LOOP('',(#632,#642,#650,#658));
#632 = ORIENTED_EDGE('',*,*,#633,.F.);
#633 = EDGE_CURVE('',#634,#636,#638,.T.);
#634 = VERTEX_POINT('',#635);
#635 = CARTESIAN_POINT('',(61.15,-86.725,0.));
#636 = VERTEX_POINT('',#637);
#637 = CARTESIAN_POINT('',(75.25,-86.725,0.));
#638 = LINE('',#639,#640);
#639 = CARTESIAN_POINT('',(61.15,-86.725,0.));
#640 = VECTOR('',#641,1.);
#641 = DIRECTION('',(1.,0.,0.));
#642 = ORIENTED_EDGE('',*,*,#643,.F.);
#643 = EDGE_CURVE('',#644,#634,#646,.T.);
#644 = VERTEX_POINT('',#645);
#645 = CARTESIAN_POINT('',(61.15,-72.625,0.));
#646 = LINE('',#647,#648);
#647 = CARTESIAN_POINT('',(61.15,-72.625,0.));
#648 = VECTOR('',#649,1.);
#649 = DIRECTION('',(0.,-1.,0.));
#650 = ORIENTED_EDGE('',*,*,#651,.F.);
#651 = EDGE_CURVE('',#652,#644,#654,.T.);
#652 = VERTEX_POINT('',#653);
#653 = CARTESIAN_POINT('',(75.25,-72.625,0.));
#654 = LINE('',#655,#656);
#655 = CARTESIAN_POINT('',(75.25,-72.625,0.));
#656 = VECTOR('',#657,1.);
#657 = DIRECTION('',(-1.,0.,0.));
#658 = ORIENTED_EDGE('',*,*,#659,.F.);
#659 = EDGE_CURVE('',#636,#652,#660,.T.);
#660 = LINE('',#661,#662);
#661 = CARTESIAN_POINT('',(75.25,-86.725,0.));
#662 = VECTOR('',#663,1.);
#663 = DIRECTION('',(0.,1.,0.));
#664 = FACE_BOUND('',#665,.F.);
#665 = EDGE_LOOP('',(#666,#676,#684,#692));
#666 = ORIENTED_EDGE('',*,*,#667,.F.);
#667 = EDGE_CURVE('',#668,#670,#672,.T.);
#668 = VERTEX_POINT('',#669);
#669 = CARTESIAN_POINT('',(77.75,-84.65,0.));
#670 = VERTEX_POINT('',#671);
#671 = CARTESIAN_POINT('',(91.85,-84.65,0.));
#672 = LINE('',#673,#674);
#673 = CARTESIAN_POINT('',(77.75,-84.65,0.));
#674 = VECTOR('',#675,1.);
#675 = DIRECTION('',(1.,0.,0.));
#676 = ORIENTED_EDGE('',*,*,#677,.F.);
#677 = EDGE_CURVE('',#678,#668,#680,.T.);
#678 = VERTEX_POINT('',#679);
#679 = CARTESIAN_POINT('',(77.75,-70.55,0.));
#680 = LINE('',#681,#682);
#681 = CARTESIAN_POINT('',(77.75,-70.55,0.));
#682 = VECTOR('',#683,1.);
#683 = DIRECTION('',(0.,-1.,0.));
#684 = ORIENTED_EDGE('',*,*,#685,.F.);
#685 = EDGE_CURVE('',#686,#678,#688,.T.);
#686 = VERTEX_POINT('',#687);
#687 = CARTESIAN_POINT('',(91.85,-70.55,0.));
#688 = LINE('',#689,#690);
#689 = CARTESIAN_POINT('',(91.85,-70.55,0.));
#690 = VECTOR('',#691,1.);
#691 = DIRECTION('',(-1.,0.,0.));
#692 = ORIENTED_EDGE('',*,*,#693,.F.);
#693 = EDGE_CURVE('',#670,#686,#694,.T.);
#694 = LINE('',#695,#696);
#695 = CARTESIAN_POINT('',(91.85,-84.65,0.));
#696 = VECTOR('',#697,1.);
#697 = DIRECTION('',(0.,1.,0.));
#698 = FACE_BOUND('',#699,.F.);
#699 = EDGE_LOOP('',(#700,#710,#718,#726));
#700 = ORIENTED_EDGE('',*,*,#701,.F.);
#701 = EDGE_CURVE('',#702,#704,#706,.T.);
#702 = VERTEX_POINT('',#703);
#703 = CARTESIAN_POINT('',(27.95,-75.935,0.));
#704 = VERTEX_POINT('',#705);
#705 = CARTESIAN_POINT('',(42.05,-75.935,0.));
#706 = LINE('',#707,#708);
#707 = CARTESIAN_POINT('',(27.95,-75.935,0.));
#708 = VECTOR('',#709,1.);
#709 = DIRECTION('',(1.,0.,0.));
#710 = ORIENTED_EDGE('',*,*,#711,.F.);
#711 = EDGE_CURVE('',#712,#702,#714,.T.);
#712 = VERTEX_POINT('',#713);
#713 = CARTESIAN_POINT('',(27.95,-61.835,0.));
#714 = LINE('',#715,#716);
#715 = CARTESIAN_POINT('',(27.95,-61.835,0.));
#716 = VECTOR('',#717,1.);
#717 = DIRECTION('',(0.,-1.,0.));
#718 = ORIENTED_EDGE('',*,*,#719,.F.);
#719 = EDGE_CURVE('',#720,#712,#722,.T.);
#720 = VERTEX_POINT('',#721);
#721 = CARTESIAN_POINT('',(42.05,-61.835,0.));
#722 = LINE('',#723,#724);
#723 = CARTESIAN_POINT('',(42.05,-61.835,0.));
#724 = VECTOR('',#725,1.);
#725 = DIRECTION('',(-1.,0.,0.));
#726 = ORIENTED_EDGE('',*,*,#727,.F.);
#727 = EDGE_CURVE('',#704,#720,#728,.T.);
#728 = LINE('',#729,#730);
#729 = CARTESIAN_POINT('',(42.05,-75.935,0.));
#730 = VECTOR('',#731,1.);
#731 = DIRECTION('',(0.,1.,0.));
#732 = FACE_BOUND('',#733,.F.);
#733 = EDGE_LOOP('',(#734,#744,#752,#760));
#734 = ORIENTED_EDGE('',*,*,#735,.F.);
#735 = EDGE_CURVE('',#736,#738,#740,.T.);
#736 = VERTEX_POINT('',#737);
#737 = CARTESIAN_POINT('',(44.55,-74.275,0.));
#738 = VERTEX_POINT('',#739);
#739 = CARTESIAN_POINT('',(58.65,-74.275,0.));
#740 = LINE('',#741,#742);
#741 = CARTESIAN_POINT('',(44.55,-74.275,0.));
#742 = VECTOR('',#743,1.);
#743 = DIRECTION('',(1.,0.,0.));
#744 = ORIENTED_EDGE('',*,*,#745,.F.);
#745 = EDGE_CURVE('',#746,#736,#748,.T.);
#746 = VERTEX_POINT('',#747);
#747 = CARTESIAN_POINT('',(44.55,-60.175,0.));
#748 = LINE('',#749,#750);
#749 = CARTESIAN_POINT('',(44.55,-60.175,0.));
#750 = VECTOR('',#751,1.);
#751 = DIRECTION('',(0.,-1.,0.));
#752 = ORIENTED_EDGE('',*,*,#753,.F.);
#753 = EDGE_CURVE('',#754,#746,#756,.T.);
#754 = VERTEX_POINT('',#755);
#755 = CARTESIAN_POINT('',(58.65,-60.175,0.));
#756 = LINE('',#757,#758);
#757 = CARTESIAN_POINT('',(58.65,-60.175,0.));
#758 = VECTOR('',#759,1.);
#759 = DIRECTION('',(-1.,0.,0.));
#760 = ORIENTED_EDGE('',*,*,#761,.F.);
#761 = EDGE_CURVE('',#738,#754,#762,.T.);
#762 = LINE('',#763,#764);
#763 = CARTESIAN_POINT('',(58.65,-74.275,0.));
#764 = VECTOR('',#765,1.);
#765 = DIRECTION('',(0.,1.,0.));
#766 = FACE_BOUND('',#767,.F.);
#767 = EDGE_LOOP('',(#768,#778,#786,#794));
#768 = ORIENTED_EDGE('',*,*,#769,.F.);
#769 = EDGE_CURVE('',#770,#772,#774,.T.);
#770 = VERTEX_POINT('',#771);
#771 = CARTESIAN_POINT('',(61.15,-70.125,0.));
#772 = VERTEX_POINT('',#773);
#773 = CARTESIAN_POINT('',(75.25,-70.125,0.));
#774 = LINE('',#775,#776);
#775 = CARTESIAN_POINT('',(61.15,-70.125,0.));
#776 = VECTOR('',#777,1.);
#777 = DIRECTION('',(1.,0.,0.));
#778 = ORIENTED_EDGE('',*,*,#779,.F.);
#779 = EDGE_CURVE('',#780,#770,#782,.T.);
#780 = VERTEX_POINT('',#781);
#781 = CARTESIAN_POINT('',(61.15,-56.025,0.));
#782 = LINE('',#783,#784);
#783 = CARTESIAN_POINT('',(61.15,-56.025,0.));
#784 = VECTOR('',#785,1.);
#785 = DIRECTION('',(0.,-1.,0.));
#786 = ORIENTED_EDGE('',*,*,#787,.F.);
#787 = EDGE_CURVE('',#788,#780,#790,.T.);
#788 = VERTEX_POINT('',#789);
#789 = CARTESIAN_POINT('',(75.25,-56.025,0.));
#790 = LINE('',#791,#792);
#791 = CARTESIAN_POINT('',(75.25,-56.025,0.));
#792 = VECTOR('',#793,1.);
#793 = DIRECTION('',(-1.,0.,0.));
#794 = ORIENTED_EDGE('',*,*,#795,.F.);
#795 = EDGE_CURVE('',#772,#788,#796,.T.);
#796 = LINE('',#797,#798);
#797 = CARTESIAN_POINT('',(75.25,-70.125,0.));
#798 = VECTOR('',#799,1.);
#799 = DIRECTION('',(0.,1.,0.));
#800 = FACE_BOUND('',#801,.F.);
#801 = EDGE_LOOP('',(#802,#812,#820,#828));
#802 = ORIENTED_EDGE('',*,*,#803,.F.);
#803 = EDGE_CURVE('',#804,#806,#808,.T.);
#804 = VERTEX_POINT('',#805);
#805 = CARTESIAN_POINT('',(77.75,-68.05,0.));
#806 = VERTEX_POINT('',#807);
#807 = CARTESIAN_POINT('',(91.85,-68.05,0.));
#808 = LINE('',#809,#810);
#809 = CARTESIAN_POINT('',(77.75,-68.05,0.));
#810 = VECTOR('',#811,1.);
#811 = DIRECTION('',(1.,0.,0.));
#812 = ORIENTED_EDGE('',*,*,#813,.F.);
#813 = EDGE_CURVE('',#814,#804,#816,.T.);
#814 = VERTEX_POINT('',#815);
#815 = CARTESIAN_POINT('',(77.75,-53.95,0.));
#816 = LINE('',#817,#818);
#817 = CARTESIAN_POINT('',(77.75,-53.95,0.));
#818 = VECTOR('',#819,1.);
#819 = DIRECTION('',(0.,-1.,0.));
#820 = ORIENTED_EDGE('',*,*,#821,.F.);
#821 = EDGE_CURVE('',#822,#814,#824,.T.);
#822 = VERTEX_POINT('',#823);
#823 = CARTESIAN_POINT('',(91.85,-53.95,0.));
#824 = LINE('',#825,#826);
#825 = CARTESIAN_POINT('',(91.85,-53.95,0.));
#826 = VECTOR('',#827,1.);
#827 = DIRECTION('',(-1.,0.,0.));
#828 = ORIENTED_EDGE('',*,*,#829,.F.);
#829 = EDGE_CURVE('',#806,#822,#830,.T.);
#830 = LINE('',#831,#832);
#831 = CARTESIAN_POINT('',(91.85,-68.05,0.));
#832 = VECTOR('',#833,1.);
#833 = DIRECTION('',(0.,1.,0.));
#834 = FACE_BOUND('',#835,.F.);
#835 = EDGE_LOOP('',(#836,#846,#854,#862));
#836 = ORIENTED_EDGE('',*,*,#837,.F.);
#837 = EDGE_CURVE('',#838,#840,#842,.T.);
#838 = VERTEX_POINT('',#839);
#839 = CARTESIAN_POINT('',(94.35,-86.725,0.));
#840 = VERTEX_POINT('',#841);
#841 = CARTESIAN_POINT('',(108.45,-86.725,0.));
#842 = LINE('',#843,#844);
#843 = CARTESIAN_POINT('',(94.35,-86.725,0.));
#844 = VECTOR('',#845,1.);
#845 = DIRECTION('',(1.,0.,0.));
#846 = ORIENTED_EDGE('',*,*,#847,.F.);
#847 = EDGE_CURVE('',#848,#838,#850,.T.);
#848 = VERTEX_POINT('',#849);
#849 = CARTESIAN_POINT('',(94.35,-72.625,0.));
#850 = LINE('',#851,#852);
#851 = CARTESIAN_POINT('',(94.35,-72.625,0.));
#852 = VECTOR('',#853,1.);
#853 = DIRECTION('',(0.,-1.,0.));
#854 = ORIENTED_EDGE('',*,*,#855,.F.);
#855 = EDGE_CURVE('',#856,#848,#858,.T.);
#856 = VERTEX_POINT('',#857);
#857 = CARTESIAN_POINT('',(108.45,-72.625,0.));
#858 = LINE('',#859,#860);
#859 = CARTESIAN_POINT('',(108.45,-72.625,0.));
#860 = VECTOR('',#861,1.);
#861 = DIRECTION('',(-1.,0.,0.));
#862 = ORIENTED_EDGE('',*,*,#863,.F.);
#863 = EDGE_CURVE('',#840,#856,#864,.T.);
#864 = LINE('',#865,#866);
#865 = CARTESIAN_POINT('',(108.45,-86.725,0.));
#866 = VECTOR('',#867,1.);
#867 = DIRECTION('',(0.,1.,0.));
#868 = FACE_BOUND('',#869,.F.);
#869 = EDGE_LOOP('',(#870,#880,#888,#896));
#870 = ORIENTED_EDGE('',*,*,#871,.F.);
#871 = EDGE_CURVE('',#872,#874,#876,.T.);
#872 = VERTEX_POINT('',#873);
#873 = CARTESIAN_POINT('',(110.95,-88.8,0.));
#874 = VERTEX_POINT('',#875);
#875 = CARTESIAN_POINT('',(125.05,-88.8,0.));
#876 = LINE('',#877,#878);
#877 = CARTESIAN_POINT('',(110.95,-88.8,0.));
#878 = VECTOR('',#879,1.);
#879 = DIRECTION('',(1.,0.,0.));
#880 = ORIENTED_EDGE('',*,*,#881,.F.);
#881 = EDGE_CURVE('',#882,#872,#884,.T.);
#882 = VERTEX_POINT('',#883);
#883 = CARTESIAN_POINT('',(110.95,-74.7,0.));
#884 = LINE('',#885,#886);
#885 = CARTESIAN_POINT('',(110.95,-74.7,0.));
#886 = VECTOR('',#887,1.);
#887 = DIRECTION('',(0.,-1.,0.));
#888 = ORIENTED_EDGE('',*,*,#889,.F.);
#889 = EDGE_CURVE('',#890,#882,#892,.T.);
#890 = VERTEX_POINT('',#891);
#891 = CARTESIAN_POINT('',(125.05,-74.7,0.));
#892 = LINE('',#893,#894);
#893 = CARTESIAN_POINT('',(125.05,-74.7,0.));
#894 = VECTOR('',#895,1.);
#895 = DIRECTION('',(-1.,0.,0.));
#896 = ORIENTED_EDGE('',*,*,#897,.F.);
#897 = EDGE_CURVE('',#874,#890,#898,.T.);
#898 = LINE('',#899,#900);
#899 = CARTESIAN_POINT('',(125.05,-88.8,0.));
#900 = VECTOR('',#901,1.);
#901 = DIRECTION('',(0.,1.,0.));
#902 = FACE_BOUND('',#903,.F.);
#903 = EDGE_LOOP('',(#904));
#904 = ORIENTED_EDGE('',*,*,#905,.T.);
#905 = EDGE_CURVE('',#906,#906,#908,.T.);
#906 = VERTEX_POINT('',#907);
#907 = CARTESIAN_POINT('',(137.8,-84.9,0.));
#908 = CIRCLE('',#909,0.5);
#909 = AXIS2_PLACEMENT_3D('',#910,#911,#912);
#910 = CARTESIAN_POINT('',(137.8,-84.4,0.));
#911 = DIRECTION('',(-0.,0.,-1.));
#912 = DIRECTION('',(-0.,-1.,0.));
#913 = FACE_BOUND('',#914,.F.);
#914 = EDGE_LOOP('',(#915));
#915 = ORIENTED_EDGE('',*,*,#916,.T.);
#916 = EDGE_CURVE('',#917,#917,#919,.T.);
#917 = VERTEX_POINT('',#918);
#918 = CARTESIAN_POINT('',(140.3,-84.9,0.));
#919 = CIRCLE('',#920,0.5);
#920 = AXIS2_PLACEMENT_3D('',#921,#922,#923);
#921 = CARTESIAN_POINT('',(140.3,-84.4,0.));
#922 = DIRECTION('',(-0.,0.,-1.));
#923 = DIRECTION('',(-0.,-1.,0.));
#924 = FACE_BOUND('',#925,.F.);
#925 = EDGE_LOOP('',(#926));
#926 = ORIENTED_EDGE('',*,*,#927,.T.);
#927 = EDGE_CURVE('',#928,#928,#930,.T.);
#928 = VERTEX_POINT('',#929);
#929 = CARTESIAN_POINT('',(142.8,-84.9,0.));
#930 = CIRCLE('',#931,0.5);
#931 = AXIS2_PLACEMENT_3D('',#932,#933,#934);
#932 = CARTESIAN_POINT('',(142.8,-84.4,0.));
#933 = DIRECTION('',(-0.,0.,-1.));
#934 = DIRECTION('',(-0.,-1.,0.));
#935 = FACE_BOUND('',#936,.F.);
#936 = EDGE_LOOP('',(#937));
#937 = ORIENTED_EDGE('',*,*,#938,.T.);
#938 = EDGE_CURVE('',#939,#939,#941,.T.);
#939 = VERTEX_POINT('',#940);
#940 = CARTESIAN_POINT('',(140.9,-75.565,0.));
#941 = CIRCLE('',#942,0.365);
#942 = AXIS2_PLACEMENT_3D('',#943,#944,#945);
#943 = CARTESIAN_POINT('',(140.9,-75.2,0.));
#944 = DIRECTION('',(-0.,0.,-1.));
#945 = DIRECTION('',(7.78676970696E-14,-1.,-0.));
#946 = FACE_BOUND('',#947,.F.);
#947 = EDGE_LOOP('',(#948));
#948 = ORIENTED_EDGE('',*,*,#949,.T.);
#949 = EDGE_CURVE('',#950,#950,#952,.T.);
#950 = VERTEX_POINT('',#951);
#951 = CARTESIAN_POINT('',(142.4,-75.565,0.));
#952 = CIRCLE('',#953,0.365);
#953 = AXIS2_PLACEMENT_3D('',#954,#955,#956);
#954 = CARTESIAN_POINT('',(142.4,-75.2,0.));
#955 = DIRECTION('',(-0.,0.,-1.));
#956 = DIRECTION('',(7.78676970696E-14,-1.,-0.));
#957 = FACE_BOUND('',#958,.F.);
#958 = EDGE_LOOP('',(#959));
#959 = ORIENTED_EDGE('',*,*,#960,.T.);
#960 = EDGE_CURVE('',#961,#961,#963,.T.);
#961 = VERTEX_POINT('',#962);
#962 = CARTESIAN_POINT('',(143.9,-75.565,0.));
#963 = CIRCLE('',#964,0.365);
#964 = AXIS2_PLACEMENT_3D('',#965,#966,#967);
#965 = CARTESIAN_POINT('',(143.9,-75.2,0.));
#966 = DIRECTION('',(-0.,0.,-1.));
#967 = DIRECTION('',(7.78676970696E-14,-1.,-0.));
#968 = FACE_BOUND('',#969,.F.);
#969 = EDGE_LOOP('',(#970,#980,#988,#996));
#970 = ORIENTED_EDGE('',*,*,#971,.F.);
#971 = EDGE_CURVE('',#972,#974,#976,.T.);
#972 = VERTEX_POINT('',#973);
#973 = CARTESIAN_POINT('',(94.35,-70.125,0.));
#974 = VERTEX_POINT('',#975);
#975 = CARTESIAN_POINT('',(108.45,-70.125,0.));
#976 = LINE('',#977,#978);
#977 = CARTESIAN_POINT('',(94.35,-70.125,0.));
#978 = VECTOR('',#979,1.);
#979 = DIRECTION('',(1.,0.,0.));
#980 = ORIENTED_EDGE('',*,*,#981,.F.);
#981 = EDGE_CURVE('',#982,#972,#984,.T.);
#982 = VERTEX_POINT('',#983);
#983 = CARTESIAN_POINT('',(94.35,-56.025,0.));
#984 = LINE('',#985,#986);
#985 = CARTESIAN_POINT('',(94.35,-56.025,0.));
#986 = VECTOR('',#987,1.);
#987 = DIRECTION('',(0.,-1.,0.));
#988 = ORIENTED_EDGE('',*,*,#989,.F.);
#989 = EDGE_CURVE('',#990,#982,#992,.T.);
#990 = VERTEX_POINT('',#991);
#991 = CARTESIAN_POINT('',(108.45,-56.025,0.));
#992 = LINE('',#993,#994);
#993 = CARTESIAN_POINT('',(108.45,-56.025,0.));
#994 = VECTOR('',#995,1.);
#995 = DIRECTION('',(-1.,0.,0.));
#996 = ORIENTED_EDGE('',*,*,#997,.F.);
#997 = EDGE_CURVE('',#974,#990,#998,.T.);
#998 = LINE('',#999,#1000);
#999 = CARTESIAN_POINT('',(108.45,-70.125,0.));
#1000 = VECTOR('',#1001,1.);
#1001 = DIRECTION('',(0.,1.,0.));
#1002 = FACE_BOUND('',#1003,.F.);
#1003 = EDGE_LOOP('',(#1004,#1014,#1022,#1030));
#1004 = ORIENTED_EDGE('',*,*,#1005,.F.);
#1005 = EDGE_CURVE('',#1006,#1008,#1010,.T.);
#1006 = VERTEX_POINT('',#1007);
#1007 = CARTESIAN_POINT('',(110.95,-72.2,0.));
#1008 = VERTEX_POINT('',#1009);
#1009 = CARTESIAN_POINT('',(125.05,-72.2,0.));
#1010 = LINE('',#1011,#1012);
#1011 = CARTESIAN_POINT('',(110.95,-72.2,0.));
#1012 = VECTOR('',#1013,1.);
#1013 = DIRECTION('',(1.,0.,0.));
#1014 = ORIENTED_EDGE('',*,*,#1015,.F.);
#1015 = EDGE_CURVE('',#1016,#1006,#1018,.T.);
#1016 = VERTEX_POINT('',#1017);
#1017 = CARTESIAN_POINT('',(110.95,-58.1,0.));
#1018 = LINE('',#1019,#1020);
#1019 = CARTESIAN_POINT('',(110.95,-58.1,0.));
#1020 = VECTOR('',#1021,1.);
#1021 = DIRECTION('',(0.,-1.,0.));
#1022 = ORIENTED_EDGE('',*,*,#1023,.F.);
#1023 = EDGE_CURVE('',#1024,#1016,#1026,.T.);
#1024 = VERTEX_POINT('',#1025);
#1025 = CARTESIAN_POINT('',(125.05,-58.1,0.));
#1026 = LINE('',#1027,#1028);
#1027 = CARTESIAN_POINT('',(125.05,-58.1,0.));
#1028 = VECTOR('',#1029,1.);
#1029 = DIRECTION('',(-1.,0.,0.));
#1030 = ORIENTED_EDGE('',*,*,#1031,.F.);
#1031 = EDGE_CURVE('',#1008,#1024,#1032,.T.);
#1032 = LINE('',#1033,#1034);
#1033 = CARTESIAN_POINT('',(125.05,-72.2,0.));
#1034 = VECTOR('',#1035,1.);
#1035 = DIRECTION('',(0.,1.,0.));
#1036 = PLANE('',#1037);
#1037 = AXIS2_PLACEMENT_3D('',#1038,#1039,#1040);
#1038 = CARTESIAN_POINT('',(0.,0.,0.));
#1039 = DIRECTION('',(0.,0.,1.));
#1040 = DIRECTION('',(1.,0.,-0.));
#1041 = ADVANCED_FACE('',(#1042,#1069,#1103,#1137,#1171,#1205,#1239,
    #1273,#1307,#1341,#1375,#1386,#1397,#1433,#1469,#1503,#1537,#1571,
    #1605,#1639,#1673,#1707,#1741,#1775,#1809,#1820,#1831,#1842,#1853,
    #1864,#1875,#1909),#1943,.T.);
#1042 = FACE_BOUND('',#1043,.T.);
#1043 = EDGE_LOOP('',(#1044,#1045,#1046,#1054,#1062,#1068));
#1044 = ORIENTED_EDGE('',*,*,#46,.F.);
#1045 = ORIENTED_EDGE('',*,*,#86,.F.);
#1046 = ORIENTED_EDGE('',*,*,#1047,.F.);
#1047 = EDGE_CURVE('',#1048,#79,#1050,.T.);
#1048 = VERTEX_POINT('',#1049);
#1049 = CARTESIAN_POINT('',(25.9,-50.7,1.51));
#1050 = LINE('',#1051,#1052);
#1051 = CARTESIAN_POINT('',(25.9,-50.7,1.51));
#1052 = VECTOR('',#1053,1.);
#1053 = DIRECTION('',(1.,0.,0.));
#1054 = ORIENTED_EDGE('',*,*,#1055,.F.);
#1055 = EDGE_CURVE('',#1056,#1048,#1058,.T.);
#1056 = VERTEX_POINT('',#1057);
#1057 = CARTESIAN_POINT('',(25.9,-114.4,1.51));
#1058 = LINE('',#1059,#1060);
#1059 = CARTESIAN_POINT('',(25.9,-114.4,1.51));
#1060 = VECTOR('',#1061,1.);
#1061 = DIRECTION('',(0.,1.,0.));
#1062 = ORIENTED_EDGE('',*,*,#1063,.F.);
#1063 = EDGE_CURVE('',#109,#1056,#1064,.T.);
#1064 = LINE('',#1065,#1066);
#1065 = CARTESIAN_POINT('',(42.5,-114.4,1.51));
#1066 = VECTOR('',#1067,1.);
#1067 = DIRECTION('',(-1.,0.,0.));
#1068 = ORIENTED_EDGE('',*,*,#108,.F.);
#1069 = FACE_BOUND('',#1070,.T.);
#1070 = EDGE_LOOP('',(#1071,#1081,#1089,#1097));
#1071 = ORIENTED_EDGE('',*,*,#1072,.F.);
#1072 = EDGE_CURVE('',#1073,#1075,#1077,.T.);
#1073 = VERTEX_POINT('',#1074);
#1074 = CARTESIAN_POINT('',(27.95,-109.135,1.51));
#1075 = VERTEX_POINT('',#1076);
#1076 = CARTESIAN_POINT('',(42.05,-109.135,1.51));
#1077 = LINE('',#1078,#1079);
#1078 = CARTESIAN_POINT('',(27.95,-109.135,1.51));
#1079 = VECTOR('',#1080,1.);
#1080 = DIRECTION('',(1.,0.,0.));
#1081 = ORIENTED_EDGE('',*,*,#1082,.F.);
#1082 = EDGE_CURVE('',#1083,#1073,#1085,.T.);
#1083 = VERTEX_POINT('',#1084);
#1084 = CARTESIAN_POINT('',(27.95,-95.035,1.51));
#1085 = LINE('',#1086,#1087);
#1086 = CARTESIAN_POINT('',(27.95,-95.035,1.51));
#1087 = VECTOR('',#1088,1.);
#1088 = DIRECTION('',(0.,-1.,0.));
#1089 = ORIENTED_EDGE('',*,*,#1090,.F.);
#1090 = EDGE_CURVE('',#1091,#1083,#1093,.T.);
#1091 = VERTEX_POINT('',#1092);
#1092 = CARTESIAN_POINT('',(42.05,-95.035,1.51));
#1093 = LINE('',#1094,#1095);
#1094 = CARTESIAN_POINT('',(42.05,-95.035,1.51));
#1095 = VECTOR('',#1096,1.);
#1096 = DIRECTION('',(-1.,0.,0.));
#1097 = ORIENTED_EDGE('',*,*,#1098,.F.);
#1098 = EDGE_CURVE('',#1075,#1091,#1099,.T.);
#1099 = LINE('',#1100,#1101);
#1100 = CARTESIAN_POINT('',(42.05,-109.135,1.51));
#1101 = VECTOR('',#1102,1.);
#1102 = DIRECTION('',(0.,1.,0.));
#1103 = FACE_BOUND('',#1104,.T.);
#1104 = EDGE_LOOP('',(#1105,#1115,#1123,#1131));
#1105 = ORIENTED_EDGE('',*,*,#1106,.F.);
#1106 = EDGE_CURVE('',#1107,#1109,#1111,.T.);
#1107 = VERTEX_POINT('',#1108);
#1108 = CARTESIAN_POINT('',(44.55,-107.475,1.51));
#1109 = VERTEX_POINT('',#1110);
#1110 = CARTESIAN_POINT('',(58.65,-107.475,1.51));
#1111 = LINE('',#1112,#1113);
#1112 = CARTESIAN_POINT('',(44.55,-107.475,1.51));
#1113 = VECTOR('',#1114,1.);
#1114 = DIRECTION('',(1.,0.,0.));
#1115 = ORIENTED_EDGE('',*,*,#1116,.F.);
#1116 = EDGE_CURVE('',#1117,#1107,#1119,.T.);
#1117 = VERTEX_POINT('',#1118);
#1118 = CARTESIAN_POINT('',(44.55,-93.375,1.51));
#1119 = LINE('',#1120,#1121);
#1120 = CARTESIAN_POINT('',(44.55,-93.375,1.51));
#1121 = VECTOR('',#1122,1.);
#1122 = DIRECTION('',(0.,-1.,0.));
#1123 = ORIENTED_EDGE('',*,*,#1124,.F.);
#1124 = EDGE_CURVE('',#1125,#1117,#1127,.T.);
#1125 = VERTEX_POINT('',#1126);
#1126 = CARTESIAN_POINT('',(58.65,-93.375,1.51));
#1127 = LINE('',#1128,#1129);
#1128 = CARTESIAN_POINT('',(58.65,-93.375,1.51));
#1129 = VECTOR('',#1130,1.);
#1130 = DIRECTION('',(-1.,0.,0.));
#1131 = ORIENTED_EDGE('',*,*,#1132,.F.);
#1132 = EDGE_CURVE('',#1109,#1125,#1133,.T.);
#1133 = LINE('',#1134,#1135);
#1134 = CARTESIAN_POINT('',(58.65,-107.475,1.51));
#1135 = VECTOR('',#1136,1.);
#1136 = DIRECTION('',(0.,1.,0.));
#1137 = FACE_BOUND('',#1138,.T.);
#1138 = EDGE_LOOP('',(#1139,#1149,#1157,#1165));
#1139 = ORIENTED_EDGE('',*,*,#1140,.F.);
#1140 = EDGE_CURVE('',#1141,#1143,#1145,.T.);
#1141 = VERTEX_POINT('',#1142);
#1142 = CARTESIAN_POINT('',(61.15,-103.325,1.51));
#1143 = VERTEX_POINT('',#1144);
#1144 = CARTESIAN_POINT('',(75.25,-103.325,1.51));
#1145 = LINE('',#1146,#1147);
#1146 = CARTESIAN_POINT('',(61.15,-103.325,1.51));
#1147 = VECTOR('',#1148,1.);
#1148 = DIRECTION('',(1.,0.,0.));
#1149 = ORIENTED_EDGE('',*,*,#1150,.F.);
#1150 = EDGE_CURVE('',#1151,#1141,#1153,.T.);
#1151 = VERTEX_POINT('',#1152);
#1152 = CARTESIAN_POINT('',(61.15,-89.225,1.51));
#1153 = LINE('',#1154,#1155);
#1154 = CARTESIAN_POINT('',(61.15,-89.225,1.51));
#1155 = VECTOR('',#1156,1.);
#1156 = DIRECTION('',(0.,-1.,0.));
#1157 = ORIENTED_EDGE('',*,*,#1158,.F.);
#1158 = EDGE_CURVE('',#1159,#1151,#1161,.T.);
#1159 = VERTEX_POINT('',#1160);
#1160 = CARTESIAN_POINT('',(75.25,-89.225,1.51));
#1161 = LINE('',#1162,#1163);
#1162 = CARTESIAN_POINT('',(75.25,-89.225,1.51));
#1163 = VECTOR('',#1164,1.);
#1164 = DIRECTION('',(-1.,0.,0.));
#1165 = ORIENTED_EDGE('',*,*,#1166,.F.);
#1166 = EDGE_CURVE('',#1143,#1159,#1167,.T.);
#1167 = LINE('',#1168,#1169);
#1168 = CARTESIAN_POINT('',(75.25,-103.325,1.51));
#1169 = VECTOR('',#1170,1.);
#1170 = DIRECTION('',(0.,1.,0.));
#1171 = FACE_BOUND('',#1172,.T.);
#1172 = EDGE_LOOP('',(#1173,#1183,#1191,#1199));
#1173 = ORIENTED_EDGE('',*,*,#1174,.F.);
#1174 = EDGE_CURVE('',#1175,#1177,#1179,.T.);
#1175 = VERTEX_POINT('',#1176);
#1176 = CARTESIAN_POINT('',(77.75,-101.25,1.51));
#1177 = VERTEX_POINT('',#1178);
#1178 = CARTESIAN_POINT('',(91.85,-101.25,1.51));
#1179 = LINE('',#1180,#1181);
#1180 = CARTESIAN_POINT('',(77.75,-101.25,1.51));
#1181 = VECTOR('',#1182,1.);
#1182 = DIRECTION('',(1.,0.,0.));
#1183 = ORIENTED_EDGE('',*,*,#1184,.F.);
#1184 = EDGE_CURVE('',#1185,#1175,#1187,.T.);
#1185 = VERTEX_POINT('',#1186);
#1186 = CARTESIAN_POINT('',(77.75,-87.15,1.51));
#1187 = LINE('',#1188,#1189);
#1188 = CARTESIAN_POINT('',(77.75,-87.15,1.51));
#1189 = VECTOR('',#1190,1.);
#1190 = DIRECTION('',(0.,-1.,0.));
#1191 = ORIENTED_EDGE('',*,*,#1192,.F.);
#1192 = EDGE_CURVE('',#1193,#1185,#1195,.T.);
#1193 = VERTEX_POINT('',#1194);
#1194 = CARTESIAN_POINT('',(91.85,-87.15,1.51));
#1195 = LINE('',#1196,#1197);
#1196 = CARTESIAN_POINT('',(91.85,-87.15,1.51));
#1197 = VECTOR('',#1198,1.);
#1198 = DIRECTION('',(-1.,0.,0.));
#1199 = ORIENTED_EDGE('',*,*,#1200,.F.);
#1200 = EDGE_CURVE('',#1177,#1193,#1201,.T.);
#1201 = LINE('',#1202,#1203);
#1202 = CARTESIAN_POINT('',(91.85,-101.25,1.51));
#1203 = VECTOR('',#1204,1.);
#1204 = DIRECTION('',(0.,1.,0.));
#1205 = FACE_BOUND('',#1206,.T.);
#1206 = EDGE_LOOP('',(#1207,#1217,#1225,#1233));
#1207 = ORIENTED_EDGE('',*,*,#1208,.F.);
#1208 = EDGE_CURVE('',#1209,#1211,#1213,.T.);
#1209 = VERTEX_POINT('',#1210);
#1210 = CARTESIAN_POINT('',(86.05,-119.925,1.51));
#1211 = VERTEX_POINT('',#1212);
#1212 = CARTESIAN_POINT('',(100.15,-119.925,1.51));
#1213 = LINE('',#1214,#1215);
#1214 = CARTESIAN_POINT('',(86.05,-119.925,1.51));
#1215 = VECTOR('',#1216,1.);
#1216 = DIRECTION('',(1.,0.,0.));
#1217 = ORIENTED_EDGE('',*,*,#1218,.F.);
#1218 = EDGE_CURVE('',#1219,#1209,#1221,.T.);
#1219 = VERTEX_POINT('',#1220);
#1220 = CARTESIAN_POINT('',(86.05,-105.825,1.51));
#1221 = LINE('',#1222,#1223);
#1222 = CARTESIAN_POINT('',(86.05,-105.825,1.51));
#1223 = VECTOR('',#1224,1.);
#1224 = DIRECTION('',(0.,-1.,0.));
#1225 = ORIENTED_EDGE('',*,*,#1226,.F.);
#1226 = EDGE_CURVE('',#1227,#1219,#1229,.T.);
#1227 = VERTEX_POINT('',#1228);
#1228 = CARTESIAN_POINT('',(100.15,-105.825,1.51));
#1229 = LINE('',#1230,#1231);
#1230 = CARTESIAN_POINT('',(100.15,-105.825,1.51));
#1231 = VECTOR('',#1232,1.);
#1232 = DIRECTION('',(-1.,0.,0.));
#1233 = ORIENTED_EDGE('',*,*,#1234,.F.);
#1234 = EDGE_CURVE('',#1211,#1227,#1235,.T.);
#1235 = LINE('',#1236,#1237);
#1236 = CARTESIAN_POINT('',(100.15,-119.925,1.51));
#1237 = VECTOR('',#1238,1.);
#1238 = DIRECTION('',(0.,1.,0.));
#1239 = FACE_BOUND('',#1240,.T.);
#1240 = EDGE_LOOP('',(#1241,#1251,#1259,#1267));
#1241 = ORIENTED_EDGE('',*,*,#1242,.F.);
#1242 = EDGE_CURVE('',#1243,#1245,#1247,.T.);
#1243 = VERTEX_POINT('',#1244);
#1244 = CARTESIAN_POINT('',(102.65,-122.,1.51));
#1245 = VERTEX_POINT('',#1246);
#1246 = CARTESIAN_POINT('',(116.75,-122.,1.51));
#1247 = LINE('',#1248,#1249);
#1248 = CARTESIAN_POINT('',(102.65,-122.,1.51));
#1249 = VECTOR('',#1250,1.);
#1250 = DIRECTION('',(1.,0.,0.));
#1251 = ORIENTED_EDGE('',*,*,#1252,.F.);
#1252 = EDGE_CURVE('',#1253,#1243,#1255,.T.);
#1253 = VERTEX_POINT('',#1254);
#1254 = CARTESIAN_POINT('',(102.65,-107.9,1.51));
#1255 = LINE('',#1256,#1257);
#1256 = CARTESIAN_POINT('',(102.65,-107.9,1.51));
#1257 = VECTOR('',#1258,1.);
#1258 = DIRECTION('',(0.,-1.,0.));
#1259 = ORIENTED_EDGE('',*,*,#1260,.F.);
#1260 = EDGE_CURVE('',#1261,#1253,#1263,.T.);
#1261 = VERTEX_POINT('',#1262);
#1262 = CARTESIAN_POINT('',(116.75,-107.9,1.51));
#1263 = LINE('',#1264,#1265);
#1264 = CARTESIAN_POINT('',(116.75,-107.9,1.51));
#1265 = VECTOR('',#1266,1.);
#1266 = DIRECTION('',(-1.,0.,0.));
#1267 = ORIENTED_EDGE('',*,*,#1268,.F.);
#1268 = EDGE_CURVE('',#1245,#1261,#1269,.T.);
#1269 = LINE('',#1270,#1271);
#1270 = CARTESIAN_POINT('',(116.75,-122.,1.51));
#1271 = VECTOR('',#1272,1.);
#1272 = DIRECTION('',(0.,1.,0.));
#1273 = FACE_BOUND('',#1274,.T.);
#1274 = EDGE_LOOP('',(#1275,#1285,#1293,#1301));
#1275 = ORIENTED_EDGE('',*,*,#1276,.F.);
#1276 = EDGE_CURVE('',#1277,#1279,#1281,.T.);
#1277 = VERTEX_POINT('',#1278);
#1278 = CARTESIAN_POINT('',(122.844521,-119.555479,1.51));
#1279 = VERTEX_POINT('',#1280);
#1280 = CARTESIAN_POINT('',(135.055479,-126.605479,1.51));
#1281 = LINE('',#1282,#1283);
#1282 = CARTESIAN_POINT('',(122.844521,-119.555479,1.51));
#1283 = VECTOR('',#1284,1.);
#1284 = DIRECTION('',(0.866025400356,-0.500000005938,0.));
#1285 = ORIENTED_EDGE('',*,*,#1286,.F.);
#1286 = EDGE_CURVE('',#1287,#1277,#1289,.T.);
#1287 = VERTEX_POINT('',#1288);
#1288 = CARTESIAN_POINT('',(129.894521,-107.344521,1.51));
#1289 = LINE('',#1290,#1291);
#1290 = CARTESIAN_POINT('',(129.894521,-107.344521,1.51));
#1291 = VECTOR('',#1292,1.);
#1292 = DIRECTION('',(-0.500000005938,-0.866025400356,0.));
#1293 = ORIENTED_EDGE('',*,*,#1294,.F.);
#1294 = EDGE_CURVE('',#1295,#1287,#1297,.T.);
#1295 = VERTEX_POINT('',#1296);
#1296 = CARTESIAN_POINT('',(142.105479,-114.394521,1.51));
#1297 = LINE('',#1298,#1299);
#1298 = CARTESIAN_POINT('',(142.105479,-114.394521,1.51));
#1299 = VECTOR('',#1300,1.);
#1300 = DIRECTION('',(-0.866025400356,0.500000005938,0.));
#1301 = ORIENTED_EDGE('',*,*,#1302,.F.);
#1302 = EDGE_CURVE('',#1279,#1295,#1303,.T.);
#1303 = LINE('',#1304,#1305);
#1304 = CARTESIAN_POINT('',(135.055479,-126.605479,1.51));
#1305 = VECTOR('',#1306,1.);
#1306 = DIRECTION('',(0.500000005938,0.866025400356,0.));
#1307 = FACE_BOUND('',#1308,.T.);
#1308 = EDGE_LOOP('',(#1309,#1319,#1327,#1335));
#1309 = ORIENTED_EDGE('',*,*,#1310,.F.);
#1310 = EDGE_CURVE('',#1311,#1313,#1315,.T.);
#1311 = VERTEX_POINT('',#1312);
#1312 = CARTESIAN_POINT('',(94.35,-103.325,1.51));
#1313 = VERTEX_POINT('',#1314);
#1314 = CARTESIAN_POINT('',(108.45,-103.325,1.51));
#1315 = LINE('',#1316,#1317);
#1316 = CARTESIAN_POINT('',(94.35,-103.325,1.51));
#1317 = VECTOR('',#1318,1.);
#1318 = DIRECTION('',(1.,0.,0.));
#1319 = ORIENTED_EDGE('',*,*,#1320,.F.);
#1320 = EDGE_CURVE('',#1321,#1311,#1323,.T.);
#1321 = VERTEX_POINT('',#1322);
#1322 = CARTESIAN_POINT('',(94.35,-89.225,1.51));
#1323 = LINE('',#1324,#1325);
#1324 = CARTESIAN_POINT('',(94.35,-89.225,1.51));
#1325 = VECTOR('',#1326,1.);
#1326 = DIRECTION('',(0.,-1.,0.));
#1327 = ORIENTED_EDGE('',*,*,#1328,.F.);
#1328 = EDGE_CURVE('',#1329,#1321,#1331,.T.);
#1329 = VERTEX_POINT('',#1330);
#1330 = CARTESIAN_POINT('',(108.45,-89.225,1.51));
#1331 = LINE('',#1332,#1333);
#1332 = CARTESIAN_POINT('',(108.45,-89.225,1.51));
#1333 = VECTOR('',#1334,1.);
#1334 = DIRECTION('',(-1.,0.,0.));
#1335 = ORIENTED_EDGE('',*,*,#1336,.F.);
#1336 = EDGE_CURVE('',#1313,#1329,#1337,.T.);
#1337 = LINE('',#1338,#1339);
#1338 = CARTESIAN_POINT('',(108.45,-103.325,1.51));
#1339 = VECTOR('',#1340,1.);
#1340 = DIRECTION('',(0.,1.,0.));
#1341 = FACE_BOUND('',#1342,.T.);
#1342 = EDGE_LOOP('',(#1343,#1353,#1361,#1369));
#1343 = ORIENTED_EDGE('',*,*,#1344,.F.);
#1344 = EDGE_CURVE('',#1345,#1347,#1349,.T.);
#1345 = VERTEX_POINT('',#1346);
#1346 = CARTESIAN_POINT('',(110.95,-105.4,1.51));
#1347 = VERTEX_POINT('',#1348);
#1348 = CARTESIAN_POINT('',(125.05,-105.4,1.51));
#1349 = LINE('',#1350,#1351);
#1350 = CARTESIAN_POINT('',(110.95,-105.4,1.51));
#1351 = VECTOR('',#1352,1.);
#1352 = DIRECTION('',(1.,0.,0.));
#1353 = ORIENTED_EDGE('',*,*,#1354,.F.);
#1354 = EDGE_CURVE('',#1355,#1345,#1357,.T.);
#1355 = VERTEX_POINT('',#1356);
#1356 = CARTESIAN_POINT('',(110.95,-91.3,1.51));
#1357 = LINE('',#1358,#1359);
#1358 = CARTESIAN_POINT('',(110.95,-91.3,1.51));
#1359 = VECTOR('',#1360,1.);
#1360 = DIRECTION('',(0.,-1.,0.));
#1361 = ORIENTED_EDGE('',*,*,#1362,.F.);
#1362 = EDGE_CURVE('',#1363,#1355,#1365,.T.);
#1363 = VERTEX_POINT('',#1364);
#1364 = CARTESIAN_POINT('',(125.05,-91.3,1.51));
#1365 = LINE('',#1366,#1367);
#1366 = CARTESIAN_POINT('',(125.05,-91.3,1.51));
#1367 = VECTOR('',#1368,1.);
#1368 = DIRECTION('',(-1.,0.,0.));
#1369 = ORIENTED_EDGE('',*,*,#1370,.F.);
#1370 = EDGE_CURVE('',#1347,#1363,#1371,.T.);
#1371 = LINE('',#1372,#1373);
#1372 = CARTESIAN_POINT('',(125.05,-105.4,1.51));
#1373 = VECTOR('',#1374,1.);
#1374 = DIRECTION('',(0.,1.,0.));
#1375 = FACE_BOUND('',#1376,.T.);
#1376 = EDGE_LOOP('',(#1377));
#1377 = ORIENTED_EDGE('',*,*,#1378,.T.);
#1378 = EDGE_CURVE('',#1379,#1379,#1381,.T.);
#1379 = VERTEX_POINT('',#1380);
#1380 = CARTESIAN_POINT('',(137.8,-99.4,1.51));
#1381 = CIRCLE('',#1382,0.5);
#1382 = AXIS2_PLACEMENT_3D('',#1383,#1384,#1385);
#1383 = CARTESIAN_POINT('',(137.8,-98.9,1.51));
#1384 = DIRECTION('',(-0.,0.,-1.));
#1385 = DIRECTION('',(-0.,-1.,0.));
#1386 = FACE_BOUND('',#1387,.T.);
#1387 = EDGE_LOOP('',(#1388));
#1388 = ORIENTED_EDGE('',*,*,#1389,.T.);
#1389 = EDGE_CURVE('',#1390,#1390,#1392,.T.);
#1390 = VERTEX_POINT('',#1391);
#1391 = CARTESIAN_POINT('',(142.8,-99.4,1.51));
#1392 = CIRCLE('',#1393,0.5);
#1393 = AXIS2_PLACEMENT_3D('',#1394,#1395,#1396);
#1394 = CARTESIAN_POINT('',(142.8,-98.9,1.51));
#1395 = DIRECTION('',(-0.,0.,-1.));
#1396 = DIRECTION('',(-0.,-1.,0.));
#1397 = FACE_BOUND('',#1398,.T.);
#1398 = EDGE_LOOP('',(#1399,#1410,#1418,#1427));
#1399 = ORIENTED_EDGE('',*,*,#1400,.T.);
#1400 = EDGE_CURVE('',#1401,#1403,#1405,.T.);
#1401 = VERTEX_POINT('',#1402);
#1402 = CARTESIAN_POINT('',(135.7,-92.3,1.51));
#1403 = VERTEX_POINT('',#1404);
#1404 = CARTESIAN_POINT('',(133.7,-92.3,1.51));
#1405 = CIRCLE('',#1406,1.);
#1406 = AXIS2_PLACEMENT_3D('',#1407,#1408,#1409);
#1407 = CARTESIAN_POINT('',(134.7,-92.3,1.51));
#1408 = DIRECTION('',(-0.,0.,-1.));
#1409 = DIRECTION('',(-1.,0.,0.));
#1410 = ORIENTED_EDGE('',*,*,#1411,.T.);
#1411 = EDGE_CURVE('',#1403,#1412,#1414,.T.);
#1412 = VERTEX_POINT('',#1413);
#1413 = CARTESIAN_POINT('',(133.7,-91.5,1.51));
#1414 = LINE('',#1415,#1416);
#1415 = CARTESIAN_POINT('',(133.7,-45.75,1.51));
#1416 = VECTOR('',#1417,1.);
#1417 = DIRECTION('',(-0.,1.,0.));
#1418 = ORIENTED_EDGE('',*,*,#1419,.T.);
#1419 = EDGE_CURVE('',#1412,#1420,#1422,.T.);
#1420 = VERTEX_POINT('',#1421);
#1421 = CARTESIAN_POINT('',(135.7,-91.5,1.51));
#1422 = CIRCLE('',#1423,1.);
#1423 = AXIS2_PLACEMENT_3D('',#1424,#1425,#1426);
#1424 = CARTESIAN_POINT('',(134.7,-91.5,1.51));
#1425 = DIRECTION('',(0.,-0.,-1.));
#1426 = DIRECTION('',(1.,0.,-0.));
#1427 = ORIENTED_EDGE('',*,*,#1428,.T.);
#1428 = EDGE_CURVE('',#1420,#1401,#1429,.T.);
#1429 = LINE('',#1430,#1431);
#1430 = CARTESIAN_POINT('',(135.7,-46.15,1.51));
#1431 = VECTOR('',#1432,1.);
#1432 = DIRECTION('',(0.,-1.,0.));
#1433 = FACE_BOUND('',#1434,.T.);
#1434 = EDGE_LOOP('',(#1435,#1446,#1454,#1463));
#1435 = ORIENTED_EDGE('',*,*,#1436,.T.);
#1436 = EDGE_CURVE('',#1437,#1439,#1441,.T.);
#1437 = VERTEX_POINT('',#1438);
#1438 = CARTESIAN_POINT('',(146.9,-92.3,1.51));
#1439 = VERTEX_POINT('',#1440);
#1440 = CARTESIAN_POINT('',(144.9,-92.3,1.51));
#1441 = CIRCLE('',#1442,1.);
#1442 = AXIS2_PLACEMENT_3D('',#1443,#1444,#1445);
#1443 = CARTESIAN_POINT('',(145.9,-92.3,1.51));
#1444 = DIRECTION('',(-0.,0.,-1.));
#1445 = DIRECTION('',(-1.,0.,0.));
#1446 = ORIENTED_EDGE('',*,*,#1447,.T.);
#1447 = EDGE_CURVE('',#1439,#1448,#1450,.T.);
#1448 = VERTEX_POINT('',#1449);
#1449 = CARTESIAN_POINT('',(144.9,-91.5,1.51));
#1450 = LINE('',#1451,#1452);
#1451 = CARTESIAN_POINT('',(144.9,-45.75,1.51));
#1452 = VECTOR('',#1453,1.);
#1453 = DIRECTION('',(-0.,1.,0.));
#1454 = ORIENTED_EDGE('',*,*,#1455,.T.);
#1455 = EDGE_CURVE('',#1448,#1456,#1458,.T.);
#1456 = VERTEX_POINT('',#1457);
#1457 = CARTESIAN_POINT('',(146.9,-91.5,1.51));
#1458 = CIRCLE('',#1459,1.);
#1459 = AXIS2_PLACEMENT_3D('',#1460,#1461,#1462);
#1460 = CARTESIAN_POINT('',(145.9,-91.5,1.51));
#1461 = DIRECTION('',(0.,-0.,-1.));
#1462 = DIRECTION('',(1.,0.,-0.));
#1463 = ORIENTED_EDGE('',*,*,#1464,.T.);
#1464 = EDGE_CURVE('',#1456,#1437,#1465,.T.);
#1465 = LINE('',#1466,#1467);
#1466 = CARTESIAN_POINT('',(146.9,-46.15,1.51));
#1467 = VECTOR('',#1468,1.);
#1468 = DIRECTION('',(0.,-1.,0.));
#1469 = FACE_BOUND('',#1470,.T.);
#1470 = EDGE_LOOP('',(#1471,#1481,#1489,#1497));
#1471 = ORIENTED_EDGE('',*,*,#1472,.F.);
#1472 = EDGE_CURVE('',#1473,#1475,#1477,.T.);
#1473 = VERTEX_POINT('',#1474);
#1474 = CARTESIAN_POINT('',(27.95,-92.535,1.51));
#1475 = VERTEX_POINT('',#1476);
#1476 = CARTESIAN_POINT('',(42.05,-92.535,1.51));
#1477 = LINE('',#1478,#1479);
#1478 = CARTESIAN_POINT('',(27.95,-92.535,1.51));
#1479 = VECTOR('',#1480,1.);
#1480 = DIRECTION('',(1.,0.,0.));
#1481 = ORIENTED_EDGE('',*,*,#1482,.F.);
#1482 = EDGE_CURVE('',#1483,#1473,#1485,.T.);
#1483 = VERTEX_POINT('',#1484);
#1484 = CARTESIAN_POINT('',(27.95,-78.435,1.51));
#1485 = LINE('',#1486,#1487);
#1486 = CARTESIAN_POINT('',(27.95,-78.435,1.51));
#1487 = VECTOR('',#1488,1.);
#1488 = DIRECTION('',(0.,-1.,0.));
#1489 = ORIENTED_EDGE('',*,*,#1490,.F.);
#1490 = EDGE_CURVE('',#1491,#1483,#1493,.T.);
#1491 = VERTEX_POINT('',#1492);
#1492 = CARTESIAN_POINT('',(42.05,-78.435,1.51));
#1493 = LINE('',#1494,#1495);
#1494 = CARTESIAN_POINT('',(42.05,-78.435,1.51));
#1495 = VECTOR('',#1496,1.);
#1496 = DIRECTION('',(-1.,0.,0.));
#1497 = ORIENTED_EDGE('',*,*,#1498,.F.);
#1498 = EDGE_CURVE('',#1475,#1491,#1499,.T.);
#1499 = LINE('',#1500,#1501);
#1500 = CARTESIAN_POINT('',(42.05,-92.535,1.51));
#1501 = VECTOR('',#1502,1.);
#1502 = DIRECTION('',(0.,1.,0.));
#1503 = FACE_BOUND('',#1504,.T.);
#1504 = EDGE_LOOP('',(#1505,#1515,#1523,#1531));
#1505 = ORIENTED_EDGE('',*,*,#1506,.F.);
#1506 = EDGE_CURVE('',#1507,#1509,#1511,.T.);
#1507 = VERTEX_POINT('',#1508);
#1508 = CARTESIAN_POINT('',(44.55,-90.875,1.51));
#1509 = VERTEX_POINT('',#1510);
#1510 = CARTESIAN_POINT('',(58.65,-90.875,1.51));
#1511 = LINE('',#1512,#1513);
#1512 = CARTESIAN_POINT('',(44.55,-90.875,1.51));
#1513 = VECTOR('',#1514,1.);
#1514 = DIRECTION('',(1.,0.,0.));
#1515 = ORIENTED_EDGE('',*,*,#1516,.F.);
#1516 = EDGE_CURVE('',#1517,#1507,#1519,.T.);
#1517 = VERTEX_POINT('',#1518);
#1518 = CARTESIAN_POINT('',(44.55,-76.775,1.51));
#1519 = LINE('',#1520,#1521);
#1520 = CARTESIAN_POINT('',(44.55,-76.775,1.51));
#1521 = VECTOR('',#1522,1.);
#1522 = DIRECTION('',(0.,-1.,0.));
#1523 = ORIENTED_EDGE('',*,*,#1524,.F.);
#1524 = EDGE_CURVE('',#1525,#1517,#1527,.T.);
#1525 = VERTEX_POINT('',#1526);
#1526 = CARTESIAN_POINT('',(58.65,-76.775,1.51));
#1527 = LINE('',#1528,#1529);
#1528 = CARTESIAN_POINT('',(58.65,-76.775,1.51));
#1529 = VECTOR('',#1530,1.);
#1530 = DIRECTION('',(-1.,0.,0.));
#1531 = ORIENTED_EDGE('',*,*,#1532,.F.);
#1532 = EDGE_CURVE('',#1509,#1525,#1533,.T.);
#1533 = LINE('',#1534,#1535);
#1534 = CARTESIAN_POINT('',(58.65,-90.875,1.51));
#1535 = VECTOR('',#1536,1.);
#1536 = DIRECTION('',(0.,1.,0.));
#1537 = FACE_BOUND('',#1538,.T.);
#1538 = EDGE_LOOP('',(#1539,#1549,#1557,#1565));
#1539 = ORIENTED_EDGE('',*,*,#1540,.F.);
#1540 = EDGE_CURVE('',#1541,#1543,#1545,.T.);
#1541 = VERTEX_POINT('',#1542);
#1542 = CARTESIAN_POINT('',(61.15,-86.725,1.51));
#1543 = VERTEX_POINT('',#1544);
#1544 = CARTESIAN_POINT('',(75.25,-86.725,1.51));
#1545 = LINE('',#1546,#1547);
#1546 = CARTESIAN_POINT('',(61.15,-86.725,1.51));
#1547 = VECTOR('',#1548,1.);
#1548 = DIRECTION('',(1.,0.,0.));
#1549 = ORIENTED_EDGE('',*,*,#1550,.F.);
#1550 = EDGE_CURVE('',#1551,#1541,#1553,.T.);
#1551 = VERTEX_POINT('',#1552);
#1552 = CARTESIAN_POINT('',(61.15,-72.625,1.51));
#1553 = LINE('',#1554,#1555);
#1554 = CARTESIAN_POINT('',(61.15,-72.625,1.51));
#1555 = VECTOR('',#1556,1.);
#1556 = DIRECTION('',(0.,-1.,0.));
#1557 = ORIENTED_EDGE('',*,*,#1558,.F.);
#1558 = EDGE_CURVE('',#1559,#1551,#1561,.T.);
#1559 = VERTEX_POINT('',#1560);
#1560 = CARTESIAN_POINT('',(75.25,-72.625,1.51));
#1561 = LINE('',#1562,#1563);
#1562 = CARTESIAN_POINT('',(75.25,-72.625,1.51));
#1563 = VECTOR('',#1564,1.);
#1564 = DIRECTION('',(-1.,0.,0.));
#1565 = ORIENTED_EDGE('',*,*,#1566,.F.);
#1566 = EDGE_CURVE('',#1543,#1559,#1567,.T.);
#1567 = LINE('',#1568,#1569);
#1568 = CARTESIAN_POINT('',(75.25,-86.725,1.51));
#1569 = VECTOR('',#1570,1.);
#1570 = DIRECTION('',(0.,1.,0.));
#1571 = FACE_BOUND('',#1572,.T.);
#1572 = EDGE_LOOP('',(#1573,#1583,#1591,#1599));
#1573 = ORIENTED_EDGE('',*,*,#1574,.F.);
#1574 = EDGE_CURVE('',#1575,#1577,#1579,.T.);
#1575 = VERTEX_POINT('',#1576);
#1576 = CARTESIAN_POINT('',(77.75,-84.65,1.51));
#1577 = VERTEX_POINT('',#1578);
#1578 = CARTESIAN_POINT('',(91.85,-84.65,1.51));
#1579 = LINE('',#1580,#1581);
#1580 = CARTESIAN_POINT('',(77.75,-84.65,1.51));
#1581 = VECTOR('',#1582,1.);
#1582 = DIRECTION('',(1.,0.,0.));
#1583 = ORIENTED_EDGE('',*,*,#1584,.F.);
#1584 = EDGE_CURVE('',#1585,#1575,#1587,.T.);
#1585 = VERTEX_POINT('',#1586);
#1586 = CARTESIAN_POINT('',(77.75,-70.55,1.51));
#1587 = LINE('',#1588,#1589);
#1588 = CARTESIAN_POINT('',(77.75,-70.55,1.51));
#1589 = VECTOR('',#1590,1.);
#1590 = DIRECTION('',(0.,-1.,0.));
#1591 = ORIENTED_EDGE('',*,*,#1592,.F.);
#1592 = EDGE_CURVE('',#1593,#1585,#1595,.T.);
#1593 = VERTEX_POINT('',#1594);
#1594 = CARTESIAN_POINT('',(91.85,-70.55,1.51));
#1595 = LINE('',#1596,#1597);
#1596 = CARTESIAN_POINT('',(91.85,-70.55,1.51));
#1597 = VECTOR('',#1598,1.);
#1598 = DIRECTION('',(-1.,0.,0.));
#1599 = ORIENTED_EDGE('',*,*,#1600,.F.);
#1600 = EDGE_CURVE('',#1577,#1593,#1601,.T.);
#1601 = LINE('',#1602,#1603);
#1602 = CARTESIAN_POINT('',(91.85,-84.65,1.51));
#1603 = VECTOR('',#1604,1.);
#1604 = DIRECTION('',(0.,1.,0.));
#1605 = FACE_BOUND('',#1606,.T.);
#1606 = EDGE_LOOP('',(#1607,#1617,#1625,#1633));
#1607 = ORIENTED_EDGE('',*,*,#1608,.F.);
#1608 = EDGE_CURVE('',#1609,#1611,#1613,.T.);
#1609 = VERTEX_POINT('',#1610);
#1610 = CARTESIAN_POINT('',(27.95,-75.935,1.51));
#1611 = VERTEX_POINT('',#1612);
#1612 = CARTESIAN_POINT('',(42.05,-75.935,1.51));
#1613 = LINE('',#1614,#1615);
#1614 = CARTESIAN_POINT('',(27.95,-75.935,1.51));
#1615 = VECTOR('',#1616,1.);
#1616 = DIRECTION('',(1.,0.,0.));
#1617 = ORIENTED_EDGE('',*,*,#1618,.F.);
#1618 = EDGE_CURVE('',#1619,#1609,#1621,.T.);
#1619 = VERTEX_POINT('',#1620);
#1620 = CARTESIAN_POINT('',(27.95,-61.835,1.51));
#1621 = LINE('',#1622,#1623);
#1622 = CARTESIAN_POINT('',(27.95,-61.835,1.51));
#1623 = VECTOR('',#1624,1.);
#1624 = DIRECTION('',(0.,-1.,0.));
#1625 = ORIENTED_EDGE('',*,*,#1626,.F.);
#1626 = EDGE_CURVE('',#1627,#1619,#1629,.T.);
#1627 = VERTEX_POINT('',#1628);
#1628 = CARTESIAN_POINT('',(42.05,-61.835,1.51));
#1629 = LINE('',#1630,#1631);
#1630 = CARTESIAN_POINT('',(42.05,-61.835,1.51));
#1631 = VECTOR('',#1632,1.);
#1632 = DIRECTION('',(-1.,0.,0.));
#1633 = ORIENTED_EDGE('',*,*,#1634,.F.);
#1634 = EDGE_CURVE('',#1611,#1627,#1635,.T.);
#1635 = LINE('',#1636,#1637);
#1636 = CARTESIAN_POINT('',(42.05,-75.935,1.51));
#1637 = VECTOR('',#1638,1.);
#1638 = DIRECTION('',(0.,1.,0.));
#1639 = FACE_BOUND('',#1640,.T.);
#1640 = EDGE_LOOP('',(#1641,#1651,#1659,#1667));
#1641 = ORIENTED_EDGE('',*,*,#1642,.F.);
#1642 = EDGE_CURVE('',#1643,#1645,#1647,.T.);
#1643 = VERTEX_POINT('',#1644);
#1644 = CARTESIAN_POINT('',(44.55,-74.275,1.51));
#1645 = VERTEX_POINT('',#1646);
#1646 = CARTESIAN_POINT('',(58.65,-74.275,1.51));
#1647 = LINE('',#1648,#1649);
#1648 = CARTESIAN_POINT('',(44.55,-74.275,1.51));
#1649 = VECTOR('',#1650,1.);
#1650 = DIRECTION('',(1.,0.,0.));
#1651 = ORIENTED_EDGE('',*,*,#1652,.F.);
#1652 = EDGE_CURVE('',#1653,#1643,#1655,.T.);
#1653 = VERTEX_POINT('',#1654);
#1654 = CARTESIAN_POINT('',(44.55,-60.175,1.51));
#1655 = LINE('',#1656,#1657);
#1656 = CARTESIAN_POINT('',(44.55,-60.175,1.51));
#1657 = VECTOR('',#1658,1.);
#1658 = DIRECTION('',(0.,-1.,0.));
#1659 = ORIENTED_EDGE('',*,*,#1660,.F.);
#1660 = EDGE_CURVE('',#1661,#1653,#1663,.T.);
#1661 = VERTEX_POINT('',#1662);
#1662 = CARTESIAN_POINT('',(58.65,-60.175,1.51));
#1663 = LINE('',#1664,#1665);
#1664 = CARTESIAN_POINT('',(58.65,-60.175,1.51));
#1665 = VECTOR('',#1666,1.);
#1666 = DIRECTION('',(-1.,0.,0.));
#1667 = ORIENTED_EDGE('',*,*,#1668,.F.);
#1668 = EDGE_CURVE('',#1645,#1661,#1669,.T.);
#1669 = LINE('',#1670,#1671);
#1670 = CARTESIAN_POINT('',(58.65,-74.275,1.51));
#1671 = VECTOR('',#1672,1.);
#1672 = DIRECTION('',(0.,1.,0.));
#1673 = FACE_BOUND('',#1674,.T.);
#1674 = EDGE_LOOP('',(#1675,#1685,#1693,#1701));
#1675 = ORIENTED_EDGE('',*,*,#1676,.F.);
#1676 = EDGE_CURVE('',#1677,#1679,#1681,.T.);
#1677 = VERTEX_POINT('',#1678);
#1678 = CARTESIAN_POINT('',(61.15,-70.125,1.51));
#1679 = VERTEX_POINT('',#1680);
#1680 = CARTESIAN_POINT('',(75.25,-70.125,1.51));
#1681 = LINE('',#1682,#1683);
#1682 = CARTESIAN_POINT('',(61.15,-70.125,1.51));
#1683 = VECTOR('',#1684,1.);
#1684 = DIRECTION('',(1.,0.,0.));
#1685 = ORIENTED_EDGE('',*,*,#1686,.F.);
#1686 = EDGE_CURVE('',#1687,#1677,#1689,.T.);
#1687 = VERTEX_POINT('',#1688);
#1688 = CARTESIAN_POINT('',(61.15,-56.025,1.51));
#1689 = LINE('',#1690,#1691);
#1690 = CARTESIAN_POINT('',(61.15,-56.025,1.51));
#1691 = VECTOR('',#1692,1.);
#1692 = DIRECTION('',(0.,-1.,0.));
#1693 = ORIENTED_EDGE('',*,*,#1694,.F.);
#1694 = EDGE_CURVE('',#1695,#1687,#1697,.T.);
#1695 = VERTEX_POINT('',#1696);
#1696 = CARTESIAN_POINT('',(75.25,-56.025,1.51));
#1697 = LINE('',#1698,#1699);
#1698 = CARTESIAN_POINT('',(75.25,-56.025,1.51));
#1699 = VECTOR('',#1700,1.);
#1700 = DIRECTION('',(-1.,0.,0.));
#1701 = ORIENTED_EDGE('',*,*,#1702,.F.);
#1702 = EDGE_CURVE('',#1679,#1695,#1703,.T.);
#1703 = LINE('',#1704,#1705);
#1704 = CARTESIAN_POINT('',(75.25,-70.125,1.51));
#1705 = VECTOR('',#1706,1.);
#1706 = DIRECTION('',(0.,1.,0.));
#1707 = FACE_BOUND('',#1708,.T.);
#1708 = EDGE_LOOP('',(#1709,#1719,#1727,#1735));
#1709 = ORIENTED_EDGE('',*,*,#1710,.F.);
#1710 = EDGE_CURVE('',#1711,#1713,#1715,.T.);
#1711 = VERTEX_POINT('',#1712);
#1712 = CARTESIAN_POINT('',(77.75,-68.05,1.51));
#1713 = VERTEX_POINT('',#1714);
#1714 = CARTESIAN_POINT('',(91.85,-68.05,1.51));
#1715 = LINE('',#1716,#1717);
#1716 = CARTESIAN_POINT('',(77.75,-68.05,1.51));
#1717 = VECTOR('',#1718,1.);
#1718 = DIRECTION('',(1.,0.,0.));
#1719 = ORIENTED_EDGE('',*,*,#1720,.F.);
#1720 = EDGE_CURVE('',#1721,#1711,#1723,.T.);
#1721 = VERTEX_POINT('',#1722);
#1722 = CARTESIAN_POINT('',(77.75,-53.95,1.51));
#1723 = LINE('',#1724,#1725);
#1724 = CARTESIAN_POINT('',(77.75,-53.95,1.51));
#1725 = VECTOR('',#1726,1.);
#1726 = DIRECTION('',(0.,-1.,0.));
#1727 = ORIENTED_EDGE('',*,*,#1728,.F.);
#1728 = EDGE_CURVE('',#1729,#1721,#1731,.T.);
#1729 = VERTEX_POINT('',#1730);
#1730 = CARTESIAN_POINT('',(91.85,-53.95,1.51));
#1731 = LINE('',#1732,#1733);
#1732 = CARTESIAN_POINT('',(91.85,-53.95,1.51));
#1733 = VECTOR('',#1734,1.);
#1734 = DIRECTION('',(-1.,0.,0.));
#1735 = ORIENTED_EDGE('',*,*,#1736,.F.);
#1736 = EDGE_CURVE('',#1713,#1729,#1737,.T.);
#1737 = LINE('',#1738,#1739);
#1738 = CARTESIAN_POINT('',(91.85,-68.05,1.51));
#1739 = VECTOR('',#1740,1.);
#1740 = DIRECTION('',(0.,1.,0.));
#1741 = FACE_BOUND('',#1742,.T.);
#1742 = EDGE_LOOP('',(#1743,#1753,#1761,#1769));
#1743 = ORIENTED_EDGE('',*,*,#1744,.F.);
#1744 = EDGE_CURVE('',#1745,#1747,#1749,.T.);
#1745 = VERTEX_POINT('',#1746);
#1746 = CARTESIAN_POINT('',(94.35,-86.725,1.51));
#1747 = VERTEX_POINT('',#1748);
#1748 = CARTESIAN_POINT('',(108.45,-86.725,1.51));
#1749 = LINE('',#1750,#1751);
#1750 = CARTESIAN_POINT('',(94.35,-86.725,1.51));
#1751 = VECTOR('',#1752,1.);
#1752 = DIRECTION('',(1.,0.,0.));
#1753 = ORIENTED_EDGE('',*,*,#1754,.F.);
#1754 = EDGE_CURVE('',#1755,#1745,#1757,.T.);
#1755 = VERTEX_POINT('',#1756);
#1756 = CARTESIAN_POINT('',(94.35,-72.625,1.51));
#1757 = LINE('',#1758,#1759);
#1758 = CARTESIAN_POINT('',(94.35,-72.625,1.51));
#1759 = VECTOR('',#1760,1.);
#1760 = DIRECTION('',(0.,-1.,0.));
#1761 = ORIENTED_EDGE('',*,*,#1762,.F.);
#1762 = EDGE_CURVE('',#1763,#1755,#1765,.T.);
#1763 = VERTEX_POINT('',#1764);
#1764 = CARTESIAN_POINT('',(108.45,-72.625,1.51));
#1765 = LINE('',#1766,#1767);
#1766 = CARTESIAN_POINT('',(108.45,-72.625,1.51));
#1767 = VECTOR('',#1768,1.);
#1768 = DIRECTION('',(-1.,0.,0.));
#1769 = ORIENTED_EDGE('',*,*,#1770,.F.);
#1770 = EDGE_CURVE('',#1747,#1763,#1771,.T.);
#1771 = LINE('',#1772,#1773);
#1772 = CARTESIAN_POINT('',(108.45,-86.725,1.51));
#1773 = VECTOR('',#1774,1.);
#1774 = DIRECTION('',(0.,1.,0.));
#1775 = FACE_BOUND('',#1776,.T.);
#1776 = EDGE_LOOP('',(#1777,#1787,#1795,#1803));
#1777 = ORIENTED_EDGE('',*,*,#1778,.F.);
#1778 = EDGE_CURVE('',#1779,#1781,#1783,.T.);
#1779 = VERTEX_POINT('',#1780);
#1780 = CARTESIAN_POINT('',(110.95,-88.8,1.51));
#1781 = VERTEX_POINT('',#1782);
#1782 = CARTESIAN_POINT('',(125.05,-88.8,1.51));
#1783 = LINE('',#1784,#1785);
#1784 = CARTESIAN_POINT('',(110.95,-88.8,1.51));
#1785 = VECTOR('',#1786,1.);
#1786 = DIRECTION('',(1.,0.,0.));
#1787 = ORIENTED_EDGE('',*,*,#1788,.F.);
#1788 = EDGE_CURVE('',#1789,#1779,#1791,.T.);
#1789 = VERTEX_POINT('',#1790);
#1790 = CARTESIAN_POINT('',(110.95,-74.7,1.51));
#1791 = LINE('',#1792,#1793);
#1792 = CARTESIAN_POINT('',(110.95,-74.7,1.51));
#1793 = VECTOR('',#1794,1.);
#1794 = DIRECTION('',(0.,-1.,0.));
#1795 = ORIENTED_EDGE('',*,*,#1796,.F.);
#1796 = EDGE_CURVE('',#1797,#1789,#1799,.T.);
#1797 = VERTEX_POINT('',#1798);
#1798 = CARTESIAN_POINT('',(125.05,-74.7,1.51));
#1799 = LINE('',#1800,#1801);
#1800 = CARTESIAN_POINT('',(125.05,-74.7,1.51));
#1801 = VECTOR('',#1802,1.);
#1802 = DIRECTION('',(-1.,0.,0.));
#1803 = ORIENTED_EDGE('',*,*,#1804,.F.);
#1804 = EDGE_CURVE('',#1781,#1797,#1805,.T.);
#1805 = LINE('',#1806,#1807);
#1806 = CARTESIAN_POINT('',(125.05,-88.8,1.51));
#1807 = VECTOR('',#1808,1.);
#1808 = DIRECTION('',(0.,1.,0.));
#1809 = FACE_BOUND('',#1810,.T.);
#1810 = EDGE_LOOP('',(#1811));
#1811 = ORIENTED_EDGE('',*,*,#1812,.T.);
#1812 = EDGE_CURVE('',#1813,#1813,#1815,.T.);
#1813 = VERTEX_POINT('',#1814);
#1814 = CARTESIAN_POINT('',(137.8,-84.9,1.51));
#1815 = CIRCLE('',#1816,0.5);
#1816 = AXIS2_PLACEMENT_3D('',#1817,#1818,#1819);
#1817 = CARTESIAN_POINT('',(137.8,-84.4,1.51));
#1818 = DIRECTION('',(-0.,0.,-1.));
#1819 = DIRECTION('',(-0.,-1.,0.));
#1820 = FACE_BOUND('',#1821,.T.);
#1821 = EDGE_LOOP('',(#1822));
#1822 = ORIENTED_EDGE('',*,*,#1823,.T.);
#1823 = EDGE_CURVE('',#1824,#1824,#1826,.T.);
#1824 = VERTEX_POINT('',#1825);
#1825 = CARTESIAN_POINT('',(140.3,-84.9,1.51));
#1826 = CIRCLE('',#1827,0.5);
#1827 = AXIS2_PLACEMENT_3D('',#1828,#1829,#1830);
#1828 = CARTESIAN_POINT('',(140.3,-84.4,1.51));
#1829 = DIRECTION('',(-0.,0.,-1.));
#1830 = DIRECTION('',(-0.,-1.,0.));
#1831 = FACE_BOUND('',#1832,.T.);
#1832 = EDGE_LOOP('',(#1833));
#1833 = ORIENTED_EDGE('',*,*,#1834,.T.);
#1834 = EDGE_CURVE('',#1835,#1835,#1837,.T.);
#1835 = VERTEX_POINT('',#1836);
#1836 = CARTESIAN_POINT('',(142.8,-84.9,1.51));
#1837 = CIRCLE('',#1838,0.5);
#1838 = AXIS2_PLACEMENT_3D('',#1839,#1840,#1841);
#1839 = CARTESIAN_POINT('',(142.8,-84.4,1.51));
#1840 = DIRECTION('',(-0.,0.,-1.));
#1841 = DIRECTION('',(-0.,-1.,0.));
#1842 = FACE_BOUND('',#1843,.T.);
#1843 = EDGE_LOOP('',(#1844));
#1844 = ORIENTED_EDGE('',*,*,#1845,.T.);
#1845 = EDGE_CURVE('',#1846,#1846,#1848,.T.);
#1846 = VERTEX_POINT('',#1847);
#1847 = CARTESIAN_POINT('',(140.9,-75.565,1.51));
#1848 = CIRCLE('',#1849,0.365);
#1849 = AXIS2_PLACEMENT_3D('',#1850,#1851,#1852);
#1850 = CARTESIAN_POINT('',(140.9,-75.2,1.51));
#1851 = DIRECTION('',(-0.,0.,-1.));
#1852 = DIRECTION('',(7.78676970696E-14,-1.,-0.));
#1853 = FACE_BOUND('',#1854,.T.);
#1854 = EDGE_LOOP('',(#1855));
#1855 = ORIENTED_EDGE('',*,*,#1856,.T.);
#1856 = EDGE_CURVE('',#1857,#1857,#1859,.T.);
#1857 = VERTEX_POINT('',#1858);
#1858 = CARTESIAN_POINT('',(142.4,-75.565,1.51));
#1859 = CIRCLE('',#1860,0.365);
#1860 = AXIS2_PLACEMENT_3D('',#1861,#1862,#1863);
#1861 = CARTESIAN_POINT('',(142.4,-75.2,1.51));
#1862 = DIRECTION('',(-0.,0.,-1.));
#1863 = DIRECTION('',(7.78676970696E-14,-1.,-0.));
#1864 = FACE_BOUND('',#1865,.T.);
#1865 = EDGE_LOOP('',(#1866));
#1866 = ORIENTED_EDGE('',*,*,#1867,.T.);
#1867 = EDGE_CURVE('',#1868,#1868,#1870,.T.);
#1868 = VERTEX_POINT('',#1869);
#1869 = CARTESIAN_POINT('',(143.9,-75.565,1.51));
#1870 = CIRCLE('',#1871,0.365);
#1871 = AXIS2_PLACEMENT_3D('',#1872,#1873,#1874);
#1872 = CARTESIAN_POINT('',(143.9,-75.2,1.51));
#1873 = DIRECTION('',(-0.,0.,-1.));
#1874 = DIRECTION('',(7.78676970696E-14,-1.,-0.));
#1875 = FACE_BOUND('',#1876,.T.);
#1876 = EDGE_LOOP('',(#1877,#1887,#1895,#1903));
#1877 = ORIENTED_EDGE('',*,*,#1878,.F.);
#1878 = EDGE_CURVE('',#1879,#1881,#1883,.T.);
#1879 = VERTEX_POINT('',#1880);
#1880 = CARTESIAN_POINT('',(94.35,-70.125,1.51));
#1881 = VERTEX_POINT('',#1882);
#1882 = CARTESIAN_POINT('',(108.45,-70.125,1.51));
#1883 = LINE('',#1884,#1885);
#1884 = CARTESIAN_POINT('',(94.35,-70.125,1.51));
#1885 = VECTOR('',#1886,1.);
#1886 = DIRECTION('',(1.,0.,0.));
#1887 = ORIENTED_EDGE('',*,*,#1888,.F.);
#1888 = EDGE_CURVE('',#1889,#1879,#1891,.T.);
#1889 = VERTEX_POINT('',#1890);
#1890 = CARTESIAN_POINT('',(94.35,-56.025,1.51));
#1891 = LINE('',#1892,#1893);
#1892 = CARTESIAN_POINT('',(94.35,-56.025,1.51));
#1893 = VECTOR('',#1894,1.);
#1894 = DIRECTION('',(0.,-1.,0.));
#1895 = ORIENTED_EDGE('',*,*,#1896,.F.);
#1896 = EDGE_CURVE('',#1897,#1889,#1899,.T.);
#1897 = VERTEX_POINT('',#1898);
#1898 = CARTESIAN_POINT('',(108.45,-56.025,1.51));
#1899 = LINE('',#1900,#1901);
#1900 = CARTESIAN_POINT('',(108.45,-56.025,1.51));
#1901 = VECTOR('',#1902,1.);
#1902 = DIRECTION('',(-1.,0.,0.));
#1903 = ORIENTED_EDGE('',*,*,#1904,.F.);
#1904 = EDGE_CURVE('',#1881,#1897,#1905,.T.);
#1905 = LINE('',#1906,#1907);
#1906 = CARTESIAN_POINT('',(108.45,-70.125,1.51));
#1907 = VECTOR('',#1908,1.);
#1908 = DIRECTION('',(0.,1.,0.));
#1909 = FACE_BOUND('',#1910,.T.);
#1910 = EDGE_LOOP('',(#1911,#1921,#1929,#1937));
#1911 = ORIENTED_EDGE('',*,*,#1912,.F.);
#1912 = EDGE_CURVE('',#1913,#1915,#1917,.T.);
#1913 = VERTEX_POINT('',#1914);
#1914 = CARTESIAN_POINT('',(110.95,-72.2,1.51));
#1915 = VERTEX_POINT('',#1916);
#1916 = CARTESIAN_POINT('',(125.05,-72.2,1.51));
#1917 = LINE('',#1918,#1919);
#1918 = CARTESIAN_POINT('',(110.95,-72.2,1.51));
#1919 = VECTOR('',#1920,1.);
#1920 = DIRECTION('',(1.,0.,0.));
#1921 = ORIENTED_EDGE('',*,*,#1922,.F.);
#1922 = EDGE_CURVE('',#1923,#1913,#1925,.T.);
#1923 = VERTEX_POINT('',#1924);
#1924 = CARTESIAN_POINT('',(110.95,-58.1,1.51));
#1925 = LINE('',#1926,#1927);
#1926 = CARTESIAN_POINT('',(110.95,-58.1,1.51));
#1927 = VECTOR('',#1928,1.);
#1928 = DIRECTION('',(0.,-1.,0.));
#1929 = ORIENTED_EDGE('',*,*,#1930,.F.);
#1930 = EDGE_CURVE('',#1931,#1923,#1933,.T.);
#1931 = VERTEX_POINT('',#1932);
#1932 = CARTESIAN_POINT('',(125.05,-58.1,1.51));
#1933 = LINE('',#1934,#1935);
#1934 = CARTESIAN_POINT('',(125.05,-58.1,1.51));
#1935 = VECTOR('',#1936,1.);
#1936 = DIRECTION('',(-1.,0.,0.));
#1937 = ORIENTED_EDGE('',*,*,#1938,.F.);
#1938 = EDGE_CURVE('',#1915,#1931,#1939,.T.);
#1939 = LINE('',#1940,#1941);
#1940 = CARTESIAN_POINT('',(125.05,-72.2,1.51));
#1941 = VECTOR('',#1942,1.);
#1942 = DIRECTION('',(0.,1.,0.));
#1943 = PLANE('',#1944);
#1944 = AXIS2_PLACEMENT_3D('',#1945,#1946,#1947);
#1945 = CARTESIAN_POINT('',(0.,0.,1.51));
#1946 = DIRECTION('',(0.,0.,1.));
#1947 = DIRECTION('',(1.,0.,-0.));
#1948 = ADVANCED_FACE('',(#1949),#1960,.T.);
#1949 = FACE_BOUND('',#1950,.T.);
#1950 = EDGE_LOOP('',(#1951,#1957,#1958,#1959));
#1951 = ORIENTED_EDGE('',*,*,#1952,.T.);
#1952 = EDGE_CURVE('',#141,#1048,#1953,.T.);
#1953 = LINE('',#1954,#1955);
#1954 = CARTESIAN_POINT('',(25.9,-50.7,0.));
#1955 = VECTOR('',#1956,1.);
#1956 = DIRECTION('',(0.,0.,1.));
#1957 = ORIENTED_EDGE('',*,*,#1047,.T.);
#1958 = ORIENTED_EDGE('',*,*,#76,.F.);
#1959 = ORIENTED_EDGE('',*,*,#140,.F.);
#1960 = PLANE('',#1961);
#1961 = AXIS2_PLACEMENT_3D('',#1962,#1963,#1964);
#1962 = CARTESIAN_POINT('',(25.9,-50.7,0.));
#1963 = DIRECTION('',(0.,1.,0.));
#1964 = DIRECTION('',(1.,0.,0.));
#1965 = ADVANCED_FACE('',(#1966),#1977,.T.);
#1966 = FACE_BOUND('',#1967,.T.);
#1967 = EDGE_LOOP('',(#1968,#1969,#1970,#1976));
#1968 = ORIENTED_EDGE('',*,*,#116,.T.);
#1969 = ORIENTED_EDGE('',*,*,#1063,.T.);
#1970 = ORIENTED_EDGE('',*,*,#1971,.F.);
#1971 = EDGE_CURVE('',#149,#1056,#1972,.T.);
#1972 = LINE('',#1973,#1974);
#1973 = CARTESIAN_POINT('',(25.9,-114.4,0.));
#1974 = VECTOR('',#1975,1.);
#1975 = DIRECTION('',(0.,0.,1.));
#1976 = ORIENTED_EDGE('',*,*,#156,.F.);
#1977 = PLANE('',#1978);
#1978 = AXIS2_PLACEMENT_3D('',#1979,#1980,#1981);
#1979 = CARTESIAN_POINT('',(42.5,-114.4,0.));
#1980 = DIRECTION('',(0.,-1.,0.));
#1981 = DIRECTION('',(-1.,0.,0.));
#1982 = ADVANCED_FACE('',(#1983),#1989,.T.);
#1983 = FACE_BOUND('',#1984,.T.);
#1984 = EDGE_LOOP('',(#1985,#1986,#1987,#1988));
#1985 = ORIENTED_EDGE('',*,*,#1971,.T.);
#1986 = ORIENTED_EDGE('',*,*,#1055,.T.);
#1987 = ORIENTED_EDGE('',*,*,#1952,.F.);
#1988 = ORIENTED_EDGE('',*,*,#148,.F.);
#1989 = PLANE('',#1990);
#1990 = AXIS2_PLACEMENT_3D('',#1991,#1992,#1993);
#1991 = CARTESIAN_POINT('',(25.9,-114.4,0.));
#1992 = DIRECTION('',(-1.,0.,0.));
#1993 = DIRECTION('',(0.,1.,0.));
#1994 = ADVANCED_FACE('',(#1995),#2011,.T.);
#1995 = FACE_BOUND('',#1996,.T.);
#1996 = EDGE_LOOP('',(#1997,#2003,#2004,#2010));
#1997 = ORIENTED_EDGE('',*,*,#1998,.T.);
#1998 = EDGE_CURVE('',#166,#1073,#1999,.T.);
#1999 = LINE('',#2000,#2001);
#2000 = CARTESIAN_POINT('',(27.95,-109.135,0.));
#2001 = VECTOR('',#2002,1.);
#2002 = DIRECTION('',(0.,0.,1.));
#2003 = ORIENTED_EDGE('',*,*,#1072,.T.);
#2004 = ORIENTED_EDGE('',*,*,#2005,.F.);
#2005 = EDGE_CURVE('',#168,#1075,#2006,.T.);
#2006 = LINE('',#2007,#2008);
#2007 = CARTESIAN_POINT('',(42.05,-109.135,0.));
#2008 = VECTOR('',#2009,1.);
#2009 = DIRECTION('',(0.,0.,1.));
#2010 = ORIENTED_EDGE('',*,*,#165,.F.);
#2011 = PLANE('',#2012);
#2012 = AXIS2_PLACEMENT_3D('',#2013,#2014,#2015);
#2013 = CARTESIAN_POINT('',(27.95,-109.135,0.));
#2014 = DIRECTION('',(0.,1.,0.));
#2015 = DIRECTION('',(1.,0.,0.));
#2016 = ADVANCED_FACE('',(#2017),#2028,.T.);
#2017 = FACE_BOUND('',#2018,.T.);
#2018 = EDGE_LOOP('',(#2019,#2025,#2026,#2027));
#2019 = ORIENTED_EDGE('',*,*,#2020,.T.);
#2020 = EDGE_CURVE('',#176,#1083,#2021,.T.);
#2021 = LINE('',#2022,#2023);
#2022 = CARTESIAN_POINT('',(27.95,-95.035,0.));
#2023 = VECTOR('',#2024,1.);
#2024 = DIRECTION('',(0.,0.,1.));
#2025 = ORIENTED_EDGE('',*,*,#1082,.T.);
#2026 = ORIENTED_EDGE('',*,*,#1998,.F.);
#2027 = ORIENTED_EDGE('',*,*,#175,.F.);
#2028 = PLANE('',#2029);
#2029 = AXIS2_PLACEMENT_3D('',#2030,#2031,#2032);
#2030 = CARTESIAN_POINT('',(27.95,-95.035,0.));
#2031 = DIRECTION('',(1.,0.,-0.));
#2032 = DIRECTION('',(0.,-1.,0.));
#2033 = ADVANCED_FACE('',(#2034),#2045,.T.);
#2034 = FACE_BOUND('',#2035,.T.);
#2035 = EDGE_LOOP('',(#2036,#2037,#2038,#2044));
#2036 = ORIENTED_EDGE('',*,*,#2005,.T.);
#2037 = ORIENTED_EDGE('',*,*,#1098,.T.);
#2038 = ORIENTED_EDGE('',*,*,#2039,.F.);
#2039 = EDGE_CURVE('',#184,#1091,#2040,.T.);
#2040 = LINE('',#2041,#2042);
#2041 = CARTESIAN_POINT('',(42.05,-95.035,0.));
#2042 = VECTOR('',#2043,1.);
#2043 = DIRECTION('',(0.,0.,1.));
#2044 = ORIENTED_EDGE('',*,*,#191,.F.);
#2045 = PLANE('',#2046);
#2046 = AXIS2_PLACEMENT_3D('',#2047,#2048,#2049);
#2047 = CARTESIAN_POINT('',(42.05,-109.135,0.));
#2048 = DIRECTION('',(-1.,0.,0.));
#2049 = DIRECTION('',(0.,1.,0.));
#2050 = ADVANCED_FACE('',(#2051),#2057,.T.);
#2051 = FACE_BOUND('',#2052,.T.);
#2052 = EDGE_LOOP('',(#2053,#2054,#2055,#2056));
#2053 = ORIENTED_EDGE('',*,*,#2039,.T.);
#2054 = ORIENTED_EDGE('',*,*,#1090,.T.);
#2055 = ORIENTED_EDGE('',*,*,#2020,.F.);
#2056 = ORIENTED_EDGE('',*,*,#183,.F.);
#2057 = PLANE('',#2058);
#2058 = AXIS2_PLACEMENT_3D('',#2059,#2060,#2061);
#2059 = CARTESIAN_POINT('',(42.05,-95.035,0.));
#2060 = DIRECTION('',(0.,-1.,0.));
#2061 = DIRECTION('',(-1.,0.,0.));
#2062 = ADVANCED_FACE('',(#2063),#2079,.T.);
#2063 = FACE_BOUND('',#2064,.T.);
#2064 = EDGE_LOOP('',(#2065,#2071,#2072,#2078));
#2065 = ORIENTED_EDGE('',*,*,#2066,.T.);
#2066 = EDGE_CURVE('',#200,#1107,#2067,.T.);
#2067 = LINE('',#2068,#2069);
#2068 = CARTESIAN_POINT('',(44.55,-107.475,0.));
#2069 = VECTOR('',#2070,1.);
#2070 = DIRECTION('',(0.,0.,1.));
#2071 = ORIENTED_EDGE('',*,*,#1106,.T.);
#2072 = ORIENTED_EDGE('',*,*,#2073,.F.);
#2073 = EDGE_CURVE('',#202,#1109,#2074,.T.);
#2074 = LINE('',#2075,#2076);
#2075 = CARTESIAN_POINT('',(58.65,-107.475,0.));
#2076 = VECTOR('',#2077,1.);
#2077 = DIRECTION('',(0.,0.,1.));
#2078 = ORIENTED_EDGE('',*,*,#199,.F.);
#2079 = PLANE('',#2080);
#2080 = AXIS2_PLACEMENT_3D('',#2081,#2082,#2083);
#2081 = CARTESIAN_POINT('',(44.55,-107.475,0.));
#2082 = DIRECTION('',(0.,1.,0.));
#2083 = DIRECTION('',(1.,0.,0.));
#2084 = ADVANCED_FACE('',(#2085),#2096,.T.);
#2085 = FACE_BOUND('',#2086,.T.);
#2086 = EDGE_LOOP('',(#2087,#2093,#2094,#2095));
#2087 = ORIENTED_EDGE('',*,*,#2088,.T.);
#2088 = EDGE_CURVE('',#210,#1117,#2089,.T.);
#2089 = LINE('',#2090,#2091);
#2090 = CARTESIAN_POINT('',(44.55,-93.375,0.));
#2091 = VECTOR('',#2092,1.);
#2092 = DIRECTION('',(0.,0.,1.));
#2093 = ORIENTED_EDGE('',*,*,#1116,.T.);
#2094 = ORIENTED_EDGE('',*,*,#2066,.F.);
#2095 = ORIENTED_EDGE('',*,*,#209,.F.);
#2096 = PLANE('',#2097);
#2097 = AXIS2_PLACEMENT_3D('',#2098,#2099,#2100);
#2098 = CARTESIAN_POINT('',(44.55,-93.375,0.));
#2099 = DIRECTION('',(1.,0.,-0.));
#2100 = DIRECTION('',(0.,-1.,0.));
#2101 = ADVANCED_FACE('',(#2102),#2113,.T.);
#2102 = FACE_BOUND('',#2103,.T.);
#2103 = EDGE_LOOP('',(#2104,#2105,#2106,#2112));
#2104 = ORIENTED_EDGE('',*,*,#2073,.T.);
#2105 = ORIENTED_EDGE('',*,*,#1132,.T.);
#2106 = ORIENTED_EDGE('',*,*,#2107,.F.);
#2107 = EDGE_CURVE('',#218,#1125,#2108,.T.);
#2108 = LINE('',#2109,#2110);
#2109 = CARTESIAN_POINT('',(58.65,-93.375,0.));
#2110 = VECTOR('',#2111,1.);
#2111 = DIRECTION('',(0.,0.,1.));
#2112 = ORIENTED_EDGE('',*,*,#225,.F.);
#2113 = PLANE('',#2114);
#2114 = AXIS2_PLACEMENT_3D('',#2115,#2116,#2117);
#2115 = CARTESIAN_POINT('',(58.65,-107.475,0.));
#2116 = DIRECTION('',(-1.,0.,0.));
#2117 = DIRECTION('',(0.,1.,0.));
#2118 = ADVANCED_FACE('',(#2119),#2125,.T.);
#2119 = FACE_BOUND('',#2120,.T.);
#2120 = EDGE_LOOP('',(#2121,#2122,#2123,#2124));
#2121 = ORIENTED_EDGE('',*,*,#2107,.T.);
#2122 = ORIENTED_EDGE('',*,*,#1124,.T.);
#2123 = ORIENTED_EDGE('',*,*,#2088,.F.);
#2124 = ORIENTED_EDGE('',*,*,#217,.F.);
#2125 = PLANE('',#2126);
#2126 = AXIS2_PLACEMENT_3D('',#2127,#2128,#2129);
#2127 = CARTESIAN_POINT('',(58.65,-93.375,0.));
#2128 = DIRECTION('',(0.,-1.,0.));
#2129 = DIRECTION('',(-1.,0.,0.));
#2130 = ADVANCED_FACE('',(#2131),#2147,.T.);
#2131 = FACE_BOUND('',#2132,.T.);
#2132 = EDGE_LOOP('',(#2133,#2139,#2140,#2146));
#2133 = ORIENTED_EDGE('',*,*,#2134,.T.);
#2134 = EDGE_CURVE('',#234,#1141,#2135,.T.);
#2135 = LINE('',#2136,#2137);
#2136 = CARTESIAN_POINT('',(61.15,-103.325,0.));
#2137 = VECTOR('',#2138,1.);
#2138 = DIRECTION('',(0.,0.,1.));
#2139 = ORIENTED_EDGE('',*,*,#1140,.T.);
#2140 = ORIENTED_EDGE('',*,*,#2141,.F.);
#2141 = EDGE_CURVE('',#236,#1143,#2142,.T.);
#2142 = LINE('',#2143,#2144);
#2143 = CARTESIAN_POINT('',(75.25,-103.325,0.));
#2144 = VECTOR('',#2145,1.);
#2145 = DIRECTION('',(0.,0.,1.));
#2146 = ORIENTED_EDGE('',*,*,#233,.F.);
#2147 = PLANE('',#2148);
#2148 = AXIS2_PLACEMENT_3D('',#2149,#2150,#2151);
#2149 = CARTESIAN_POINT('',(61.15,-103.325,0.));
#2150 = DIRECTION('',(0.,1.,0.));
#2151 = DIRECTION('',(1.,0.,0.));
#2152 = ADVANCED_FACE('',(#2153),#2164,.T.);
#2153 = FACE_BOUND('',#2154,.T.);
#2154 = EDGE_LOOP('',(#2155,#2161,#2162,#2163));
#2155 = ORIENTED_EDGE('',*,*,#2156,.T.);
#2156 = EDGE_CURVE('',#244,#1151,#2157,.T.);
#2157 = LINE('',#2158,#2159);
#2158 = CARTESIAN_POINT('',(61.15,-89.225,0.));
#2159 = VECTOR('',#2160,1.);
#2160 = DIRECTION('',(0.,0.,1.));
#2161 = ORIENTED_EDGE('',*,*,#1150,.T.);
#2162 = ORIENTED_EDGE('',*,*,#2134,.F.);
#2163 = ORIENTED_EDGE('',*,*,#243,.F.);
#2164 = PLANE('',#2165);
#2165 = AXIS2_PLACEMENT_3D('',#2166,#2167,#2168);
#2166 = CARTESIAN_POINT('',(61.15,-89.225,0.));
#2167 = DIRECTION('',(1.,0.,-0.));
#2168 = DIRECTION('',(0.,-1.,0.));
#2169 = ADVANCED_FACE('',(#2170),#2181,.T.);
#2170 = FACE_BOUND('',#2171,.T.);
#2171 = EDGE_LOOP('',(#2172,#2173,#2174,#2180));
#2172 = ORIENTED_EDGE('',*,*,#2141,.T.);
#2173 = ORIENTED_EDGE('',*,*,#1166,.T.);
#2174 = ORIENTED_EDGE('',*,*,#2175,.F.);
#2175 = EDGE_CURVE('',#252,#1159,#2176,.T.);
#2176 = LINE('',#2177,#2178);
#2177 = CARTESIAN_POINT('',(75.25,-89.225,0.));
#2178 = VECTOR('',#2179,1.);
#2179 = DIRECTION('',(0.,0.,1.));
#2180 = ORIENTED_EDGE('',*,*,#259,.F.);
#2181 = PLANE('',#2182);
#2182 = AXIS2_PLACEMENT_3D('',#2183,#2184,#2185);
#2183 = CARTESIAN_POINT('',(75.25,-103.325,0.));
#2184 = DIRECTION('',(-1.,0.,0.));
#2185 = DIRECTION('',(0.,1.,0.));
#2186 = ADVANCED_FACE('',(#2187),#2193,.T.);
#2187 = FACE_BOUND('',#2188,.T.);
#2188 = EDGE_LOOP('',(#2189,#2190,#2191,#2192));
#2189 = ORIENTED_EDGE('',*,*,#2175,.T.);
#2190 = ORIENTED_EDGE('',*,*,#1158,.T.);
#2191 = ORIENTED_EDGE('',*,*,#2156,.F.);
#2192 = ORIENTED_EDGE('',*,*,#251,.F.);
#2193 = PLANE('',#2194);
#2194 = AXIS2_PLACEMENT_3D('',#2195,#2196,#2197);
#2195 = CARTESIAN_POINT('',(75.25,-89.225,0.));
#2196 = DIRECTION('',(0.,-1.,0.));
#2197 = DIRECTION('',(-1.,0.,0.));
#2198 = ADVANCED_FACE('',(#2199),#2215,.T.);
#2199 = FACE_BOUND('',#2200,.T.);
#2200 = EDGE_LOOP('',(#2201,#2207,#2208,#2214));
#2201 = ORIENTED_EDGE('',*,*,#2202,.T.);
#2202 = EDGE_CURVE('',#268,#1175,#2203,.T.);
#2203 = LINE('',#2204,#2205);
#2204 = CARTESIAN_POINT('',(77.75,-101.25,0.));
#2205 = VECTOR('',#2206,1.);
#2206 = DIRECTION('',(0.,0.,1.));
#2207 = ORIENTED_EDGE('',*,*,#1174,.T.);
#2208 = ORIENTED_EDGE('',*,*,#2209,.F.);
#2209 = EDGE_CURVE('',#270,#1177,#2210,.T.);
#2210 = LINE('',#2211,#2212);
#2211 = CARTESIAN_POINT('',(91.85,-101.25,0.));
#2212 = VECTOR('',#2213,1.);
#2213 = DIRECTION('',(0.,0.,1.));
#2214 = ORIENTED_EDGE('',*,*,#267,.F.);
#2215 = PLANE('',#2216);
#2216 = AXIS2_PLACEMENT_3D('',#2217,#2218,#2219);
#2217 = CARTESIAN_POINT('',(77.75,-101.25,0.));
#2218 = DIRECTION('',(0.,1.,0.));
#2219 = DIRECTION('',(1.,0.,0.));
#2220 = ADVANCED_FACE('',(#2221),#2232,.T.);
#2221 = FACE_BOUND('',#2222,.T.);
#2222 = EDGE_LOOP('',(#2223,#2229,#2230,#2231));
#2223 = ORIENTED_EDGE('',*,*,#2224,.T.);
#2224 = EDGE_CURVE('',#278,#1185,#2225,.T.);
#2225 = LINE('',#2226,#2227);
#2226 = CARTESIAN_POINT('',(77.75,-87.15,0.));
#2227 = VECTOR('',#2228,1.);
#2228 = DIRECTION('',(0.,0.,1.));
#2229 = ORIENTED_EDGE('',*,*,#1184,.T.);
#2230 = ORIENTED_EDGE('',*,*,#2202,.F.);
#2231 = ORIENTED_EDGE('',*,*,#277,.F.);
#2232 = PLANE('',#2233);
#2233 = AXIS2_PLACEMENT_3D('',#2234,#2235,#2236);
#2234 = CARTESIAN_POINT('',(77.75,-87.15,0.));
#2235 = DIRECTION('',(1.,0.,-0.));
#2236 = DIRECTION('',(0.,-1.,0.));
#2237 = ADVANCED_FACE('',(#2238),#2249,.T.);
#2238 = FACE_BOUND('',#2239,.T.);
#2239 = EDGE_LOOP('',(#2240,#2241,#2242,#2248));
#2240 = ORIENTED_EDGE('',*,*,#2209,.T.);
#2241 = ORIENTED_EDGE('',*,*,#1200,.T.);
#2242 = ORIENTED_EDGE('',*,*,#2243,.F.);
#2243 = EDGE_CURVE('',#286,#1193,#2244,.T.);
#2244 = LINE('',#2245,#2246);
#2245 = CARTESIAN_POINT('',(91.85,-87.15,0.));
#2246 = VECTOR('',#2247,1.);
#2247 = DIRECTION('',(0.,0.,1.));
#2248 = ORIENTED_EDGE('',*,*,#293,.F.);
#2249 = PLANE('',#2250);
#2250 = AXIS2_PLACEMENT_3D('',#2251,#2252,#2253);
#2251 = CARTESIAN_POINT('',(91.85,-101.25,0.));
#2252 = DIRECTION('',(-1.,0.,0.));
#2253 = DIRECTION('',(0.,1.,0.));
#2254 = ADVANCED_FACE('',(#2255),#2261,.T.);
#2255 = FACE_BOUND('',#2256,.T.);
#2256 = EDGE_LOOP('',(#2257,#2258,#2259,#2260));
#2257 = ORIENTED_EDGE('',*,*,#2243,.T.);
#2258 = ORIENTED_EDGE('',*,*,#1192,.T.);
#2259 = ORIENTED_EDGE('',*,*,#2224,.F.);
#2260 = ORIENTED_EDGE('',*,*,#285,.F.);
#2261 = PLANE('',#2262);
#2262 = AXIS2_PLACEMENT_3D('',#2263,#2264,#2265);
#2263 = CARTESIAN_POINT('',(91.85,-87.15,0.));
#2264 = DIRECTION('',(0.,-1.,0.));
#2265 = DIRECTION('',(-1.,0.,0.));
#2266 = ADVANCED_FACE('',(#2267),#2283,.T.);
#2267 = FACE_BOUND('',#2268,.T.);
#2268 = EDGE_LOOP('',(#2269,#2275,#2276,#2282));
#2269 = ORIENTED_EDGE('',*,*,#2270,.T.);
#2270 = EDGE_CURVE('',#302,#1209,#2271,.T.);
#2271 = LINE('',#2272,#2273);
#2272 = CARTESIAN_POINT('',(86.05,-119.925,0.));
#2273 = VECTOR('',#2274,1.);
#2274 = DIRECTION('',(0.,0.,1.));
#2275 = ORIENTED_EDGE('',*,*,#1208,.T.);
#2276 = ORIENTED_EDGE('',*,*,#2277,.F.);
#2277 = EDGE_CURVE('',#304,#1211,#2278,.T.);
#2278 = LINE('',#2279,#2280);
#2279 = CARTESIAN_POINT('',(100.15,-119.925,0.));
#2280 = VECTOR('',#2281,1.);
#2281 = DIRECTION('',(0.,0.,1.));
#2282 = ORIENTED_EDGE('',*,*,#301,.F.);
#2283 = PLANE('',#2284);
#2284 = AXIS2_PLACEMENT_3D('',#2285,#2286,#2287);
#2285 = CARTESIAN_POINT('',(86.05,-119.925,0.));
#2286 = DIRECTION('',(0.,1.,0.));
#2287 = DIRECTION('',(1.,0.,0.));
#2288 = ADVANCED_FACE('',(#2289),#2300,.T.);
#2289 = FACE_BOUND('',#2290,.T.);
#2290 = EDGE_LOOP('',(#2291,#2297,#2298,#2299));
#2291 = ORIENTED_EDGE('',*,*,#2292,.T.);
#2292 = EDGE_CURVE('',#312,#1219,#2293,.T.);
#2293 = LINE('',#2294,#2295);
#2294 = CARTESIAN_POINT('',(86.05,-105.825,0.));
#2295 = VECTOR('',#2296,1.);
#2296 = DIRECTION('',(0.,0.,1.));
#2297 = ORIENTED_EDGE('',*,*,#1218,.T.);
#2298 = ORIENTED_EDGE('',*,*,#2270,.F.);
#2299 = ORIENTED_EDGE('',*,*,#311,.F.);
#2300 = PLANE('',#2301);
#2301 = AXIS2_PLACEMENT_3D('',#2302,#2303,#2304);
#2302 = CARTESIAN_POINT('',(86.05,-105.825,0.));
#2303 = DIRECTION('',(1.,0.,-0.));
#2304 = DIRECTION('',(0.,-1.,0.));
#2305 = ADVANCED_FACE('',(#2306),#2317,.T.);
#2306 = FACE_BOUND('',#2307,.T.);
#2307 = EDGE_LOOP('',(#2308,#2309,#2310,#2316));
#2308 = ORIENTED_EDGE('',*,*,#2277,.T.);
#2309 = ORIENTED_EDGE('',*,*,#1234,.T.);
#2310 = ORIENTED_EDGE('',*,*,#2311,.F.);
#2311 = EDGE_CURVE('',#320,#1227,#2312,.T.);
#2312 = LINE('',#2313,#2314);
#2313 = CARTESIAN_POINT('',(100.15,-105.825,0.));
#2314 = VECTOR('',#2315,1.);
#2315 = DIRECTION('',(0.,0.,1.));
#2316 = ORIENTED_EDGE('',*,*,#327,.F.);
#2317 = PLANE('',#2318);
#2318 = AXIS2_PLACEMENT_3D('',#2319,#2320,#2321);
#2319 = CARTESIAN_POINT('',(100.15,-119.925,0.));
#2320 = DIRECTION('',(-1.,0.,0.));
#2321 = DIRECTION('',(0.,1.,0.));
#2322 = ADVANCED_FACE('',(#2323),#2329,.T.);
#2323 = FACE_BOUND('',#2324,.T.);
#2324 = EDGE_LOOP('',(#2325,#2326,#2327,#2328));
#2325 = ORIENTED_EDGE('',*,*,#2311,.T.);
#2326 = ORIENTED_EDGE('',*,*,#1226,.T.);
#2327 = ORIENTED_EDGE('',*,*,#2292,.F.);
#2328 = ORIENTED_EDGE('',*,*,#319,.F.);
#2329 = PLANE('',#2330);
#2330 = AXIS2_PLACEMENT_3D('',#2331,#2332,#2333);
#2331 = CARTESIAN_POINT('',(100.15,-105.825,0.));
#2332 = DIRECTION('',(0.,-1.,0.));
#2333 = DIRECTION('',(-1.,0.,0.));
#2334 = ADVANCED_FACE('',(#2335),#2351,.T.);
#2335 = FACE_BOUND('',#2336,.T.);
#2336 = EDGE_LOOP('',(#2337,#2343,#2344,#2350));
#2337 = ORIENTED_EDGE('',*,*,#2338,.T.);
#2338 = EDGE_CURVE('',#336,#1243,#2339,.T.);
#2339 = LINE('',#2340,#2341);
#2340 = CARTESIAN_POINT('',(102.65,-122.,0.));
#2341 = VECTOR('',#2342,1.);
#2342 = DIRECTION('',(0.,0.,1.));
#2343 = ORIENTED_EDGE('',*,*,#1242,.T.);
#2344 = ORIENTED_EDGE('',*,*,#2345,.F.);
#2345 = EDGE_CURVE('',#338,#1245,#2346,.T.);
#2346 = LINE('',#2347,#2348);
#2347 = CARTESIAN_POINT('',(116.75,-122.,0.));
#2348 = VECTOR('',#2349,1.);
#2349 = DIRECTION('',(0.,0.,1.));
#2350 = ORIENTED_EDGE('',*,*,#335,.F.);
#2351 = PLANE('',#2352);
#2352 = AXIS2_PLACEMENT_3D('',#2353,#2354,#2355);
#2353 = CARTESIAN_POINT('',(102.65,-122.,0.));
#2354 = DIRECTION('',(0.,1.,0.));
#2355 = DIRECTION('',(1.,0.,0.));
#2356 = ADVANCED_FACE('',(#2357),#2368,.T.);
#2357 = FACE_BOUND('',#2358,.T.);
#2358 = EDGE_LOOP('',(#2359,#2365,#2366,#2367));
#2359 = ORIENTED_EDGE('',*,*,#2360,.T.);
#2360 = EDGE_CURVE('',#346,#1253,#2361,.T.);
#2361 = LINE('',#2362,#2363);
#2362 = CARTESIAN_POINT('',(102.65,-107.9,0.));
#2363 = VECTOR('',#2364,1.);
#2364 = DIRECTION('',(0.,0.,1.));
#2365 = ORIENTED_EDGE('',*,*,#1252,.T.);
#2366 = ORIENTED_EDGE('',*,*,#2338,.F.);
#2367 = ORIENTED_EDGE('',*,*,#345,.F.);
#2368 = PLANE('',#2369);
#2369 = AXIS2_PLACEMENT_3D('',#2370,#2371,#2372);
#2370 = CARTESIAN_POINT('',(102.65,-107.9,0.));
#2371 = DIRECTION('',(1.,0.,-0.));
#2372 = DIRECTION('',(0.,-1.,0.));
#2373 = ADVANCED_FACE('',(#2374),#2385,.T.);
#2374 = FACE_BOUND('',#2375,.T.);
#2375 = EDGE_LOOP('',(#2376,#2377,#2378,#2384));
#2376 = ORIENTED_EDGE('',*,*,#2345,.T.);
#2377 = ORIENTED_EDGE('',*,*,#1268,.T.);
#2378 = ORIENTED_EDGE('',*,*,#2379,.F.);
#2379 = EDGE_CURVE('',#354,#1261,#2380,.T.);
#2380 = LINE('',#2381,#2382);
#2381 = CARTESIAN_POINT('',(116.75,-107.9,0.));
#2382 = VECTOR('',#2383,1.);
#2383 = DIRECTION('',(0.,0.,1.));
#2384 = ORIENTED_EDGE('',*,*,#361,.F.);
#2385 = PLANE('',#2386);
#2386 = AXIS2_PLACEMENT_3D('',#2387,#2388,#2389);
#2387 = CARTESIAN_POINT('',(116.75,-122.,0.));
#2388 = DIRECTION('',(-1.,0.,0.));
#2389 = DIRECTION('',(0.,1.,0.));
#2390 = ADVANCED_FACE('',(#2391),#2397,.T.);
#2391 = FACE_BOUND('',#2392,.T.);
#2392 = EDGE_LOOP('',(#2393,#2394,#2395,#2396));
#2393 = ORIENTED_EDGE('',*,*,#2379,.T.);
#2394 = ORIENTED_EDGE('',*,*,#1260,.T.);
#2395 = ORIENTED_EDGE('',*,*,#2360,.F.);
#2396 = ORIENTED_EDGE('',*,*,#353,.F.);
#2397 = PLANE('',#2398);
#2398 = AXIS2_PLACEMENT_3D('',#2399,#2400,#2401);
#2399 = CARTESIAN_POINT('',(116.75,-107.9,0.));
#2400 = DIRECTION('',(0.,-1.,0.));
#2401 = DIRECTION('',(-1.,0.,0.));
#2402 = ADVANCED_FACE('',(#2403),#2419,.T.);
#2403 = FACE_BOUND('',#2404,.T.);
#2404 = EDGE_LOOP('',(#2405,#2411,#2412,#2418));
#2405 = ORIENTED_EDGE('',*,*,#2406,.T.);
#2406 = EDGE_CURVE('',#370,#1277,#2407,.T.);
#2407 = LINE('',#2408,#2409);
#2408 = CARTESIAN_POINT('',(122.844521,-119.555479,0.));
#2409 = VECTOR('',#2410,1.);
#2410 = DIRECTION('',(0.,0.,1.));
#2411 = ORIENTED_EDGE('',*,*,#1276,.T.);
#2412 = ORIENTED_EDGE('',*,*,#2413,.F.);
#2413 = EDGE_CURVE('',#372,#1279,#2414,.T.);
#2414 = LINE('',#2415,#2416);
#2415 = CARTESIAN_POINT('',(135.055479,-126.605479,0.));
#2416 = VECTOR('',#2417,1.);
#2417 = DIRECTION('',(0.,0.,1.));
#2418 = ORIENTED_EDGE('',*,*,#369,.F.);
#2419 = PLANE('',#2420);
#2420 = AXIS2_PLACEMENT_3D('',#2421,#2422,#2423);
#2421 = CARTESIAN_POINT('',(122.844521,-119.555479,0.));
#2422 = DIRECTION('',(0.500000005938,0.866025400356,-0.));
#2423 = DIRECTION('',(0.866025400356,-0.500000005938,0.));
#2424 = ADVANCED_FACE('',(#2425),#2436,.T.);
#2425 = FACE_BOUND('',#2426,.T.);
#2426 = EDGE_LOOP('',(#2427,#2433,#2434,#2435));
#2427 = ORIENTED_EDGE('',*,*,#2428,.T.);
#2428 = EDGE_CURVE('',#380,#1287,#2429,.T.);
#2429 = LINE('',#2430,#2431);
#2430 = CARTESIAN_POINT('',(129.894521,-107.344521,0.));
#2431 = VECTOR('',#2432,1.);
#2432 = DIRECTION('',(0.,0.,1.));
#2433 = ORIENTED_EDGE('',*,*,#1286,.T.);
#2434 = ORIENTED_EDGE('',*,*,#2406,.F.);
#2435 = ORIENTED_EDGE('',*,*,#379,.F.);
#2436 = PLANE('',#2437);
#2437 = AXIS2_PLACEMENT_3D('',#2438,#2439,#2440);
#2438 = CARTESIAN_POINT('',(129.894521,-107.344521,0.));
#2439 = DIRECTION('',(0.866025400356,-0.500000005938,0.));
#2440 = DIRECTION('',(-0.500000005938,-0.866025400356,0.));
#2441 = ADVANCED_FACE('',(#2442),#2453,.T.);
#2442 = FACE_BOUND('',#2443,.T.);
#2443 = EDGE_LOOP('',(#2444,#2445,#2446,#2452));
#2444 = ORIENTED_EDGE('',*,*,#2413,.T.);
#2445 = ORIENTED_EDGE('',*,*,#1302,.T.);
#2446 = ORIENTED_EDGE('',*,*,#2447,.F.);
#2447 = EDGE_CURVE('',#388,#1295,#2448,.T.);
#2448 = LINE('',#2449,#2450);
#2449 = CARTESIAN_POINT('',(142.105479,-114.394521,0.));
#2450 = VECTOR('',#2451,1.);
#2451 = DIRECTION('',(0.,0.,1.));
#2452 = ORIENTED_EDGE('',*,*,#395,.F.);
#2453 = PLANE('',#2454);
#2454 = AXIS2_PLACEMENT_3D('',#2455,#2456,#2457);
#2455 = CARTESIAN_POINT('',(135.055479,-126.605479,0.));
#2456 = DIRECTION('',(-0.866025400356,0.500000005938,0.));
#2457 = DIRECTION('',(0.500000005938,0.866025400356,0.));
#2458 = ADVANCED_FACE('',(#2459),#2465,.T.);
#2459 = FACE_BOUND('',#2460,.T.);
#2460 = EDGE_LOOP('',(#2461,#2462,#2463,#2464));
#2461 = ORIENTED_EDGE('',*,*,#2447,.T.);
#2462 = ORIENTED_EDGE('',*,*,#1294,.T.);
#2463 = ORIENTED_EDGE('',*,*,#2428,.F.);
#2464 = ORIENTED_EDGE('',*,*,#387,.F.);
#2465 = PLANE('',#2466);
#2466 = AXIS2_PLACEMENT_3D('',#2467,#2468,#2469);
#2467 = CARTESIAN_POINT('',(142.105479,-114.394521,0.));
#2468 = DIRECTION('',(-0.500000005938,-0.866025400356,0.));
#2469 = DIRECTION('',(-0.866025400356,0.500000005938,0.));
#2470 = ADVANCED_FACE('',(#2471),#2487,.T.);
#2471 = FACE_BOUND('',#2472,.T.);
#2472 = EDGE_LOOP('',(#2473,#2479,#2480,#2486));
#2473 = ORIENTED_EDGE('',*,*,#2474,.T.);
#2474 = EDGE_CURVE('',#404,#1311,#2475,.T.);
#2475 = LINE('',#2476,#2477);
#2476 = CARTESIAN_POINT('',(94.35,-103.325,0.));
#2477 = VECTOR('',#2478,1.);
#2478 = DIRECTION('',(0.,0.,1.));
#2479 = ORIENTED_EDGE('',*,*,#1310,.T.);
#2480 = ORIENTED_EDGE('',*,*,#2481,.F.);
#2481 = EDGE_CURVE('',#406,#1313,#2482,.T.);
#2482 = LINE('',#2483,#2484);
#2483 = CARTESIAN_POINT('',(108.45,-103.325,0.));
#2484 = VECTOR('',#2485,1.);
#2485 = DIRECTION('',(0.,0.,1.));
#2486 = ORIENTED_EDGE('',*,*,#403,.F.);
#2487 = PLANE('',#2488);
#2488 = AXIS2_PLACEMENT_3D('',#2489,#2490,#2491);
#2489 = CARTESIAN_POINT('',(94.35,-103.325,0.));
#2490 = DIRECTION('',(0.,1.,0.));
#2491 = DIRECTION('',(1.,0.,0.));
#2492 = ADVANCED_FACE('',(#2493),#2504,.T.);
#2493 = FACE_BOUND('',#2494,.T.);
#2494 = EDGE_LOOP('',(#2495,#2501,#2502,#2503));
#2495 = ORIENTED_EDGE('',*,*,#2496,.T.);
#2496 = EDGE_CURVE('',#414,#1321,#2497,.T.);
#2497 = LINE('',#2498,#2499);
#2498 = CARTESIAN_POINT('',(94.35,-89.225,0.));
#2499 = VECTOR('',#2500,1.);
#2500 = DIRECTION('',(0.,0.,1.));
#2501 = ORIENTED_EDGE('',*,*,#1320,.T.);
#2502 = ORIENTED_EDGE('',*,*,#2474,.F.);
#2503 = ORIENTED_EDGE('',*,*,#413,.F.);
#2504 = PLANE('',#2505);
#2505 = AXIS2_PLACEMENT_3D('',#2506,#2507,#2508);
#2506 = CARTESIAN_POINT('',(94.35,-89.225,0.));
#2507 = DIRECTION('',(1.,0.,-0.));
#2508 = DIRECTION('',(0.,-1.,0.));
#2509 = ADVANCED_FACE('',(#2510),#2521,.T.);
#2510 = FACE_BOUND('',#2511,.T.);
#2511 = EDGE_LOOP('',(#2512,#2513,#2514,#2520));
#2512 = ORIENTED_EDGE('',*,*,#2481,.T.);
#2513 = ORIENTED_EDGE('',*,*,#1336,.T.);
#2514 = ORIENTED_EDGE('',*,*,#2515,.F.);
#2515 = EDGE_CURVE('',#422,#1329,#2516,.T.);
#2516 = LINE('',#2517,#2518);
#2517 = CARTESIAN_POINT('',(108.45,-89.225,0.));
#2518 = VECTOR('',#2519,1.);
#2519 = DIRECTION('',(0.,0.,1.));
#2520 = ORIENTED_EDGE('',*,*,#429,.F.);
#2521 = PLANE('',#2522);
#2522 = AXIS2_PLACEMENT_3D('',#2523,#2524,#2525);
#2523 = CARTESIAN_POINT('',(108.45,-103.325,0.));
#2524 = DIRECTION('',(-1.,0.,0.));
#2525 = DIRECTION('',(0.,1.,0.));
#2526 = ADVANCED_FACE('',(#2527),#2533,.T.);
#2527 = FACE_BOUND('',#2528,.T.);
#2528 = EDGE_LOOP('',(#2529,#2530,#2531,#2532));
#2529 = ORIENTED_EDGE('',*,*,#2515,.T.);
#2530 = ORIENTED_EDGE('',*,*,#1328,.T.);
#2531 = ORIENTED_EDGE('',*,*,#2496,.F.);
#2532 = ORIENTED_EDGE('',*,*,#421,.F.);
#2533 = PLANE('',#2534);
#2534 = AXIS2_PLACEMENT_3D('',#2535,#2536,#2537);
#2535 = CARTESIAN_POINT('',(108.45,-89.225,0.));
#2536 = DIRECTION('',(0.,-1.,0.));
#2537 = DIRECTION('',(-1.,0.,0.));
#2538 = ADVANCED_FACE('',(#2539),#2555,.T.);
#2539 = FACE_BOUND('',#2540,.T.);
#2540 = EDGE_LOOP('',(#2541,#2547,#2548,#2554));
#2541 = ORIENTED_EDGE('',*,*,#2542,.T.);
#2542 = EDGE_CURVE('',#438,#1345,#2543,.T.);
#2543 = LINE('',#2544,#2545);
#2544 = CARTESIAN_POINT('',(110.95,-105.4,0.));
#2545 = VECTOR('',#2546,1.);
#2546 = DIRECTION('',(0.,0.,1.));
#2547 = ORIENTED_EDGE('',*,*,#1344,.T.);
#2548 = ORIENTED_EDGE('',*,*,#2549,.F.);
#2549 = EDGE_CURVE('',#440,#1347,#2550,.T.);
#2550 = LINE('',#2551,#2552);
#2551 = CARTESIAN_POINT('',(125.05,-105.4,0.));
#2552 = VECTOR('',#2553,1.);
#2553 = DIRECTION('',(0.,0.,1.));
#2554 = ORIENTED_EDGE('',*,*,#437,.F.);
#2555 = PLANE('',#2556);
#2556 = AXIS2_PLACEMENT_3D('',#2557,#2558,#2559);
#2557 = CARTESIAN_POINT('',(110.95,-105.4,0.));
#2558 = DIRECTION('',(0.,1.,0.));
#2559 = DIRECTION('',(1.,0.,0.));
#2560 = ADVANCED_FACE('',(#2561),#2572,.T.);
#2561 = FACE_BOUND('',#2562,.T.);
#2562 = EDGE_LOOP('',(#2563,#2569,#2570,#2571));
#2563 = ORIENTED_EDGE('',*,*,#2564,.T.);
#2564 = EDGE_CURVE('',#448,#1355,#2565,.T.);
#2565 = LINE('',#2566,#2567);
#2566 = CARTESIAN_POINT('',(110.95,-91.3,0.));
#2567 = VECTOR('',#2568,1.);
#2568 = DIRECTION('',(0.,0.,1.));
#2569 = ORIENTED_EDGE('',*,*,#1354,.T.);
#2570 = ORIENTED_EDGE('',*,*,#2542,.F.);
#2571 = ORIENTED_EDGE('',*,*,#447,.F.);
#2572 = PLANE('',#2573);
#2573 = AXIS2_PLACEMENT_3D('',#2574,#2575,#2576);
#2574 = CARTESIAN_POINT('',(110.95,-91.3,0.));
#2575 = DIRECTION('',(1.,0.,-0.));
#2576 = DIRECTION('',(0.,-1.,0.));
#2577 = ADVANCED_FACE('',(#2578),#2589,.T.);
#2578 = FACE_BOUND('',#2579,.T.);
#2579 = EDGE_LOOP('',(#2580,#2581,#2582,#2588));
#2580 = ORIENTED_EDGE('',*,*,#2549,.T.);
#2581 = ORIENTED_EDGE('',*,*,#1370,.T.);
#2582 = ORIENTED_EDGE('',*,*,#2583,.F.);
#2583 = EDGE_CURVE('',#456,#1363,#2584,.T.);
#2584 = LINE('',#2585,#2586);
#2585 = CARTESIAN_POINT('',(125.05,-91.3,0.));
#2586 = VECTOR('',#2587,1.);
#2587 = DIRECTION('',(0.,0.,1.));
#2588 = ORIENTED_EDGE('',*,*,#463,.F.);
#2589 = PLANE('',#2590);
#2590 = AXIS2_PLACEMENT_3D('',#2591,#2592,#2593);
#2591 = CARTESIAN_POINT('',(125.05,-105.4,0.));
#2592 = DIRECTION('',(-1.,0.,0.));
#2593 = DIRECTION('',(0.,1.,0.));
#2594 = ADVANCED_FACE('',(#2595),#2601,.T.);
#2595 = FACE_BOUND('',#2596,.T.);
#2596 = EDGE_LOOP('',(#2597,#2598,#2599,#2600));
#2597 = ORIENTED_EDGE('',*,*,#2583,.T.);
#2598 = ORIENTED_EDGE('',*,*,#1362,.T.);
#2599 = ORIENTED_EDGE('',*,*,#2564,.F.);
#2600 = ORIENTED_EDGE('',*,*,#455,.F.);
#2601 = PLANE('',#2602);
#2602 = AXIS2_PLACEMENT_3D('',#2603,#2604,#2605);
#2603 = CARTESIAN_POINT('',(125.05,-91.3,0.));
#2604 = DIRECTION('',(0.,-1.,0.));
#2605 = DIRECTION('',(-1.,0.,0.));
#2606 = ADVANCED_FACE('',(#2607),#2618,.F.);
#2607 = FACE_BOUND('',#2608,.T.);
#2608 = EDGE_LOOP('',(#2609,#2610,#2616,#2617));
#2609 = ORIENTED_EDGE('',*,*,#471,.T.);
#2610 = ORIENTED_EDGE('',*,*,#2611,.T.);
#2611 = EDGE_CURVE('',#472,#1379,#2612,.T.);
#2612 = LINE('',#2613,#2614);
#2613 = CARTESIAN_POINT('',(137.8,-99.4,-4.6E-02));
#2614 = VECTOR('',#2615,1.);
#2615 = DIRECTION('',(0.,0.,1.));
#2616 = ORIENTED_EDGE('',*,*,#1378,.F.);
#2617 = ORIENTED_EDGE('',*,*,#2611,.F.);
#2618 = CYLINDRICAL_SURFACE('',#2619,0.5);
#2619 = AXIS2_PLACEMENT_3D('',#2620,#2621,#2622);
#2620 = CARTESIAN_POINT('',(137.8,-98.9,-4.6E-02));
#2621 = DIRECTION('',(-0.,-0.,-1.));
#2622 = DIRECTION('',(-0.,-1.,0.));
#2623 = ADVANCED_FACE('',(#2624),#2635,.F.);
#2624 = FACE_BOUND('',#2625,.T.);
#2625 = EDGE_LOOP('',(#2626,#2627,#2633,#2634));
#2626 = ORIENTED_EDGE('',*,*,#482,.T.);
#2627 = ORIENTED_EDGE('',*,*,#2628,.T.);
#2628 = EDGE_CURVE('',#483,#1390,#2629,.T.);
#2629 = LINE('',#2630,#2631);
#2630 = CARTESIAN_POINT('',(142.8,-99.4,-4.6E-02));
#2631 = VECTOR('',#2632,1.);
#2632 = DIRECTION('',(0.,0.,1.));
#2633 = ORIENTED_EDGE('',*,*,#1389,.F.);
#2634 = ORIENTED_EDGE('',*,*,#2628,.F.);
#2635 = CYLINDRICAL_SURFACE('',#2636,0.5);
#2636 = AXIS2_PLACEMENT_3D('',#2637,#2638,#2639);
#2637 = CARTESIAN_POINT('',(142.8,-98.9,-4.6E-02));
#2638 = DIRECTION('',(-0.,-0.,-1.));
#2639 = DIRECTION('',(-0.,-1.,0.));
#2640 = ADVANCED_FACE('',(#2641),#2657,.F.);
#2641 = FACE_BOUND('',#2642,.T.);
#2642 = EDGE_LOOP('',(#2643,#2644,#2650,#2651));
#2643 = ORIENTED_EDGE('',*,*,#493,.T.);
#2644 = ORIENTED_EDGE('',*,*,#2645,.T.);
#2645 = EDGE_CURVE('',#496,#1403,#2646,.T.);
#2646 = LINE('',#2647,#2648);
#2647 = CARTESIAN_POINT('',(133.7,-92.3,-4.6E-02));
#2648 = VECTOR('',#2649,1.);
#2649 = DIRECTION('',(0.,0.,1.));
#2650 = ORIENTED_EDGE('',*,*,#1400,.F.);
#2651 = ORIENTED_EDGE('',*,*,#2652,.F.);
#2652 = EDGE_CURVE('',#494,#1401,#2653,.T.);
#2653 = LINE('',#2654,#2655);
#2654 = CARTESIAN_POINT('',(135.7,-92.3,-4.6E-02));
#2655 = VECTOR('',#2656,1.);
#2656 = DIRECTION('',(0.,0.,1.));
#2657 = CYLINDRICAL_SURFACE('',#2658,1.);
#2658 = AXIS2_PLACEMENT_3D('',#2659,#2660,#2661);
#2659 = CARTESIAN_POINT('',(134.7,-92.3,-4.6E-02));
#2660 = DIRECTION('',(-0.,-0.,-1.));
#2661 = DIRECTION('',(-1.,0.,-0.));
#2662 = ADVANCED_FACE('',(#2663),#2674,.T.);
#2663 = FACE_BOUND('',#2664,.T.);
#2664 = EDGE_LOOP('',(#2665,#2666,#2667,#2668));
#2665 = ORIENTED_EDGE('',*,*,#521,.T.);
#2666 = ORIENTED_EDGE('',*,*,#2652,.T.);
#2667 = ORIENTED_EDGE('',*,*,#1428,.F.);
#2668 = ORIENTED_EDGE('',*,*,#2669,.F.);
#2669 = EDGE_CURVE('',#513,#1420,#2670,.T.);
#2670 = LINE('',#2671,#2672);
#2671 = CARTESIAN_POINT('',(135.7,-91.5,-4.6E-02));
#2672 = VECTOR('',#2673,1.);
#2673 = DIRECTION('',(0.,0.,1.));
#2674 = PLANE('',#2675);
#2675 = AXIS2_PLACEMENT_3D('',#2676,#2677,#2678);
#2676 = CARTESIAN_POINT('',(135.7,-92.3,-4.6E-02));
#2677 = DIRECTION('',(-1.,0.,0.));
#2678 = DIRECTION('',(0.,1.,0.));
#2679 = ADVANCED_FACE('',(#2680),#2691,.F.);
#2680 = FACE_BOUND('',#2681,.T.);
#2681 = EDGE_LOOP('',(#2682,#2683,#2684,#2685));
#2682 = ORIENTED_EDGE('',*,*,#512,.T.);
#2683 = ORIENTED_EDGE('',*,*,#2669,.T.);
#2684 = ORIENTED_EDGE('',*,*,#1419,.F.);
#2685 = ORIENTED_EDGE('',*,*,#2686,.F.);
#2686 = EDGE_CURVE('',#505,#1412,#2687,.T.);
#2687 = LINE('',#2688,#2689);
#2688 = CARTESIAN_POINT('',(133.7,-91.5,-4.6E-02));
#2689 = VECTOR('',#2690,1.);
#2690 = DIRECTION('',(0.,0.,1.));
#2691 = CYLINDRICAL_SURFACE('',#2692,1.);
#2692 = AXIS2_PLACEMENT_3D('',#2693,#2694,#2695);
#2693 = CARTESIAN_POINT('',(134.7,-91.5,-4.6E-02));
#2694 = DIRECTION('',(-0.,-0.,-1.));
#2695 = DIRECTION('',(1.,0.,-0.));
#2696 = ADVANCED_FACE('',(#2697),#2703,.T.);
#2697 = FACE_BOUND('',#2698,.T.);
#2698 = EDGE_LOOP('',(#2699,#2700,#2701,#2702));
#2699 = ORIENTED_EDGE('',*,*,#504,.T.);
#2700 = ORIENTED_EDGE('',*,*,#2686,.T.);
#2701 = ORIENTED_EDGE('',*,*,#1411,.F.);
#2702 = ORIENTED_EDGE('',*,*,#2645,.F.);
#2703 = PLANE('',#2704);
#2704 = AXIS2_PLACEMENT_3D('',#2705,#2706,#2707);
#2705 = CARTESIAN_POINT('',(133.7,-91.5,-4.6E-02));
#2706 = DIRECTION('',(1.,0.,-0.));
#2707 = DIRECTION('',(0.,-1.,0.));
#2708 = ADVANCED_FACE('',(#2709),#2725,.F.);
#2709 = FACE_BOUND('',#2710,.T.);
#2710 = EDGE_LOOP('',(#2711,#2712,#2718,#2719));
#2711 = ORIENTED_EDGE('',*,*,#529,.T.);
#2712 = ORIENTED_EDGE('',*,*,#2713,.T.);
#2713 = EDGE_CURVE('',#532,#1439,#2714,.T.);
#2714 = LINE('',#2715,#2716);
#2715 = CARTESIAN_POINT('',(144.9,-92.3,-4.6E-02));
#2716 = VECTOR('',#2717,1.);
#2717 = DIRECTION('',(0.,0.,1.));
#2718 = ORIENTED_EDGE('',*,*,#1436,.F.);
#2719 = ORIENTED_EDGE('',*,*,#2720,.F.);
#2720 = EDGE_CURVE('',#530,#1437,#2721,.T.);
#2721 = LINE('',#2722,#2723);
#2722 = CARTESIAN_POINT('',(146.9,-92.3,-4.6E-02));
#2723 = VECTOR('',#2724,1.);
#2724 = DIRECTION('',(0.,0.,1.));
#2725 = CYLINDRICAL_SURFACE('',#2726,1.);
#2726 = AXIS2_PLACEMENT_3D('',#2727,#2728,#2729);
#2727 = CARTESIAN_POINT('',(145.9,-92.3,-4.6E-02));
#2728 = DIRECTION('',(-0.,-0.,-1.));
#2729 = DIRECTION('',(-1.,0.,-0.));
#2730 = ADVANCED_FACE('',(#2731),#2742,.T.);
#2731 = FACE_BOUND('',#2732,.T.);
#2732 = EDGE_LOOP('',(#2733,#2734,#2735,#2736));
#2733 = ORIENTED_EDGE('',*,*,#557,.T.);
#2734 = ORIENTED_EDGE('',*,*,#2720,.T.);
#2735 = ORIENTED_EDGE('',*,*,#1464,.F.);
#2736 = ORIENTED_EDGE('',*,*,#2737,.F.);
#2737 = EDGE_CURVE('',#549,#1456,#2738,.T.);
#2738 = LINE('',#2739,#2740);
#2739 = CARTESIAN_POINT('',(146.9,-91.5,-4.6E-02));
#2740 = VECTOR('',#2741,1.);
#2741 = DIRECTION('',(0.,0.,1.));
#2742 = PLANE('',#2743);
#2743 = AXIS2_PLACEMENT_3D('',#2744,#2745,#2746);
#2744 = CARTESIAN_POINT('',(146.9,-92.3,-4.6E-02));
#2745 = DIRECTION('',(-1.,0.,0.));
#2746 = DIRECTION('',(0.,1.,0.));
#2747 = ADVANCED_FACE('',(#2748),#2759,.F.);
#2748 = FACE_BOUND('',#2749,.T.);
#2749 = EDGE_LOOP('',(#2750,#2751,#2752,#2753));
#2750 = ORIENTED_EDGE('',*,*,#548,.T.);
#2751 = ORIENTED_EDGE('',*,*,#2737,.T.);
#2752 = ORIENTED_EDGE('',*,*,#1455,.F.);
#2753 = ORIENTED_EDGE('',*,*,#2754,.F.);
#2754 = EDGE_CURVE('',#541,#1448,#2755,.T.);
#2755 = LINE('',#2756,#2757);
#2756 = CARTESIAN_POINT('',(144.9,-91.5,-4.6E-02));
#2757 = VECTOR('',#2758,1.);
#2758 = DIRECTION('',(0.,0.,1.));
#2759 = CYLINDRICAL_SURFACE('',#2760,1.);
#2760 = AXIS2_PLACEMENT_3D('',#2761,#2762,#2763);
#2761 = CARTESIAN_POINT('',(145.9,-91.5,-4.6E-02));
#2762 = DIRECTION('',(-0.,-0.,-1.));
#2763 = DIRECTION('',(1.,0.,-0.));
#2764 = ADVANCED_FACE('',(#2765),#2771,.T.);
#2765 = FACE_BOUND('',#2766,.T.);
#2766 = EDGE_LOOP('',(#2767,#2768,#2769,#2770));
#2767 = ORIENTED_EDGE('',*,*,#540,.T.);
#2768 = ORIENTED_EDGE('',*,*,#2754,.T.);
#2769 = ORIENTED_EDGE('',*,*,#1447,.F.);
#2770 = ORIENTED_EDGE('',*,*,#2713,.F.);
#2771 = PLANE('',#2772);
#2772 = AXIS2_PLACEMENT_3D('',#2773,#2774,#2775);
#2773 = CARTESIAN_POINT('',(144.9,-91.5,-4.6E-02));
#2774 = DIRECTION('',(1.,0.,-0.));
#2775 = DIRECTION('',(0.,-1.,0.));
#2776 = ADVANCED_FACE('',(#2777),#2793,.T.);
#2777 = FACE_BOUND('',#2778,.T.);
#2778 = EDGE_LOOP('',(#2779,#2785,#2786,#2792));
#2779 = ORIENTED_EDGE('',*,*,#2780,.T.);
#2780 = EDGE_CURVE('',#566,#1473,#2781,.T.);
#2781 = LINE('',#2782,#2783);
#2782 = CARTESIAN_POINT('',(27.95,-92.535,0.));
#2783 = VECTOR('',#2784,1.);
#2784 = DIRECTION('',(0.,0.,1.));
#2785 = ORIENTED_EDGE('',*,*,#1472,.T.);
#2786 = ORIENTED_EDGE('',*,*,#2787,.F.);
#2787 = EDGE_CURVE('',#568,#1475,#2788,.T.);
#2788 = LINE('',#2789,#2790);
#2789 = CARTESIAN_POINT('',(42.05,-92.535,0.));
#2790 = VECTOR('',#2791,1.);
#2791 = DIRECTION('',(0.,0.,1.));
#2792 = ORIENTED_EDGE('',*,*,#565,.F.);
#2793 = PLANE('',#2794);
#2794 = AXIS2_PLACEMENT_3D('',#2795,#2796,#2797);
#2795 = CARTESIAN_POINT('',(27.95,-92.535,0.));
#2796 = DIRECTION('',(0.,1.,0.));
#2797 = DIRECTION('',(1.,0.,0.));
#2798 = ADVANCED_FACE('',(#2799),#2810,.T.);
#2799 = FACE_BOUND('',#2800,.T.);
#2800 = EDGE_LOOP('',(#2801,#2807,#2808,#2809));
#2801 = ORIENTED_EDGE('',*,*,#2802,.T.);
#2802 = EDGE_CURVE('',#576,#1483,#2803,.T.);
#2803 = LINE('',#2804,#2805);
#2804 = CARTESIAN_POINT('',(27.95,-78.435,0.));
#2805 = VECTOR('',#2806,1.);
#2806 = DIRECTION('',(0.,0.,1.));
#2807 = ORIENTED_EDGE('',*,*,#1482,.T.);
#2808 = ORIENTED_EDGE('',*,*,#2780,.F.);
#2809 = ORIENTED_EDGE('',*,*,#575,.F.);
#2810 = PLANE('',#2811);
#2811 = AXIS2_PLACEMENT_3D('',#2812,#2813,#2814);
#2812 = CARTESIAN_POINT('',(27.95,-78.435,0.));
#2813 = DIRECTION('',(1.,0.,-0.));
#2814 = DIRECTION('',(0.,-1.,0.));
#2815 = ADVANCED_FACE('',(#2816),#2827,.T.);
#2816 = FACE_BOUND('',#2817,.T.);
#2817 = EDGE_LOOP('',(#2818,#2819,#2820,#2826));
#2818 = ORIENTED_EDGE('',*,*,#2787,.T.);
#2819 = ORIENTED_EDGE('',*,*,#1498,.T.);
#2820 = ORIENTED_EDGE('',*,*,#2821,.F.);
#2821 = EDGE_CURVE('',#584,#1491,#2822,.T.);
#2822 = LINE('',#2823,#2824);
#2823 = CARTESIAN_POINT('',(42.05,-78.435,0.));
#2824 = VECTOR('',#2825,1.);
#2825 = DIRECTION('',(0.,0.,1.));
#2826 = ORIENTED_EDGE('',*,*,#591,.F.);
#2827 = PLANE('',#2828);
#2828 = AXIS2_PLACEMENT_3D('',#2829,#2830,#2831);
#2829 = CARTESIAN_POINT('',(42.05,-92.535,0.));
#2830 = DIRECTION('',(-1.,0.,0.));
#2831 = DIRECTION('',(0.,1.,0.));
#2832 = ADVANCED_FACE('',(#2833),#2839,.T.);
#2833 = FACE_BOUND('',#2834,.T.);
#2834 = EDGE_LOOP('',(#2835,#2836,#2837,#2838));
#2835 = ORIENTED_EDGE('',*,*,#2821,.T.);
#2836 = ORIENTED_EDGE('',*,*,#1490,.T.);
#2837 = ORIENTED_EDGE('',*,*,#2802,.F.);
#2838 = ORIENTED_EDGE('',*,*,#583,.F.);
#2839 = PLANE('',#2840);
#2840 = AXIS2_PLACEMENT_3D('',#2841,#2842,#2843);
#2841 = CARTESIAN_POINT('',(42.05,-78.435,0.));
#2842 = DIRECTION('',(0.,-1.,0.));
#2843 = DIRECTION('',(-1.,0.,0.));
#2844 = ADVANCED_FACE('',(#2845),#2861,.T.);
#2845 = FACE_BOUND('',#2846,.T.);
#2846 = EDGE_LOOP('',(#2847,#2853,#2854,#2860));
#2847 = ORIENTED_EDGE('',*,*,#2848,.T.);
#2848 = EDGE_CURVE('',#600,#1507,#2849,.T.);
#2849 = LINE('',#2850,#2851);
#2850 = CARTESIAN_POINT('',(44.55,-90.875,0.));
#2851 = VECTOR('',#2852,1.);
#2852 = DIRECTION('',(0.,0.,1.));
#2853 = ORIENTED_EDGE('',*,*,#1506,.T.);
#2854 = ORIENTED_EDGE('',*,*,#2855,.F.);
#2855 = EDGE_CURVE('',#602,#1509,#2856,.T.);
#2856 = LINE('',#2857,#2858);
#2857 = CARTESIAN_POINT('',(58.65,-90.875,0.));
#2858 = VECTOR('',#2859,1.);
#2859 = DIRECTION('',(0.,0.,1.));
#2860 = ORIENTED_EDGE('',*,*,#599,.F.);
#2861 = PLANE('',#2862);
#2862 = AXIS2_PLACEMENT_3D('',#2863,#2864,#2865);
#2863 = CARTESIAN_POINT('',(44.55,-90.875,0.));
#2864 = DIRECTION('',(0.,1.,0.));
#2865 = DIRECTION('',(1.,0.,0.));
#2866 = ADVANCED_FACE('',(#2867),#2878,.T.);
#2867 = FACE_BOUND('',#2868,.T.);
#2868 = EDGE_LOOP('',(#2869,#2875,#2876,#2877));
#2869 = ORIENTED_EDGE('',*,*,#2870,.T.);
#2870 = EDGE_CURVE('',#610,#1517,#2871,.T.);
#2871 = LINE('',#2872,#2873);
#2872 = CARTESIAN_POINT('',(44.55,-76.775,0.));
#2873 = VECTOR('',#2874,1.);
#2874 = DIRECTION('',(0.,0.,1.));
#2875 = ORIENTED_EDGE('',*,*,#1516,.T.);
#2876 = ORIENTED_EDGE('',*,*,#2848,.F.);
#2877 = ORIENTED_EDGE('',*,*,#609,.F.);
#2878 = PLANE('',#2879);
#2879 = AXIS2_PLACEMENT_3D('',#2880,#2881,#2882);
#2880 = CARTESIAN_POINT('',(44.55,-76.775,0.));
#2881 = DIRECTION('',(1.,0.,-0.));
#2882 = DIRECTION('',(0.,-1.,0.));
#2883 = ADVANCED_FACE('',(#2884),#2895,.T.);
#2884 = FACE_BOUND('',#2885,.T.);
#2885 = EDGE_LOOP('',(#2886,#2887,#2888,#2894));
#2886 = ORIENTED_EDGE('',*,*,#2855,.T.);
#2887 = ORIENTED_EDGE('',*,*,#1532,.T.);
#2888 = ORIENTED_EDGE('',*,*,#2889,.F.);
#2889 = EDGE_CURVE('',#618,#1525,#2890,.T.);
#2890 = LINE('',#2891,#2892);
#2891 = CARTESIAN_POINT('',(58.65,-76.775,0.));
#2892 = VECTOR('',#2893,1.);
#2893 = DIRECTION('',(0.,0.,1.));
#2894 = ORIENTED_EDGE('',*,*,#625,.F.);
#2895 = PLANE('',#2896);
#2896 = AXIS2_PLACEMENT_3D('',#2897,#2898,#2899);
#2897 = CARTESIAN_POINT('',(58.65,-90.875,0.));
#2898 = DIRECTION('',(-1.,0.,0.));
#2899 = DIRECTION('',(0.,1.,0.));
#2900 = ADVANCED_FACE('',(#2901),#2907,.T.);
#2901 = FACE_BOUND('',#2902,.T.);
#2902 = EDGE_LOOP('',(#2903,#2904,#2905,#2906));
#2903 = ORIENTED_EDGE('',*,*,#2889,.T.);
#2904 = ORIENTED_EDGE('',*,*,#1524,.T.);
#2905 = ORIENTED_EDGE('',*,*,#2870,.F.);
#2906 = ORIENTED_EDGE('',*,*,#617,.F.);
#2907 = PLANE('',#2908);
#2908 = AXIS2_PLACEMENT_3D('',#2909,#2910,#2911);
#2909 = CARTESIAN_POINT('',(58.65,-76.775,0.));
#2910 = DIRECTION('',(0.,-1.,0.));
#2911 = DIRECTION('',(-1.,0.,0.));
#2912 = ADVANCED_FACE('',(#2913),#2929,.T.);
#2913 = FACE_BOUND('',#2914,.T.);
#2914 = EDGE_LOOP('',(#2915,#2921,#2922,#2928));
#2915 = ORIENTED_EDGE('',*,*,#2916,.T.);
#2916 = EDGE_CURVE('',#634,#1541,#2917,.T.);
#2917 = LINE('',#2918,#2919);
#2918 = CARTESIAN_POINT('',(61.15,-86.725,0.));
#2919 = VECTOR('',#2920,1.);
#2920 = DIRECTION('',(0.,0.,1.));
#2921 = ORIENTED_EDGE('',*,*,#1540,.T.);
#2922 = ORIENTED_EDGE('',*,*,#2923,.F.);
#2923 = EDGE_CURVE('',#636,#1543,#2924,.T.);
#2924 = LINE('',#2925,#2926);
#2925 = CARTESIAN_POINT('',(75.25,-86.725,0.));
#2926 = VECTOR('',#2927,1.);
#2927 = DIRECTION('',(0.,0.,1.));
#2928 = ORIENTED_EDGE('',*,*,#633,.F.);
#2929 = PLANE('',#2930);
#2930 = AXIS2_PLACEMENT_3D('',#2931,#2932,#2933);
#2931 = CARTESIAN_POINT('',(61.15,-86.725,0.));
#2932 = DIRECTION('',(0.,1.,0.));
#2933 = DIRECTION('',(1.,0.,0.));
#2934 = ADVANCED_FACE('',(#2935),#2946,.T.);
#2935 = FACE_BOUND('',#2936,.T.);
#2936 = EDGE_LOOP('',(#2937,#2943,#2944,#2945));
#2937 = ORIENTED_EDGE('',*,*,#2938,.T.);
#2938 = EDGE_CURVE('',#644,#1551,#2939,.T.);
#2939 = LINE('',#2940,#2941);
#2940 = CARTESIAN_POINT('',(61.15,-72.625,0.));
#2941 = VECTOR('',#2942,1.);
#2942 = DIRECTION('',(0.,0.,1.));
#2943 = ORIENTED_EDGE('',*,*,#1550,.T.);
#2944 = ORIENTED_EDGE('',*,*,#2916,.F.);
#2945 = ORIENTED_EDGE('',*,*,#643,.F.);
#2946 = PLANE('',#2947);
#2947 = AXIS2_PLACEMENT_3D('',#2948,#2949,#2950);
#2948 = CARTESIAN_POINT('',(61.15,-72.625,0.));
#2949 = DIRECTION('',(1.,0.,-0.));
#2950 = DIRECTION('',(0.,-1.,0.));
#2951 = ADVANCED_FACE('',(#2952),#2963,.T.);
#2952 = FACE_BOUND('',#2953,.T.);
#2953 = EDGE_LOOP('',(#2954,#2955,#2956,#2962));
#2954 = ORIENTED_EDGE('',*,*,#2923,.T.);
#2955 = ORIENTED_EDGE('',*,*,#1566,.T.);
#2956 = ORIENTED_EDGE('',*,*,#2957,.F.);
#2957 = EDGE_CURVE('',#652,#1559,#2958,.T.);
#2958 = LINE('',#2959,#2960);
#2959 = CARTESIAN_POINT('',(75.25,-72.625,0.));
#2960 = VECTOR('',#2961,1.);
#2961 = DIRECTION('',(0.,0.,1.));
#2962 = ORIENTED_EDGE('',*,*,#659,.F.);
#2963 = PLANE('',#2964);
#2964 = AXIS2_PLACEMENT_3D('',#2965,#2966,#2967);
#2965 = CARTESIAN_POINT('',(75.25,-86.725,0.));
#2966 = DIRECTION('',(-1.,0.,0.));
#2967 = DIRECTION('',(0.,1.,0.));
#2968 = ADVANCED_FACE('',(#2969),#2975,.T.);
#2969 = FACE_BOUND('',#2970,.T.);
#2970 = EDGE_LOOP('',(#2971,#2972,#2973,#2974));
#2971 = ORIENTED_EDGE('',*,*,#2957,.T.);
#2972 = ORIENTED_EDGE('',*,*,#1558,.T.);
#2973 = ORIENTED_EDGE('',*,*,#2938,.F.);
#2974 = ORIENTED_EDGE('',*,*,#651,.F.);
#2975 = PLANE('',#2976);
#2976 = AXIS2_PLACEMENT_3D('',#2977,#2978,#2979);
#2977 = CARTESIAN_POINT('',(75.25,-72.625,0.));
#2978 = DIRECTION('',(0.,-1.,0.));
#2979 = DIRECTION('',(-1.,0.,0.));
#2980 = ADVANCED_FACE('',(#2981),#2997,.T.);
#2981 = FACE_BOUND('',#2982,.T.);
#2982 = EDGE_LOOP('',(#2983,#2989,#2990,#2996));
#2983 = ORIENTED_EDGE('',*,*,#2984,.T.);
#2984 = EDGE_CURVE('',#668,#1575,#2985,.T.);
#2985 = LINE('',#2986,#2987);
#2986 = CARTESIAN_POINT('',(77.75,-84.65,0.));
#2987 = VECTOR('',#2988,1.);
#2988 = DIRECTION('',(0.,0.,1.));
#2989 = ORIENTED_EDGE('',*,*,#1574,.T.);
#2990 = ORIENTED_EDGE('',*,*,#2991,.F.);
#2991 = EDGE_CURVE('',#670,#1577,#2992,.T.);
#2992 = LINE('',#2993,#2994);
#2993 = CARTESIAN_POINT('',(91.85,-84.65,0.));
#2994 = VECTOR('',#2995,1.);
#2995 = DIRECTION('',(0.,0.,1.));
#2996 = ORIENTED_EDGE('',*,*,#667,.F.);
#2997 = PLANE('',#2998);
#2998 = AXIS2_PLACEMENT_3D('',#2999,#3000,#3001);
#2999 = CARTESIAN_POINT('',(77.75,-84.65,0.));
#3000 = DIRECTION('',(0.,1.,0.));
#3001 = DIRECTION('',(1.,0.,0.));
#3002 = ADVANCED_FACE('',(#3003),#3014,.T.);
#3003 = FACE_BOUND('',#3004,.T.);
#3004 = EDGE_LOOP('',(#3005,#3011,#3012,#3013));
#3005 = ORIENTED_EDGE('',*,*,#3006,.T.);
#3006 = EDGE_CURVE('',#678,#1585,#3007,.T.);
#3007 = LINE('',#3008,#3009);
#3008 = CARTESIAN_POINT('',(77.75,-70.55,0.));
#3009 = VECTOR('',#3010,1.);
#3010 = DIRECTION('',(0.,0.,1.));
#3011 = ORIENTED_EDGE('',*,*,#1584,.T.);
#3012 = ORIENTED_EDGE('',*,*,#2984,.F.);
#3013 = ORIENTED_EDGE('',*,*,#677,.F.);
#3014 = PLANE('',#3015);
#3015 = AXIS2_PLACEMENT_3D('',#3016,#3017,#3018);
#3016 = CARTESIAN_POINT('',(77.75,-70.55,0.));
#3017 = DIRECTION('',(1.,0.,-0.));
#3018 = DIRECTION('',(0.,-1.,0.));
#3019 = ADVANCED_FACE('',(#3020),#3031,.T.);
#3020 = FACE_BOUND('',#3021,.T.);
#3021 = EDGE_LOOP('',(#3022,#3023,#3024,#3030));
#3022 = ORIENTED_EDGE('',*,*,#2991,.T.);
#3023 = ORIENTED_EDGE('',*,*,#1600,.T.);
#3024 = ORIENTED_EDGE('',*,*,#3025,.F.);
#3025 = EDGE_CURVE('',#686,#1593,#3026,.T.);
#3026 = LINE('',#3027,#3028);
#3027 = CARTESIAN_POINT('',(91.85,-70.55,0.));
#3028 = VECTOR('',#3029,1.);
#3029 = DIRECTION('',(0.,0.,1.));
#3030 = ORIENTED_EDGE('',*,*,#693,.F.);
#3031 = PLANE('',#3032);
#3032 = AXIS2_PLACEMENT_3D('',#3033,#3034,#3035);
#3033 = CARTESIAN_POINT('',(91.85,-84.65,0.));
#3034 = DIRECTION('',(-1.,0.,0.));
#3035 = DIRECTION('',(0.,1.,0.));
#3036 = ADVANCED_FACE('',(#3037),#3043,.T.);
#3037 = FACE_BOUND('',#3038,.T.);
#3038 = EDGE_LOOP('',(#3039,#3040,#3041,#3042));
#3039 = ORIENTED_EDGE('',*,*,#3025,.T.);
#3040 = ORIENTED_EDGE('',*,*,#1592,.T.);
#3041 = ORIENTED_EDGE('',*,*,#3006,.F.);
#3042 = ORIENTED_EDGE('',*,*,#685,.F.);
#3043 = PLANE('',#3044);
#3044 = AXIS2_PLACEMENT_3D('',#3045,#3046,#3047);
#3045 = CARTESIAN_POINT('',(91.85,-70.55,0.));
#3046 = DIRECTION('',(0.,-1.,0.));
#3047 = DIRECTION('',(-1.,0.,0.));
#3048 = ADVANCED_FACE('',(#3049),#3065,.T.);
#3049 = FACE_BOUND('',#3050,.T.);
#3050 = EDGE_LOOP('',(#3051,#3057,#3058,#3064));
#3051 = ORIENTED_EDGE('',*,*,#3052,.T.);
#3052 = EDGE_CURVE('',#702,#1609,#3053,.T.);
#3053 = LINE('',#3054,#3055);
#3054 = CARTESIAN_POINT('',(27.95,-75.935,0.));
#3055 = VECTOR('',#3056,1.);
#3056 = DIRECTION('',(0.,0.,1.));
#3057 = ORIENTED_EDGE('',*,*,#1608,.T.);
#3058 = ORIENTED_EDGE('',*,*,#3059,.F.);
#3059 = EDGE_CURVE('',#704,#1611,#3060,.T.);
#3060 = LINE('',#3061,#3062);
#3061 = CARTESIAN_POINT('',(42.05,-75.935,0.));
#3062 = VECTOR('',#3063,1.);
#3063 = DIRECTION('',(0.,0.,1.));
#3064 = ORIENTED_EDGE('',*,*,#701,.F.);
#3065 = PLANE('',#3066);
#3066 = AXIS2_PLACEMENT_3D('',#3067,#3068,#3069);
#3067 = CARTESIAN_POINT('',(27.95,-75.935,0.));
#3068 = DIRECTION('',(0.,1.,0.));
#3069 = DIRECTION('',(1.,0.,0.));
#3070 = ADVANCED_FACE('',(#3071),#3082,.T.);
#3071 = FACE_BOUND('',#3072,.T.);
#3072 = EDGE_LOOP('',(#3073,#3079,#3080,#3081));
#3073 = ORIENTED_EDGE('',*,*,#3074,.T.);
#3074 = EDGE_CURVE('',#712,#1619,#3075,.T.);
#3075 = LINE('',#3076,#3077);
#3076 = CARTESIAN_POINT('',(27.95,-61.835,0.));
#3077 = VECTOR('',#3078,1.);
#3078 = DIRECTION('',(0.,0.,1.));
#3079 = ORIENTED_EDGE('',*,*,#1618,.T.);
#3080 = ORIENTED_EDGE('',*,*,#3052,.F.);
#3081 = ORIENTED_EDGE('',*,*,#711,.F.);
#3082 = PLANE('',#3083);
#3083 = AXIS2_PLACEMENT_3D('',#3084,#3085,#3086);
#3084 = CARTESIAN_POINT('',(27.95,-61.835,0.));
#3085 = DIRECTION('',(1.,0.,-0.));
#3086 = DIRECTION('',(0.,-1.,0.));
#3087 = ADVANCED_FACE('',(#3088),#3099,.T.);
#3088 = FACE_BOUND('',#3089,.T.);
#3089 = EDGE_LOOP('',(#3090,#3091,#3092,#3098));
#3090 = ORIENTED_EDGE('',*,*,#3059,.T.);
#3091 = ORIENTED_EDGE('',*,*,#1634,.T.);
#3092 = ORIENTED_EDGE('',*,*,#3093,.F.);
#3093 = EDGE_CURVE('',#720,#1627,#3094,.T.);
#3094 = LINE('',#3095,#3096);
#3095 = CARTESIAN_POINT('',(42.05,-61.835,0.));
#3096 = VECTOR('',#3097,1.);
#3097 = DIRECTION('',(0.,0.,1.));
#3098 = ORIENTED_EDGE('',*,*,#727,.F.);
#3099 = PLANE('',#3100);
#3100 = AXIS2_PLACEMENT_3D('',#3101,#3102,#3103);
#3101 = CARTESIAN_POINT('',(42.05,-75.935,0.));
#3102 = DIRECTION('',(-1.,0.,0.));
#3103 = DIRECTION('',(0.,1.,0.));
#3104 = ADVANCED_FACE('',(#3105),#3111,.T.);
#3105 = FACE_BOUND('',#3106,.T.);
#3106 = EDGE_LOOP('',(#3107,#3108,#3109,#3110));
#3107 = ORIENTED_EDGE('',*,*,#3093,.T.);
#3108 = ORIENTED_EDGE('',*,*,#1626,.T.);
#3109 = ORIENTED_EDGE('',*,*,#3074,.F.);
#3110 = ORIENTED_EDGE('',*,*,#719,.F.);
#3111 = PLANE('',#3112);
#3112 = AXIS2_PLACEMENT_3D('',#3113,#3114,#3115);
#3113 = CARTESIAN_POINT('',(42.05,-61.835,0.));
#3114 = DIRECTION('',(0.,-1.,0.));
#3115 = DIRECTION('',(-1.,0.,0.));
#3116 = ADVANCED_FACE('',(#3117),#3133,.T.);
#3117 = FACE_BOUND('',#3118,.T.);
#3118 = EDGE_LOOP('',(#3119,#3125,#3126,#3132));
#3119 = ORIENTED_EDGE('',*,*,#3120,.T.);
#3120 = EDGE_CURVE('',#736,#1643,#3121,.T.);
#3121 = LINE('',#3122,#3123);
#3122 = CARTESIAN_POINT('',(44.55,-74.275,0.));
#3123 = VECTOR('',#3124,1.);
#3124 = DIRECTION('',(0.,0.,1.));
#3125 = ORIENTED_EDGE('',*,*,#1642,.T.);
#3126 = ORIENTED_EDGE('',*,*,#3127,.F.);
#3127 = EDGE_CURVE('',#738,#1645,#3128,.T.);
#3128 = LINE('',#3129,#3130);
#3129 = CARTESIAN_POINT('',(58.65,-74.275,0.));
#3130 = VECTOR('',#3131,1.);
#3131 = DIRECTION('',(0.,0.,1.));
#3132 = ORIENTED_EDGE('',*,*,#735,.F.);
#3133 = PLANE('',#3134);
#3134 = AXIS2_PLACEMENT_3D('',#3135,#3136,#3137);
#3135 = CARTESIAN_POINT('',(44.55,-74.275,0.));
#3136 = DIRECTION('',(0.,1.,0.));
#3137 = DIRECTION('',(1.,0.,0.));
#3138 = ADVANCED_FACE('',(#3139),#3150,.T.);
#3139 = FACE_BOUND('',#3140,.T.);
#3140 = EDGE_LOOP('',(#3141,#3147,#3148,#3149));
#3141 = ORIENTED_EDGE('',*,*,#3142,.T.);
#3142 = EDGE_CURVE('',#746,#1653,#3143,.T.);
#3143 = LINE('',#3144,#3145);
#3144 = CARTESIAN_POINT('',(44.55,-60.175,0.));
#3145 = VECTOR('',#3146,1.);
#3146 = DIRECTION('',(0.,0.,1.));
#3147 = ORIENTED_EDGE('',*,*,#1652,.T.);
#3148 = ORIENTED_EDGE('',*,*,#3120,.F.);
#3149 = ORIENTED_EDGE('',*,*,#745,.F.);
#3150 = PLANE('',#3151);
#3151 = AXIS2_PLACEMENT_3D('',#3152,#3153,#3154);
#3152 = CARTESIAN_POINT('',(44.55,-60.175,0.));
#3153 = DIRECTION('',(1.,0.,-0.));
#3154 = DIRECTION('',(0.,-1.,0.));
#3155 = ADVANCED_FACE('',(#3156),#3167,.T.);
#3156 = FACE_BOUND('',#3157,.T.);
#3157 = EDGE_LOOP('',(#3158,#3159,#3160,#3166));
#3158 = ORIENTED_EDGE('',*,*,#3127,.T.);
#3159 = ORIENTED_EDGE('',*,*,#1668,.T.);
#3160 = ORIENTED_EDGE('',*,*,#3161,.F.);
#3161 = EDGE_CURVE('',#754,#1661,#3162,.T.);
#3162 = LINE('',#3163,#3164);
#3163 = CARTESIAN_POINT('',(58.65,-60.175,0.));
#3164 = VECTOR('',#3165,1.);
#3165 = DIRECTION('',(0.,0.,1.));
#3166 = ORIENTED_EDGE('',*,*,#761,.F.);
#3167 = PLANE('',#3168);
#3168 = AXIS2_PLACEMENT_3D('',#3169,#3170,#3171);
#3169 = CARTESIAN_POINT('',(58.65,-74.275,0.));
#3170 = DIRECTION('',(-1.,0.,0.));
#3171 = DIRECTION('',(0.,1.,0.));
#3172 = ADVANCED_FACE('',(#3173),#3179,.T.);
#3173 = FACE_BOUND('',#3174,.T.);
#3174 = EDGE_LOOP('',(#3175,#3176,#3177,#3178));
#3175 = ORIENTED_EDGE('',*,*,#3161,.T.);
#3176 = ORIENTED_EDGE('',*,*,#1660,.T.);
#3177 = ORIENTED_EDGE('',*,*,#3142,.F.);
#3178 = ORIENTED_EDGE('',*,*,#753,.F.);
#3179 = PLANE('',#3180);
#3180 = AXIS2_PLACEMENT_3D('',#3181,#3182,#3183);
#3181 = CARTESIAN_POINT('',(58.65,-60.175,0.));
#3182 = DIRECTION('',(0.,-1.,0.));
#3183 = DIRECTION('',(-1.,0.,0.));
#3184 = ADVANCED_FACE('',(#3185),#3201,.T.);
#3185 = FACE_BOUND('',#3186,.T.);
#3186 = EDGE_LOOP('',(#3187,#3193,#3194,#3200));
#3187 = ORIENTED_EDGE('',*,*,#3188,.T.);
#3188 = EDGE_CURVE('',#770,#1677,#3189,.T.);
#3189 = LINE('',#3190,#3191);
#3190 = CARTESIAN_POINT('',(61.15,-70.125,0.));
#3191 = VECTOR('',#3192,1.);
#3192 = DIRECTION('',(0.,0.,1.));
#3193 = ORIENTED_EDGE('',*,*,#1676,.T.);
#3194 = ORIENTED_EDGE('',*,*,#3195,.F.);
#3195 = EDGE_CURVE('',#772,#1679,#3196,.T.);
#3196 = LINE('',#3197,#3198);
#3197 = CARTESIAN_POINT('',(75.25,-70.125,0.));
#3198 = VECTOR('',#3199,1.);
#3199 = DIRECTION('',(0.,0.,1.));
#3200 = ORIENTED_EDGE('',*,*,#769,.F.);
#3201 = PLANE('',#3202);
#3202 = AXIS2_PLACEMENT_3D('',#3203,#3204,#3205);
#3203 = CARTESIAN_POINT('',(61.15,-70.125,0.));
#3204 = DIRECTION('',(0.,1.,0.));
#3205 = DIRECTION('',(1.,0.,0.));
#3206 = ADVANCED_FACE('',(#3207),#3218,.T.);
#3207 = FACE_BOUND('',#3208,.T.);
#3208 = EDGE_LOOP('',(#3209,#3215,#3216,#3217));
#3209 = ORIENTED_EDGE('',*,*,#3210,.T.);
#3210 = EDGE_CURVE('',#780,#1687,#3211,.T.);
#3211 = LINE('',#3212,#3213);
#3212 = CARTESIAN_POINT('',(61.15,-56.025,0.));
#3213 = VECTOR('',#3214,1.);
#3214 = DIRECTION('',(0.,0.,1.));
#3215 = ORIENTED_EDGE('',*,*,#1686,.T.);
#3216 = ORIENTED_EDGE('',*,*,#3188,.F.);
#3217 = ORIENTED_EDGE('',*,*,#779,.F.);
#3218 = PLANE('',#3219);
#3219 = AXIS2_PLACEMENT_3D('',#3220,#3221,#3222);
#3220 = CARTESIAN_POINT('',(61.15,-56.025,0.));
#3221 = DIRECTION('',(1.,0.,-0.));
#3222 = DIRECTION('',(0.,-1.,0.));
#3223 = ADVANCED_FACE('',(#3224),#3235,.T.);
#3224 = FACE_BOUND('',#3225,.T.);
#3225 = EDGE_LOOP('',(#3226,#3227,#3228,#3234));
#3226 = ORIENTED_EDGE('',*,*,#3195,.T.);
#3227 = ORIENTED_EDGE('',*,*,#1702,.T.);
#3228 = ORIENTED_EDGE('',*,*,#3229,.F.);
#3229 = EDGE_CURVE('',#788,#1695,#3230,.T.);
#3230 = LINE('',#3231,#3232);
#3231 = CARTESIAN_POINT('',(75.25,-56.025,0.));
#3232 = VECTOR('',#3233,1.);
#3233 = DIRECTION('',(0.,0.,1.));
#3234 = ORIENTED_EDGE('',*,*,#795,.F.);
#3235 = PLANE('',#3236);
#3236 = AXIS2_PLACEMENT_3D('',#3237,#3238,#3239);
#3237 = CARTESIAN_POINT('',(75.25,-70.125,0.));
#3238 = DIRECTION('',(-1.,0.,0.));
#3239 = DIRECTION('',(0.,1.,0.));
#3240 = ADVANCED_FACE('',(#3241),#3247,.T.);
#3241 = FACE_BOUND('',#3242,.T.);
#3242 = EDGE_LOOP('',(#3243,#3244,#3245,#3246));
#3243 = ORIENTED_EDGE('',*,*,#3229,.T.);
#3244 = ORIENTED_EDGE('',*,*,#1694,.T.);
#3245 = ORIENTED_EDGE('',*,*,#3210,.F.);
#3246 = ORIENTED_EDGE('',*,*,#787,.F.);
#3247 = PLANE('',#3248);
#3248 = AXIS2_PLACEMENT_3D('',#3249,#3250,#3251);
#3249 = CARTESIAN_POINT('',(75.25,-56.025,0.));
#3250 = DIRECTION('',(0.,-1.,0.));
#3251 = DIRECTION('',(-1.,0.,0.));
#3252 = ADVANCED_FACE('',(#3253),#3269,.T.);
#3253 = FACE_BOUND('',#3254,.T.);
#3254 = EDGE_LOOP('',(#3255,#3261,#3262,#3268));
#3255 = ORIENTED_EDGE('',*,*,#3256,.T.);
#3256 = EDGE_CURVE('',#804,#1711,#3257,.T.);
#3257 = LINE('',#3258,#3259);
#3258 = CARTESIAN_POINT('',(77.75,-68.05,0.));
#3259 = VECTOR('',#3260,1.);
#3260 = DIRECTION('',(0.,0.,1.));
#3261 = ORIENTED_EDGE('',*,*,#1710,.T.);
#3262 = ORIENTED_EDGE('',*,*,#3263,.F.);
#3263 = EDGE_CURVE('',#806,#1713,#3264,.T.);
#3264 = LINE('',#3265,#3266);
#3265 = CARTESIAN_POINT('',(91.85,-68.05,0.));
#3266 = VECTOR('',#3267,1.);
#3267 = DIRECTION('',(0.,0.,1.));
#3268 = ORIENTED_EDGE('',*,*,#803,.F.);
#3269 = PLANE('',#3270);
#3270 = AXIS2_PLACEMENT_3D('',#3271,#3272,#3273);
#3271 = CARTESIAN_POINT('',(77.75,-68.05,0.));
#3272 = DIRECTION('',(0.,1.,0.));
#3273 = DIRECTION('',(1.,0.,0.));
#3274 = ADVANCED_FACE('',(#3275),#3286,.T.);
#3275 = FACE_BOUND('',#3276,.T.);
#3276 = EDGE_LOOP('',(#3277,#3283,#3284,#3285));
#3277 = ORIENTED_EDGE('',*,*,#3278,.T.);
#3278 = EDGE_CURVE('',#814,#1721,#3279,.T.);
#3279 = LINE('',#3280,#3281);
#3280 = CARTESIAN_POINT('',(77.75,-53.95,0.));
#3281 = VECTOR('',#3282,1.);
#3282 = DIRECTION('',(0.,0.,1.));
#3283 = ORIENTED_EDGE('',*,*,#1720,.T.);
#3284 = ORIENTED_EDGE('',*,*,#3256,.F.);
#3285 = ORIENTED_EDGE('',*,*,#813,.F.);
#3286 = PLANE('',#3287);
#3287 = AXIS2_PLACEMENT_3D('',#3288,#3289,#3290);
#3288 = CARTESIAN_POINT('',(77.75,-53.95,0.));
#3289 = DIRECTION('',(1.,0.,-0.));
#3290 = DIRECTION('',(0.,-1.,0.));
#3291 = ADVANCED_FACE('',(#3292),#3303,.T.);
#3292 = FACE_BOUND('',#3293,.T.);
#3293 = EDGE_LOOP('',(#3294,#3295,#3296,#3302));
#3294 = ORIENTED_EDGE('',*,*,#3263,.T.);
#3295 = ORIENTED_EDGE('',*,*,#1736,.T.);
#3296 = ORIENTED_EDGE('',*,*,#3297,.F.);
#3297 = EDGE_CURVE('',#822,#1729,#3298,.T.);
#3298 = LINE('',#3299,#3300);
#3299 = CARTESIAN_POINT('',(91.85,-53.95,0.));
#3300 = VECTOR('',#3301,1.);
#3301 = DIRECTION('',(0.,0.,1.));
#3302 = ORIENTED_EDGE('',*,*,#829,.F.);
#3303 = PLANE('',#3304);
#3304 = AXIS2_PLACEMENT_3D('',#3305,#3306,#3307);
#3305 = CARTESIAN_POINT('',(91.85,-68.05,0.));
#3306 = DIRECTION('',(-1.,0.,0.));
#3307 = DIRECTION('',(0.,1.,0.));
#3308 = ADVANCED_FACE('',(#3309),#3315,.T.);
#3309 = FACE_BOUND('',#3310,.T.);
#3310 = EDGE_LOOP('',(#3311,#3312,#3313,#3314));
#3311 = ORIENTED_EDGE('',*,*,#3297,.T.);
#3312 = ORIENTED_EDGE('',*,*,#1728,.T.);
#3313 = ORIENTED_EDGE('',*,*,#3278,.F.);
#3314 = ORIENTED_EDGE('',*,*,#821,.F.);
#3315 = PLANE('',#3316);
#3316 = AXIS2_PLACEMENT_3D('',#3317,#3318,#3319);
#3317 = CARTESIAN_POINT('',(91.85,-53.95,0.));
#3318 = DIRECTION('',(0.,-1.,0.));
#3319 = DIRECTION('',(-1.,0.,0.));
#3320 = ADVANCED_FACE('',(#3321),#3337,.T.);
#3321 = FACE_BOUND('',#3322,.T.);
#3322 = EDGE_LOOP('',(#3323,#3329,#3330,#3336));
#3323 = ORIENTED_EDGE('',*,*,#3324,.T.);
#3324 = EDGE_CURVE('',#838,#1745,#3325,.T.);
#3325 = LINE('',#3326,#3327);
#3326 = CARTESIAN_POINT('',(94.35,-86.725,0.));
#3327 = VECTOR('',#3328,1.);
#3328 = DIRECTION('',(0.,0.,1.));
#3329 = ORIENTED_EDGE('',*,*,#1744,.T.);
#3330 = ORIENTED_EDGE('',*,*,#3331,.F.);
#3331 = EDGE_CURVE('',#840,#1747,#3332,.T.);
#3332 = LINE('',#3333,#3334);
#3333 = CARTESIAN_POINT('',(108.45,-86.725,0.));
#3334 = VECTOR('',#3335,1.);
#3335 = DIRECTION('',(0.,0.,1.));
#3336 = ORIENTED_EDGE('',*,*,#837,.F.);
#3337 = PLANE('',#3338);
#3338 = AXIS2_PLACEMENT_3D('',#3339,#3340,#3341);
#3339 = CARTESIAN_POINT('',(94.35,-86.725,0.));
#3340 = DIRECTION('',(0.,1.,0.));
#3341 = DIRECTION('',(1.,0.,0.));
#3342 = ADVANCED_FACE('',(#3343),#3354,.T.);
#3343 = FACE_BOUND('',#3344,.T.);
#3344 = EDGE_LOOP('',(#3345,#3351,#3352,#3353));
#3345 = ORIENTED_EDGE('',*,*,#3346,.T.);
#3346 = EDGE_CURVE('',#848,#1755,#3347,.T.);
#3347 = LINE('',#3348,#3349);
#3348 = CARTESIAN_POINT('',(94.35,-72.625,0.));
#3349 = VECTOR('',#3350,1.);
#3350 = DIRECTION('',(0.,0.,1.));
#3351 = ORIENTED_EDGE('',*,*,#1754,.T.);
#3352 = ORIENTED_EDGE('',*,*,#3324,.F.);
#3353 = ORIENTED_EDGE('',*,*,#847,.F.);
#3354 = PLANE('',#3355);
#3355 = AXIS2_PLACEMENT_3D('',#3356,#3357,#3358);
#3356 = CARTESIAN_POINT('',(94.35,-72.625,0.));
#3357 = DIRECTION('',(1.,0.,-0.));
#3358 = DIRECTION('',(0.,-1.,0.));
#3359 = ADVANCED_FACE('',(#3360),#3371,.T.);
#3360 = FACE_BOUND('',#3361,.T.);
#3361 = EDGE_LOOP('',(#3362,#3363,#3364,#3370));
#3362 = ORIENTED_EDGE('',*,*,#3331,.T.);
#3363 = ORIENTED_EDGE('',*,*,#1770,.T.);
#3364 = ORIENTED_EDGE('',*,*,#3365,.F.);
#3365 = EDGE_CURVE('',#856,#1763,#3366,.T.);
#3366 = LINE('',#3367,#3368);
#3367 = CARTESIAN_POINT('',(108.45,-72.625,0.));
#3368 = VECTOR('',#3369,1.);
#3369 = DIRECTION('',(0.,0.,1.));
#3370 = ORIENTED_EDGE('',*,*,#863,.F.);
#3371 = PLANE('',#3372);
#3372 = AXIS2_PLACEMENT_3D('',#3373,#3374,#3375);
#3373 = CARTESIAN_POINT('',(108.45,-86.725,0.));
#3374 = DIRECTION('',(-1.,0.,0.));
#3375 = DIRECTION('',(0.,1.,0.));
#3376 = ADVANCED_FACE('',(#3377),#3383,.T.);
#3377 = FACE_BOUND('',#3378,.T.);
#3378 = EDGE_LOOP('',(#3379,#3380,#3381,#3382));
#3379 = ORIENTED_EDGE('',*,*,#3365,.T.);
#3380 = ORIENTED_EDGE('',*,*,#1762,.T.);
#3381 = ORIENTED_EDGE('',*,*,#3346,.F.);
#3382 = ORIENTED_EDGE('',*,*,#855,.F.);
#3383 = PLANE('',#3384);
#3384 = AXIS2_PLACEMENT_3D('',#3385,#3386,#3387);
#3385 = CARTESIAN_POINT('',(108.45,-72.625,0.));
#3386 = DIRECTION('',(0.,-1.,0.));
#3387 = DIRECTION('',(-1.,0.,0.));
#3388 = ADVANCED_FACE('',(#3389),#3405,.T.);
#3389 = FACE_BOUND('',#3390,.T.);
#3390 = EDGE_LOOP('',(#3391,#3397,#3398,#3404));
#3391 = ORIENTED_EDGE('',*,*,#3392,.T.);
#3392 = EDGE_CURVE('',#872,#1779,#3393,.T.);
#3393 = LINE('',#3394,#3395);
#3394 = CARTESIAN_POINT('',(110.95,-88.8,0.));
#3395 = VECTOR('',#3396,1.);
#3396 = DIRECTION('',(0.,0.,1.));
#3397 = ORIENTED_EDGE('',*,*,#1778,.T.);
#3398 = ORIENTED_EDGE('',*,*,#3399,.F.);
#3399 = EDGE_CURVE('',#874,#1781,#3400,.T.);
#3400 = LINE('',#3401,#3402);
#3401 = CARTESIAN_POINT('',(125.05,-88.8,0.));
#3402 = VECTOR('',#3403,1.);
#3403 = DIRECTION('',(0.,0.,1.));
#3404 = ORIENTED_EDGE('',*,*,#871,.F.);
#3405 = PLANE('',#3406);
#3406 = AXIS2_PLACEMENT_3D('',#3407,#3408,#3409);
#3407 = CARTESIAN_POINT('',(110.95,-88.8,0.));
#3408 = DIRECTION('',(0.,1.,0.));
#3409 = DIRECTION('',(1.,0.,0.));
#3410 = ADVANCED_FACE('',(#3411),#3422,.T.);
#3411 = FACE_BOUND('',#3412,.T.);
#3412 = EDGE_LOOP('',(#3413,#3419,#3420,#3421));
#3413 = ORIENTED_EDGE('',*,*,#3414,.T.);
#3414 = EDGE_CURVE('',#882,#1789,#3415,.T.);
#3415 = LINE('',#3416,#3417);
#3416 = CARTESIAN_POINT('',(110.95,-74.7,0.));
#3417 = VECTOR('',#3418,1.);
#3418 = DIRECTION('',(0.,0.,1.));
#3419 = ORIENTED_EDGE('',*,*,#1788,.T.);
#3420 = ORIENTED_EDGE('',*,*,#3392,.F.);
#3421 = ORIENTED_EDGE('',*,*,#881,.F.);
#3422 = PLANE('',#3423);
#3423 = AXIS2_PLACEMENT_3D('',#3424,#3425,#3426);
#3424 = CARTESIAN_POINT('',(110.95,-74.7,0.));
#3425 = DIRECTION('',(1.,0.,-0.));
#3426 = DIRECTION('',(0.,-1.,0.));
#3427 = ADVANCED_FACE('',(#3428),#3439,.T.);
#3428 = FACE_BOUND('',#3429,.T.);
#3429 = EDGE_LOOP('',(#3430,#3431,#3432,#3438));
#3430 = ORIENTED_EDGE('',*,*,#3399,.T.);
#3431 = ORIENTED_EDGE('',*,*,#1804,.T.);
#3432 = ORIENTED_EDGE('',*,*,#3433,.F.);
#3433 = EDGE_CURVE('',#890,#1797,#3434,.T.);
#3434 = LINE('',#3435,#3436);
#3435 = CARTESIAN_POINT('',(125.05,-74.7,0.));
#3436 = VECTOR('',#3437,1.);
#3437 = DIRECTION('',(0.,0.,1.));
#3438 = ORIENTED_EDGE('',*,*,#897,.F.);
#3439 = PLANE('',#3440);
#3440 = AXIS2_PLACEMENT_3D('',#3441,#3442,#3443);
#3441 = CARTESIAN_POINT('',(125.05,-88.8,0.));
#3442 = DIRECTION('',(-1.,0.,0.));
#3443 = DIRECTION('',(0.,1.,0.));
#3444 = ADVANCED_FACE('',(#3445),#3451,.T.);
#3445 = FACE_BOUND('',#3446,.T.);
#3446 = EDGE_LOOP('',(#3447,#3448,#3449,#3450));
#3447 = ORIENTED_EDGE('',*,*,#3433,.T.);
#3448 = ORIENTED_EDGE('',*,*,#1796,.T.);
#3449 = ORIENTED_EDGE('',*,*,#3414,.F.);
#3450 = ORIENTED_EDGE('',*,*,#889,.F.);
#3451 = PLANE('',#3452);
#3452 = AXIS2_PLACEMENT_3D('',#3453,#3454,#3455);
#3453 = CARTESIAN_POINT('',(125.05,-74.7,0.));
#3454 = DIRECTION('',(0.,-1.,0.));
#3455 = DIRECTION('',(-1.,0.,0.));
#3456 = ADVANCED_FACE('',(#3457),#3468,.F.);
#3457 = FACE_BOUND('',#3458,.T.);
#3458 = EDGE_LOOP('',(#3459,#3460,#3466,#3467));
#3459 = ORIENTED_EDGE('',*,*,#905,.T.);
#3460 = ORIENTED_EDGE('',*,*,#3461,.T.);
#3461 = EDGE_CURVE('',#906,#1813,#3462,.T.);
#3462 = LINE('',#3463,#3464);
#3463 = CARTESIAN_POINT('',(137.8,-84.9,-4.6E-02));
#3464 = VECTOR('',#3465,1.);
#3465 = DIRECTION('',(0.,0.,1.));
#3466 = ORIENTED_EDGE('',*,*,#1812,.F.);
#3467 = ORIENTED_EDGE('',*,*,#3461,.F.);
#3468 = CYLINDRICAL_SURFACE('',#3469,0.5);
#3469 = AXIS2_PLACEMENT_3D('',#3470,#3471,#3472);
#3470 = CARTESIAN_POINT('',(137.8,-84.4,-4.6E-02));
#3471 = DIRECTION('',(-0.,-0.,-1.));
#3472 = DIRECTION('',(-0.,-1.,0.));
#3473 = ADVANCED_FACE('',(#3474),#3485,.F.);
#3474 = FACE_BOUND('',#3475,.T.);
#3475 = EDGE_LOOP('',(#3476,#3477,#3483,#3484));
#3476 = ORIENTED_EDGE('',*,*,#916,.T.);
#3477 = ORIENTED_EDGE('',*,*,#3478,.T.);
#3478 = EDGE_CURVE('',#917,#1824,#3479,.T.);
#3479 = LINE('',#3480,#3481);
#3480 = CARTESIAN_POINT('',(140.3,-84.9,-4.6E-02));
#3481 = VECTOR('',#3482,1.);
#3482 = DIRECTION('',(0.,0.,1.));
#3483 = ORIENTED_EDGE('',*,*,#1823,.F.);
#3484 = ORIENTED_EDGE('',*,*,#3478,.F.);
#3485 = CYLINDRICAL_SURFACE('',#3486,0.5);
#3486 = AXIS2_PLACEMENT_3D('',#3487,#3488,#3489);
#3487 = CARTESIAN_POINT('',(140.3,-84.4,-4.6E-02));
#3488 = DIRECTION('',(-0.,-0.,-1.));
#3489 = DIRECTION('',(-0.,-1.,0.));
#3490 = ADVANCED_FACE('',(#3491),#3502,.F.);
#3491 = FACE_BOUND('',#3492,.T.);
#3492 = EDGE_LOOP('',(#3493,#3494,#3500,#3501));
#3493 = ORIENTED_EDGE('',*,*,#927,.T.);
#3494 = ORIENTED_EDGE('',*,*,#3495,.T.);
#3495 = EDGE_CURVE('',#928,#1835,#3496,.T.);
#3496 = LINE('',#3497,#3498);
#3497 = CARTESIAN_POINT('',(142.8,-84.9,-4.6E-02));
#3498 = VECTOR('',#3499,1.);
#3499 = DIRECTION('',(0.,0.,1.));
#3500 = ORIENTED_EDGE('',*,*,#1834,.F.);
#3501 = ORIENTED_EDGE('',*,*,#3495,.F.);
#3502 = CYLINDRICAL_SURFACE('',#3503,0.5);
#3503 = AXIS2_PLACEMENT_3D('',#3504,#3505,#3506);
#3504 = CARTESIAN_POINT('',(142.8,-84.4,-4.6E-02));
#3505 = DIRECTION('',(-0.,-0.,-1.));
#3506 = DIRECTION('',(-0.,-1.,0.));
#3507 = ADVANCED_FACE('',(#3508),#3519,.F.);
#3508 = FACE_BOUND('',#3509,.T.);
#3509 = EDGE_LOOP('',(#3510,#3511,#3517,#3518));
#3510 = ORIENTED_EDGE('',*,*,#938,.T.);
#3511 = ORIENTED_EDGE('',*,*,#3512,.T.);
#3512 = EDGE_CURVE('',#939,#1846,#3513,.T.);
#3513 = LINE('',#3514,#3515);
#3514 = CARTESIAN_POINT('',(140.9,-75.565,-4.6E-02));
#3515 = VECTOR('',#3516,1.);
#3516 = DIRECTION('',(0.,0.,1.));
#3517 = ORIENTED_EDGE('',*,*,#1845,.F.);
#3518 = ORIENTED_EDGE('',*,*,#3512,.F.);
#3519 = CYLINDRICAL_SURFACE('',#3520,0.365);
#3520 = AXIS2_PLACEMENT_3D('',#3521,#3522,#3523);
#3521 = CARTESIAN_POINT('',(140.9,-75.2,-4.6E-02));
#3522 = DIRECTION('',(-0.,0.,-1.));
#3523 = DIRECTION('',(7.78676970696E-14,-1.,-0.));
#3524 = ADVANCED_FACE('',(#3525),#3536,.F.);
#3525 = FACE_BOUND('',#3526,.T.);
#3526 = EDGE_LOOP('',(#3527,#3528,#3534,#3535));
#3527 = ORIENTED_EDGE('',*,*,#949,.T.);
#3528 = ORIENTED_EDGE('',*,*,#3529,.T.);
#3529 = EDGE_CURVE('',#950,#1857,#3530,.T.);
#3530 = LINE('',#3531,#3532);
#3531 = CARTESIAN_POINT('',(142.4,-75.565,-4.6E-02));
#3532 = VECTOR('',#3533,1.);
#3533 = DIRECTION('',(0.,0.,1.));
#3534 = ORIENTED_EDGE('',*,*,#1856,.F.);
#3535 = ORIENTED_EDGE('',*,*,#3529,.F.);
#3536 = CYLINDRICAL_SURFACE('',#3537,0.365);
#3537 = AXIS2_PLACEMENT_3D('',#3538,#3539,#3540);
#3538 = CARTESIAN_POINT('',(142.4,-75.2,-4.6E-02));
#3539 = DIRECTION('',(-0.,0.,-1.));
#3540 = DIRECTION('',(7.78676970696E-14,-1.,-0.));
#3541 = ADVANCED_FACE('',(#3542),#3553,.F.);
#3542 = FACE_BOUND('',#3543,.T.);
#3543 = EDGE_LOOP('',(#3544,#3545,#3551,#3552));
#3544 = ORIENTED_EDGE('',*,*,#960,.T.);
#3545 = ORIENTED_EDGE('',*,*,#3546,.T.);
#3546 = EDGE_CURVE('',#961,#1868,#3547,.T.);
#3547 = LINE('',#3548,#3549);
#3548 = CARTESIAN_POINT('',(143.9,-75.565,-4.6E-02));
#3549 = VECTOR('',#3550,1.);
#3550 = DIRECTION('',(0.,0.,1.));
#3551 = ORIENTED_EDGE('',*,*,#1867,.F.);
#3552 = ORIENTED_EDGE('',*,*,#3546,.F.);
#3553 = CYLINDRICAL_SURFACE('',#3554,0.365);
#3554 = AXIS2_PLACEMENT_3D('',#3555,#3556,#3557);
#3555 = CARTESIAN_POINT('',(143.9,-75.2,-4.6E-02));
#3556 = DIRECTION('',(-0.,0.,-1.));
#3557 = DIRECTION('',(7.78676970696E-14,-1.,-0.));
#3558 = ADVANCED_FACE('',(#3559),#3575,.T.);
#3559 = FACE_BOUND('',#3560,.T.);
#3560 = EDGE_LOOP('',(#3561,#3567,#3568,#3574));
#3561 = ORIENTED_EDGE('',*,*,#3562,.T.);
#3562 = EDGE_CURVE('',#972,#1879,#3563,.T.);
#3563 = LINE('',#3564,#3565);
#3564 = CARTESIAN_POINT('',(94.35,-70.125,0.));
#3565 = VECTOR('',#3566,1.);
#3566 = DIRECTION('',(0.,0.,1.));
#3567 = ORIENTED_EDGE('',*,*,#1878,.T.);
#3568 = ORIENTED_EDGE('',*,*,#3569,.F.);
#3569 = EDGE_CURVE('',#974,#1881,#3570,.T.);
#3570 = LINE('',#3571,#3572);
#3571 = CARTESIAN_POINT('',(108.45,-70.125,0.));
#3572 = VECTOR('',#3573,1.);
#3573 = DIRECTION('',(0.,0.,1.));
#3574 = ORIENTED_EDGE('',*,*,#971,.F.);
#3575 = PLANE('',#3576);
#3576 = AXIS2_PLACEMENT_3D('',#3577,#3578,#3579);
#3577 = CARTESIAN_POINT('',(94.35,-70.125,0.));
#3578 = DIRECTION('',(0.,1.,0.));
#3579 = DIRECTION('',(1.,0.,0.));
#3580 = ADVANCED_FACE('',(#3581),#3592,.T.);
#3581 = FACE_BOUND('',#3582,.T.);
#3582 = EDGE_LOOP('',(#3583,#3589,#3590,#3591));
#3583 = ORIENTED_EDGE('',*,*,#3584,.T.);
#3584 = EDGE_CURVE('',#982,#1889,#3585,.T.);
#3585 = LINE('',#3586,#3587);
#3586 = CARTESIAN_POINT('',(94.35,-56.025,0.));
#3587 = VECTOR('',#3588,1.);
#3588 = DIRECTION('',(0.,0.,1.));
#3589 = ORIENTED_EDGE('',*,*,#1888,.T.);
#3590 = ORIENTED_EDGE('',*,*,#3562,.F.);
#3591 = ORIENTED_EDGE('',*,*,#981,.F.);
#3592 = PLANE('',#3593);
#3593 = AXIS2_PLACEMENT_3D('',#3594,#3595,#3596);
#3594 = CARTESIAN_POINT('',(94.35,-56.025,0.));
#3595 = DIRECTION('',(1.,0.,-0.));
#3596 = DIRECTION('',(0.,-1.,0.));
#3597 = ADVANCED_FACE('',(#3598),#3609,.T.);
#3598 = FACE_BOUND('',#3599,.T.);
#3599 = EDGE_LOOP('',(#3600,#3601,#3602,#3608));
#3600 = ORIENTED_EDGE('',*,*,#3569,.T.);
#3601 = ORIENTED_EDGE('',*,*,#1904,.T.);
#3602 = ORIENTED_EDGE('',*,*,#3603,.F.);
#3603 = EDGE_CURVE('',#990,#1897,#3604,.T.);
#3604 = LINE('',#3605,#3606);
#3605 = CARTESIAN_POINT('',(108.45,-56.025,0.));
#3606 = VECTOR('',#3607,1.);
#3607 = DIRECTION('',(0.,0.,1.));
#3608 = ORIENTED_EDGE('',*,*,#997,.F.);
#3609 = PLANE('',#3610);
#3610 = AXIS2_PLACEMENT_3D('',#3611,#3612,#3613);
#3611 = CARTESIAN_POINT('',(108.45,-70.125,0.));
#3612 = DIRECTION('',(-1.,0.,0.));
#3613 = DIRECTION('',(0.,1.,0.));
#3614 = ADVANCED_FACE('',(#3615),#3621,.T.);
#3615 = FACE_BOUND('',#3616,.T.);
#3616 = EDGE_LOOP('',(#3617,#3618,#3619,#3620));
#3617 = ORIENTED_EDGE('',*,*,#3603,.T.);
#3618 = ORIENTED_EDGE('',*,*,#1896,.T.);
#3619 = ORIENTED_EDGE('',*,*,#3584,.F.);
#3620 = ORIENTED_EDGE('',*,*,#989,.F.);
#3621 = PLANE('',#3622);
#3622 = AXIS2_PLACEMENT_3D('',#3623,#3624,#3625);
#3623 = CARTESIAN_POINT('',(108.45,-56.025,0.));
#3624 = DIRECTION('',(0.,-1.,0.));
#3625 = DIRECTION('',(-1.,0.,0.));
#3626 = ADVANCED_FACE('',(#3627),#3643,.T.);
#3627 = FACE_BOUND('',#3628,.T.);
#3628 = EDGE_LOOP('',(#3629,#3635,#3636,#3642));
#3629 = ORIENTED_EDGE('',*,*,#3630,.T.);
#3630 = EDGE_CURVE('',#1006,#1913,#3631,.T.);
#3631 = LINE('',#3632,#3633);
#3632 = CARTESIAN_POINT('',(110.95,-72.2,0.));
#3633 = VECTOR('',#3634,1.);
#3634 = DIRECTION('',(0.,0.,1.));
#3635 = ORIENTED_EDGE('',*,*,#1912,.T.);
#3636 = ORIENTED_EDGE('',*,*,#3637,.F.);
#3637 = EDGE_CURVE('',#1008,#1915,#3638,.T.);
#3638 = LINE('',#3639,#3640);
#3639 = CARTESIAN_POINT('',(125.05,-72.2,0.));
#3640 = VECTOR('',#3641,1.);
#3641 = DIRECTION('',(0.,0.,1.));
#3642 = ORIENTED_EDGE('',*,*,#1005,.F.);
#3643 = PLANE('',#3644);
#3644 = AXIS2_PLACEMENT_3D('',#3645,#3646,#3647);
#3645 = CARTESIAN_POINT('',(110.95,-72.2,0.));
#3646 = DIRECTION('',(0.,1.,0.));
#3647 = DIRECTION('',(1.,0.,0.));
#3648 = ADVANCED_FACE('',(#3649),#3660,.T.);
#3649 = FACE_BOUND('',#3650,.T.);
#3650 = EDGE_LOOP('',(#3651,#3657,#3658,#3659));
#3651 = ORIENTED_EDGE('',*,*,#3652,.T.);
#3652 = EDGE_CURVE('',#1016,#1923,#3653,.T.);
#3653 = LINE('',#3654,#3655);
#3654 = CARTESIAN_POINT('',(110.95,-58.1,0.));
#3655 = VECTOR('',#3656,1.);
#3656 = DIRECTION('',(0.,0.,1.));
#3657 = ORIENTED_EDGE('',*,*,#1922,.T.);
#3658 = ORIENTED_EDGE('',*,*,#3630,.F.);
#3659 = ORIENTED_EDGE('',*,*,#1015,.F.);
#3660 = PLANE('',#3661);
#3661 = AXIS2_PLACEMENT_3D('',#3662,#3663,#3664);
#3662 = CARTESIAN_POINT('',(110.95,-58.1,0.));
#3663 = DIRECTION('',(1.,0.,-0.));
#3664 = DIRECTION('',(0.,-1.,0.));
#3665 = ADVANCED_FACE('',(#3666),#3677,.T.);
#3666 = FACE_BOUND('',#3667,.T.);
#3667 = EDGE_LOOP('',(#3668,#3669,#3670,#3676));
#3668 = ORIENTED_EDGE('',*,*,#3637,.T.);
#3669 = ORIENTED_EDGE('',*,*,#1938,.T.);
#3670 = ORIENTED_EDGE('',*,*,#3671,.F.);
#3671 = EDGE_CURVE('',#1024,#1931,#3672,.T.);
#3672 = LINE('',#3673,#3674);
#3673 = CARTESIAN_POINT('',(125.05,-58.1,0.));
#3674 = VECTOR('',#3675,1.);
#3675 = DIRECTION('',(0.,0.,1.));
#3676 = ORIENTED_EDGE('',*,*,#1031,.F.);
#3677 = PLANE('',#3678);
#3678 = AXIS2_PLACEMENT_3D('',#3679,#3680,#3681);
#3679 = CARTESIAN_POINT('',(125.05,-72.2,0.));
#3680 = DIRECTION('',(-1.,0.,0.));
#3681 = DIRECTION('',(0.,1.,0.));
#3682 = ADVANCED_FACE('',(#3683),#3689,.T.);
#3683 = FACE_BOUND('',#3684,.T.);
#3684 = EDGE_LOOP('',(#3685,#3686,#3687,#3688));
#3685 = ORIENTED_EDGE('',*,*,#3671,.T.);
#3686 = ORIENTED_EDGE('',*,*,#1930,.T.);
#3687 = ORIENTED_EDGE('',*,*,#3652,.F.);
#3688 = ORIENTED_EDGE('',*,*,#1023,.F.);
#3689 = PLANE('',#3690);
#3690 = AXIS2_PLACEMENT_3D('',#3691,#3692,#3693);
#3691 = CARTESIAN_POINT('',(125.05,-58.1,0.));
#3692 = DIRECTION('',(0.,-1.,0.));
#3693 = DIRECTION('',(-1.,0.,0.));
#3694 = ( GEOMETRIC_REPRESENTATION_CONTEXT(3) 
GLOBAL_UNCERTAINTY_ASSIGNED_CONTEXT((#3698)) 
GLOBAL_UNIT_ASSIGNED_CONTEXT((#3695,#3696,#3697)) REPRESENTATION_CONTEXT
('Context #1','3D Context with UNIT and UNCERTAINTY') );
#3695 = ( LENGTH_UNIT() NAMED_UNIT(*) SI_UNIT(.MILLI.,.METRE.) );
#3696 = ( NAMED_UNIT(*) PLANE_ANGLE_UNIT() SI_UNIT($,.RADIAN.) );
#3697 = ( NAMED_UNIT(*) SI_UNIT($,.STERADIAN.) SOLID_ANGLE_UNIT() );
#3698 = UNCERTAINTY_MEASURE_WITH_UNIT(LENGTH_MEASURE(1.E-07),#3695,
  'distance_accuracy_value','confusion accuracy');
#3699 = SHAPE_DEFINITION_REPRESENTATION(#3700,#29);
#3700 = PRODUCT_DEFINITION_SHAPE('','',#3701);
#3701 = PRODUCT_DEFINITION('design','',#3702,#3705);
#3702 = PRODUCT_DEFINITION_FORMATION('','',#3703);
#3703 = PRODUCT('switch-plate_PCB_1','switch-plate_PCB_1','',(#3704));
#3704 = PRODUCT_CONTEXT('',#2,'mechanical');
#3705 = PRODUCT_DEFINITION_CONTEXT('part definition',#2,'design');
#3706 = CONTEXT_DEPENDENT_SHAPE_REPRESENTATION(#3707,#3709);
#3707 = ( REPRESENTATION_RELATIONSHIP('','',#29,#10) 
REPRESENTATION_RELATIONSHIP_WITH_TRANSFORMATION(#3708) 
SHAPE_REPRESENTATION_RELATIONSHIP() );
#3708 = ITEM_DEFINED_TRANSFORMATION('','',#11,#15);
#3709 = PRODUCT_DEFINITION_SHAPE('Placement','Placement of an item',
  #3710);
#3710 = NEXT_ASSEMBLY_USAGE_OCCURRENCE('1','','',#5,#3701,$);
#3711 = PRODUCT_RELATED_PRODUCT_CATEGORY('part',$,(#3703));
#3712 = ADVANCED_BREP_SHAPE_REPRESENTATION('',(#11,#3713),#6851);
#3713 = MANIFOLD_SOLID_BREP('',#3714);
#3714 = CLOSED_SHELL('',(#3715,#3755,#3786,#3817,#3848,#3879,#3910,#3941
    ,#3963,#4003,#4034,#4065,#4087,#4127,#4158,#4189,#4211,#4251,#4282,
    #4313,#4335,#4375,#4406,#4437,#4459,#4499,#4530,#4561,#4583,#4623,
    #4654,#4685,#4707,#4747,#4778,#4809,#4831,#4871,#4902,#4933,#4955,
    #4995,#5026,#5057,#5079,#5119,#5150,#5181,#5203,#5243,#5274,#5305,
    #5327,#5367,#5398,#5429,#5451,#5491,#5522,#5553,#5575,#5615,#5646,
    #5677,#5699,#5739,#5770,#5801,#5823,#5863,#5894,#5925,#5947,#5987,
    #6018,#6049,#6071,#6111,#6142,#6173,#6195,#6235,#6266,#6297,#6319,
    #6359,#6390,#6421,#6443,#6483,#6514,#6545,#6567,#6709));
#3715 = ADVANCED_FACE('',(#3716),#3750,.T.);
#3716 = FACE_BOUND('',#3717,.T.);
#3717 = EDGE_LOOP('',(#3718,#3728,#3736,#3744));
#3718 = ORIENTED_EDGE('',*,*,#3719,.T.);
#3719 = EDGE_CURVE('',#3720,#3722,#3724,.T.);
#3720 = VERTEX_POINT('',#3721);
#3721 = CARTESIAN_POINT('',(278.5,-114.4,0.));
#3722 = VERTEX_POINT('',#3723);
#3723 = CARTESIAN_POINT('',(278.5,-114.4,1.51));
#3724 = LINE('',#3725,#3726);
#3725 = CARTESIAN_POINT('',(278.5,-114.4,0.));
#3726 = VECTOR('',#3727,1.);
#3727 = DIRECTION('',(0.,0.,1.));
#3728 = ORIENTED_EDGE('',*,*,#3729,.T.);
#3729 = EDGE_CURVE('',#3722,#3730,#3732,.T.);
#3730 = VERTEX_POINT('',#3731);
#3731 = CARTESIAN_POINT('',(261.9,-114.4,1.51));
#3732 = LINE('',#3733,#3734);
#3733 = CARTESIAN_POINT('',(278.5,-114.4,1.51));
#3734 = VECTOR('',#3735,1.);
#3735 = DIRECTION('',(-1.,0.,0.));
#3736 = ORIENTED_EDGE('',*,*,#3737,.F.);
#3737 = EDGE_CURVE('',#3738,#3730,#3740,.T.);
#3738 = VERTEX_POINT('',#3739);
#3739 = CARTESIAN_POINT('',(261.9,-114.4,0.));
#3740 = LINE('',#3741,#3742);
#3741 = CARTESIAN_POINT('',(261.9,-114.4,0.));
#3742 = VECTOR('',#3743,1.);
#3743 = DIRECTION('',(0.,0.,1.));
#3744 = ORIENTED_EDGE('',*,*,#3745,.F.);
#3745 = EDGE_CURVE('',#3720,#3738,#3746,.T.);
#3746 = LINE('',#3747,#3748);
#3747 = CARTESIAN_POINT('',(278.5,-114.4,0.));
#3748 = VECTOR('',#3749,1.);
#3749 = DIRECTION('',(-1.,0.,0.));
#3750 = PLANE('',#3751);
#3751 = AXIS2_PLACEMENT_3D('',#3752,#3753,#3754);
#3752 = CARTESIAN_POINT('',(278.5,-114.4,0.));
#3753 = DIRECTION('',(0.,-1.,0.));
#3754 = DIRECTION('',(-1.,0.,0.));
#3755 = ADVANCED_FACE('',(#3756),#3781,.T.);
#3756 = FACE_BOUND('',#3757,.T.);
#3757 = EDGE_LOOP('',(#3758,#3759,#3767,#3775));
#3758 = ORIENTED_EDGE('',*,*,#3737,.T.);
#3759 = ORIENTED_EDGE('',*,*,#3760,.T.);
#3760 = EDGE_CURVE('',#3730,#3761,#3763,.T.);
#3761 = VERTEX_POINT('',#3762);
#3762 = CARTESIAN_POINT('',(166.8,-131.5,1.51));
#3763 = LINE('',#3764,#3765);
#3764 = CARTESIAN_POINT('',(261.9,-114.4,1.51));
#3765 = VECTOR('',#3766,1.);
#3766 = DIRECTION('',(-0.984215786745,-0.176972554714,0.));
#3767 = ORIENTED_EDGE('',*,*,#3768,.F.);
#3768 = EDGE_CURVE('',#3769,#3761,#3771,.T.);
#3769 = VERTEX_POINT('',#3770);
#3770 = CARTESIAN_POINT('',(166.8,-131.5,0.));
#3771 = LINE('',#3772,#3773);
#3772 = CARTESIAN_POINT('',(166.8,-131.5,0.));
#3773 = VECTOR('',#3774,1.);
#3774 = DIRECTION('',(0.,0.,1.));
#3775 = ORIENTED_EDGE('',*,*,#3776,.F.);
#3776 = EDGE_CURVE('',#3738,#3769,#3777,.T.);
#3777 = LINE('',#3778,#3779);
#3778 = CARTESIAN_POINT('',(261.9,-114.4,0.));
#3779 = VECTOR('',#3780,1.);
#3780 = DIRECTION('',(-0.984215786745,-0.176972554714,0.));
#3781 = PLANE('',#3782);
#3782 = AXIS2_PLACEMENT_3D('',#3783,#3784,#3785);
#3783 = CARTESIAN_POINT('',(261.9,-114.4,0.));
#3784 = DIRECTION('',(0.176972554714,-0.984215786745,0.));
#3785 = DIRECTION('',(-0.984215786745,-0.176972554714,0.));
#3786 = ADVANCED_FACE('',(#3787),#3812,.T.);
#3787 = FACE_BOUND('',#3788,.T.);
#3788 = EDGE_LOOP('',(#3789,#3790,#3798,#3806));
#3789 = ORIENTED_EDGE('',*,*,#3768,.T.);
#3790 = ORIENTED_EDGE('',*,*,#3791,.T.);
#3791 = EDGE_CURVE('',#3761,#3792,#3794,.T.);
#3792 = VERTEX_POINT('',#3793);
#3793 = CARTESIAN_POINT('',(154.1,-110.,1.51));
#3794 = LINE('',#3795,#3796);
#3795 = CARTESIAN_POINT('',(166.8,-131.5,1.51));
#3796 = VECTOR('',#3797,1.);
#3797 = DIRECTION('',(-0.508594385566,0.861006243282,0.));
#3798 = ORIENTED_EDGE('',*,*,#3799,.F.);
#3799 = EDGE_CURVE('',#3800,#3792,#3802,.T.);
#3800 = VERTEX_POINT('',#3801);
#3801 = CARTESIAN_POINT('',(154.1,-110.,0.));
#3802 = LINE('',#3803,#3804);
#3803 = CARTESIAN_POINT('',(154.1,-110.,0.));
#3804 = VECTOR('',#3805,1.);
#3805 = DIRECTION('',(0.,0.,1.));
#3806 = ORIENTED_EDGE('',*,*,#3807,.F.);
#3807 = EDGE_CURVE('',#3769,#3800,#3808,.T.);
#3808 = LINE('',#3809,#3810);
#3809 = CARTESIAN_POINT('',(166.8,-131.5,0.));
#3810 = VECTOR('',#3811,1.);
#3811 = DIRECTION('',(-0.508594385566,0.861006243282,0.));
#3812 = PLANE('',#3813);
#3813 = AXIS2_PLACEMENT_3D('',#3814,#3815,#3816);
#3814 = CARTESIAN_POINT('',(166.8,-131.5,0.));
#3815 = DIRECTION('',(-0.861006243282,-0.508594385566,0.));
#3816 = DIRECTION('',(-0.508594385566,0.861006243282,0.));
#3817 = ADVANCED_FACE('',(#3818),#3843,.T.);
#3818 = FACE_BOUND('',#3819,.T.);
#3819 = EDGE_LOOP('',(#3820,#3821,#3829,#3837));
#3820 = ORIENTED_EDGE('',*,*,#3799,.T.);
#3821 = ORIENTED_EDGE('',*,*,#3822,.T.);
#3822 = EDGE_CURVE('',#3792,#3823,#3825,.T.);
#3823 = VERTEX_POINT('',#3824);
#3824 = CARTESIAN_POINT('',(154.1,-101.6,1.51));
#3825 = LINE('',#3826,#3827);
#3826 = CARTESIAN_POINT('',(154.1,-110.,1.51));
#3827 = VECTOR('',#3828,1.);
#3828 = DIRECTION('',(0.,1.,0.));
#3829 = ORIENTED_EDGE('',*,*,#3830,.F.);
#3830 = EDGE_CURVE('',#3831,#3823,#3833,.T.);
#3831 = VERTEX_POINT('',#3832);
#3832 = CARTESIAN_POINT('',(154.1,-101.6,0.));
#3833 = LINE('',#3834,#3835);
#3834 = CARTESIAN_POINT('',(154.1,-101.6,0.));
#3835 = VECTOR('',#3836,1.);
#3836 = DIRECTION('',(0.,0.,1.));
#3837 = ORIENTED_EDGE('',*,*,#3838,.F.);
#3838 = EDGE_CURVE('',#3800,#3831,#3839,.T.);
#3839 = LINE('',#3840,#3841);
#3840 = CARTESIAN_POINT('',(154.1,-110.,0.));
#3841 = VECTOR('',#3842,1.);
#3842 = DIRECTION('',(0.,1.,0.));
#3843 = PLANE('',#3844);
#3844 = AXIS2_PLACEMENT_3D('',#3845,#3846,#3847);
#3845 = CARTESIAN_POINT('',(154.1,-110.,0.));
#3846 = DIRECTION('',(-1.,0.,0.));
#3847 = DIRECTION('',(0.,1.,0.));
#3848 = ADVANCED_FACE('',(#3849),#3874,.T.);
#3849 = FACE_BOUND('',#3850,.T.);
#3850 = EDGE_LOOP('',(#3851,#3852,#3860,#3868));
#3851 = ORIENTED_EDGE('',*,*,#3830,.T.);
#3852 = ORIENTED_EDGE('',*,*,#3853,.T.);
#3853 = EDGE_CURVE('',#3823,#3854,#3856,.T.);
#3854 = VERTEX_POINT('',#3855);
#3855 = CARTESIAN_POINT('',(175.25,-101.6,1.51));
#3856 = LINE('',#3857,#3858);
#3857 = CARTESIAN_POINT('',(154.1,-101.6,1.51));
#3858 = VECTOR('',#3859,1.);
#3859 = DIRECTION('',(1.,0.,0.));
#3860 = ORIENTED_EDGE('',*,*,#3861,.F.);
#3861 = EDGE_CURVE('',#3862,#3854,#3864,.T.);
#3862 = VERTEX_POINT('',#3863);
#3863 = CARTESIAN_POINT('',(175.25,-101.6,0.));
#3864 = LINE('',#3865,#3866);
#3865 = CARTESIAN_POINT('',(175.25,-101.6,0.));
#3866 = VECTOR('',#3867,1.);
#3867 = DIRECTION('',(0.,0.,1.));
#3868 = ORIENTED_EDGE('',*,*,#3869,.F.);
#3869 = EDGE_CURVE('',#3831,#3862,#3870,.T.);
#3870 = LINE('',#3871,#3872);
#3871 = CARTESIAN_POINT('',(154.1,-101.6,0.));
#3872 = VECTOR('',#3873,1.);
#3873 = DIRECTION('',(1.,0.,0.));
#3874 = PLANE('',#3875);
#3875 = AXIS2_PLACEMENT_3D('',#3876,#3877,#3878);
#3876 = CARTESIAN_POINT('',(154.1,-101.6,0.));
#3877 = DIRECTION('',(0.,1.,0.));
#3878 = DIRECTION('',(1.,0.,0.));
#3879 = ADVANCED_FACE('',(#3880),#3905,.T.);
#3880 = FACE_BOUND('',#3881,.T.);
#3881 = EDGE_LOOP('',(#3882,#3883,#3891,#3899));
#3882 = ORIENTED_EDGE('',*,*,#3861,.T.);
#3883 = ORIENTED_EDGE('',*,*,#3884,.T.);
#3884 = EDGE_CURVE('',#3854,#3885,#3887,.T.);
#3885 = VERTEX_POINT('',#3886);
#3886 = CARTESIAN_POINT('',(175.25,-50.7,1.51));
#3887 = LINE('',#3888,#3889);
#3888 = CARTESIAN_POINT('',(175.25,-101.6,1.51));
#3889 = VECTOR('',#3890,1.);
#3890 = DIRECTION('',(0.,1.,0.));
#3891 = ORIENTED_EDGE('',*,*,#3892,.F.);
#3892 = EDGE_CURVE('',#3893,#3885,#3895,.T.);
#3893 = VERTEX_POINT('',#3894);
#3894 = CARTESIAN_POINT('',(175.25,-50.7,0.));
#3895 = LINE('',#3896,#3897);
#3896 = CARTESIAN_POINT('',(175.25,-50.7,0.));
#3897 = VECTOR('',#3898,1.);
#3898 = DIRECTION('',(0.,0.,1.));
#3899 = ORIENTED_EDGE('',*,*,#3900,.F.);
#3900 = EDGE_CURVE('',#3862,#3893,#3901,.T.);
#3901 = LINE('',#3902,#3903);
#3902 = CARTESIAN_POINT('',(175.25,-101.6,0.));
#3903 = VECTOR('',#3904,1.);
#3904 = DIRECTION('',(0.,1.,0.));
#3905 = PLANE('',#3906);
#3906 = AXIS2_PLACEMENT_3D('',#3907,#3908,#3909);
#3907 = CARTESIAN_POINT('',(175.25,-101.6,0.));
#3908 = DIRECTION('',(-1.,0.,0.));
#3909 = DIRECTION('',(0.,1.,0.));
#3910 = ADVANCED_FACE('',(#3911),#3936,.T.);
#3911 = FACE_BOUND('',#3912,.T.);
#3912 = EDGE_LOOP('',(#3913,#3914,#3922,#3930));
#3913 = ORIENTED_EDGE('',*,*,#3892,.T.);
#3914 = ORIENTED_EDGE('',*,*,#3915,.T.);
#3915 = EDGE_CURVE('',#3885,#3916,#3918,.T.);
#3916 = VERTEX_POINT('',#3917);
#3917 = CARTESIAN_POINT('',(278.5,-50.7,1.51));
#3918 = LINE('',#3919,#3920);
#3919 = CARTESIAN_POINT('',(175.25,-50.7,1.51));
#3920 = VECTOR('',#3921,1.);
#3921 = DIRECTION('',(1.,0.,0.));
#3922 = ORIENTED_EDGE('',*,*,#3923,.F.);
#3923 = EDGE_CURVE('',#3924,#3916,#3926,.T.);
#3924 = VERTEX_POINT('',#3925);
#3925 = CARTESIAN_POINT('',(278.5,-50.7,0.));
#3926 = LINE('',#3927,#3928);
#3927 = CARTESIAN_POINT('',(278.5,-50.7,0.));
#3928 = VECTOR('',#3929,1.);
#3929 = DIRECTION('',(0.,0.,1.));
#3930 = ORIENTED_EDGE('',*,*,#3931,.F.);
#3931 = EDGE_CURVE('',#3893,#3924,#3932,.T.);
#3932 = LINE('',#3933,#3934);
#3933 = CARTESIAN_POINT('',(175.25,-50.7,0.));
#3934 = VECTOR('',#3935,1.);
#3935 = DIRECTION('',(1.,0.,0.));
#3936 = PLANE('',#3937);
#3937 = AXIS2_PLACEMENT_3D('',#3938,#3939,#3940);
#3938 = CARTESIAN_POINT('',(175.25,-50.7,0.));
#3939 = DIRECTION('',(0.,1.,0.));
#3940 = DIRECTION('',(1.,0.,0.));
#3941 = ADVANCED_FACE('',(#3942),#3958,.T.);
#3942 = FACE_BOUND('',#3943,.T.);
#3943 = EDGE_LOOP('',(#3944,#3945,#3951,#3952));
#3944 = ORIENTED_EDGE('',*,*,#3923,.T.);
#3945 = ORIENTED_EDGE('',*,*,#3946,.T.);
#3946 = EDGE_CURVE('',#3916,#3722,#3947,.T.);
#3947 = LINE('',#3948,#3949);
#3948 = CARTESIAN_POINT('',(278.5,-50.7,1.51));
#3949 = VECTOR('',#3950,1.);
#3950 = DIRECTION('',(0.,-1.,0.));
#3951 = ORIENTED_EDGE('',*,*,#3719,.F.);
#3952 = ORIENTED_EDGE('',*,*,#3953,.F.);
#3953 = EDGE_CURVE('',#3924,#3720,#3954,.T.);
#3954 = LINE('',#3955,#3956);
#3955 = CARTESIAN_POINT('',(278.5,-50.7,0.));
#3956 = VECTOR('',#3957,1.);
#3957 = DIRECTION('',(0.,-1.,0.));
#3958 = PLANE('',#3959);
#3959 = AXIS2_PLACEMENT_3D('',#3960,#3961,#3962);
#3960 = CARTESIAN_POINT('',(278.5,-50.7,0.));
#3961 = DIRECTION('',(1.,0.,-0.));
#3962 = DIRECTION('',(0.,-1.,0.));
#3963 = ADVANCED_FACE('',(#3964),#3998,.T.);
#3964 = FACE_BOUND('',#3965,.T.);
#3965 = EDGE_LOOP('',(#3966,#3976,#3984,#3992));
#3966 = ORIENTED_EDGE('',*,*,#3967,.T.);
#3967 = EDGE_CURVE('',#3968,#3970,#3972,.T.);
#3968 = VERTEX_POINT('',#3969);
#3969 = CARTESIAN_POINT('',(161.844521,-114.444521,0.));
#3970 = VERTEX_POINT('',#3971);
#3971 = CARTESIAN_POINT('',(161.844521,-114.444521,1.51));
#3972 = LINE('',#3973,#3974);
#3973 = CARTESIAN_POINT('',(161.844521,-114.444521,0.));
#3974 = VECTOR('',#3975,1.);
#3975 = DIRECTION('',(0.,0.,1.));
#3976 = ORIENTED_EDGE('',*,*,#3977,.T.);
#3977 = EDGE_CURVE('',#3970,#3978,#3980,.T.);
#3978 = VERTEX_POINT('',#3979);
#3979 = CARTESIAN_POINT('',(168.894521,-126.655479,1.51));
#3980 = LINE('',#3981,#3982);
#3981 = CARTESIAN_POINT('',(161.844521,-114.444521,1.51));
#3982 = VECTOR('',#3983,1.);
#3983 = DIRECTION('',(0.500000005938,-0.866025400356,0.));
#3984 = ORIENTED_EDGE('',*,*,#3985,.F.);
#3985 = EDGE_CURVE('',#3986,#3978,#3988,.T.);
#3986 = VERTEX_POINT('',#3987);
#3987 = CARTESIAN_POINT('',(168.894521,-126.655479,0.));
#3988 = LINE('',#3989,#3990);
#3989 = CARTESIAN_POINT('',(168.894521,-126.655479,0.));
#3990 = VECTOR('',#3991,1.);
#3991 = DIRECTION('',(0.,0.,1.));
#3992 = ORIENTED_EDGE('',*,*,#3993,.F.);
#3993 = EDGE_CURVE('',#3968,#3986,#3994,.T.);
#3994 = LINE('',#3995,#3996);
#3995 = CARTESIAN_POINT('',(161.844521,-114.444521,0.));
#3996 = VECTOR('',#3997,1.);
#3997 = DIRECTION('',(0.500000005938,-0.866025400356,0.));
#3998 = PLANE('',#3999);
#3999 = AXIS2_PLACEMENT_3D('',#4000,#4001,#4002);
#4000 = CARTESIAN_POINT('',(161.844521,-114.444521,0.));
#4001 = DIRECTION('',(0.866025400356,0.500000005938,-0.));
#4002 = DIRECTION('',(0.500000005938,-0.866025400356,0.));
#4003 = ADVANCED_FACE('',(#4004),#4029,.T.);
#4004 = FACE_BOUND('',#4005,.T.);
#4005 = EDGE_LOOP('',(#4006,#4007,#4015,#4023));
#4006 = ORIENTED_EDGE('',*,*,#3985,.T.);
#4007 = ORIENTED_EDGE('',*,*,#4008,.T.);
#4008 = EDGE_CURVE('',#3978,#4009,#4011,.T.);
#4009 = VERTEX_POINT('',#4010);
#4010 = CARTESIAN_POINT('',(181.105479,-119.605479,1.51));
#4011 = LINE('',#4012,#4013);
#4012 = CARTESIAN_POINT('',(168.894521,-126.655479,1.51));
#4013 = VECTOR('',#4014,1.);
#4014 = DIRECTION('',(0.866025400356,0.500000005938,0.));
#4015 = ORIENTED_EDGE('',*,*,#4016,.F.);
#4016 = EDGE_CURVE('',#4017,#4009,#4019,.T.);
#4017 = VERTEX_POINT('',#4018);
#4018 = CARTESIAN_POINT('',(181.105479,-119.605479,0.));
#4019 = LINE('',#4020,#4021);
#4020 = CARTESIAN_POINT('',(181.105479,-119.605479,0.));
#4021 = VECTOR('',#4022,1.);
#4022 = DIRECTION('',(0.,0.,1.));
#4023 = ORIENTED_EDGE('',*,*,#4024,.F.);
#4024 = EDGE_CURVE('',#3986,#4017,#4025,.T.);
#4025 = LINE('',#4026,#4027);
#4026 = CARTESIAN_POINT('',(168.894521,-126.655479,0.));
#4027 = VECTOR('',#4028,1.);
#4028 = DIRECTION('',(0.866025400356,0.500000005938,0.));
#4029 = PLANE('',#4030);
#4030 = AXIS2_PLACEMENT_3D('',#4031,#4032,#4033);
#4031 = CARTESIAN_POINT('',(168.894521,-126.655479,0.));
#4032 = DIRECTION('',(-0.500000005938,0.866025400356,0.));
#4033 = DIRECTION('',(0.866025400356,0.500000005938,0.));
#4034 = ADVANCED_FACE('',(#4035),#4060,.T.);
#4035 = FACE_BOUND('',#4036,.T.);
#4036 = EDGE_LOOP('',(#4037,#4038,#4046,#4054));
#4037 = ORIENTED_EDGE('',*,*,#4016,.T.);
#4038 = ORIENTED_EDGE('',*,*,#4039,.T.);
#4039 = EDGE_CURVE('',#4009,#4040,#4042,.T.);
#4040 = VERTEX_POINT('',#4041);
#4041 = CARTESIAN_POINT('',(174.055479,-107.394521,1.51));
#4042 = LINE('',#4043,#4044);
#4043 = CARTESIAN_POINT('',(181.105479,-119.605479,1.51));
#4044 = VECTOR('',#4045,1.);
#4045 = DIRECTION('',(-0.500000005938,0.866025400356,0.));
#4046 = ORIENTED_EDGE('',*,*,#4047,.F.);
#4047 = EDGE_CURVE('',#4048,#4040,#4050,.T.);
#4048 = VERTEX_POINT('',#4049);
#4049 = CARTESIAN_POINT('',(174.055479,-107.394521,0.));
#4050 = LINE('',#4051,#4052);
#4051 = CARTESIAN_POINT('',(174.055479,-107.394521,0.));
#4052 = VECTOR('',#4053,1.);
#4053 = DIRECTION('',(0.,0.,1.));
#4054 = ORIENTED_EDGE('',*,*,#4055,.F.);
#4055 = EDGE_CURVE('',#4017,#4048,#4056,.T.);
#4056 = LINE('',#4057,#4058);
#4057 = CARTESIAN_POINT('',(181.105479,-119.605479,0.));
#4058 = VECTOR('',#4059,1.);
#4059 = DIRECTION('',(-0.500000005938,0.866025400356,0.));
#4060 = PLANE('',#4061);
#4061 = AXIS2_PLACEMENT_3D('',#4062,#4063,#4064);
#4062 = CARTESIAN_POINT('',(181.105479,-119.605479,0.));
#4063 = DIRECTION('',(-0.866025400356,-0.500000005938,0.));
#4064 = DIRECTION('',(-0.500000005938,0.866025400356,0.));
#4065 = ADVANCED_FACE('',(#4066),#4082,.T.);
#4066 = FACE_BOUND('',#4067,.T.);
#4067 = EDGE_LOOP('',(#4068,#4069,#4075,#4076));
#4068 = ORIENTED_EDGE('',*,*,#4047,.T.);
#4069 = ORIENTED_EDGE('',*,*,#4070,.T.);
#4070 = EDGE_CURVE('',#4040,#3970,#4071,.T.);
#4071 = LINE('',#4072,#4073);
#4072 = CARTESIAN_POINT('',(174.055479,-107.394521,1.51));
#4073 = VECTOR('',#4074,1.);
#4074 = DIRECTION('',(-0.866025400356,-0.500000005938,0.));
#4075 = ORIENTED_EDGE('',*,*,#3967,.F.);
#4076 = ORIENTED_EDGE('',*,*,#4077,.F.);
#4077 = EDGE_CURVE('',#4048,#3968,#4078,.T.);
#4078 = LINE('',#4079,#4080);
#4079 = CARTESIAN_POINT('',(174.055479,-107.394521,0.));
#4080 = VECTOR('',#4081,1.);
#4081 = DIRECTION('',(-0.866025400356,-0.500000005938,0.));
#4082 = PLANE('',#4083);
#4083 = AXIS2_PLACEMENT_3D('',#4084,#4085,#4086);
#4084 = CARTESIAN_POINT('',(174.055479,-107.394521,0.));
#4085 = DIRECTION('',(0.500000005938,-0.866025400356,0.));
#4086 = DIRECTION('',(-0.866025400356,-0.500000005938,0.));
#4087 = ADVANCED_FACE('',(#4088),#4122,.T.);
#4088 = FACE_BOUND('',#4089,.T.);
#4089 = EDGE_LOOP('',(#4090,#4100,#4108,#4116));
#4090 = ORIENTED_EDGE('',*,*,#4091,.T.);
#4091 = EDGE_CURVE('',#4092,#4094,#4096,.T.);
#4092 = VERTEX_POINT('',#4093);
#4093 = CARTESIAN_POINT('',(187.25,-122.,0.));
#4094 = VERTEX_POINT('',#4095);
#4095 = CARTESIAN_POINT('',(187.25,-122.,1.51));
#4096 = LINE('',#4097,#4098);
#4097 = CARTESIAN_POINT('',(187.25,-122.,0.));
#4098 = VECTOR('',#4099,1.);
#4099 = DIRECTION('',(0.,0.,1.));
#4100 = ORIENTED_EDGE('',*,*,#4101,.T.);
#4101 = EDGE_CURVE('',#4094,#4102,#4104,.T.);
#4102 = VERTEX_POINT('',#4103);
#4103 = CARTESIAN_POINT('',(201.35,-122.,1.51));
#4104 = LINE('',#4105,#4106);
#4105 = CARTESIAN_POINT('',(187.25,-122.,1.51));
#4106 = VECTOR('',#4107,1.);
#4107 = DIRECTION('',(1.,0.,0.));
#4108 = ORIENTED_EDGE('',*,*,#4109,.F.);
#4109 = EDGE_CURVE('',#4110,#4102,#4112,.T.);
#4110 = VERTEX_POINT('',#4111);
#4111 = CARTESIAN_POINT('',(201.35,-122.,0.));
#4112 = LINE('',#4113,#4114);
#4113 = CARTESIAN_POINT('',(201.35,-122.,0.));
#4114 = VECTOR('',#4115,1.);
#4115 = DIRECTION('',(0.,0.,1.));
#4116 = ORIENTED_EDGE('',*,*,#4117,.F.);
#4117 = EDGE_CURVE('',#4092,#4110,#4118,.T.);
#4118 = LINE('',#4119,#4120);
#4119 = CARTESIAN_POINT('',(187.25,-122.,0.));
#4120 = VECTOR('',#4121,1.);
#4121 = DIRECTION('',(1.,0.,0.));
#4122 = PLANE('',#4123);
#4123 = AXIS2_PLACEMENT_3D('',#4124,#4125,#4126);
#4124 = CARTESIAN_POINT('',(187.25,-122.,0.));
#4125 = DIRECTION('',(0.,1.,0.));
#4126 = DIRECTION('',(1.,0.,0.));
#4127 = ADVANCED_FACE('',(#4128),#4153,.T.);
#4128 = FACE_BOUND('',#4129,.T.);
#4129 = EDGE_LOOP('',(#4130,#4131,#4139,#4147));
#4130 = ORIENTED_EDGE('',*,*,#4109,.T.);
#4131 = ORIENTED_EDGE('',*,*,#4132,.T.);
#4132 = EDGE_CURVE('',#4102,#4133,#4135,.T.);
#4133 = VERTEX_POINT('',#4134);
#4134 = CARTESIAN_POINT('',(201.35,-107.9,1.51));
#4135 = LINE('',#4136,#4137);
#4136 = CARTESIAN_POINT('',(201.35,-122.,1.51));
#4137 = VECTOR('',#4138,1.);
#4138 = DIRECTION('',(0.,1.,0.));
#4139 = ORIENTED_EDGE('',*,*,#4140,.F.);
#4140 = EDGE_CURVE('',#4141,#4133,#4143,.T.);
#4141 = VERTEX_POINT('',#4142);
#4142 = CARTESIAN_POINT('',(201.35,-107.9,0.));
#4143 = LINE('',#4144,#4145);
#4144 = CARTESIAN_POINT('',(201.35,-107.9,0.));
#4145 = VECTOR('',#4146,1.);
#4146 = DIRECTION('',(0.,0.,1.));
#4147 = ORIENTED_EDGE('',*,*,#4148,.F.);
#4148 = EDGE_CURVE('',#4110,#4141,#4149,.T.);
#4149 = LINE('',#4150,#4151);
#4150 = CARTESIAN_POINT('',(201.35,-122.,0.));
#4151 = VECTOR('',#4152,1.);
#4152 = DIRECTION('',(0.,1.,0.));
#4153 = PLANE('',#4154);
#4154 = AXIS2_PLACEMENT_3D('',#4155,#4156,#4157);
#4155 = CARTESIAN_POINT('',(201.35,-122.,0.));
#4156 = DIRECTION('',(-1.,0.,0.));
#4157 = DIRECTION('',(0.,1.,0.));
#4158 = ADVANCED_FACE('',(#4159),#4184,.T.);
#4159 = FACE_BOUND('',#4160,.T.);
#4160 = EDGE_LOOP('',(#4161,#4162,#4170,#4178));
#4161 = ORIENTED_EDGE('',*,*,#4140,.T.);
#4162 = ORIENTED_EDGE('',*,*,#4163,.T.);
#4163 = EDGE_CURVE('',#4133,#4164,#4166,.T.);
#4164 = VERTEX_POINT('',#4165);
#4165 = CARTESIAN_POINT('',(187.25,-107.9,1.51));
#4166 = LINE('',#4167,#4168);
#4167 = CARTESIAN_POINT('',(201.35,-107.9,1.51));
#4168 = VECTOR('',#4169,1.);
#4169 = DIRECTION('',(-1.,0.,0.));
#4170 = ORIENTED_EDGE('',*,*,#4171,.F.);
#4171 = EDGE_CURVE('',#4172,#4164,#4174,.T.);
#4172 = VERTEX_POINT('',#4173);
#4173 = CARTESIAN_POINT('',(187.25,-107.9,0.));
#4174 = LINE('',#4175,#4176);
#4175 = CARTESIAN_POINT('',(187.25,-107.9,0.));
#4176 = VECTOR('',#4177,1.);
#4177 = DIRECTION('',(0.,0.,1.));
#4178 = ORIENTED_EDGE('',*,*,#4179,.F.);
#4179 = EDGE_CURVE('',#4141,#4172,#4180,.T.);
#4180 = LINE('',#4181,#4182);
#4181 = CARTESIAN_POINT('',(201.35,-107.9,0.));
#4182 = VECTOR('',#4183,1.);
#4183 = DIRECTION('',(-1.,0.,0.));
#4184 = PLANE('',#4185);
#4185 = AXIS2_PLACEMENT_3D('',#4186,#4187,#4188);
#4186 = CARTESIAN_POINT('',(201.35,-107.9,0.));
#4187 = DIRECTION('',(0.,-1.,0.));
#4188 = DIRECTION('',(-1.,0.,0.));
#4189 = ADVANCED_FACE('',(#4190),#4206,.T.);
#4190 = FACE_BOUND('',#4191,.T.);
#4191 = EDGE_LOOP('',(#4192,#4193,#4199,#4200));
#4192 = ORIENTED_EDGE('',*,*,#4171,.T.);
#4193 = ORIENTED_EDGE('',*,*,#4194,.T.);
#4194 = EDGE_CURVE('',#4164,#4094,#4195,.T.);
#4195 = LINE('',#4196,#4197);
#4196 = CARTESIAN_POINT('',(187.25,-107.9,1.51));
#4197 = VECTOR('',#4198,1.);
#4198 = DIRECTION('',(0.,-1.,0.));
#4199 = ORIENTED_EDGE('',*,*,#4091,.F.);
#4200 = ORIENTED_EDGE('',*,*,#4201,.F.);
#4201 = EDGE_CURVE('',#4172,#4092,#4202,.T.);
#4202 = LINE('',#4203,#4204);
#4203 = CARTESIAN_POINT('',(187.25,-107.9,0.));
#4204 = VECTOR('',#4205,1.);
#4205 = DIRECTION('',(0.,-1.,0.));
#4206 = PLANE('',#4207);
#4207 = AXIS2_PLACEMENT_3D('',#4208,#4209,#4210);
#4208 = CARTESIAN_POINT('',(187.25,-107.9,0.));
#4209 = DIRECTION('',(1.,0.,-0.));
#4210 = DIRECTION('',(0.,-1.,0.));
#4211 = ADVANCED_FACE('',(#4212),#4246,.T.);
#4212 = FACE_BOUND('',#4213,.T.);
#4213 = EDGE_LOOP('',(#4214,#4224,#4232,#4240));
#4214 = ORIENTED_EDGE('',*,*,#4215,.T.);
#4215 = EDGE_CURVE('',#4216,#4218,#4220,.T.);
#4216 = VERTEX_POINT('',#4217);
#4217 = CARTESIAN_POINT('',(203.85,-119.925,0.));
#4218 = VERTEX_POINT('',#4219);
#4219 = CARTESIAN_POINT('',(203.85,-119.925,1.51));
#4220 = LINE('',#4221,#4222);
#4221 = CARTESIAN_POINT('',(203.85,-119.925,0.));
#4222 = VECTOR('',#4223,1.);
#4223 = DIRECTION('',(0.,0.,1.));
#4224 = ORIENTED_EDGE('',*,*,#4225,.T.);
#4225 = EDGE_CURVE('',#4218,#4226,#4228,.T.);
#4226 = VERTEX_POINT('',#4227);
#4227 = CARTESIAN_POINT('',(217.95,-119.925,1.51));
#4228 = LINE('',#4229,#4230);
#4229 = CARTESIAN_POINT('',(203.85,-119.925,1.51));
#4230 = VECTOR('',#4231,1.);
#4231 = DIRECTION('',(1.,0.,0.));
#4232 = ORIENTED_EDGE('',*,*,#4233,.F.);
#4233 = EDGE_CURVE('',#4234,#4226,#4236,.T.);
#4234 = VERTEX_POINT('',#4235);
#4235 = CARTESIAN_POINT('',(217.95,-119.925,0.));
#4236 = LINE('',#4237,#4238);
#4237 = CARTESIAN_POINT('',(217.95,-119.925,0.));
#4238 = VECTOR('',#4239,1.);
#4239 = DIRECTION('',(0.,0.,1.));
#4240 = ORIENTED_EDGE('',*,*,#4241,.F.);
#4241 = EDGE_CURVE('',#4216,#4234,#4242,.T.);
#4242 = LINE('',#4243,#4244);
#4243 = CARTESIAN_POINT('',(203.85,-119.925,0.));
#4244 = VECTOR('',#4245,1.);
#4245 = DIRECTION('',(1.,0.,0.));
#4246 = PLANE('',#4247);
#4247 = AXIS2_PLACEMENT_3D('',#4248,#4249,#4250);
#4248 = CARTESIAN_POINT('',(203.85,-119.925,0.));
#4249 = DIRECTION('',(0.,1.,0.));
#4250 = DIRECTION('',(1.,0.,0.));
#4251 = ADVANCED_FACE('',(#4252),#4277,.T.);
#4252 = FACE_BOUND('',#4253,.T.);
#4253 = EDGE_LOOP('',(#4254,#4255,#4263,#4271));
#4254 = ORIENTED_EDGE('',*,*,#4233,.T.);
#4255 = ORIENTED_EDGE('',*,*,#4256,.T.);
#4256 = EDGE_CURVE('',#4226,#4257,#4259,.T.);
#4257 = VERTEX_POINT('',#4258);
#4258 = CARTESIAN_POINT('',(217.95,-105.825,1.51));
#4259 = LINE('',#4260,#4261);
#4260 = CARTESIAN_POINT('',(217.95,-119.925,1.51));
#4261 = VECTOR('',#4262,1.);
#4262 = DIRECTION('',(0.,1.,0.));
#4263 = ORIENTED_EDGE('',*,*,#4264,.F.);
#4264 = EDGE_CURVE('',#4265,#4257,#4267,.T.);
#4265 = VERTEX_POINT('',#4266);
#4266 = CARTESIAN_POINT('',(217.95,-105.825,0.));
#4267 = LINE('',#4268,#4269);
#4268 = CARTESIAN_POINT('',(217.95,-105.825,0.));
#4269 = VECTOR('',#4270,1.);
#4270 = DIRECTION('',(0.,0.,1.));
#4271 = ORIENTED_EDGE('',*,*,#4272,.F.);
#4272 = EDGE_CURVE('',#4234,#4265,#4273,.T.);
#4273 = LINE('',#4274,#4275);
#4274 = CARTESIAN_POINT('',(217.95,-119.925,0.));
#4275 = VECTOR('',#4276,1.);
#4276 = DIRECTION('',(0.,1.,0.));
#4277 = PLANE('',#4278);
#4278 = AXIS2_PLACEMENT_3D('',#4279,#4280,#4281);
#4279 = CARTESIAN_POINT('',(217.95,-119.925,0.));
#4280 = DIRECTION('',(-1.,0.,0.));
#4281 = DIRECTION('',(0.,1.,0.));
#4282 = ADVANCED_FACE('',(#4283),#4308,.T.);
#4283 = FACE_BOUND('',#4284,.T.);
#4284 = EDGE_LOOP('',(#4285,#4286,#4294,#4302));
#4285 = ORIENTED_EDGE('',*,*,#4264,.T.);
#4286 = ORIENTED_EDGE('',*,*,#4287,.T.);
#4287 = EDGE_CURVE('',#4257,#4288,#4290,.T.);
#4288 = VERTEX_POINT('',#4289);
#4289 = CARTESIAN_POINT('',(203.85,-105.825,1.51));
#4290 = LINE('',#4291,#4292);
#4291 = CARTESIAN_POINT('',(217.95,-105.825,1.51));
#4292 = VECTOR('',#4293,1.);
#4293 = DIRECTION('',(-1.,0.,0.));
#4294 = ORIENTED_EDGE('',*,*,#4295,.F.);
#4295 = EDGE_CURVE('',#4296,#4288,#4298,.T.);
#4296 = VERTEX_POINT('',#4297);
#4297 = CARTESIAN_POINT('',(203.85,-105.825,0.));
#4298 = LINE('',#4299,#4300);
#4299 = CARTESIAN_POINT('',(203.85,-105.825,0.));
#4300 = VECTOR('',#4301,1.);
#4301 = DIRECTION('',(0.,0.,1.));
#4302 = ORIENTED_EDGE('',*,*,#4303,.F.);
#4303 = EDGE_CURVE('',#4265,#4296,#4304,.T.);
#4304 = LINE('',#4305,#4306);
#4305 = CARTESIAN_POINT('',(217.95,-105.825,0.));
#4306 = VECTOR('',#4307,1.);
#4307 = DIRECTION('',(-1.,0.,0.));
#4308 = PLANE('',#4309);
#4309 = AXIS2_PLACEMENT_3D('',#4310,#4311,#4312);
#4310 = CARTESIAN_POINT('',(217.95,-105.825,0.));
#4311 = DIRECTION('',(0.,-1.,0.));
#4312 = DIRECTION('',(-1.,0.,0.));
#4313 = ADVANCED_FACE('',(#4314),#4330,.T.);
#4314 = FACE_BOUND('',#4315,.T.);
#4315 = EDGE_LOOP('',(#4316,#4317,#4323,#4324));
#4316 = ORIENTED_EDGE('',*,*,#4295,.T.);
#4317 = ORIENTED_EDGE('',*,*,#4318,.T.);
#4318 = EDGE_CURVE('',#4288,#4218,#4319,.T.);
#4319 = LINE('',#4320,#4321);
#4320 = CARTESIAN_POINT('',(203.85,-105.825,1.51));
#4321 = VECTOR('',#4322,1.);
#4322 = DIRECTION('',(0.,-1.,0.));
#4323 = ORIENTED_EDGE('',*,*,#4215,.F.);
#4324 = ORIENTED_EDGE('',*,*,#4325,.F.);
#4325 = EDGE_CURVE('',#4296,#4216,#4326,.T.);
#4326 = LINE('',#4327,#4328);
#4327 = CARTESIAN_POINT('',(203.85,-105.825,0.));
#4328 = VECTOR('',#4329,1.);
#4329 = DIRECTION('',(0.,-1.,0.));
#4330 = PLANE('',#4331);
#4331 = AXIS2_PLACEMENT_3D('',#4332,#4333,#4334);
#4332 = CARTESIAN_POINT('',(203.85,-105.825,0.));
#4333 = DIRECTION('',(1.,0.,-0.));
#4334 = DIRECTION('',(0.,-1.,0.));
#4335 = ADVANCED_FACE('',(#4336),#4370,.T.);
#4336 = FACE_BOUND('',#4337,.T.);
#4337 = EDGE_LOOP('',(#4338,#4348,#4356,#4364));
#4338 = ORIENTED_EDGE('',*,*,#4339,.T.);
#4339 = EDGE_CURVE('',#4340,#4342,#4344,.T.);
#4340 = VERTEX_POINT('',#4341);
#4341 = CARTESIAN_POINT('',(261.95,-109.135,0.));
#4342 = VERTEX_POINT('',#4343);
#4343 = CARTESIAN_POINT('',(261.95,-109.135,1.51));
#4344 = LINE('',#4345,#4346);
#4345 = CARTESIAN_POINT('',(261.95,-109.135,0.));
#4346 = VECTOR('',#4347,1.);
#4347 = DIRECTION('',(0.,0.,1.));
#4348 = ORIENTED_EDGE('',*,*,#4349,.T.);
#4349 = EDGE_CURVE('',#4342,#4350,#4352,.T.);
#4350 = VERTEX_POINT('',#4351);
#4351 = CARTESIAN_POINT('',(276.05,-109.135,1.51));
#4352 = LINE('',#4353,#4354);
#4353 = CARTESIAN_POINT('',(261.95,-109.135,1.51));
#4354 = VECTOR('',#4355,1.);
#4355 = DIRECTION('',(1.,0.,0.));
#4356 = ORIENTED_EDGE('',*,*,#4357,.F.);
#4357 = EDGE_CURVE('',#4358,#4350,#4360,.T.);
#4358 = VERTEX_POINT('',#4359);
#4359 = CARTESIAN_POINT('',(276.05,-109.135,0.));
#4360 = LINE('',#4361,#4362);
#4361 = CARTESIAN_POINT('',(276.05,-109.135,0.));
#4362 = VECTOR('',#4363,1.);
#4363 = DIRECTION('',(0.,0.,1.));
#4364 = ORIENTED_EDGE('',*,*,#4365,.F.);
#4365 = EDGE_CURVE('',#4340,#4358,#4366,.T.);
#4366 = LINE('',#4367,#4368);
#4367 = CARTESIAN_POINT('',(261.95,-109.135,0.));
#4368 = VECTOR('',#4369,1.);
#4369 = DIRECTION('',(1.,0.,0.));
#4370 = PLANE('',#4371);
#4371 = AXIS2_PLACEMENT_3D('',#4372,#4373,#4374);
#4372 = CARTESIAN_POINT('',(261.95,-109.135,0.));
#4373 = DIRECTION('',(0.,1.,0.));
#4374 = DIRECTION('',(1.,0.,0.));
#4375 = ADVANCED_FACE('',(#4376),#4401,.T.);
#4376 = FACE_BOUND('',#4377,.T.);
#4377 = EDGE_LOOP('',(#4378,#4379,#4387,#4395));
#4378 = ORIENTED_EDGE('',*,*,#4357,.T.);
#4379 = ORIENTED_EDGE('',*,*,#4380,.T.);
#4380 = EDGE_CURVE('',#4350,#4381,#4383,.T.);
#4381 = VERTEX_POINT('',#4382);
#4382 = CARTESIAN_POINT('',(276.05,-95.035,1.51));
#4383 = LINE('',#4384,#4385);
#4384 = CARTESIAN_POINT('',(276.05,-109.135,1.51));
#4385 = VECTOR('',#4386,1.);
#4386 = DIRECTION('',(0.,1.,0.));
#4387 = ORIENTED_EDGE('',*,*,#4388,.F.);
#4388 = EDGE_CURVE('',#4389,#4381,#4391,.T.);
#4389 = VERTEX_POINT('',#4390);
#4390 = CARTESIAN_POINT('',(276.05,-95.035,0.));
#4391 = LINE('',#4392,#4393);
#4392 = CARTESIAN_POINT('',(276.05,-95.035,0.));
#4393 = VECTOR('',#4394,1.);
#4394 = DIRECTION('',(0.,0.,1.));
#4395 = ORIENTED_EDGE('',*,*,#4396,.F.);
#4396 = EDGE_CURVE('',#4358,#4389,#4397,.T.);
#4397 = LINE('',#4398,#4399);
#4398 = CARTESIAN_POINT('',(276.05,-109.135,0.));
#4399 = VECTOR('',#4400,1.);
#4400 = DIRECTION('',(0.,1.,0.));
#4401 = PLANE('',#4402);
#4402 = AXIS2_PLACEMENT_3D('',#4403,#4404,#4405);
#4403 = CARTESIAN_POINT('',(276.05,-109.135,0.));
#4404 = DIRECTION('',(-1.,0.,0.));
#4405 = DIRECTION('',(0.,1.,0.));
#4406 = ADVANCED_FACE('',(#4407),#4432,.T.);
#4407 = FACE_BOUND('',#4408,.T.);
#4408 = EDGE_LOOP('',(#4409,#4410,#4418,#4426));
#4409 = ORIENTED_EDGE('',*,*,#4388,.T.);
#4410 = ORIENTED_EDGE('',*,*,#4411,.T.);
#4411 = EDGE_CURVE('',#4381,#4412,#4414,.T.);
#4412 = VERTEX_POINT('',#4413);
#4413 = CARTESIAN_POINT('',(261.95,-95.035,1.51));
#4414 = LINE('',#4415,#4416);
#4415 = CARTESIAN_POINT('',(276.05,-95.035,1.51));
#4416 = VECTOR('',#4417,1.);
#4417 = DIRECTION('',(-1.,0.,0.));
#4418 = ORIENTED_EDGE('',*,*,#4419,.F.);
#4419 = EDGE_CURVE('',#4420,#4412,#4422,.T.);
#4420 = VERTEX_POINT('',#4421);
#4421 = CARTESIAN_POINT('',(261.95,-95.035,0.));
#4422 = LINE('',#4423,#4424);
#4423 = CARTESIAN_POINT('',(261.95,-95.035,0.));
#4424 = VECTOR('',#4425,1.);
#4425 = DIRECTION('',(0.,0.,1.));
#4426 = ORIENTED_EDGE('',*,*,#4427,.F.);
#4427 = EDGE_CURVE('',#4389,#4420,#4428,.T.);
#4428 = LINE('',#4429,#4430);
#4429 = CARTESIAN_POINT('',(276.05,-95.035,0.));
#4430 = VECTOR('',#4431,1.);
#4431 = DIRECTION('',(-1.,0.,0.));
#4432 = PLANE('',#4433);
#4433 = AXIS2_PLACEMENT_3D('',#4434,#4435,#4436);
#4434 = CARTESIAN_POINT('',(276.05,-95.035,0.));
#4435 = DIRECTION('',(0.,-1.,0.));
#4436 = DIRECTION('',(-1.,0.,0.));
#4437 = ADVANCED_FACE('',(#4438),#4454,.T.);
#4438 = FACE_BOUND('',#4439,.T.);
#4439 = EDGE_LOOP('',(#4440,#4441,#4447,#4448));
#4440 = ORIENTED_EDGE('',*,*,#4419,.T.);
#4441 = ORIENTED_EDGE('',*,*,#4442,.T.);
#4442 = EDGE_CURVE('',#4412,#4342,#4443,.T.);
#4443 = LINE('',#4444,#4445);
#4444 = CARTESIAN_POINT('',(261.95,-95.035,1.51));
#4445 = VECTOR('',#4446,1.);
#4446 = DIRECTION('',(0.,-1.,0.));
#4447 = ORIENTED_EDGE('',*,*,#4339,.F.);
#4448 = ORIENTED_EDGE('',*,*,#4449,.F.);
#4449 = EDGE_CURVE('',#4420,#4340,#4450,.T.);
#4450 = LINE('',#4451,#4452);
#4451 = CARTESIAN_POINT('',(261.95,-95.035,0.));
#4452 = VECTOR('',#4453,1.);
#4453 = DIRECTION('',(0.,-1.,0.));
#4454 = PLANE('',#4455);
#4455 = AXIS2_PLACEMENT_3D('',#4456,#4457,#4458);
#4456 = CARTESIAN_POINT('',(261.95,-95.035,0.));
#4457 = DIRECTION('',(1.,0.,-0.));
#4458 = DIRECTION('',(0.,-1.,0.));
#4459 = ADVANCED_FACE('',(#4460),#4494,.T.);
#4460 = FACE_BOUND('',#4461,.T.);
#4461 = EDGE_LOOP('',(#4462,#4472,#4480,#4488));
#4462 = ORIENTED_EDGE('',*,*,#4463,.T.);
#4463 = EDGE_CURVE('',#4464,#4466,#4468,.T.);
#4464 = VERTEX_POINT('',#4465);
#4465 = CARTESIAN_POINT('',(245.35,-107.475,0.));
#4466 = VERTEX_POINT('',#4467);
#4467 = CARTESIAN_POINT('',(245.35,-107.475,1.51));
#4468 = LINE('',#4469,#4470);
#4469 = CARTESIAN_POINT('',(245.35,-107.475,0.));
#4470 = VECTOR('',#4471,1.);
#4471 = DIRECTION('',(0.,0.,1.));
#4472 = ORIENTED_EDGE('',*,*,#4473,.T.);
#4473 = EDGE_CURVE('',#4466,#4474,#4476,.T.);
#4474 = VERTEX_POINT('',#4475);
#4475 = CARTESIAN_POINT('',(259.45,-107.475,1.51));
#4476 = LINE('',#4477,#4478);
#4477 = CARTESIAN_POINT('',(245.35,-107.475,1.51));
#4478 = VECTOR('',#4479,1.);
#4479 = DIRECTION('',(1.,0.,0.));
#4480 = ORIENTED_EDGE('',*,*,#4481,.F.);
#4481 = EDGE_CURVE('',#4482,#4474,#4484,.T.);
#4482 = VERTEX_POINT('',#4483);
#4483 = CARTESIAN_POINT('',(259.45,-107.475,0.));
#4484 = LINE('',#4485,#4486);
#4485 = CARTESIAN_POINT('',(259.45,-107.475,0.));
#4486 = VECTOR('',#4487,1.);
#4487 = DIRECTION('',(0.,0.,1.));
#4488 = ORIENTED_EDGE('',*,*,#4489,.F.);
#4489 = EDGE_CURVE('',#4464,#4482,#4490,.T.);
#4490 = LINE('',#4491,#4492);
#4491 = CARTESIAN_POINT('',(245.35,-107.475,0.));
#4492 = VECTOR('',#4493,1.);
#4493 = DIRECTION('',(1.,0.,0.));
#4494 = PLANE('',#4495);
#4495 = AXIS2_PLACEMENT_3D('',#4496,#4497,#4498);
#4496 = CARTESIAN_POINT('',(245.35,-107.475,0.));
#4497 = DIRECTION('',(0.,1.,0.));
#4498 = DIRECTION('',(1.,0.,0.));
#4499 = ADVANCED_FACE('',(#4500),#4525,.T.);
#4500 = FACE_BOUND('',#4501,.T.);
#4501 = EDGE_LOOP('',(#4502,#4503,#4511,#4519));
#4502 = ORIENTED_EDGE('',*,*,#4481,.T.);
#4503 = ORIENTED_EDGE('',*,*,#4504,.T.);
#4504 = EDGE_CURVE('',#4474,#4505,#4507,.T.);
#4505 = VERTEX_POINT('',#4506);
#4506 = CARTESIAN_POINT('',(259.45,-93.375,1.51));
#4507 = LINE('',#4508,#4509);
#4508 = CARTESIAN_POINT('',(259.45,-107.475,1.51));
#4509 = VECTOR('',#4510,1.);
#4510 = DIRECTION('',(0.,1.,0.));
#4511 = ORIENTED_EDGE('',*,*,#4512,.F.);
#4512 = EDGE_CURVE('',#4513,#4505,#4515,.T.);
#4513 = VERTEX_POINT('',#4514);
#4514 = CARTESIAN_POINT('',(259.45,-93.375,0.));
#4515 = LINE('',#4516,#4517);
#4516 = CARTESIAN_POINT('',(259.45,-93.375,0.));
#4517 = VECTOR('',#4518,1.);
#4518 = DIRECTION('',(0.,0.,1.));
#4519 = ORIENTED_EDGE('',*,*,#4520,.F.);
#4520 = EDGE_CURVE('',#4482,#4513,#4521,.T.);
#4521 = LINE('',#4522,#4523);
#4522 = CARTESIAN_POINT('',(259.45,-107.475,0.));
#4523 = VECTOR('',#4524,1.);
#4524 = DIRECTION('',(0.,1.,0.));
#4525 = PLANE('',#4526);
#4526 = AXIS2_PLACEMENT_3D('',#4527,#4528,#4529);
#4527 = CARTESIAN_POINT('',(259.45,-107.475,0.));
#4528 = DIRECTION('',(-1.,0.,0.));
#4529 = DIRECTION('',(0.,1.,0.));
#4530 = ADVANCED_FACE('',(#4531),#4556,.T.);
#4531 = FACE_BOUND('',#4532,.T.);
#4532 = EDGE_LOOP('',(#4533,#4534,#4542,#4550));
#4533 = ORIENTED_EDGE('',*,*,#4512,.T.);
#4534 = ORIENTED_EDGE('',*,*,#4535,.T.);
#4535 = EDGE_CURVE('',#4505,#4536,#4538,.T.);
#4536 = VERTEX_POINT('',#4537);
#4537 = CARTESIAN_POINT('',(245.35,-93.375,1.51));
#4538 = LINE('',#4539,#4540);
#4539 = CARTESIAN_POINT('',(259.45,-93.375,1.51));
#4540 = VECTOR('',#4541,1.);
#4541 = DIRECTION('',(-1.,0.,0.));
#4542 = ORIENTED_EDGE('',*,*,#4543,.F.);
#4543 = EDGE_CURVE('',#4544,#4536,#4546,.T.);
#4544 = VERTEX_POINT('',#4545);
#4545 = CARTESIAN_POINT('',(245.35,-93.375,0.));
#4546 = LINE('',#4547,#4548);
#4547 = CARTESIAN_POINT('',(245.35,-93.375,0.));
#4548 = VECTOR('',#4549,1.);
#4549 = DIRECTION('',(0.,0.,1.));
#4550 = ORIENTED_EDGE('',*,*,#4551,.F.);
#4551 = EDGE_CURVE('',#4513,#4544,#4552,.T.);
#4552 = LINE('',#4553,#4554);
#4553 = CARTESIAN_POINT('',(259.45,-93.375,0.));
#4554 = VECTOR('',#4555,1.);
#4555 = DIRECTION('',(-1.,0.,0.));
#4556 = PLANE('',#4557);
#4557 = AXIS2_PLACEMENT_3D('',#4558,#4559,#4560);
#4558 = CARTESIAN_POINT('',(259.45,-93.375,0.));
#4559 = DIRECTION('',(0.,-1.,0.));
#4560 = DIRECTION('',(-1.,0.,0.));
#4561 = ADVANCED_FACE('',(#4562),#4578,.T.);
#4562 = FACE_BOUND('',#4563,.T.);
#4563 = EDGE_LOOP('',(#4564,#4565,#4571,#4572));
#4564 = ORIENTED_EDGE('',*,*,#4543,.T.);
#4565 = ORIENTED_EDGE('',*,*,#4566,.T.);
#4566 = EDGE_CURVE('',#4536,#4466,#4567,.T.);
#4567 = LINE('',#4568,#4569);
#4568 = CARTESIAN_POINT('',(245.35,-93.375,1.51));
#4569 = VECTOR('',#4570,1.);
#4570 = DIRECTION('',(0.,-1.,0.));
#4571 = ORIENTED_EDGE('',*,*,#4463,.F.);
#4572 = ORIENTED_EDGE('',*,*,#4573,.F.);
#4573 = EDGE_CURVE('',#4544,#4464,#4574,.T.);
#4574 = LINE('',#4575,#4576);
#4575 = CARTESIAN_POINT('',(245.35,-93.375,0.));
#4576 = VECTOR('',#4577,1.);
#4577 = DIRECTION('',(0.,-1.,0.));
#4578 = PLANE('',#4579);
#4579 = AXIS2_PLACEMENT_3D('',#4580,#4581,#4582);
#4580 = CARTESIAN_POINT('',(245.35,-93.375,0.));
#4581 = DIRECTION('',(1.,0.,-0.));
#4582 = DIRECTION('',(0.,-1.,0.));
#4583 = ADVANCED_FACE('',(#4584),#4618,.T.);
#4584 = FACE_BOUND('',#4585,.T.);
#4585 = EDGE_LOOP('',(#4586,#4596,#4604,#4612));
#4586 = ORIENTED_EDGE('',*,*,#4587,.T.);
#4587 = EDGE_CURVE('',#4588,#4590,#4592,.T.);
#4588 = VERTEX_POINT('',#4589);
#4589 = CARTESIAN_POINT('',(178.95,-105.4,0.));
#4590 = VERTEX_POINT('',#4591);
#4591 = CARTESIAN_POINT('',(178.95,-105.4,1.51));
#4592 = LINE('',#4593,#4594);
#4593 = CARTESIAN_POINT('',(178.95,-105.4,0.));
#4594 = VECTOR('',#4595,1.);
#4595 = DIRECTION('',(0.,0.,1.));
#4596 = ORIENTED_EDGE('',*,*,#4597,.T.);
#4597 = EDGE_CURVE('',#4590,#4598,#4600,.T.);
#4598 = VERTEX_POINT('',#4599);
#4599 = CARTESIAN_POINT('',(193.05,-105.4,1.51));
#4600 = LINE('',#4601,#4602);
#4601 = CARTESIAN_POINT('',(178.95,-105.4,1.51));
#4602 = VECTOR('',#4603,1.);
#4603 = DIRECTION('',(1.,0.,0.));
#4604 = ORIENTED_EDGE('',*,*,#4605,.F.);
#4605 = EDGE_CURVE('',#4606,#4598,#4608,.T.);
#4606 = VERTEX_POINT('',#4607);
#4607 = CARTESIAN_POINT('',(193.05,-105.4,0.));
#4608 = LINE('',#4609,#4610);
#4609 = CARTESIAN_POINT('',(193.05,-105.4,0.));
#4610 = VECTOR('',#4611,1.);
#4611 = DIRECTION('',(0.,0.,1.));
#4612 = ORIENTED_EDGE('',*,*,#4613,.F.);
#4613 = EDGE_CURVE('',#4588,#4606,#4614,.T.);
#4614 = LINE('',#4615,#4616);
#4615 = CARTESIAN_POINT('',(178.95,-105.4,0.));
#4616 = VECTOR('',#4617,1.);
#4617 = DIRECTION('',(1.,0.,0.));
#4618 = PLANE('',#4619);
#4619 = AXIS2_PLACEMENT_3D('',#4620,#4621,#4622);
#4620 = CARTESIAN_POINT('',(178.95,-105.4,0.));
#4621 = DIRECTION('',(0.,1.,0.));
#4622 = DIRECTION('',(1.,0.,0.));
#4623 = ADVANCED_FACE('',(#4624),#4649,.T.);
#4624 = FACE_BOUND('',#4625,.T.);
#4625 = EDGE_LOOP('',(#4626,#4627,#4635,#4643));
#4626 = ORIENTED_EDGE('',*,*,#4605,.T.);
#4627 = ORIENTED_EDGE('',*,*,#4628,.T.);
#4628 = EDGE_CURVE('',#4598,#4629,#4631,.T.);
#4629 = VERTEX_POINT('',#4630);
#4630 = CARTESIAN_POINT('',(193.05,-91.3,1.51));
#4631 = LINE('',#4632,#4633);
#4632 = CARTESIAN_POINT('',(193.05,-105.4,1.51));
#4633 = VECTOR('',#4634,1.);
#4634 = DIRECTION('',(0.,1.,0.));
#4635 = ORIENTED_EDGE('',*,*,#4636,.F.);
#4636 = EDGE_CURVE('',#4637,#4629,#4639,.T.);
#4637 = VERTEX_POINT('',#4638);
#4638 = CARTESIAN_POINT('',(193.05,-91.3,0.));
#4639 = LINE('',#4640,#4641);
#4640 = CARTESIAN_POINT('',(193.05,-91.3,0.));
#4641 = VECTOR('',#4642,1.);
#4642 = DIRECTION('',(0.,0.,1.));
#4643 = ORIENTED_EDGE('',*,*,#4644,.F.);
#4644 = EDGE_CURVE('',#4606,#4637,#4645,.T.);
#4645 = LINE('',#4646,#4647);
#4646 = CARTESIAN_POINT('',(193.05,-105.4,0.));
#4647 = VECTOR('',#4648,1.);
#4648 = DIRECTION('',(0.,1.,0.));
#4649 = PLANE('',#4650);
#4650 = AXIS2_PLACEMENT_3D('',#4651,#4652,#4653);
#4651 = CARTESIAN_POINT('',(193.05,-105.4,0.));
#4652 = DIRECTION('',(-1.,0.,0.));
#4653 = DIRECTION('',(0.,1.,0.));
#4654 = ADVANCED_FACE('',(#4655),#4680,.T.);
#4655 = FACE_BOUND('',#4656,.T.);
#4656 = EDGE_LOOP('',(#4657,#4658,#4666,#4674));
#4657 = ORIENTED_EDGE('',*,*,#4636,.T.);
#4658 = ORIENTED_EDGE('',*,*,#4659,.T.);
#4659 = EDGE_CURVE('',#4629,#4660,#4662,.T.);
#4660 = VERTEX_POINT('',#4661);
#4661 = CARTESIAN_POINT('',(178.95,-91.3,1.51));
#4662 = LINE('',#4663,#4664);
#4663 = CARTESIAN_POINT('',(193.05,-91.3,1.51));
#4664 = VECTOR('',#4665,1.);
#4665 = DIRECTION('',(-1.,0.,0.));
#4666 = ORIENTED_EDGE('',*,*,#4667,.F.);
#4667 = EDGE_CURVE('',#4668,#4660,#4670,.T.);
#4668 = VERTEX_POINT('',#4669);
#4669 = CARTESIAN_POINT('',(178.95,-91.3,0.));
#4670 = LINE('',#4671,#4672);
#4671 = CARTESIAN_POINT('',(178.95,-91.3,0.));
#4672 = VECTOR('',#4673,1.);
#4673 = DIRECTION('',(0.,0.,1.));
#4674 = ORIENTED_EDGE('',*,*,#4675,.F.);
#4675 = EDGE_CURVE('',#4637,#4668,#4676,.T.);
#4676 = LINE('',#4677,#4678);
#4677 = CARTESIAN_POINT('',(193.05,-91.3,0.));
#4678 = VECTOR('',#4679,1.);
#4679 = DIRECTION('',(-1.,0.,0.));
#4680 = PLANE('',#4681);
#4681 = AXIS2_PLACEMENT_3D('',#4682,#4683,#4684);
#4682 = CARTESIAN_POINT('',(193.05,-91.3,0.));
#4683 = DIRECTION('',(0.,-1.,0.));
#4684 = DIRECTION('',(-1.,0.,0.));
#4685 = ADVANCED_FACE('',(#4686),#4702,.T.);
#4686 = FACE_BOUND('',#4687,.T.);
#4687 = EDGE_LOOP('',(#4688,#4689,#4695,#4696));
#4688 = ORIENTED_EDGE('',*,*,#4667,.T.);
#4689 = ORIENTED_EDGE('',*,*,#4690,.T.);
#4690 = EDGE_CURVE('',#4660,#4590,#4691,.T.);
#4691 = LINE('',#4692,#4693);
#4692 = CARTESIAN_POINT('',(178.95,-91.3,1.51));
#4693 = VECTOR('',#4694,1.);
#4694 = DIRECTION('',(0.,-1.,0.));
#4695 = ORIENTED_EDGE('',*,*,#4587,.F.);
#4696 = ORIENTED_EDGE('',*,*,#4697,.F.);
#4697 = EDGE_CURVE('',#4668,#4588,#4698,.T.);
#4698 = LINE('',#4699,#4700);
#4699 = CARTESIAN_POINT('',(178.95,-91.3,0.));
#4700 = VECTOR('',#4701,1.);
#4701 = DIRECTION('',(0.,-1.,0.));
#4702 = PLANE('',#4703);
#4703 = AXIS2_PLACEMENT_3D('',#4704,#4705,#4706);
#4704 = CARTESIAN_POINT('',(178.95,-91.3,0.));
#4705 = DIRECTION('',(1.,0.,-0.));
#4706 = DIRECTION('',(0.,-1.,0.));
#4707 = ADVANCED_FACE('',(#4708),#4742,.T.);
#4708 = FACE_BOUND('',#4709,.T.);
#4709 = EDGE_LOOP('',(#4710,#4720,#4728,#4736));
#4710 = ORIENTED_EDGE('',*,*,#4711,.T.);
#4711 = EDGE_CURVE('',#4712,#4714,#4716,.T.);
#4712 = VERTEX_POINT('',#4713);
#4713 = CARTESIAN_POINT('',(195.55,-103.325,0.));
#4714 = VERTEX_POINT('',#4715);
#4715 = CARTESIAN_POINT('',(195.55,-103.325,1.51));
#4716 = LINE('',#4717,#4718);
#4717 = CARTESIAN_POINT('',(195.55,-103.325,0.));
#4718 = VECTOR('',#4719,1.);
#4719 = DIRECTION('',(0.,0.,1.));
#4720 = ORIENTED_EDGE('',*,*,#4721,.T.);
#4721 = EDGE_CURVE('',#4714,#4722,#4724,.T.);
#4722 = VERTEX_POINT('',#4723);
#4723 = CARTESIAN_POINT('',(209.65,-103.325,1.51));
#4724 = LINE('',#4725,#4726);
#4725 = CARTESIAN_POINT('',(195.55,-103.325,1.51));
#4726 = VECTOR('',#4727,1.);
#4727 = DIRECTION('',(1.,0.,0.));
#4728 = ORIENTED_EDGE('',*,*,#4729,.F.);
#4729 = EDGE_CURVE('',#4730,#4722,#4732,.T.);
#4730 = VERTEX_POINT('',#4731);
#4731 = CARTESIAN_POINT('',(209.65,-103.325,0.));
#4732 = LINE('',#4733,#4734);
#4733 = CARTESIAN_POINT('',(209.65,-103.325,0.));
#4734 = VECTOR('',#4735,1.);
#4735 = DIRECTION('',(0.,0.,1.));
#4736 = ORIENTED_EDGE('',*,*,#4737,.F.);
#4737 = EDGE_CURVE('',#4712,#4730,#4738,.T.);
#4738 = LINE('',#4739,#4740);
#4739 = CARTESIAN_POINT('',(195.55,-103.325,0.));
#4740 = VECTOR('',#4741,1.);
#4741 = DIRECTION('',(1.,0.,0.));
#4742 = PLANE('',#4743);
#4743 = AXIS2_PLACEMENT_3D('',#4744,#4745,#4746);
#4744 = CARTESIAN_POINT('',(195.55,-103.325,0.));
#4745 = DIRECTION('',(0.,1.,0.));
#4746 = DIRECTION('',(1.,0.,0.));
#4747 = ADVANCED_FACE('',(#4748),#4773,.T.);
#4748 = FACE_BOUND('',#4749,.T.);
#4749 = EDGE_LOOP('',(#4750,#4751,#4759,#4767));
#4750 = ORIENTED_EDGE('',*,*,#4729,.T.);
#4751 = ORIENTED_EDGE('',*,*,#4752,.T.);
#4752 = EDGE_CURVE('',#4722,#4753,#4755,.T.);
#4753 = VERTEX_POINT('',#4754);
#4754 = CARTESIAN_POINT('',(209.65,-89.225,1.51));
#4755 = LINE('',#4756,#4757);
#4756 = CARTESIAN_POINT('',(209.65,-103.325,1.51));
#4757 = VECTOR('',#4758,1.);
#4758 = DIRECTION('',(0.,1.,0.));
#4759 = ORIENTED_EDGE('',*,*,#4760,.F.);
#4760 = EDGE_CURVE('',#4761,#4753,#4763,.T.);
#4761 = VERTEX_POINT('',#4762);
#4762 = CARTESIAN_POINT('',(209.65,-89.225,0.));
#4763 = LINE('',#4764,#4765);
#4764 = CARTESIAN_POINT('',(209.65,-89.225,0.));
#4765 = VECTOR('',#4766,1.);
#4766 = DIRECTION('',(0.,0.,1.));
#4767 = ORIENTED_EDGE('',*,*,#4768,.F.);
#4768 = EDGE_CURVE('',#4730,#4761,#4769,.T.);
#4769 = LINE('',#4770,#4771);
#4770 = CARTESIAN_POINT('',(209.65,-103.325,0.));
#4771 = VECTOR('',#4772,1.);
#4772 = DIRECTION('',(0.,1.,0.));
#4773 = PLANE('',#4774);
#4774 = AXIS2_PLACEMENT_3D('',#4775,#4776,#4777);
#4775 = CARTESIAN_POINT('',(209.65,-103.325,0.));
#4776 = DIRECTION('',(-1.,0.,0.));
#4777 = DIRECTION('',(0.,1.,0.));
#4778 = ADVANCED_FACE('',(#4779),#4804,.T.);
#4779 = FACE_BOUND('',#4780,.T.);
#4780 = EDGE_LOOP('',(#4781,#4782,#4790,#4798));
#4781 = ORIENTED_EDGE('',*,*,#4760,.T.);
#4782 = ORIENTED_EDGE('',*,*,#4783,.T.);
#4783 = EDGE_CURVE('',#4753,#4784,#4786,.T.);
#4784 = VERTEX_POINT('',#4785);
#4785 = CARTESIAN_POINT('',(195.55,-89.225,1.51));
#4786 = LINE('',#4787,#4788);
#4787 = CARTESIAN_POINT('',(209.65,-89.225,1.51));
#4788 = VECTOR('',#4789,1.);
#4789 = DIRECTION('',(-1.,0.,0.));
#4790 = ORIENTED_EDGE('',*,*,#4791,.F.);
#4791 = EDGE_CURVE('',#4792,#4784,#4794,.T.);
#4792 = VERTEX_POINT('',#4793);
#4793 = CARTESIAN_POINT('',(195.55,-89.225,0.));
#4794 = LINE('',#4795,#4796);
#4795 = CARTESIAN_POINT('',(195.55,-89.225,0.));
#4796 = VECTOR('',#4797,1.);
#4797 = DIRECTION('',(0.,0.,1.));
#4798 = ORIENTED_EDGE('',*,*,#4799,.F.);
#4799 = EDGE_CURVE('',#4761,#4792,#4800,.T.);
#4800 = LINE('',#4801,#4802);
#4801 = CARTESIAN_POINT('',(209.65,-89.225,0.));
#4802 = VECTOR('',#4803,1.);
#4803 = DIRECTION('',(-1.,0.,0.));
#4804 = PLANE('',#4805);
#4805 = AXIS2_PLACEMENT_3D('',#4806,#4807,#4808);
#4806 = CARTESIAN_POINT('',(209.65,-89.225,0.));
#4807 = DIRECTION('',(0.,-1.,0.));
#4808 = DIRECTION('',(-1.,0.,0.));
#4809 = ADVANCED_FACE('',(#4810),#4826,.T.);
#4810 = FACE_BOUND('',#4811,.T.);
#4811 = EDGE_LOOP('',(#4812,#4813,#4819,#4820));
#4812 = ORIENTED_EDGE('',*,*,#4791,.T.);
#4813 = ORIENTED_EDGE('',*,*,#4814,.T.);
#4814 = EDGE_CURVE('',#4784,#4714,#4815,.T.);
#4815 = LINE('',#4816,#4817);
#4816 = CARTESIAN_POINT('',(195.55,-89.225,1.51));
#4817 = VECTOR('',#4818,1.);
#4818 = DIRECTION('',(0.,-1.,0.));
#4819 = ORIENTED_EDGE('',*,*,#4711,.F.);
#4820 = ORIENTED_EDGE('',*,*,#4821,.F.);
#4821 = EDGE_CURVE('',#4792,#4712,#4822,.T.);
#4822 = LINE('',#4823,#4824);
#4823 = CARTESIAN_POINT('',(195.55,-89.225,0.));
#4824 = VECTOR('',#4825,1.);
#4825 = DIRECTION('',(0.,-1.,0.));
#4826 = PLANE('',#4827);
#4827 = AXIS2_PLACEMENT_3D('',#4828,#4829,#4830);
#4828 = CARTESIAN_POINT('',(195.55,-89.225,0.));
#4829 = DIRECTION('',(1.,0.,-0.));
#4830 = DIRECTION('',(0.,-1.,0.));
#4831 = ADVANCED_FACE('',(#4832),#4866,.T.);
#4832 = FACE_BOUND('',#4833,.T.);
#4833 = EDGE_LOOP('',(#4834,#4844,#4852,#4860));
#4834 = ORIENTED_EDGE('',*,*,#4835,.T.);
#4835 = EDGE_CURVE('',#4836,#4838,#4840,.T.);
#4836 = VERTEX_POINT('',#4837);
#4837 = CARTESIAN_POINT('',(228.75,-103.325,0.));
#4838 = VERTEX_POINT('',#4839);
#4839 = CARTESIAN_POINT('',(228.75,-103.325,1.51));
#4840 = LINE('',#4841,#4842);
#4841 = CARTESIAN_POINT('',(228.75,-103.325,0.));
#4842 = VECTOR('',#4843,1.);
#4843 = DIRECTION('',(0.,0.,1.));
#4844 = ORIENTED_EDGE('',*,*,#4845,.T.);
#4845 = EDGE_CURVE('',#4838,#4846,#4848,.T.);
#4846 = VERTEX_POINT('',#4847);
#4847 = CARTESIAN_POINT('',(242.85,-103.325,1.51));
#4848 = LINE('',#4849,#4850);
#4849 = CARTESIAN_POINT('',(228.75,-103.325,1.51));
#4850 = VECTOR('',#4851,1.);
#4851 = DIRECTION('',(1.,0.,0.));
#4852 = ORIENTED_EDGE('',*,*,#4853,.F.);
#4853 = EDGE_CURVE('',#4854,#4846,#4856,.T.);
#4854 = VERTEX_POINT('',#4855);
#4855 = CARTESIAN_POINT('',(242.85,-103.325,0.));
#4856 = LINE('',#4857,#4858);
#4857 = CARTESIAN_POINT('',(242.85,-103.325,0.));
#4858 = VECTOR('',#4859,1.);
#4859 = DIRECTION('',(0.,0.,1.));
#4860 = ORIENTED_EDGE('',*,*,#4861,.F.);
#4861 = EDGE_CURVE('',#4836,#4854,#4862,.T.);
#4862 = LINE('',#4863,#4864);
#4863 = CARTESIAN_POINT('',(228.75,-103.325,0.));
#4864 = VECTOR('',#4865,1.);
#4865 = DIRECTION('',(1.,0.,0.));
#4866 = PLANE('',#4867);
#4867 = AXIS2_PLACEMENT_3D('',#4868,#4869,#4870);
#4868 = CARTESIAN_POINT('',(228.75,-103.325,0.));
#4869 = DIRECTION('',(0.,1.,0.));
#4870 = DIRECTION('',(1.,0.,0.));
#4871 = ADVANCED_FACE('',(#4872),#4897,.T.);
#4872 = FACE_BOUND('',#4873,.T.);
#4873 = EDGE_LOOP('',(#4874,#4875,#4883,#4891));
#4874 = ORIENTED_EDGE('',*,*,#4853,.T.);
#4875 = ORIENTED_EDGE('',*,*,#4876,.T.);
#4876 = EDGE_CURVE('',#4846,#4877,#4879,.T.);
#4877 = VERTEX_POINT('',#4878);
#4878 = CARTESIAN_POINT('',(242.85,-89.225,1.51));
#4879 = LINE('',#4880,#4881);
#4880 = CARTESIAN_POINT('',(242.85,-103.325,1.51));
#4881 = VECTOR('',#4882,1.);
#4882 = DIRECTION('',(0.,1.,0.));
#4883 = ORIENTED_EDGE('',*,*,#4884,.F.);
#4884 = EDGE_CURVE('',#4885,#4877,#4887,.T.);
#4885 = VERTEX_POINT('',#4886);
#4886 = CARTESIAN_POINT('',(242.85,-89.225,0.));
#4887 = LINE('',#4888,#4889);
#4888 = CARTESIAN_POINT('',(242.85,-89.225,0.));
#4889 = VECTOR('',#4890,1.);
#4890 = DIRECTION('',(0.,0.,1.));
#4891 = ORIENTED_EDGE('',*,*,#4892,.F.);
#4892 = EDGE_CURVE('',#4854,#4885,#4893,.T.);
#4893 = LINE('',#4894,#4895);
#4894 = CARTESIAN_POINT('',(242.85,-103.325,0.));
#4895 = VECTOR('',#4896,1.);
#4896 = DIRECTION('',(0.,1.,0.));
#4897 = PLANE('',#4898);
#4898 = AXIS2_PLACEMENT_3D('',#4899,#4900,#4901);
#4899 = CARTESIAN_POINT('',(242.85,-103.325,0.));
#4900 = DIRECTION('',(-1.,0.,0.));
#4901 = DIRECTION('',(0.,1.,0.));
#4902 = ADVANCED_FACE('',(#4903),#4928,.T.);
#4903 = FACE_BOUND('',#4904,.T.);
#4904 = EDGE_LOOP('',(#4905,#4906,#4914,#4922));
#4905 = ORIENTED_EDGE('',*,*,#4884,.T.);
#4906 = ORIENTED_EDGE('',*,*,#4907,.T.);
#4907 = EDGE_CURVE('',#4877,#4908,#4910,.T.);
#4908 = VERTEX_POINT('',#4909);
#4909 = CARTESIAN_POINT('',(228.75,-89.225,1.51));
#4910 = LINE('',#4911,#4912);
#4911 = CARTESIAN_POINT('',(242.85,-89.225,1.51));
#4912 = VECTOR('',#4913,1.);
#4913 = DIRECTION('',(-1.,0.,0.));
#4914 = ORIENTED_EDGE('',*,*,#4915,.F.);
#4915 = EDGE_CURVE('',#4916,#4908,#4918,.T.);
#4916 = VERTEX_POINT('',#4917);
#4917 = CARTESIAN_POINT('',(228.75,-89.225,0.));
#4918 = LINE('',#4919,#4920);
#4919 = CARTESIAN_POINT('',(228.75,-89.225,0.));
#4920 = VECTOR('',#4921,1.);
#4921 = DIRECTION('',(0.,0.,1.));
#4922 = ORIENTED_EDGE('',*,*,#4923,.F.);
#4923 = EDGE_CURVE('',#4885,#4916,#4924,.T.);
#4924 = LINE('',#4925,#4926);
#4925 = CARTESIAN_POINT('',(242.85,-89.225,0.));
#4926 = VECTOR('',#4927,1.);
#4927 = DIRECTION('',(-1.,0.,0.));
#4928 = PLANE('',#4929);
#4929 = AXIS2_PLACEMENT_3D('',#4930,#4931,#4932);
#4930 = CARTESIAN_POINT('',(242.85,-89.225,0.));
#4931 = DIRECTION('',(0.,-1.,0.));
#4932 = DIRECTION('',(-1.,0.,0.));
#4933 = ADVANCED_FACE('',(#4934),#4950,.T.);
#4934 = FACE_BOUND('',#4935,.T.);
#4935 = EDGE_LOOP('',(#4936,#4937,#4943,#4944));
#4936 = ORIENTED_EDGE('',*,*,#4915,.T.);
#4937 = ORIENTED_EDGE('',*,*,#4938,.T.);
#4938 = EDGE_CURVE('',#4908,#4838,#4939,.T.);
#4939 = LINE('',#4940,#4941);
#4940 = CARTESIAN_POINT('',(228.75,-89.225,1.51));
#4941 = VECTOR('',#4942,1.);
#4942 = DIRECTION('',(0.,-1.,0.));
#4943 = ORIENTED_EDGE('',*,*,#4835,.F.);
#4944 = ORIENTED_EDGE('',*,*,#4945,.F.);
#4945 = EDGE_CURVE('',#4916,#4836,#4946,.T.);
#4946 = LINE('',#4947,#4948);
#4947 = CARTESIAN_POINT('',(228.75,-89.225,0.));
#4948 = VECTOR('',#4949,1.);
#4949 = DIRECTION('',(0.,-1.,0.));
#4950 = PLANE('',#4951);
#4951 = AXIS2_PLACEMENT_3D('',#4952,#4953,#4954);
#4952 = CARTESIAN_POINT('',(228.75,-89.225,0.));
#4953 = DIRECTION('',(1.,0.,-0.));
#4954 = DIRECTION('',(0.,-1.,0.));
#4955 = ADVANCED_FACE('',(#4956),#4990,.T.);
#4956 = FACE_BOUND('',#4957,.T.);
#4957 = EDGE_LOOP('',(#4958,#4968,#4976,#4984));
#4958 = ORIENTED_EDGE('',*,*,#4959,.T.);
#4959 = EDGE_CURVE('',#4960,#4962,#4964,.T.);
#4960 = VERTEX_POINT('',#4961);
#4961 = CARTESIAN_POINT('',(212.15,-101.25,0.));
#4962 = VERTEX_POINT('',#4963);
#4963 = CARTESIAN_POINT('',(212.15,-101.25,1.51));
#4964 = LINE('',#4965,#4966);
#4965 = CARTESIAN_POINT('',(212.15,-101.25,0.));
#4966 = VECTOR('',#4967,1.);
#4967 = DIRECTION('',(0.,0.,1.));
#4968 = ORIENTED_EDGE('',*,*,#4969,.T.);
#4969 = EDGE_CURVE('',#4962,#4970,#4972,.T.);
#4970 = VERTEX_POINT('',#4971);
#4971 = CARTESIAN_POINT('',(226.25,-101.25,1.51));
#4972 = LINE('',#4973,#4974);
#4973 = CARTESIAN_POINT('',(212.15,-101.25,1.51));
#4974 = VECTOR('',#4975,1.);
#4975 = DIRECTION('',(1.,0.,0.));
#4976 = ORIENTED_EDGE('',*,*,#4977,.F.);
#4977 = EDGE_CURVE('',#4978,#4970,#4980,.T.);
#4978 = VERTEX_POINT('',#4979);
#4979 = CARTESIAN_POINT('',(226.25,-101.25,0.));
#4980 = LINE('',#4981,#4982);
#4981 = CARTESIAN_POINT('',(226.25,-101.25,0.));
#4982 = VECTOR('',#4983,1.);
#4983 = DIRECTION('',(0.,0.,1.));
#4984 = ORIENTED_EDGE('',*,*,#4985,.F.);
#4985 = EDGE_CURVE('',#4960,#4978,#4986,.T.);
#4986 = LINE('',#4987,#4988);
#4987 = CARTESIAN_POINT('',(212.15,-101.25,0.));
#4988 = VECTOR('',#4989,1.);
#4989 = DIRECTION('',(1.,0.,0.));
#4990 = PLANE('',#4991);
#4991 = AXIS2_PLACEMENT_3D('',#4992,#4993,#4994);
#4992 = CARTESIAN_POINT('',(212.15,-101.25,0.));
#4993 = DIRECTION('',(0.,1.,0.));
#4994 = DIRECTION('',(1.,0.,0.));
#4995 = ADVANCED_FACE('',(#4996),#5021,.T.);
#4996 = FACE_BOUND('',#4997,.T.);
#4997 = EDGE_LOOP('',(#4998,#4999,#5007,#5015));
#4998 = ORIENTED_EDGE('',*,*,#4977,.T.);
#4999 = ORIENTED_EDGE('',*,*,#5000,.T.);
#5000 = EDGE_CURVE('',#4970,#5001,#5003,.T.);
#5001 = VERTEX_POINT('',#5002);
#5002 = CARTESIAN_POINT('',(226.25,-87.15,1.51));
#5003 = LINE('',#5004,#5005);
#5004 = CARTESIAN_POINT('',(226.25,-101.25,1.51));
#5005 = VECTOR('',#5006,1.);
#5006 = DIRECTION('',(0.,1.,0.));
#5007 = ORIENTED_EDGE('',*,*,#5008,.F.);
#5008 = EDGE_CURVE('',#5009,#5001,#5011,.T.);
#5009 = VERTEX_POINT('',#5010);
#5010 = CARTESIAN_POINT('',(226.25,-87.15,0.));
#5011 = LINE('',#5012,#5013);
#5012 = CARTESIAN_POINT('',(226.25,-87.15,0.));
#5013 = VECTOR('',#5014,1.);
#5014 = DIRECTION('',(0.,0.,1.));
#5015 = ORIENTED_EDGE('',*,*,#5016,.F.);
#5016 = EDGE_CURVE('',#4978,#5009,#5017,.T.);
#5017 = LINE('',#5018,#5019);
#5018 = CARTESIAN_POINT('',(226.25,-101.25,0.));
#5019 = VECTOR('',#5020,1.);
#5020 = DIRECTION('',(0.,1.,0.));
#5021 = PLANE('',#5022);
#5022 = AXIS2_PLACEMENT_3D('',#5023,#5024,#5025);
#5023 = CARTESIAN_POINT('',(226.25,-101.25,0.));
#5024 = DIRECTION('',(-1.,0.,0.));
#5025 = DIRECTION('',(0.,1.,0.));
#5026 = ADVANCED_FACE('',(#5027),#5052,.T.);
#5027 = FACE_BOUND('',#5028,.T.);
#5028 = EDGE_LOOP('',(#5029,#5030,#5038,#5046));
#5029 = ORIENTED_EDGE('',*,*,#5008,.T.);
#5030 = ORIENTED_EDGE('',*,*,#5031,.T.);
#5031 = EDGE_CURVE('',#5001,#5032,#5034,.T.);
#5032 = VERTEX_POINT('',#5033);
#5033 = CARTESIAN_POINT('',(212.15,-87.15,1.51));
#5034 = LINE('',#5035,#5036);
#5035 = CARTESIAN_POINT('',(226.25,-87.15,1.51));
#5036 = VECTOR('',#5037,1.);
#5037 = DIRECTION('',(-1.,0.,0.));
#5038 = ORIENTED_EDGE('',*,*,#5039,.F.);
#5039 = EDGE_CURVE('',#5040,#5032,#5042,.T.);
#5040 = VERTEX_POINT('',#5041);
#5041 = CARTESIAN_POINT('',(212.15,-87.15,0.));
#5042 = LINE('',#5043,#5044);
#5043 = CARTESIAN_POINT('',(212.15,-87.15,0.));
#5044 = VECTOR('',#5045,1.);
#5045 = DIRECTION('',(0.,0.,1.));
#5046 = ORIENTED_EDGE('',*,*,#5047,.F.);
#5047 = EDGE_CURVE('',#5009,#5040,#5048,.T.);
#5048 = LINE('',#5049,#5050);
#5049 = CARTESIAN_POINT('',(226.25,-87.15,0.));
#5050 = VECTOR('',#5051,1.);
#5051 = DIRECTION('',(-1.,0.,0.));
#5052 = PLANE('',#5053);
#5053 = AXIS2_PLACEMENT_3D('',#5054,#5055,#5056);
#5054 = CARTESIAN_POINT('',(226.25,-87.15,0.));
#5055 = DIRECTION('',(0.,-1.,0.));
#5056 = DIRECTION('',(-1.,0.,0.));
#5057 = ADVANCED_FACE('',(#5058),#5074,.T.);
#5058 = FACE_BOUND('',#5059,.T.);
#5059 = EDGE_LOOP('',(#5060,#5061,#5067,#5068));
#5060 = ORIENTED_EDGE('',*,*,#5039,.T.);
#5061 = ORIENTED_EDGE('',*,*,#5062,.T.);
#5062 = EDGE_CURVE('',#5032,#4962,#5063,.T.);
#5063 = LINE('',#5064,#5065);
#5064 = CARTESIAN_POINT('',(212.15,-87.15,1.51));
#5065 = VECTOR('',#5066,1.);
#5066 = DIRECTION('',(0.,-1.,0.));
#5067 = ORIENTED_EDGE('',*,*,#4959,.F.);
#5068 = ORIENTED_EDGE('',*,*,#5069,.F.);
#5069 = EDGE_CURVE('',#5040,#4960,#5070,.T.);
#5070 = LINE('',#5071,#5072);
#5071 = CARTESIAN_POINT('',(212.15,-87.15,0.));
#5072 = VECTOR('',#5073,1.);
#5073 = DIRECTION('',(0.,-1.,0.));
#5074 = PLANE('',#5075);
#5075 = AXIS2_PLACEMENT_3D('',#5076,#5077,#5078);
#5076 = CARTESIAN_POINT('',(212.15,-87.15,0.));
#5077 = DIRECTION('',(1.,0.,-0.));
#5078 = DIRECTION('',(0.,-1.,0.));
#5079 = ADVANCED_FACE('',(#5080),#5114,.T.);
#5080 = FACE_BOUND('',#5081,.T.);
#5081 = EDGE_LOOP('',(#5082,#5092,#5100,#5108));
#5082 = ORIENTED_EDGE('',*,*,#5083,.T.);
#5083 = EDGE_CURVE('',#5084,#5086,#5088,.T.);
#5084 = VERTEX_POINT('',#5085);
#5085 = CARTESIAN_POINT('',(261.95,-92.535,0.));
#5086 = VERTEX_POINT('',#5087);
#5087 = CARTESIAN_POINT('',(261.95,-92.535,1.51));
#5088 = LINE('',#5089,#5090);
#5089 = CARTESIAN_POINT('',(261.95,-92.535,0.));
#5090 = VECTOR('',#5091,1.);
#5091 = DIRECTION('',(0.,0.,1.));
#5092 = ORIENTED_EDGE('',*,*,#5093,.T.);
#5093 = EDGE_CURVE('',#5086,#5094,#5096,.T.);
#5094 = VERTEX_POINT('',#5095);
#5095 = CARTESIAN_POINT('',(276.05,-92.535,1.51));
#5096 = LINE('',#5097,#5098);
#5097 = CARTESIAN_POINT('',(261.95,-92.535,1.51));
#5098 = VECTOR('',#5099,1.);
#5099 = DIRECTION('',(1.,0.,0.));
#5100 = ORIENTED_EDGE('',*,*,#5101,.F.);
#5101 = EDGE_CURVE('',#5102,#5094,#5104,.T.);
#5102 = VERTEX_POINT('',#5103);
#5103 = CARTESIAN_POINT('',(276.05,-92.535,0.));
#5104 = LINE('',#5105,#5106);
#5105 = CARTESIAN_POINT('',(276.05,-92.535,0.));
#5106 = VECTOR('',#5107,1.);
#5107 = DIRECTION('',(0.,0.,1.));
#5108 = ORIENTED_EDGE('',*,*,#5109,.F.);
#5109 = EDGE_CURVE('',#5084,#5102,#5110,.T.);
#5110 = LINE('',#5111,#5112);
#5111 = CARTESIAN_POINT('',(261.95,-92.535,0.));
#5112 = VECTOR('',#5113,1.);
#5113 = DIRECTION('',(1.,0.,0.));
#5114 = PLANE('',#5115);
#5115 = AXIS2_PLACEMENT_3D('',#5116,#5117,#5118);
#5116 = CARTESIAN_POINT('',(261.95,-92.535,0.));
#5117 = DIRECTION('',(0.,1.,0.));
#5118 = DIRECTION('',(1.,0.,0.));
#5119 = ADVANCED_FACE('',(#5120),#5145,.T.);
#5120 = FACE_BOUND('',#5121,.T.);
#5121 = EDGE_LOOP('',(#5122,#5123,#5131,#5139));
#5122 = ORIENTED_EDGE('',*,*,#5101,.T.);
#5123 = ORIENTED_EDGE('',*,*,#5124,.T.);
#5124 = EDGE_CURVE('',#5094,#5125,#5127,.T.);
#5125 = VERTEX_POINT('',#5126);
#5126 = CARTESIAN_POINT('',(276.05,-78.435,1.51));
#5127 = LINE('',#5128,#5129);
#5128 = CARTESIAN_POINT('',(276.05,-92.535,1.51));
#5129 = VECTOR('',#5130,1.);
#5130 = DIRECTION('',(0.,1.,0.));
#5131 = ORIENTED_EDGE('',*,*,#5132,.F.);
#5132 = EDGE_CURVE('',#5133,#5125,#5135,.T.);
#5133 = VERTEX_POINT('',#5134);
#5134 = CARTESIAN_POINT('',(276.05,-78.435,0.));
#5135 = LINE('',#5136,#5137);
#5136 = CARTESIAN_POINT('',(276.05,-78.435,0.));
#5137 = VECTOR('',#5138,1.);
#5138 = DIRECTION('',(0.,0.,1.));
#5139 = ORIENTED_EDGE('',*,*,#5140,.F.);
#5140 = EDGE_CURVE('',#5102,#5133,#5141,.T.);
#5141 = LINE('',#5142,#5143);
#5142 = CARTESIAN_POINT('',(276.05,-92.535,0.));
#5143 = VECTOR('',#5144,1.);
#5144 = DIRECTION('',(0.,1.,0.));
#5145 = PLANE('',#5146);
#5146 = AXIS2_PLACEMENT_3D('',#5147,#5148,#5149);
#5147 = CARTESIAN_POINT('',(276.05,-92.535,0.));
#5148 = DIRECTION('',(-1.,0.,0.));
#5149 = DIRECTION('',(0.,1.,0.));
#5150 = ADVANCED_FACE('',(#5151),#5176,.T.);
#5151 = FACE_BOUND('',#5152,.T.);
#5152 = EDGE_LOOP('',(#5153,#5154,#5162,#5170));
#5153 = ORIENTED_EDGE('',*,*,#5132,.T.);
#5154 = ORIENTED_EDGE('',*,*,#5155,.T.);
#5155 = EDGE_CURVE('',#5125,#5156,#5158,.T.);
#5156 = VERTEX_POINT('',#5157);
#5157 = CARTESIAN_POINT('',(261.95,-78.435,1.51));
#5158 = LINE('',#5159,#5160);
#5159 = CARTESIAN_POINT('',(276.05,-78.435,1.51));
#5160 = VECTOR('',#5161,1.);
#5161 = DIRECTION('',(-1.,0.,0.));
#5162 = ORIENTED_EDGE('',*,*,#5163,.F.);
#5163 = EDGE_CURVE('',#5164,#5156,#5166,.T.);
#5164 = VERTEX_POINT('',#5165);
#5165 = CARTESIAN_POINT('',(261.95,-78.435,0.));
#5166 = LINE('',#5167,#5168);
#5167 = CARTESIAN_POINT('',(261.95,-78.435,0.));
#5168 = VECTOR('',#5169,1.);
#5169 = DIRECTION('',(0.,0.,1.));
#5170 = ORIENTED_EDGE('',*,*,#5171,.F.);
#5171 = EDGE_CURVE('',#5133,#5164,#5172,.T.);
#5172 = LINE('',#5173,#5174);
#5173 = CARTESIAN_POINT('',(276.05,-78.435,0.));
#5174 = VECTOR('',#5175,1.);
#5175 = DIRECTION('',(-1.,0.,0.));
#5176 = PLANE('',#5177);
#5177 = AXIS2_PLACEMENT_3D('',#5178,#5179,#5180);
#5178 = CARTESIAN_POINT('',(276.05,-78.435,0.));
#5179 = DIRECTION('',(0.,-1.,0.));
#5180 = DIRECTION('',(-1.,0.,0.));
#5181 = ADVANCED_FACE('',(#5182),#5198,.T.);
#5182 = FACE_BOUND('',#5183,.T.);
#5183 = EDGE_LOOP('',(#5184,#5185,#5191,#5192));
#5184 = ORIENTED_EDGE('',*,*,#5163,.T.);
#5185 = ORIENTED_EDGE('',*,*,#5186,.T.);
#5186 = EDGE_CURVE('',#5156,#5086,#5187,.T.);
#5187 = LINE('',#5188,#5189);
#5188 = CARTESIAN_POINT('',(261.95,-78.435,1.51));
#5189 = VECTOR('',#5190,1.);
#5190 = DIRECTION('',(0.,-1.,0.));
#5191 = ORIENTED_EDGE('',*,*,#5083,.F.);
#5192 = ORIENTED_EDGE('',*,*,#5193,.F.);
#5193 = EDGE_CURVE('',#5164,#5084,#5194,.T.);
#5194 = LINE('',#5195,#5196);
#5195 = CARTESIAN_POINT('',(261.95,-78.435,0.));
#5196 = VECTOR('',#5197,1.);
#5197 = DIRECTION('',(0.,-1.,0.));
#5198 = PLANE('',#5199);
#5199 = AXIS2_PLACEMENT_3D('',#5200,#5201,#5202);
#5200 = CARTESIAN_POINT('',(261.95,-78.435,0.));
#5201 = DIRECTION('',(1.,0.,-0.));
#5202 = DIRECTION('',(0.,-1.,0.));
#5203 = ADVANCED_FACE('',(#5204),#5238,.T.);
#5204 = FACE_BOUND('',#5205,.T.);
#5205 = EDGE_LOOP('',(#5206,#5216,#5224,#5232));
#5206 = ORIENTED_EDGE('',*,*,#5207,.T.);
#5207 = EDGE_CURVE('',#5208,#5210,#5212,.T.);
#5208 = VERTEX_POINT('',#5209);
#5209 = CARTESIAN_POINT('',(245.35,-90.875,0.));
#5210 = VERTEX_POINT('',#5211);
#5211 = CARTESIAN_POINT('',(245.35,-90.875,1.51));
#5212 = LINE('',#5213,#5214);
#5213 = CARTESIAN_POINT('',(245.35,-90.875,0.));
#5214 = VECTOR('',#5215,1.);
#5215 = DIRECTION('',(0.,0.,1.));
#5216 = ORIENTED_EDGE('',*,*,#5217,.T.);
#5217 = EDGE_CURVE('',#5210,#5218,#5220,.T.);
#5218 = VERTEX_POINT('',#5219);
#5219 = CARTESIAN_POINT('',(259.45,-90.875,1.51));
#5220 = LINE('',#5221,#5222);
#5221 = CARTESIAN_POINT('',(245.35,-90.875,1.51));
#5222 = VECTOR('',#5223,1.);
#5223 = DIRECTION('',(1.,0.,0.));
#5224 = ORIENTED_EDGE('',*,*,#5225,.F.);
#5225 = EDGE_CURVE('',#5226,#5218,#5228,.T.);
#5226 = VERTEX_POINT('',#5227);
#5227 = CARTESIAN_POINT('',(259.45,-90.875,0.));
#5228 = LINE('',#5229,#5230);
#5229 = CARTESIAN_POINT('',(259.45,-90.875,0.));
#5230 = VECTOR('',#5231,1.);
#5231 = DIRECTION('',(0.,0.,1.));
#5232 = ORIENTED_EDGE('',*,*,#5233,.F.);
#5233 = EDGE_CURVE('',#5208,#5226,#5234,.T.);
#5234 = LINE('',#5235,#5236);
#5235 = CARTESIAN_POINT('',(245.35,-90.875,0.));
#5236 = VECTOR('',#5237,1.);
#5237 = DIRECTION('',(1.,0.,0.));
#5238 = PLANE('',#5239);
#5239 = AXIS2_PLACEMENT_3D('',#5240,#5241,#5242);
#5240 = CARTESIAN_POINT('',(245.35,-90.875,0.));
#5241 = DIRECTION('',(0.,1.,0.));
#5242 = DIRECTION('',(1.,0.,0.));
#5243 = ADVANCED_FACE('',(#5244),#5269,.T.);
#5244 = FACE_BOUND('',#5245,.T.);
#5245 = EDGE_LOOP('',(#5246,#5247,#5255,#5263));
#5246 = ORIENTED_EDGE('',*,*,#5225,.T.);
#5247 = ORIENTED_EDGE('',*,*,#5248,.T.);
#5248 = EDGE_CURVE('',#5218,#5249,#5251,.T.);
#5249 = VERTEX_POINT('',#5250);
#5250 = CARTESIAN_POINT('',(259.45,-76.775,1.51));
#5251 = LINE('',#5252,#5253);
#5252 = CARTESIAN_POINT('',(259.45,-90.875,1.51));
#5253 = VECTOR('',#5254,1.);
#5254 = DIRECTION('',(0.,1.,0.));
#5255 = ORIENTED_EDGE('',*,*,#5256,.F.);
#5256 = EDGE_CURVE('',#5257,#5249,#5259,.T.);
#5257 = VERTEX_POINT('',#5258);
#5258 = CARTESIAN_POINT('',(259.45,-76.775,0.));
#5259 = LINE('',#5260,#5261);
#5260 = CARTESIAN_POINT('',(259.45,-76.775,0.));
#5261 = VECTOR('',#5262,1.);
#5262 = DIRECTION('',(0.,0.,1.));
#5263 = ORIENTED_EDGE('',*,*,#5264,.F.);
#5264 = EDGE_CURVE('',#5226,#5257,#5265,.T.);
#5265 = LINE('',#5266,#5267);
#5266 = CARTESIAN_POINT('',(259.45,-90.875,0.));
#5267 = VECTOR('',#5268,1.);
#5268 = DIRECTION('',(0.,1.,0.));
#5269 = PLANE('',#5270);
#5270 = AXIS2_PLACEMENT_3D('',#5271,#5272,#5273);
#5271 = CARTESIAN_POINT('',(259.45,-90.875,0.));
#5272 = DIRECTION('',(-1.,0.,0.));
#5273 = DIRECTION('',(0.,1.,0.));
#5274 = ADVANCED_FACE('',(#5275),#5300,.T.);
#5275 = FACE_BOUND('',#5276,.T.);
#5276 = EDGE_LOOP('',(#5277,#5278,#5286,#5294));
#5277 = ORIENTED_EDGE('',*,*,#5256,.T.);
#5278 = ORIENTED_EDGE('',*,*,#5279,.T.);
#5279 = EDGE_CURVE('',#5249,#5280,#5282,.T.);
#5280 = VERTEX_POINT('',#5281);
#5281 = CARTESIAN_POINT('',(245.35,-76.775,1.51));
#5282 = LINE('',#5283,#5284);
#5283 = CARTESIAN_POINT('',(259.45,-76.775,1.51));
#5284 = VECTOR('',#5285,1.);
#5285 = DIRECTION('',(-1.,0.,0.));
#5286 = ORIENTED_EDGE('',*,*,#5287,.F.);
#5287 = EDGE_CURVE('',#5288,#5280,#5290,.T.);
#5288 = VERTEX_POINT('',#5289);
#5289 = CARTESIAN_POINT('',(245.35,-76.775,0.));
#5290 = LINE('',#5291,#5292);
#5291 = CARTESIAN_POINT('',(245.35,-76.775,0.));
#5292 = VECTOR('',#5293,1.);
#5293 = DIRECTION('',(0.,0.,1.));
#5294 = ORIENTED_EDGE('',*,*,#5295,.F.);
#5295 = EDGE_CURVE('',#5257,#5288,#5296,.T.);
#5296 = LINE('',#5297,#5298);
#5297 = CARTESIAN_POINT('',(259.45,-76.775,0.));
#5298 = VECTOR('',#5299,1.);
#5299 = DIRECTION('',(-1.,0.,0.));
#5300 = PLANE('',#5301);
#5301 = AXIS2_PLACEMENT_3D('',#5302,#5303,#5304);
#5302 = CARTESIAN_POINT('',(259.45,-76.775,0.));
#5303 = DIRECTION('',(0.,-1.,0.));
#5304 = DIRECTION('',(-1.,0.,0.));
#5305 = ADVANCED_FACE('',(#5306),#5322,.T.);
#5306 = FACE_BOUND('',#5307,.T.);
#5307 = EDGE_LOOP('',(#5308,#5309,#5315,#5316));
#5308 = ORIENTED_EDGE('',*,*,#5287,.T.);
#5309 = ORIENTED_EDGE('',*,*,#5310,.T.);
#5310 = EDGE_CURVE('',#5280,#5210,#5311,.T.);
#5311 = LINE('',#5312,#5313);
#5312 = CARTESIAN_POINT('',(245.35,-76.775,1.51));
#5313 = VECTOR('',#5314,1.);
#5314 = DIRECTION('',(0.,-1.,0.));
#5315 = ORIENTED_EDGE('',*,*,#5207,.F.);
#5316 = ORIENTED_EDGE('',*,*,#5317,.F.);
#5317 = EDGE_CURVE('',#5288,#5208,#5318,.T.);
#5318 = LINE('',#5319,#5320);
#5319 = CARTESIAN_POINT('',(245.35,-76.775,0.));
#5320 = VECTOR('',#5321,1.);
#5321 = DIRECTION('',(0.,-1.,0.));
#5322 = PLANE('',#5323);
#5323 = AXIS2_PLACEMENT_3D('',#5324,#5325,#5326);
#5324 = CARTESIAN_POINT('',(245.35,-76.775,0.));
#5325 = DIRECTION('',(1.,0.,-0.));
#5326 = DIRECTION('',(0.,-1.,0.));
#5327 = ADVANCED_FACE('',(#5328),#5362,.T.);
#5328 = FACE_BOUND('',#5329,.T.);
#5329 = EDGE_LOOP('',(#5330,#5340,#5348,#5356));
#5330 = ORIENTED_EDGE('',*,*,#5331,.T.);
#5331 = EDGE_CURVE('',#5332,#5334,#5336,.T.);
#5332 = VERTEX_POINT('',#5333);
#5333 = CARTESIAN_POINT('',(178.95,-88.8,0.));
#5334 = VERTEX_POINT('',#5335);
#5335 = CARTESIAN_POINT('',(178.95,-88.8,1.51));
#5336 = LINE('',#5337,#5338);
#5337 = CARTESIAN_POINT('',(178.95,-88.8,0.));
#5338 = VECTOR('',#5339,1.);
#5339 = DIRECTION('',(0.,0.,1.));
#5340 = ORIENTED_EDGE('',*,*,#5341,.T.);
#5341 = EDGE_CURVE('',#5334,#5342,#5344,.T.);
#5342 = VERTEX_POINT('',#5343);
#5343 = CARTESIAN_POINT('',(193.05,-88.8,1.51));
#5344 = LINE('',#5345,#5346);
#5345 = CARTESIAN_POINT('',(178.95,-88.8,1.51));
#5346 = VECTOR('',#5347,1.);
#5347 = DIRECTION('',(1.,0.,0.));
#5348 = ORIENTED_EDGE('',*,*,#5349,.F.);
#5349 = EDGE_CURVE('',#5350,#5342,#5352,.T.);
#5350 = VERTEX_POINT('',#5351);
#5351 = CARTESIAN_POINT('',(193.05,-88.8,0.));
#5352 = LINE('',#5353,#5354);
#5353 = CARTESIAN_POINT('',(193.05,-88.8,0.));
#5354 = VECTOR('',#5355,1.);
#5355 = DIRECTION('',(0.,0.,1.));
#5356 = ORIENTED_EDGE('',*,*,#5357,.F.);
#5357 = EDGE_CURVE('',#5332,#5350,#5358,.T.);
#5358 = LINE('',#5359,#5360);
#5359 = CARTESIAN_POINT('',(178.95,-88.8,0.));
#5360 = VECTOR('',#5361,1.);
#5361 = DIRECTION('',(1.,0.,0.));
#5362 = PLANE('',#5363);
#5363 = AXIS2_PLACEMENT_3D('',#5364,#5365,#5366);
#5364 = CARTESIAN_POINT('',(178.95,-88.8,0.));
#5365 = DIRECTION('',(0.,1.,0.));
#5366 = DIRECTION('',(1.,0.,0.));
#5367 = ADVANCED_FACE('',(#5368),#5393,.T.);
#5368 = FACE_BOUND('',#5369,.T.);
#5369 = EDGE_LOOP('',(#5370,#5371,#5379,#5387));
#5370 = ORIENTED_EDGE('',*,*,#5349,.T.);
#5371 = ORIENTED_EDGE('',*,*,#5372,.T.);
#5372 = EDGE_CURVE('',#5342,#5373,#5375,.T.);
#5373 = VERTEX_POINT('',#5374);
#5374 = CARTESIAN_POINT('',(193.05,-74.7,1.51));
#5375 = LINE('',#5376,#5377);
#5376 = CARTESIAN_POINT('',(193.05,-88.8,1.51));
#5377 = VECTOR('',#5378,1.);
#5378 = DIRECTION('',(0.,1.,0.));
#5379 = ORIENTED_EDGE('',*,*,#5380,.F.);
#5380 = EDGE_CURVE('',#5381,#5373,#5383,.T.);
#5381 = VERTEX_POINT('',#5382);
#5382 = CARTESIAN_POINT('',(193.05,-74.7,0.));
#5383 = LINE('',#5384,#5385);
#5384 = CARTESIAN_POINT('',(193.05,-74.7,0.));
#5385 = VECTOR('',#5386,1.);
#5386 = DIRECTION('',(0.,0.,1.));
#5387 = ORIENTED_EDGE('',*,*,#5388,.F.);
#5388 = EDGE_CURVE('',#5350,#5381,#5389,.T.);
#5389 = LINE('',#5390,#5391);
#5390 = CARTESIAN_POINT('',(193.05,-88.8,0.));
#5391 = VECTOR('',#5392,1.);
#5392 = DIRECTION('',(0.,1.,0.));
#5393 = PLANE('',#5394);
#5394 = AXIS2_PLACEMENT_3D('',#5395,#5396,#5397);
#5395 = CARTESIAN_POINT('',(193.05,-88.8,0.));
#5396 = DIRECTION('',(-1.,0.,0.));
#5397 = DIRECTION('',(0.,1.,0.));
#5398 = ADVANCED_FACE('',(#5399),#5424,.T.);
#5399 = FACE_BOUND('',#5400,.T.);
#5400 = EDGE_LOOP('',(#5401,#5402,#5410,#5418));
#5401 = ORIENTED_EDGE('',*,*,#5380,.T.);
#5402 = ORIENTED_EDGE('',*,*,#5403,.T.);
#5403 = EDGE_CURVE('',#5373,#5404,#5406,.T.);
#5404 = VERTEX_POINT('',#5405);
#5405 = CARTESIAN_POINT('',(178.95,-74.7,1.51));
#5406 = LINE('',#5407,#5408);
#5407 = CARTESIAN_POINT('',(193.05,-74.7,1.51));
#5408 = VECTOR('',#5409,1.);
#5409 = DIRECTION('',(-1.,0.,0.));
#5410 = ORIENTED_EDGE('',*,*,#5411,.F.);
#5411 = EDGE_CURVE('',#5412,#5404,#5414,.T.);
#5412 = VERTEX_POINT('',#5413);
#5413 = CARTESIAN_POINT('',(178.95,-74.7,0.));
#5414 = LINE('',#5415,#5416);
#5415 = CARTESIAN_POINT('',(178.95,-74.7,0.));
#5416 = VECTOR('',#5417,1.);
#5417 = DIRECTION('',(0.,0.,1.));
#5418 = ORIENTED_EDGE('',*,*,#5419,.F.);
#5419 = EDGE_CURVE('',#5381,#5412,#5420,.T.);
#5420 = LINE('',#5421,#5422);
#5421 = CARTESIAN_POINT('',(193.05,-74.7,0.));
#5422 = VECTOR('',#5423,1.);
#5423 = DIRECTION('',(-1.,0.,0.));
#5424 = PLANE('',#5425);
#5425 = AXIS2_PLACEMENT_3D('',#5426,#5427,#5428);
#5426 = CARTESIAN_POINT('',(193.05,-74.7,0.));
#5427 = DIRECTION('',(0.,-1.,0.));
#5428 = DIRECTION('',(-1.,0.,0.));
#5429 = ADVANCED_FACE('',(#5430),#5446,.T.);
#5430 = FACE_BOUND('',#5431,.T.);
#5431 = EDGE_LOOP('',(#5432,#5433,#5439,#5440));
#5432 = ORIENTED_EDGE('',*,*,#5411,.T.);
#5433 = ORIENTED_EDGE('',*,*,#5434,.T.);
#5434 = EDGE_CURVE('',#5404,#5334,#5435,.T.);
#5435 = LINE('',#5436,#5437);
#5436 = CARTESIAN_POINT('',(178.95,-74.7,1.51));
#5437 = VECTOR('',#5438,1.);
#5438 = DIRECTION('',(0.,-1.,0.));
#5439 = ORIENTED_EDGE('',*,*,#5331,.F.);
#5440 = ORIENTED_EDGE('',*,*,#5441,.F.);
#5441 = EDGE_CURVE('',#5412,#5332,#5442,.T.);
#5442 = LINE('',#5443,#5444);
#5443 = CARTESIAN_POINT('',(178.95,-74.7,0.));
#5444 = VECTOR('',#5445,1.);
#5445 = DIRECTION('',(0.,-1.,0.));
#5446 = PLANE('',#5447);
#5447 = AXIS2_PLACEMENT_3D('',#5448,#5449,#5450);
#5448 = CARTESIAN_POINT('',(178.95,-74.7,0.));
#5449 = DIRECTION('',(1.,0.,-0.));
#5450 = DIRECTION('',(0.,-1.,0.));
#5451 = ADVANCED_FACE('',(#5452),#5486,.T.);
#5452 = FACE_BOUND('',#5453,.T.);
#5453 = EDGE_LOOP('',(#5454,#5464,#5472,#5480));
#5454 = ORIENTED_EDGE('',*,*,#5455,.T.);
#5455 = EDGE_CURVE('',#5456,#5458,#5460,.T.);
#5456 = VERTEX_POINT('',#5457);
#5457 = CARTESIAN_POINT('',(195.55,-86.725,0.));
#5458 = VERTEX_POINT('',#5459);
#5459 = CARTESIAN_POINT('',(195.55,-86.725,1.51));
#5460 = LINE('',#5461,#5462);
#5461 = CARTESIAN_POINT('',(195.55,-86.725,0.));
#5462 = VECTOR('',#5463,1.);
#5463 = DIRECTION('',(0.,0.,1.));
#5464 = ORIENTED_EDGE('',*,*,#5465,.T.);
#5465 = EDGE_CURVE('',#5458,#5466,#5468,.T.);
#5466 = VERTEX_POINT('',#5467);
#5467 = CARTESIAN_POINT('',(209.65,-86.725,1.51));
#5468 = LINE('',#5469,#5470);
#5469 = CARTESIAN_POINT('',(195.55,-86.725,1.51));
#5470 = VECTOR('',#5471,1.);
#5471 = DIRECTION('',(1.,0.,0.));
#5472 = ORIENTED_EDGE('',*,*,#5473,.F.);
#5473 = EDGE_CURVE('',#5474,#5466,#5476,.T.);
#5474 = VERTEX_POINT('',#5475);
#5475 = CARTESIAN_POINT('',(209.65,-86.725,0.));
#5476 = LINE('',#5477,#5478);
#5477 = CARTESIAN_POINT('',(209.65,-86.725,0.));
#5478 = VECTOR('',#5479,1.);
#5479 = DIRECTION('',(0.,0.,1.));
#5480 = ORIENTED_EDGE('',*,*,#5481,.F.);
#5481 = EDGE_CURVE('',#5456,#5474,#5482,.T.);
#5482 = LINE('',#5483,#5484);
#5483 = CARTESIAN_POINT('',(195.55,-86.725,0.));
#5484 = VECTOR('',#5485,1.);
#5485 = DIRECTION('',(1.,0.,0.));
#5486 = PLANE('',#5487);
#5487 = AXIS2_PLACEMENT_3D('',#5488,#5489,#5490);
#5488 = CARTESIAN_POINT('',(195.55,-86.725,0.));
#5489 = DIRECTION('',(0.,1.,0.));
#5490 = DIRECTION('',(1.,0.,0.));
#5491 = ADVANCED_FACE('',(#5492),#5517,.T.);
#5492 = FACE_BOUND('',#5493,.T.);
#5493 = EDGE_LOOP('',(#5494,#5495,#5503,#5511));
#5494 = ORIENTED_EDGE('',*,*,#5473,.T.);
#5495 = ORIENTED_EDGE('',*,*,#5496,.T.);
#5496 = EDGE_CURVE('',#5466,#5497,#5499,.T.);
#5497 = VERTEX_POINT('',#5498);
#5498 = CARTESIAN_POINT('',(209.65,-72.625,1.51));
#5499 = LINE('',#5500,#5501);
#5500 = CARTESIAN_POINT('',(209.65,-86.725,1.51));
#5501 = VECTOR('',#5502,1.);
#5502 = DIRECTION('',(0.,1.,0.));
#5503 = ORIENTED_EDGE('',*,*,#5504,.F.);
#5504 = EDGE_CURVE('',#5505,#5497,#5507,.T.);
#5505 = VERTEX_POINT('',#5506);
#5506 = CARTESIAN_POINT('',(209.65,-72.625,0.));
#5507 = LINE('',#5508,#5509);
#5508 = CARTESIAN_POINT('',(209.65,-72.625,0.));
#5509 = VECTOR('',#5510,1.);
#5510 = DIRECTION('',(0.,0.,1.));
#5511 = ORIENTED_EDGE('',*,*,#5512,.F.);
#5512 = EDGE_CURVE('',#5474,#5505,#5513,.T.);
#5513 = LINE('',#5514,#5515);
#5514 = CARTESIAN_POINT('',(209.65,-86.725,0.));
#5515 = VECTOR('',#5516,1.);
#5516 = DIRECTION('',(0.,1.,0.));
#5517 = PLANE('',#5518);
#5518 = AXIS2_PLACEMENT_3D('',#5519,#5520,#5521);
#5519 = CARTESIAN_POINT('',(209.65,-86.725,0.));
#5520 = DIRECTION('',(-1.,0.,0.));
#5521 = DIRECTION('',(0.,1.,0.));
#5522 = ADVANCED_FACE('',(#5523),#5548,.T.);
#5523 = FACE_BOUND('',#5524,.T.);
#5524 = EDGE_LOOP('',(#5525,#5526,#5534,#5542));
#5525 = ORIENTED_EDGE('',*,*,#5504,.T.);
#5526 = ORIENTED_EDGE('',*,*,#5527,.T.);
#5527 = EDGE_CURVE('',#5497,#5528,#5530,.T.);
#5528 = VERTEX_POINT('',#5529);
#5529 = CARTESIAN_POINT('',(195.55,-72.625,1.51));
#5530 = LINE('',#5531,#5532);
#5531 = CARTESIAN_POINT('',(209.65,-72.625,1.51));
#5532 = VECTOR('',#5533,1.);
#5533 = DIRECTION('',(-1.,0.,0.));
#5534 = ORIENTED_EDGE('',*,*,#5535,.F.);
#5535 = EDGE_CURVE('',#5536,#5528,#5538,.T.);
#5536 = VERTEX_POINT('',#5537);
#5537 = CARTESIAN_POINT('',(195.55,-72.625,0.));
#5538 = LINE('',#5539,#5540);
#5539 = CARTESIAN_POINT('',(195.55,-72.625,0.));
#5540 = VECTOR('',#5541,1.);
#5541 = DIRECTION('',(0.,0.,1.));
#5542 = ORIENTED_EDGE('',*,*,#5543,.F.);
#5543 = EDGE_CURVE('',#5505,#5536,#5544,.T.);
#5544 = LINE('',#5545,#5546);
#5545 = CARTESIAN_POINT('',(209.65,-72.625,0.));
#5546 = VECTOR('',#5547,1.);
#5547 = DIRECTION('',(-1.,0.,0.));
#5548 = PLANE('',#5549);
#5549 = AXIS2_PLACEMENT_3D('',#5550,#5551,#5552);
#5550 = CARTESIAN_POINT('',(209.65,-72.625,0.));
#5551 = DIRECTION('',(0.,-1.,0.));
#5552 = DIRECTION('',(-1.,0.,0.));
#5553 = ADVANCED_FACE('',(#5554),#5570,.T.);
#5554 = FACE_BOUND('',#5555,.T.);
#5555 = EDGE_LOOP('',(#5556,#5557,#5563,#5564));
#5556 = ORIENTED_EDGE('',*,*,#5535,.T.);
#5557 = ORIENTED_EDGE('',*,*,#5558,.T.);
#5558 = EDGE_CURVE('',#5528,#5458,#5559,.T.);
#5559 = LINE('',#5560,#5561);
#5560 = CARTESIAN_POINT('',(195.55,-72.625,1.51));
#5561 = VECTOR('',#5562,1.);
#5562 = DIRECTION('',(0.,-1.,0.));
#5563 = ORIENTED_EDGE('',*,*,#5455,.F.);
#5564 = ORIENTED_EDGE('',*,*,#5565,.F.);
#5565 = EDGE_CURVE('',#5536,#5456,#5566,.T.);
#5566 = LINE('',#5567,#5568);
#5567 = CARTESIAN_POINT('',(195.55,-72.625,0.));
#5568 = VECTOR('',#5569,1.);
#5569 = DIRECTION('',(0.,-1.,0.));
#5570 = PLANE('',#5571);
#5571 = AXIS2_PLACEMENT_3D('',#5572,#5573,#5574);
#5572 = CARTESIAN_POINT('',(195.55,-72.625,0.));
#5573 = DIRECTION('',(1.,0.,-0.));
#5574 = DIRECTION('',(0.,-1.,0.));
#5575 = ADVANCED_FACE('',(#5576),#5610,.T.);
#5576 = FACE_BOUND('',#5577,.T.);
#5577 = EDGE_LOOP('',(#5578,#5588,#5596,#5604));
#5578 = ORIENTED_EDGE('',*,*,#5579,.T.);
#5579 = EDGE_CURVE('',#5580,#5582,#5584,.T.);
#5580 = VERTEX_POINT('',#5581);
#5581 = CARTESIAN_POINT('',(228.75,-86.725,0.));
#5582 = VERTEX_POINT('',#5583);
#5583 = CARTESIAN_POINT('',(228.75,-86.725,1.51));
#5584 = LINE('',#5585,#5586);
#5585 = CARTESIAN_POINT('',(228.75,-86.725,0.));
#5586 = VECTOR('',#5587,1.);
#5587 = DIRECTION('',(0.,0.,1.));
#5588 = ORIENTED_EDGE('',*,*,#5589,.T.);
#5589 = EDGE_CURVE('',#5582,#5590,#5592,.T.);
#5590 = VERTEX_POINT('',#5591);
#5591 = CARTESIAN_POINT('',(242.85,-86.725,1.51));
#5592 = LINE('',#5593,#5594);
#5593 = CARTESIAN_POINT('',(228.75,-86.725,1.51));
#5594 = VECTOR('',#5595,1.);
#5595 = DIRECTION('',(1.,0.,0.));
#5596 = ORIENTED_EDGE('',*,*,#5597,.F.);
#5597 = EDGE_CURVE('',#5598,#5590,#5600,.T.);
#5598 = VERTEX_POINT('',#5599);
#5599 = CARTESIAN_POINT('',(242.85,-86.725,0.));
#5600 = LINE('',#5601,#5602);
#5601 = CARTESIAN_POINT('',(242.85,-86.725,0.));
#5602 = VECTOR('',#5603,1.);
#5603 = DIRECTION('',(0.,0.,1.));
#5604 = ORIENTED_EDGE('',*,*,#5605,.F.);
#5605 = EDGE_CURVE('',#5580,#5598,#5606,.T.);
#5606 = LINE('',#5607,#5608);
#5607 = CARTESIAN_POINT('',(228.75,-86.725,0.));
#5608 = VECTOR('',#5609,1.);
#5609 = DIRECTION('',(1.,0.,0.));
#5610 = PLANE('',#5611);
#5611 = AXIS2_PLACEMENT_3D('',#5612,#5613,#5614);
#5612 = CARTESIAN_POINT('',(228.75,-86.725,0.));
#5613 = DIRECTION('',(0.,1.,0.));
#5614 = DIRECTION('',(1.,0.,0.));
#5615 = ADVANCED_FACE('',(#5616),#5641,.T.);
#5616 = FACE_BOUND('',#5617,.T.);
#5617 = EDGE_LOOP('',(#5618,#5619,#5627,#5635));
#5618 = ORIENTED_EDGE('',*,*,#5597,.T.);
#5619 = ORIENTED_EDGE('',*,*,#5620,.T.);
#5620 = EDGE_CURVE('',#5590,#5621,#5623,.T.);
#5621 = VERTEX_POINT('',#5622);
#5622 = CARTESIAN_POINT('',(242.85,-72.625,1.51));
#5623 = LINE('',#5624,#5625);
#5624 = CARTESIAN_POINT('',(242.85,-86.725,1.51));
#5625 = VECTOR('',#5626,1.);
#5626 = DIRECTION('',(0.,1.,0.));
#5627 = ORIENTED_EDGE('',*,*,#5628,.F.);
#5628 = EDGE_CURVE('',#5629,#5621,#5631,.T.);
#5629 = VERTEX_POINT('',#5630);
#5630 = CARTESIAN_POINT('',(242.85,-72.625,0.));
#5631 = LINE('',#5632,#5633);
#5632 = CARTESIAN_POINT('',(242.85,-72.625,0.));
#5633 = VECTOR('',#5634,1.);
#5634 = DIRECTION('',(0.,0.,1.));
#5635 = ORIENTED_EDGE('',*,*,#5636,.F.);
#5636 = EDGE_CURVE('',#5598,#5629,#5637,.T.);
#5637 = LINE('',#5638,#5639);
#5638 = CARTESIAN_POINT('',(242.85,-86.725,0.));
#5639 = VECTOR('',#5640,1.);
#5640 = DIRECTION('',(0.,1.,0.));
#5641 = PLANE('',#5642);
#5642 = AXIS2_PLACEMENT_3D('',#5643,#5644,#5645);
#5643 = CARTESIAN_POINT('',(242.85,-86.725,0.));
#5644 = DIRECTION('',(-1.,0.,0.));
#5645 = DIRECTION('',(0.,1.,0.));
#5646 = ADVANCED_FACE('',(#5647),#5672,.T.);
#5647 = FACE_BOUND('',#5648,.T.);
#5648 = EDGE_LOOP('',(#5649,#5650,#5658,#5666));
#5649 = ORIENTED_EDGE('',*,*,#5628,.T.);
#5650 = ORIENTED_EDGE('',*,*,#5651,.T.);
#5651 = EDGE_CURVE('',#5621,#5652,#5654,.T.);
#5652 = VERTEX_POINT('',#5653);
#5653 = CARTESIAN_POINT('',(228.75,-72.625,1.51));
#5654 = LINE('',#5655,#5656);
#5655 = CARTESIAN_POINT('',(242.85,-72.625,1.51));
#5656 = VECTOR('',#5657,1.);
#5657 = DIRECTION('',(-1.,0.,0.));
#5658 = ORIENTED_EDGE('',*,*,#5659,.F.);
#5659 = EDGE_CURVE('',#5660,#5652,#5662,.T.);
#5660 = VERTEX_POINT('',#5661);
#5661 = CARTESIAN_POINT('',(228.75,-72.625,0.));
#5662 = LINE('',#5663,#5664);
#5663 = CARTESIAN_POINT('',(228.75,-72.625,0.));
#5664 = VECTOR('',#5665,1.);
#5665 = DIRECTION('',(0.,0.,1.));
#5666 = ORIENTED_EDGE('',*,*,#5667,.F.);
#5667 = EDGE_CURVE('',#5629,#5660,#5668,.T.);
#5668 = LINE('',#5669,#5670);
#5669 = CARTESIAN_POINT('',(242.85,-72.625,0.));
#5670 = VECTOR('',#5671,1.);
#5671 = DIRECTION('',(-1.,0.,0.));
#5672 = PLANE('',#5673);
#5673 = AXIS2_PLACEMENT_3D('',#5674,#5675,#5676);
#5674 = CARTESIAN_POINT('',(242.85,-72.625,0.));
#5675 = DIRECTION('',(0.,-1.,0.));
#5676 = DIRECTION('',(-1.,0.,0.));
#5677 = ADVANCED_FACE('',(#5678),#5694,.T.);
#5678 = FACE_BOUND('',#5679,.T.);
#5679 = EDGE_LOOP('',(#5680,#5681,#5687,#5688));
#5680 = ORIENTED_EDGE('',*,*,#5659,.T.);
#5681 = ORIENTED_EDGE('',*,*,#5682,.T.);
#5682 = EDGE_CURVE('',#5652,#5582,#5683,.T.);
#5683 = LINE('',#5684,#5685);
#5684 = CARTESIAN_POINT('',(228.75,-72.625,1.51));
#5685 = VECTOR('',#5686,1.);
#5686 = DIRECTION('',(0.,-1.,0.));
#5687 = ORIENTED_EDGE('',*,*,#5579,.F.);
#5688 = ORIENTED_EDGE('',*,*,#5689,.F.);
#5689 = EDGE_CURVE('',#5660,#5580,#5690,.T.);
#5690 = LINE('',#5691,#5692);
#5691 = CARTESIAN_POINT('',(228.75,-72.625,0.));
#5692 = VECTOR('',#5693,1.);
#5693 = DIRECTION('',(0.,-1.,0.));
#5694 = PLANE('',#5695);
#5695 = AXIS2_PLACEMENT_3D('',#5696,#5697,#5698);
#5696 = CARTESIAN_POINT('',(228.75,-72.625,0.));
#5697 = DIRECTION('',(1.,0.,-0.));
#5698 = DIRECTION('',(0.,-1.,0.));
#5699 = ADVANCED_FACE('',(#5700),#5734,.T.);
#5700 = FACE_BOUND('',#5701,.T.);
#5701 = EDGE_LOOP('',(#5702,#5712,#5720,#5728));
#5702 = ORIENTED_EDGE('',*,*,#5703,.T.);
#5703 = EDGE_CURVE('',#5704,#5706,#5708,.T.);
#5704 = VERTEX_POINT('',#5705);
#5705 = CARTESIAN_POINT('',(212.15,-84.65,0.));
#5706 = VERTEX_POINT('',#5707);
#5707 = CARTESIAN_POINT('',(212.15,-84.65,1.51));
#5708 = LINE('',#5709,#5710);
#5709 = CARTESIAN_POINT('',(212.15,-84.65,0.));
#5710 = VECTOR('',#5711,1.);
#5711 = DIRECTION('',(0.,0.,1.));
#5712 = ORIENTED_EDGE('',*,*,#5713,.T.);
#5713 = EDGE_CURVE('',#5706,#5714,#5716,.T.);
#5714 = VERTEX_POINT('',#5715);
#5715 = CARTESIAN_POINT('',(226.25,-84.65,1.51));
#5716 = LINE('',#5717,#5718);
#5717 = CARTESIAN_POINT('',(212.15,-84.65,1.51));
#5718 = VECTOR('',#5719,1.);
#5719 = DIRECTION('',(1.,0.,0.));
#5720 = ORIENTED_EDGE('',*,*,#5721,.F.);
#5721 = EDGE_CURVE('',#5722,#5714,#5724,.T.);
#5722 = VERTEX_POINT('',#5723);
#5723 = CARTESIAN_POINT('',(226.25,-84.65,0.));
#5724 = LINE('',#5725,#5726);
#5725 = CARTESIAN_POINT('',(226.25,-84.65,0.));
#5726 = VECTOR('',#5727,1.);
#5727 = DIRECTION('',(0.,0.,1.));
#5728 = ORIENTED_EDGE('',*,*,#5729,.F.);
#5729 = EDGE_CURVE('',#5704,#5722,#5730,.T.);
#5730 = LINE('',#5731,#5732);
#5731 = CARTESIAN_POINT('',(212.15,-84.65,0.));
#5732 = VECTOR('',#5733,1.);
#5733 = DIRECTION('',(1.,0.,0.));
#5734 = PLANE('',#5735);
#5735 = AXIS2_PLACEMENT_3D('',#5736,#5737,#5738);
#5736 = CARTESIAN_POINT('',(212.15,-84.65,0.));
#5737 = DIRECTION('',(0.,1.,0.));
#5738 = DIRECTION('',(1.,0.,0.));
#5739 = ADVANCED_FACE('',(#5740),#5765,.T.);
#5740 = FACE_BOUND('',#5741,.T.);
#5741 = EDGE_LOOP('',(#5742,#5743,#5751,#5759));
#5742 = ORIENTED_EDGE('',*,*,#5721,.T.);
#5743 = ORIENTED_EDGE('',*,*,#5744,.T.);
#5744 = EDGE_CURVE('',#5714,#5745,#5747,.T.);
#5745 = VERTEX_POINT('',#5746);
#5746 = CARTESIAN_POINT('',(226.25,-70.55,1.51));
#5747 = LINE('',#5748,#5749);
#5748 = CARTESIAN_POINT('',(226.25,-84.65,1.51));
#5749 = VECTOR('',#5750,1.);
#5750 = DIRECTION('',(0.,1.,0.));
#5751 = ORIENTED_EDGE('',*,*,#5752,.F.);
#5752 = EDGE_CURVE('',#5753,#5745,#5755,.T.);
#5753 = VERTEX_POINT('',#5754);
#5754 = CARTESIAN_POINT('',(226.25,-70.55,0.));
#5755 = LINE('',#5756,#5757);
#5756 = CARTESIAN_POINT('',(226.25,-70.55,0.));
#5757 = VECTOR('',#5758,1.);
#5758 = DIRECTION('',(0.,0.,1.));
#5759 = ORIENTED_EDGE('',*,*,#5760,.F.);
#5760 = EDGE_CURVE('',#5722,#5753,#5761,.T.);
#5761 = LINE('',#5762,#5763);
#5762 = CARTESIAN_POINT('',(226.25,-84.65,0.));
#5763 = VECTOR('',#5764,1.);
#5764 = DIRECTION('',(0.,1.,0.));
#5765 = PLANE('',#5766);
#5766 = AXIS2_PLACEMENT_3D('',#5767,#5768,#5769);
#5767 = CARTESIAN_POINT('',(226.25,-84.65,0.));
#5768 = DIRECTION('',(-1.,0.,0.));
#5769 = DIRECTION('',(0.,1.,0.));
#5770 = ADVANCED_FACE('',(#5771),#5796,.T.);
#5771 = FACE_BOUND('',#5772,.T.);
#5772 = EDGE_LOOP('',(#5773,#5774,#5782,#5790));
#5773 = ORIENTED_EDGE('',*,*,#5752,.T.);
#5774 = ORIENTED_EDGE('',*,*,#5775,.T.);
#5775 = EDGE_CURVE('',#5745,#5776,#5778,.T.);
#5776 = VERTEX_POINT('',#5777);
#5777 = CARTESIAN_POINT('',(212.15,-70.55,1.51));
#5778 = LINE('',#5779,#5780);
#5779 = CARTESIAN_POINT('',(226.25,-70.55,1.51));
#5780 = VECTOR('',#5781,1.);
#5781 = DIRECTION('',(-1.,0.,0.));
#5782 = ORIENTED_EDGE('',*,*,#5783,.F.);
#5783 = EDGE_CURVE('',#5784,#5776,#5786,.T.);
#5784 = VERTEX_POINT('',#5785);
#5785 = CARTESIAN_POINT('',(212.15,-70.55,0.));
#5786 = LINE('',#5787,#5788);
#5787 = CARTESIAN_POINT('',(212.15,-70.55,0.));
#5788 = VECTOR('',#5789,1.);
#5789 = DIRECTION('',(0.,0.,1.));
#5790 = ORIENTED_EDGE('',*,*,#5791,.F.);
#5791 = EDGE_CURVE('',#5753,#5784,#5792,.T.);
#5792 = LINE('',#5793,#5794);
#5793 = CARTESIAN_POINT('',(226.25,-70.55,0.));
#5794 = VECTOR('',#5795,1.);
#5795 = DIRECTION('',(-1.,0.,0.));
#5796 = PLANE('',#5797);
#5797 = AXIS2_PLACEMENT_3D('',#5798,#5799,#5800);
#5798 = CARTESIAN_POINT('',(226.25,-70.55,0.));
#5799 = DIRECTION('',(0.,-1.,0.));
#5800 = DIRECTION('',(-1.,0.,0.));
#5801 = ADVANCED_FACE('',(#5802),#5818,.T.);
#5802 = FACE_BOUND('',#5803,.T.);
#5803 = EDGE_LOOP('',(#5804,#5805,#5811,#5812));
#5804 = ORIENTED_EDGE('',*,*,#5783,.T.);
#5805 = ORIENTED_EDGE('',*,*,#5806,.T.);
#5806 = EDGE_CURVE('',#5776,#5706,#5807,.T.);
#5807 = LINE('',#5808,#5809);
#5808 = CARTESIAN_POINT('',(212.15,-70.55,1.51));
#5809 = VECTOR('',#5810,1.);
#5810 = DIRECTION('',(0.,-1.,0.));
#5811 = ORIENTED_EDGE('',*,*,#5703,.F.);
#5812 = ORIENTED_EDGE('',*,*,#5813,.F.);
#5813 = EDGE_CURVE('',#5784,#5704,#5814,.T.);
#5814 = LINE('',#5815,#5816);
#5815 = CARTESIAN_POINT('',(212.15,-70.55,0.));
#5816 = VECTOR('',#5817,1.);
#5817 = DIRECTION('',(0.,-1.,0.));
#5818 = PLANE('',#5819);
#5819 = AXIS2_PLACEMENT_3D('',#5820,#5821,#5822);
#5820 = CARTESIAN_POINT('',(212.15,-70.55,0.));
#5821 = DIRECTION('',(1.,0.,-0.));
#5822 = DIRECTION('',(0.,-1.,0.));
#5823 = ADVANCED_FACE('',(#5824),#5858,.T.);
#5824 = FACE_BOUND('',#5825,.T.);
#5825 = EDGE_LOOP('',(#5826,#5836,#5844,#5852));
#5826 = ORIENTED_EDGE('',*,*,#5827,.T.);
#5827 = EDGE_CURVE('',#5828,#5830,#5832,.T.);
#5828 = VERTEX_POINT('',#5829);
#5829 = CARTESIAN_POINT('',(261.95,-75.935,0.));
#5830 = VERTEX_POINT('',#5831);
#5831 = CARTESIAN_POINT('',(261.95,-75.935,1.51));
#5832 = LINE('',#5833,#5834);
#5833 = CARTESIAN_POINT('',(261.95,-75.935,0.));
#5834 = VECTOR('',#5835,1.);
#5835 = DIRECTION('',(0.,0.,1.));
#5836 = ORIENTED_EDGE('',*,*,#5837,.T.);
#5837 = EDGE_CURVE('',#5830,#5838,#5840,.T.);
#5838 = VERTEX_POINT('',#5839);
#5839 = CARTESIAN_POINT('',(276.05,-75.935,1.51));
#5840 = LINE('',#5841,#5842);
#5841 = CARTESIAN_POINT('',(261.95,-75.935,1.51));
#5842 = VECTOR('',#5843,1.);
#5843 = DIRECTION('',(1.,0.,0.));
#5844 = ORIENTED_EDGE('',*,*,#5845,.F.);
#5845 = EDGE_CURVE('',#5846,#5838,#5848,.T.);
#5846 = VERTEX_POINT('',#5847);
#5847 = CARTESIAN_POINT('',(276.05,-75.935,0.));
#5848 = LINE('',#5849,#5850);
#5849 = CARTESIAN_POINT('',(276.05,-75.935,0.));
#5850 = VECTOR('',#5851,1.);
#5851 = DIRECTION('',(0.,0.,1.));
#5852 = ORIENTED_EDGE('',*,*,#5853,.F.);
#5853 = EDGE_CURVE('',#5828,#5846,#5854,.T.);
#5854 = LINE('',#5855,#5856);
#5855 = CARTESIAN_POINT('',(261.95,-75.935,0.));
#5856 = VECTOR('',#5857,1.);
#5857 = DIRECTION('',(1.,0.,0.));
#5858 = PLANE('',#5859);
#5859 = AXIS2_PLACEMENT_3D('',#5860,#5861,#5862);
#5860 = CARTESIAN_POINT('',(261.95,-75.935,0.));
#5861 = DIRECTION('',(0.,1.,0.));
#5862 = DIRECTION('',(1.,0.,0.));
#5863 = ADVANCED_FACE('',(#5864),#5889,.T.);
#5864 = FACE_BOUND('',#5865,.T.);
#5865 = EDGE_LOOP('',(#5866,#5867,#5875,#5883));
#5866 = ORIENTED_EDGE('',*,*,#5845,.T.);
#5867 = ORIENTED_EDGE('',*,*,#5868,.T.);
#5868 = EDGE_CURVE('',#5838,#5869,#5871,.T.);
#5869 = VERTEX_POINT('',#5870);
#5870 = CARTESIAN_POINT('',(276.05,-61.835,1.51));
#5871 = LINE('',#5872,#5873);
#5872 = CARTESIAN_POINT('',(276.05,-75.935,1.51));
#5873 = VECTOR('',#5874,1.);
#5874 = DIRECTION('',(0.,1.,0.));
#5875 = ORIENTED_EDGE('',*,*,#5876,.F.);
#5876 = EDGE_CURVE('',#5877,#5869,#5879,.T.);
#5877 = VERTEX_POINT('',#5878);
#5878 = CARTESIAN_POINT('',(276.05,-61.835,0.));
#5879 = LINE('',#5880,#5881);
#5880 = CARTESIAN_POINT('',(276.05,-61.835,0.));
#5881 = VECTOR('',#5882,1.);
#5882 = DIRECTION('',(0.,0.,1.));
#5883 = ORIENTED_EDGE('',*,*,#5884,.F.);
#5884 = EDGE_CURVE('',#5846,#5877,#5885,.T.);
#5885 = LINE('',#5886,#5887);
#5886 = CARTESIAN_POINT('',(276.05,-75.935,0.));
#5887 = VECTOR('',#5888,1.);
#5888 = DIRECTION('',(0.,1.,0.));
#5889 = PLANE('',#5890);
#5890 = AXIS2_PLACEMENT_3D('',#5891,#5892,#5893);
#5891 = CARTESIAN_POINT('',(276.05,-75.935,0.));
#5892 = DIRECTION('',(-1.,0.,0.));
#5893 = DIRECTION('',(0.,1.,0.));
#5894 = ADVANCED_FACE('',(#5895),#5920,.T.);
#5895 = FACE_BOUND('',#5896,.T.);
#5896 = EDGE_LOOP('',(#5897,#5898,#5906,#5914));
#5897 = ORIENTED_EDGE('',*,*,#5876,.T.);
#5898 = ORIENTED_EDGE('',*,*,#5899,.T.);
#5899 = EDGE_CURVE('',#5869,#5900,#5902,.T.);
#5900 = VERTEX_POINT('',#5901);
#5901 = CARTESIAN_POINT('',(261.95,-61.835,1.51));
#5902 = LINE('',#5903,#5904);
#5903 = CARTESIAN_POINT('',(276.05,-61.835,1.51));
#5904 = VECTOR('',#5905,1.);
#5905 = DIRECTION('',(-1.,0.,0.));
#5906 = ORIENTED_EDGE('',*,*,#5907,.F.);
#5907 = EDGE_CURVE('',#5908,#5900,#5910,.T.);
#5908 = VERTEX_POINT('',#5909);
#5909 = CARTESIAN_POINT('',(261.95,-61.835,0.));
#5910 = LINE('',#5911,#5912);
#5911 = CARTESIAN_POINT('',(261.95,-61.835,0.));
#5912 = VECTOR('',#5913,1.);
#5913 = DIRECTION('',(0.,0.,1.));
#5914 = ORIENTED_EDGE('',*,*,#5915,.F.);
#5915 = EDGE_CURVE('',#5877,#5908,#5916,.T.);
#5916 = LINE('',#5917,#5918);
#5917 = CARTESIAN_POINT('',(276.05,-61.835,0.));
#5918 = VECTOR('',#5919,1.);
#5919 = DIRECTION('',(-1.,0.,0.));
#5920 = PLANE('',#5921);
#5921 = AXIS2_PLACEMENT_3D('',#5922,#5923,#5924);
#5922 = CARTESIAN_POINT('',(276.05,-61.835,0.));
#5923 = DIRECTION('',(0.,-1.,0.));
#5924 = DIRECTION('',(-1.,0.,0.));
#5925 = ADVANCED_FACE('',(#5926),#5942,.T.);
#5926 = FACE_BOUND('',#5927,.T.);
#5927 = EDGE_LOOP('',(#5928,#5929,#5935,#5936));
#5928 = ORIENTED_EDGE('',*,*,#5907,.T.);
#5929 = ORIENTED_EDGE('',*,*,#5930,.T.);
#5930 = EDGE_CURVE('',#5900,#5830,#5931,.T.);
#5931 = LINE('',#5932,#5933);
#5932 = CARTESIAN_POINT('',(261.95,-61.835,1.51));
#5933 = VECTOR('',#5934,1.);
#5934 = DIRECTION('',(0.,-1.,0.));
#5935 = ORIENTED_EDGE('',*,*,#5827,.F.);
#5936 = ORIENTED_EDGE('',*,*,#5937,.F.);
#5937 = EDGE_CURVE('',#5908,#5828,#5938,.T.);
#5938 = LINE('',#5939,#5940);
#5939 = CARTESIAN_POINT('',(261.95,-61.835,0.));
#5940 = VECTOR('',#5941,1.);
#5941 = DIRECTION('',(0.,-1.,0.));
#5942 = PLANE('',#5943);
#5943 = AXIS2_PLACEMENT_3D('',#5944,#5945,#5946);
#5944 = CARTESIAN_POINT('',(261.95,-61.835,0.));
#5945 = DIRECTION('',(1.,0.,-0.));
#5946 = DIRECTION('',(0.,-1.,0.));
#5947 = ADVANCED_FACE('',(#5948),#5982,.T.);
#5948 = FACE_BOUND('',#5949,.T.);
#5949 = EDGE_LOOP('',(#5950,#5960,#5968,#5976));
#5950 = ORIENTED_EDGE('',*,*,#5951,.T.);
#5951 = EDGE_CURVE('',#5952,#5954,#5956,.T.);
#5952 = VERTEX_POINT('',#5953);
#5953 = CARTESIAN_POINT('',(245.35,-74.275,0.));
#5954 = VERTEX_POINT('',#5955);
#5955 = CARTESIAN_POINT('',(245.35,-74.275,1.51));
#5956 = LINE('',#5957,#5958);
#5957 = CARTESIAN_POINT('',(245.35,-74.275,0.));
#5958 = VECTOR('',#5959,1.);
#5959 = DIRECTION('',(0.,0.,1.));
#5960 = ORIENTED_EDGE('',*,*,#5961,.T.);
#5961 = EDGE_CURVE('',#5954,#5962,#5964,.T.);
#5962 = VERTEX_POINT('',#5963);
#5963 = CARTESIAN_POINT('',(259.45,-74.275,1.51));
#5964 = LINE('',#5965,#5966);
#5965 = CARTESIAN_POINT('',(245.35,-74.275,1.51));
#5966 = VECTOR('',#5967,1.);
#5967 = DIRECTION('',(1.,0.,0.));
#5968 = ORIENTED_EDGE('',*,*,#5969,.F.);
#5969 = EDGE_CURVE('',#5970,#5962,#5972,.T.);
#5970 = VERTEX_POINT('',#5971);
#5971 = CARTESIAN_POINT('',(259.45,-74.275,0.));
#5972 = LINE('',#5973,#5974);
#5973 = CARTESIAN_POINT('',(259.45,-74.275,0.));
#5974 = VECTOR('',#5975,1.);
#5975 = DIRECTION('',(0.,0.,1.));
#5976 = ORIENTED_EDGE('',*,*,#5977,.F.);
#5977 = EDGE_CURVE('',#5952,#5970,#5978,.T.);
#5978 = LINE('',#5979,#5980);
#5979 = CARTESIAN_POINT('',(245.35,-74.275,0.));
#5980 = VECTOR('',#5981,1.);
#5981 = DIRECTION('',(1.,0.,0.));
#5982 = PLANE('',#5983);
#5983 = AXIS2_PLACEMENT_3D('',#5984,#5985,#5986);
#5984 = CARTESIAN_POINT('',(245.35,-74.275,0.));
#5985 = DIRECTION('',(0.,1.,0.));
#5986 = DIRECTION('',(1.,0.,0.));
#5987 = ADVANCED_FACE('',(#5988),#6013,.T.);
#5988 = FACE_BOUND('',#5989,.T.);
#5989 = EDGE_LOOP('',(#5990,#5991,#5999,#6007));
#5990 = ORIENTED_EDGE('',*,*,#5969,.T.);
#5991 = ORIENTED_EDGE('',*,*,#5992,.T.);
#5992 = EDGE_CURVE('',#5962,#5993,#5995,.T.);
#5993 = VERTEX_POINT('',#5994);
#5994 = CARTESIAN_POINT('',(259.45,-60.175,1.51));
#5995 = LINE('',#5996,#5997);
#5996 = CARTESIAN_POINT('',(259.45,-74.275,1.51));
#5997 = VECTOR('',#5998,1.);
#5998 = DIRECTION('',(0.,1.,0.));
#5999 = ORIENTED_EDGE('',*,*,#6000,.F.);
#6000 = EDGE_CURVE('',#6001,#5993,#6003,.T.);
#6001 = VERTEX_POINT('',#6002);
#6002 = CARTESIAN_POINT('',(259.45,-60.175,0.));
#6003 = LINE('',#6004,#6005);
#6004 = CARTESIAN_POINT('',(259.45,-60.175,0.));
#6005 = VECTOR('',#6006,1.);
#6006 = DIRECTION('',(0.,0.,1.));
#6007 = ORIENTED_EDGE('',*,*,#6008,.F.);
#6008 = EDGE_CURVE('',#5970,#6001,#6009,.T.);
#6009 = LINE('',#6010,#6011);
#6010 = CARTESIAN_POINT('',(259.45,-74.275,0.));
#6011 = VECTOR('',#6012,1.);
#6012 = DIRECTION('',(0.,1.,0.));
#6013 = PLANE('',#6014);
#6014 = AXIS2_PLACEMENT_3D('',#6015,#6016,#6017);
#6015 = CARTESIAN_POINT('',(259.45,-74.275,0.));
#6016 = DIRECTION('',(-1.,0.,0.));
#6017 = DIRECTION('',(0.,1.,0.));
#6018 = ADVANCED_FACE('',(#6019),#6044,.T.);
#6019 = FACE_BOUND('',#6020,.T.);
#6020 = EDGE_LOOP('',(#6021,#6022,#6030,#6038));
#6021 = ORIENTED_EDGE('',*,*,#6000,.T.);
#6022 = ORIENTED_EDGE('',*,*,#6023,.T.);
#6023 = EDGE_CURVE('',#5993,#6024,#6026,.T.);
#6024 = VERTEX_POINT('',#6025);
#6025 = CARTESIAN_POINT('',(245.35,-60.175,1.51));
#6026 = LINE('',#6027,#6028);
#6027 = CARTESIAN_POINT('',(259.45,-60.175,1.51));
#6028 = VECTOR('',#6029,1.);
#6029 = DIRECTION('',(-1.,0.,0.));
#6030 = ORIENTED_EDGE('',*,*,#6031,.F.);
#6031 = EDGE_CURVE('',#6032,#6024,#6034,.T.);
#6032 = VERTEX_POINT('',#6033);
#6033 = CARTESIAN_POINT('',(245.35,-60.175,0.));
#6034 = LINE('',#6035,#6036);
#6035 = CARTESIAN_POINT('',(245.35,-60.175,0.));
#6036 = VECTOR('',#6037,1.);
#6037 = DIRECTION('',(0.,0.,1.));
#6038 = ORIENTED_EDGE('',*,*,#6039,.F.);
#6039 = EDGE_CURVE('',#6001,#6032,#6040,.T.);
#6040 = LINE('',#6041,#6042);
#6041 = CARTESIAN_POINT('',(259.45,-60.175,0.));
#6042 = VECTOR('',#6043,1.);
#6043 = DIRECTION('',(-1.,0.,0.));
#6044 = PLANE('',#6045);
#6045 = AXIS2_PLACEMENT_3D('',#6046,#6047,#6048);
#6046 = CARTESIAN_POINT('',(259.45,-60.175,0.));
#6047 = DIRECTION('',(0.,-1.,0.));
#6048 = DIRECTION('',(-1.,0.,0.));
#6049 = ADVANCED_FACE('',(#6050),#6066,.T.);
#6050 = FACE_BOUND('',#6051,.T.);
#6051 = EDGE_LOOP('',(#6052,#6053,#6059,#6060));
#6052 = ORIENTED_EDGE('',*,*,#6031,.T.);
#6053 = ORIENTED_EDGE('',*,*,#6054,.T.);
#6054 = EDGE_CURVE('',#6024,#5954,#6055,.T.);
#6055 = LINE('',#6056,#6057);
#6056 = CARTESIAN_POINT('',(245.35,-60.175,1.51));
#6057 = VECTOR('',#6058,1.);
#6058 = DIRECTION('',(0.,-1.,0.));
#6059 = ORIENTED_EDGE('',*,*,#5951,.F.);
#6060 = ORIENTED_EDGE('',*,*,#6061,.F.);
#6061 = EDGE_CURVE('',#6032,#5952,#6062,.T.);
#6062 = LINE('',#6063,#6064);
#6063 = CARTESIAN_POINT('',(245.35,-60.175,0.));
#6064 = VECTOR('',#6065,1.);
#6065 = DIRECTION('',(0.,-1.,0.));
#6066 = PLANE('',#6067);
#6067 = AXIS2_PLACEMENT_3D('',#6068,#6069,#6070);
#6068 = CARTESIAN_POINT('',(245.35,-60.175,0.));
#6069 = DIRECTION('',(1.,0.,-0.));
#6070 = DIRECTION('',(0.,-1.,0.));
#6071 = ADVANCED_FACE('',(#6072),#6106,.T.);
#6072 = FACE_BOUND('',#6073,.T.);
#6073 = EDGE_LOOP('',(#6074,#6084,#6092,#6100));
#6074 = ORIENTED_EDGE('',*,*,#6075,.T.);
#6075 = EDGE_CURVE('',#6076,#6078,#6080,.T.);
#6076 = VERTEX_POINT('',#6077);
#6077 = CARTESIAN_POINT('',(178.95,-72.2,0.));
#6078 = VERTEX_POINT('',#6079);
#6079 = CARTESIAN_POINT('',(178.95,-72.2,1.51));
#6080 = LINE('',#6081,#6082);
#6081 = CARTESIAN_POINT('',(178.95,-72.2,0.));
#6082 = VECTOR('',#6083,1.);
#6083 = DIRECTION('',(0.,0.,1.));
#6084 = ORIENTED_EDGE('',*,*,#6085,.T.);
#6085 = EDGE_CURVE('',#6078,#6086,#6088,.T.);
#6086 = VERTEX_POINT('',#6087);
#6087 = CARTESIAN_POINT('',(193.05,-72.2,1.51));
#6088 = LINE('',#6089,#6090);
#6089 = CARTESIAN_POINT('',(178.95,-72.2,1.51));
#6090 = VECTOR('',#6091,1.);
#6091 = DIRECTION('',(1.,0.,0.));
#6092 = ORIENTED_EDGE('',*,*,#6093,.F.);
#6093 = EDGE_CURVE('',#6094,#6086,#6096,.T.);
#6094 = VERTEX_POINT('',#6095);
#6095 = CARTESIAN_POINT('',(193.05,-72.2,0.));
#6096 = LINE('',#6097,#6098);
#6097 = CARTESIAN_POINT('',(193.05,-72.2,0.));
#6098 = VECTOR('',#6099,1.);
#6099 = DIRECTION('',(0.,0.,1.));
#6100 = ORIENTED_EDGE('',*,*,#6101,.F.);
#6101 = EDGE_CURVE('',#6076,#6094,#6102,.T.);
#6102 = LINE('',#6103,#6104);
#6103 = CARTESIAN_POINT('',(178.95,-72.2,0.));
#6104 = VECTOR('',#6105,1.);
#6105 = DIRECTION('',(1.,0.,0.));
#6106 = PLANE('',#6107);
#6107 = AXIS2_PLACEMENT_3D('',#6108,#6109,#6110);
#6108 = CARTESIAN_POINT('',(178.95,-72.2,0.));
#6109 = DIRECTION('',(0.,1.,0.));
#6110 = DIRECTION('',(1.,0.,0.));
#6111 = ADVANCED_FACE('',(#6112),#6137,.T.);
#6112 = FACE_BOUND('',#6113,.T.);
#6113 = EDGE_LOOP('',(#6114,#6115,#6123,#6131));
#6114 = ORIENTED_EDGE('',*,*,#6093,.T.);
#6115 = ORIENTED_EDGE('',*,*,#6116,.T.);
#6116 = EDGE_CURVE('',#6086,#6117,#6119,.T.);
#6117 = VERTEX_POINT('',#6118);
#6118 = CARTESIAN_POINT('',(193.05,-58.1,1.51));
#6119 = LINE('',#6120,#6121);
#6120 = CARTESIAN_POINT('',(193.05,-72.2,1.51));
#6121 = VECTOR('',#6122,1.);
#6122 = DIRECTION('',(0.,1.,0.));
#6123 = ORIENTED_EDGE('',*,*,#6124,.F.);
#6124 = EDGE_CURVE('',#6125,#6117,#6127,.T.);
#6125 = VERTEX_POINT('',#6126);
#6126 = CARTESIAN_POINT('',(193.05,-58.1,0.));
#6127 = LINE('',#6128,#6129);
#6128 = CARTESIAN_POINT('',(193.05,-58.1,0.));
#6129 = VECTOR('',#6130,1.);
#6130 = DIRECTION('',(0.,0.,1.));
#6131 = ORIENTED_EDGE('',*,*,#6132,.F.);
#6132 = EDGE_CURVE('',#6094,#6125,#6133,.T.);
#6133 = LINE('',#6134,#6135);
#6134 = CARTESIAN_POINT('',(193.05,-72.2,0.));
#6135 = VECTOR('',#6136,1.);
#6136 = DIRECTION('',(0.,1.,0.));
#6137 = PLANE('',#6138);
#6138 = AXIS2_PLACEMENT_3D('',#6139,#6140,#6141);
#6139 = CARTESIAN_POINT('',(193.05,-72.2,0.));
#6140 = DIRECTION('',(-1.,0.,0.));
#6141 = DIRECTION('',(0.,1.,0.));
#6142 = ADVANCED_FACE('',(#6143),#6168,.T.);
#6143 = FACE_BOUND('',#6144,.T.);
#6144 = EDGE_LOOP('',(#6145,#6146,#6154,#6162));
#6145 = ORIENTED_EDGE('',*,*,#6124,.T.);
#6146 = ORIENTED_EDGE('',*,*,#6147,.T.);
#6147 = EDGE_CURVE('',#6117,#6148,#6150,.T.);
#6148 = VERTEX_POINT('',#6149);
#6149 = CARTESIAN_POINT('',(178.95,-58.1,1.51));
#6150 = LINE('',#6151,#6152);
#6151 = CARTESIAN_POINT('',(193.05,-58.1,1.51));
#6152 = VECTOR('',#6153,1.);
#6153 = DIRECTION('',(-1.,0.,0.));
#6154 = ORIENTED_EDGE('',*,*,#6155,.F.);
#6155 = EDGE_CURVE('',#6156,#6148,#6158,.T.);
#6156 = VERTEX_POINT('',#6157);
#6157 = CARTESIAN_POINT('',(178.95,-58.1,0.));
#6158 = LINE('',#6159,#6160);
#6159 = CARTESIAN_POINT('',(178.95,-58.1,0.));
#6160 = VECTOR('',#6161,1.);
#6161 = DIRECTION('',(0.,0.,1.));
#6162 = ORIENTED_EDGE('',*,*,#6163,.F.);
#6163 = EDGE_CURVE('',#6125,#6156,#6164,.T.);
#6164 = LINE('',#6165,#6166);
#6165 = CARTESIAN_POINT('',(193.05,-58.1,0.));
#6166 = VECTOR('',#6167,1.);
#6167 = DIRECTION('',(-1.,0.,0.));
#6168 = PLANE('',#6169);
#6169 = AXIS2_PLACEMENT_3D('',#6170,#6171,#6172);
#6170 = CARTESIAN_POINT('',(193.05,-58.1,0.));
#6171 = DIRECTION('',(0.,-1.,0.));
#6172 = DIRECTION('',(-1.,0.,0.));
#6173 = ADVANCED_FACE('',(#6174),#6190,.T.);
#6174 = FACE_BOUND('',#6175,.T.);
#6175 = EDGE_LOOP('',(#6176,#6177,#6183,#6184));
#6176 = ORIENTED_EDGE('',*,*,#6155,.T.);
#6177 = ORIENTED_EDGE('',*,*,#6178,.T.);
#6178 = EDGE_CURVE('',#6148,#6078,#6179,.T.);
#6179 = LINE('',#6180,#6181);
#6180 = CARTESIAN_POINT('',(178.95,-58.1,1.51));
#6181 = VECTOR('',#6182,1.);
#6182 = DIRECTION('',(0.,-1.,0.));
#6183 = ORIENTED_EDGE('',*,*,#6075,.F.);
#6184 = ORIENTED_EDGE('',*,*,#6185,.F.);
#6185 = EDGE_CURVE('',#6156,#6076,#6186,.T.);
#6186 = LINE('',#6187,#6188);
#6187 = CARTESIAN_POINT('',(178.95,-58.1,0.));
#6188 = VECTOR('',#6189,1.);
#6189 = DIRECTION('',(0.,-1.,0.));
#6190 = PLANE('',#6191);
#6191 = AXIS2_PLACEMENT_3D('',#6192,#6193,#6194);
#6192 = CARTESIAN_POINT('',(178.95,-58.1,0.));
#6193 = DIRECTION('',(1.,0.,-0.));
#6194 = DIRECTION('',(0.,-1.,0.));
#6195 = ADVANCED_FACE('',(#6196),#6230,.T.);
#6196 = FACE_BOUND('',#6197,.T.);
#6197 = EDGE_LOOP('',(#6198,#6208,#6216,#6224));
#6198 = ORIENTED_EDGE('',*,*,#6199,.T.);
#6199 = EDGE_CURVE('',#6200,#6202,#6204,.T.);
#6200 = VERTEX_POINT('',#6201);
#6201 = CARTESIAN_POINT('',(195.55,-70.125,0.));
#6202 = VERTEX_POINT('',#6203);
#6203 = CARTESIAN_POINT('',(195.55,-70.125,1.51));
#6204 = LINE('',#6205,#6206);
#6205 = CARTESIAN_POINT('',(195.55,-70.125,0.));
#6206 = VECTOR('',#6207,1.);
#6207 = DIRECTION('',(0.,0.,1.));
#6208 = ORIENTED_EDGE('',*,*,#6209,.T.);
#6209 = EDGE_CURVE('',#6202,#6210,#6212,.T.);
#6210 = VERTEX_POINT('',#6211);
#6211 = CARTESIAN_POINT('',(209.65,-70.125,1.51));
#6212 = LINE('',#6213,#6214);
#6213 = CARTESIAN_POINT('',(195.55,-70.125,1.51));
#6214 = VECTOR('',#6215,1.);
#6215 = DIRECTION('',(1.,0.,0.));
#6216 = ORIENTED_EDGE('',*,*,#6217,.F.);
#6217 = EDGE_CURVE('',#6218,#6210,#6220,.T.);
#6218 = VERTEX_POINT('',#6219);
#6219 = CARTESIAN_POINT('',(209.65,-70.125,0.));
#6220 = LINE('',#6221,#6222);
#6221 = CARTESIAN_POINT('',(209.65,-70.125,0.));
#6222 = VECTOR('',#6223,1.);
#6223 = DIRECTION('',(0.,0.,1.));
#6224 = ORIENTED_EDGE('',*,*,#6225,.F.);
#6225 = EDGE_CURVE('',#6200,#6218,#6226,.T.);
#6226 = LINE('',#6227,#6228);
#6227 = CARTESIAN_POINT('',(195.55,-70.125,0.));
#6228 = VECTOR('',#6229,1.);
#6229 = DIRECTION('',(1.,0.,0.));
#6230 = PLANE('',#6231);
#6231 = AXIS2_PLACEMENT_3D('',#6232,#6233,#6234);
#6232 = CARTESIAN_POINT('',(195.55,-70.125,0.));
#6233 = DIRECTION('',(0.,1.,0.));
#6234 = DIRECTION('',(1.,0.,0.));
#6235 = ADVANCED_FACE('',(#6236),#6261,.T.);
#6236 = FACE_BOUND('',#6237,.T.);
#6237 = EDGE_LOOP('',(#6238,#6239,#6247,#6255));
#6238 = ORIENTED_EDGE('',*,*,#6217,.T.);
#6239 = ORIENTED_EDGE('',*,*,#6240,.T.);
#6240 = EDGE_CURVE('',#6210,#6241,#6243,.T.);
#6241 = VERTEX_POINT('',#6242);
#6242 = CARTESIAN_POINT('',(209.65,-56.025,1.51));
#6243 = LINE('',#6244,#6245);
#6244 = CARTESIAN_POINT('',(209.65,-70.125,1.51));
#6245 = VECTOR('',#6246,1.);
#6246 = DIRECTION('',(0.,1.,0.));
#6247 = ORIENTED_EDGE('',*,*,#6248,.F.);
#6248 = EDGE_CURVE('',#6249,#6241,#6251,.T.);
#6249 = VERTEX_POINT('',#6250);
#6250 = CARTESIAN_POINT('',(209.65,-56.025,0.));
#6251 = LINE('',#6252,#6253);
#6252 = CARTESIAN_POINT('',(209.65,-56.025,0.));
#6253 = VECTOR('',#6254,1.);
#6254 = DIRECTION('',(0.,0.,1.));
#6255 = ORIENTED_EDGE('',*,*,#6256,.F.);
#6256 = EDGE_CURVE('',#6218,#6249,#6257,.T.);
#6257 = LINE('',#6258,#6259);
#6258 = CARTESIAN_POINT('',(209.65,-70.125,0.));
#6259 = VECTOR('',#6260,1.);
#6260 = DIRECTION('',(0.,1.,0.));
#6261 = PLANE('',#6262);
#6262 = AXIS2_PLACEMENT_3D('',#6263,#6264,#6265);
#6263 = CARTESIAN_POINT('',(209.65,-70.125,0.));
#6264 = DIRECTION('',(-1.,0.,0.));
#6265 = DIRECTION('',(0.,1.,0.));
#6266 = ADVANCED_FACE('',(#6267),#6292,.T.);
#6267 = FACE_BOUND('',#6268,.T.);
#6268 = EDGE_LOOP('',(#6269,#6270,#6278,#6286));
#6269 = ORIENTED_EDGE('',*,*,#6248,.T.);
#6270 = ORIENTED_EDGE('',*,*,#6271,.T.);
#6271 = EDGE_CURVE('',#6241,#6272,#6274,.T.);
#6272 = VERTEX_POINT('',#6273);
#6273 = CARTESIAN_POINT('',(195.55,-56.025,1.51));
#6274 = LINE('',#6275,#6276);
#6275 = CARTESIAN_POINT('',(209.65,-56.025,1.51));
#6276 = VECTOR('',#6277,1.);
#6277 = DIRECTION('',(-1.,0.,0.));
#6278 = ORIENTED_EDGE('',*,*,#6279,.F.);
#6279 = EDGE_CURVE('',#6280,#6272,#6282,.T.);
#6280 = VERTEX_POINT('',#6281);
#6281 = CARTESIAN_POINT('',(195.55,-56.025,0.));
#6282 = LINE('',#6283,#6284);
#6283 = CARTESIAN_POINT('',(195.55,-56.025,0.));
#6284 = VECTOR('',#6285,1.);
#6285 = DIRECTION('',(0.,0.,1.));
#6286 = ORIENTED_EDGE('',*,*,#6287,.F.);
#6287 = EDGE_CURVE('',#6249,#6280,#6288,.T.);
#6288 = LINE('',#6289,#6290);
#6289 = CARTESIAN_POINT('',(209.65,-56.025,0.));
#6290 = VECTOR('',#6291,1.);
#6291 = DIRECTION('',(-1.,0.,0.));
#6292 = PLANE('',#6293);
#6293 = AXIS2_PLACEMENT_3D('',#6294,#6295,#6296);
#6294 = CARTESIAN_POINT('',(209.65,-56.025,0.));
#6295 = DIRECTION('',(0.,-1.,0.));
#6296 = DIRECTION('',(-1.,0.,0.));
#6297 = ADVANCED_FACE('',(#6298),#6314,.T.);
#6298 = FACE_BOUND('',#6299,.T.);
#6299 = EDGE_LOOP('',(#6300,#6301,#6307,#6308));
#6300 = ORIENTED_EDGE('',*,*,#6279,.T.);
#6301 = ORIENTED_EDGE('',*,*,#6302,.T.);
#6302 = EDGE_CURVE('',#6272,#6202,#6303,.T.);
#6303 = LINE('',#6304,#6305);
#6304 = CARTESIAN_POINT('',(195.55,-56.025,1.51));
#6305 = VECTOR('',#6306,1.);
#6306 = DIRECTION('',(0.,-1.,0.));
#6307 = ORIENTED_EDGE('',*,*,#6199,.F.);
#6308 = ORIENTED_EDGE('',*,*,#6309,.F.);
#6309 = EDGE_CURVE('',#6280,#6200,#6310,.T.);
#6310 = LINE('',#6311,#6312);
#6311 = CARTESIAN_POINT('',(195.55,-56.025,0.));
#6312 = VECTOR('',#6313,1.);
#6313 = DIRECTION('',(0.,-1.,0.));
#6314 = PLANE('',#6315);
#6315 = AXIS2_PLACEMENT_3D('',#6316,#6317,#6318);
#6316 = CARTESIAN_POINT('',(195.55,-56.025,0.));
#6317 = DIRECTION('',(1.,0.,-0.));
#6318 = DIRECTION('',(0.,-1.,0.));
#6319 = ADVANCED_FACE('',(#6320),#6354,.T.);
#6320 = FACE_BOUND('',#6321,.T.);
#6321 = EDGE_LOOP('',(#6322,#6332,#6340,#6348));
#6322 = ORIENTED_EDGE('',*,*,#6323,.T.);
#6323 = EDGE_CURVE('',#6324,#6326,#6328,.T.);
#6324 = VERTEX_POINT('',#6325);
#6325 = CARTESIAN_POINT('',(228.75,-70.125,0.));
#6326 = VERTEX_POINT('',#6327);
#6327 = CARTESIAN_POINT('',(228.75,-70.125,1.51));
#6328 = LINE('',#6329,#6330);
#6329 = CARTESIAN_POINT('',(228.75,-70.125,0.));
#6330 = VECTOR('',#6331,1.);
#6331 = DIRECTION('',(0.,0.,1.));
#6332 = ORIENTED_EDGE('',*,*,#6333,.T.);
#6333 = EDGE_CURVE('',#6326,#6334,#6336,.T.);
#6334 = VERTEX_POINT('',#6335);
#6335 = CARTESIAN_POINT('',(242.85,-70.125,1.51));
#6336 = LINE('',#6337,#6338);
#6337 = CARTESIAN_POINT('',(228.75,-70.125,1.51));
#6338 = VECTOR('',#6339,1.);
#6339 = DIRECTION('',(1.,0.,0.));
#6340 = ORIENTED_EDGE('',*,*,#6341,.F.);
#6341 = EDGE_CURVE('',#6342,#6334,#6344,.T.);
#6342 = VERTEX_POINT('',#6343);
#6343 = CARTESIAN_POINT('',(242.85,-70.125,0.));
#6344 = LINE('',#6345,#6346);
#6345 = CARTESIAN_POINT('',(242.85,-70.125,0.));
#6346 = VECTOR('',#6347,1.);
#6347 = DIRECTION('',(0.,0.,1.));
#6348 = ORIENTED_EDGE('',*,*,#6349,.F.);
#6349 = EDGE_CURVE('',#6324,#6342,#6350,.T.);
#6350 = LINE('',#6351,#6352);
#6351 = CARTESIAN_POINT('',(228.75,-70.125,0.));
#6352 = VECTOR('',#6353,1.);
#6353 = DIRECTION('',(1.,0.,0.));
#6354 = PLANE('',#6355);
#6355 = AXIS2_PLACEMENT_3D('',#6356,#6357,#6358);
#6356 = CARTESIAN_POINT('',(228.75,-70.125,0.));
#6357 = DIRECTION('',(0.,1.,0.));
#6358 = DIRECTION('',(1.,0.,0.));
#6359 = ADVANCED_FACE('',(#6360),#6385,.T.);
#6360 = FACE_BOUND('',#6361,.T.);
#6361 = EDGE_LOOP('',(#6362,#6363,#6371,#6379));
#6362 = ORIENTED_EDGE('',*,*,#6341,.T.);
#6363 = ORIENTED_EDGE('',*,*,#6364,.T.);
#6364 = EDGE_CURVE('',#6334,#6365,#6367,.T.);
#6365 = VERTEX_POINT('',#6366);
#6366 = CARTESIAN_POINT('',(242.85,-56.025,1.51));
#6367 = LINE('',#6368,#6369);
#6368 = CARTESIAN_POINT('',(242.85,-70.125,1.51));
#6369 = VECTOR('',#6370,1.);
#6370 = DIRECTION('',(0.,1.,0.));
#6371 = ORIENTED_EDGE('',*,*,#6372,.F.);
#6372 = EDGE_CURVE('',#6373,#6365,#6375,.T.);
#6373 = VERTEX_POINT('',#6374);
#6374 = CARTESIAN_POINT('',(242.85,-56.025,0.));
#6375 = LINE('',#6376,#6377);
#6376 = CARTESIAN_POINT('',(242.85,-56.025,0.));
#6377 = VECTOR('',#6378,1.);
#6378 = DIRECTION('',(0.,0.,1.));
#6379 = ORIENTED_EDGE('',*,*,#6380,.F.);
#6380 = EDGE_CURVE('',#6342,#6373,#6381,.T.);
#6381 = LINE('',#6382,#6383);
#6382 = CARTESIAN_POINT('',(242.85,-70.125,0.));
#6383 = VECTOR('',#6384,1.);
#6384 = DIRECTION('',(0.,1.,0.));
#6385 = PLANE('',#6386);
#6386 = AXIS2_PLACEMENT_3D('',#6387,#6388,#6389);
#6387 = CARTESIAN_POINT('',(242.85,-70.125,0.));
#6388 = DIRECTION('',(-1.,0.,0.));
#6389 = DIRECTION('',(0.,1.,0.));
#6390 = ADVANCED_FACE('',(#6391),#6416,.T.);
#6391 = FACE_BOUND('',#6392,.T.);
#6392 = EDGE_LOOP('',(#6393,#6394,#6402,#6410));
#6393 = ORIENTED_EDGE('',*,*,#6372,.T.);
#6394 = ORIENTED_EDGE('',*,*,#6395,.T.);
#6395 = EDGE_CURVE('',#6365,#6396,#6398,.T.);
#6396 = VERTEX_POINT('',#6397);
#6397 = CARTESIAN_POINT('',(228.75,-56.025,1.51));
#6398 = LINE('',#6399,#6400);
#6399 = CARTESIAN_POINT('',(242.85,-56.025,1.51));
#6400 = VECTOR('',#6401,1.);
#6401 = DIRECTION('',(-1.,0.,0.));
#6402 = ORIENTED_EDGE('',*,*,#6403,.F.);
#6403 = EDGE_CURVE('',#6404,#6396,#6406,.T.);
#6404 = VERTEX_POINT('',#6405);
#6405 = CARTESIAN_POINT('',(228.75,-56.025,0.));
#6406 = LINE('',#6407,#6408);
#6407 = CARTESIAN_POINT('',(228.75,-56.025,0.));
#6408 = VECTOR('',#6409,1.);
#6409 = DIRECTION('',(0.,0.,1.));
#6410 = ORIENTED_EDGE('',*,*,#6411,.F.);
#6411 = EDGE_CURVE('',#6373,#6404,#6412,.T.);
#6412 = LINE('',#6413,#6414);
#6413 = CARTESIAN_POINT('',(242.85,-56.025,0.));
#6414 = VECTOR('',#6415,1.);
#6415 = DIRECTION('',(-1.,0.,0.));
#6416 = PLANE('',#6417);
#6417 = AXIS2_PLACEMENT_3D('',#6418,#6419,#6420);
#6418 = CARTESIAN_POINT('',(242.85,-56.025,0.));
#6419 = DIRECTION('',(0.,-1.,0.));
#6420 = DIRECTION('',(-1.,0.,0.));
#6421 = ADVANCED_FACE('',(#6422),#6438,.T.);
#6422 = FACE_BOUND('',#6423,.T.);
#6423 = EDGE_LOOP('',(#6424,#6425,#6431,#6432));
#6424 = ORIENTED_EDGE('',*,*,#6403,.T.);
#6425 = ORIENTED_EDGE('',*,*,#6426,.T.);
#6426 = EDGE_CURVE('',#6396,#6326,#6427,.T.);
#6427 = LINE('',#6428,#6429);
#6428 = CARTESIAN_POINT('',(228.75,-56.025,1.51));
#6429 = VECTOR('',#6430,1.);
#6430 = DIRECTION('',(0.,-1.,0.));
#6431 = ORIENTED_EDGE('',*,*,#6323,.F.);
#6432 = ORIENTED_EDGE('',*,*,#6433,.F.);
#6433 = EDGE_CURVE('',#6404,#6324,#6434,.T.);
#6434 = LINE('',#6435,#6436);
#6435 = CARTESIAN_POINT('',(228.75,-56.025,0.));
#6436 = VECTOR('',#6437,1.);
#6437 = DIRECTION('',(0.,-1.,0.));
#6438 = PLANE('',#6439);
#6439 = AXIS2_PLACEMENT_3D('',#6440,#6441,#6442);
#6440 = CARTESIAN_POINT('',(228.75,-56.025,0.));
#6441 = DIRECTION('',(1.,0.,-0.));
#6442 = DIRECTION('',(0.,-1.,0.));
#6443 = ADVANCED_FACE('',(#6444),#6478,.T.);
#6444 = FACE_BOUND('',#6445,.T.);
#6445 = EDGE_LOOP('',(#6446,#6456,#6464,#6472));
#6446 = ORIENTED_EDGE('',*,*,#6447,.T.);
#6447 = EDGE_CURVE('',#6448,#6450,#6452,.T.);
#6448 = VERTEX_POINT('',#6449);
#6449 = CARTESIAN_POINT('',(212.15,-68.05,0.));
#6450 = VERTEX_POINT('',#6451);
#6451 = CARTESIAN_POINT('',(212.15,-68.05,1.51));
#6452 = LINE('',#6453,#6454);
#6453 = CARTESIAN_POINT('',(212.15,-68.05,0.));
#6454 = VECTOR('',#6455,1.);
#6455 = DIRECTION('',(0.,0.,1.));
#6456 = ORIENTED_EDGE('',*,*,#6457,.T.);
#6457 = EDGE_CURVE('',#6450,#6458,#6460,.T.);
#6458 = VERTEX_POINT('',#6459);
#6459 = CARTESIAN_POINT('',(226.25,-68.05,1.51));
#6460 = LINE('',#6461,#6462);
#6461 = CARTESIAN_POINT('',(212.15,-68.05,1.51));
#6462 = VECTOR('',#6463,1.);
#6463 = DIRECTION('',(1.,0.,0.));
#6464 = ORIENTED_EDGE('',*,*,#6465,.F.);
#6465 = EDGE_CURVE('',#6466,#6458,#6468,.T.);
#6466 = VERTEX_POINT('',#6467);
#6467 = CARTESIAN_POINT('',(226.25,-68.05,0.));
#6468 = LINE('',#6469,#6470);
#6469 = CARTESIAN_POINT('',(226.25,-68.05,0.));
#6470 = VECTOR('',#6471,1.);
#6471 = DIRECTION('',(0.,0.,1.));
#6472 = ORIENTED_EDGE('',*,*,#6473,.F.);
#6473 = EDGE_CURVE('',#6448,#6466,#6474,.T.);
#6474 = LINE('',#6475,#6476);
#6475 = CARTESIAN_POINT('',(212.15,-68.05,0.));
#6476 = VECTOR('',#6477,1.);
#6477 = DIRECTION('',(1.,0.,0.));
#6478 = PLANE('',#6479);
#6479 = AXIS2_PLACEMENT_3D('',#6480,#6481,#6482);
#6480 = CARTESIAN_POINT('',(212.15,-68.05,0.));
#6481 = DIRECTION('',(0.,1.,0.));
#6482 = DIRECTION('',(1.,0.,0.));
#6483 = ADVANCED_FACE('',(#6484),#6509,.T.);
#6484 = FACE_BOUND('',#6485,.T.);
#6485 = EDGE_LOOP('',(#6486,#6487,#6495,#6503));
#6486 = ORIENTED_EDGE('',*,*,#6465,.T.);
#6487 = ORIENTED_EDGE('',*,*,#6488,.T.);
#6488 = EDGE_CURVE('',#6458,#6489,#6491,.T.);
#6489 = VERTEX_POINT('',#6490);
#6490 = CARTESIAN_POINT('',(226.25,-53.95,1.51));
#6491 = LINE('',#6492,#6493);
#6492 = CARTESIAN_POINT('',(226.25,-68.05,1.51));
#6493 = VECTOR('',#6494,1.);
#6494 = DIRECTION('',(0.,1.,0.));
#6495 = ORIENTED_EDGE('',*,*,#6496,.F.);
#6496 = EDGE_CURVE('',#6497,#6489,#6499,.T.);
#6497 = VERTEX_POINT('',#6498);
#6498 = CARTESIAN_POINT('',(226.25,-53.95,0.));
#6499 = LINE('',#6500,#6501);
#6500 = CARTESIAN_POINT('',(226.25,-53.95,0.));
#6501 = VECTOR('',#6502,1.);
#6502 = DIRECTION('',(0.,0.,1.));
#6503 = ORIENTED_EDGE('',*,*,#6504,.F.);
#6504 = EDGE_CURVE('',#6466,#6497,#6505,.T.);
#6505 = LINE('',#6506,#6507);
#6506 = CARTESIAN_POINT('',(226.25,-68.05,0.));
#6507 = VECTOR('',#6508,1.);
#6508 = DIRECTION('',(0.,1.,0.));
#6509 = PLANE('',#6510);
#6510 = AXIS2_PLACEMENT_3D('',#6511,#6512,#6513);
#6511 = CARTESIAN_POINT('',(226.25,-68.05,0.));
#6512 = DIRECTION('',(-1.,0.,0.));
#6513 = DIRECTION('',(0.,1.,0.));
#6514 = ADVANCED_FACE('',(#6515),#6540,.T.);
#6515 = FACE_BOUND('',#6516,.T.);
#6516 = EDGE_LOOP('',(#6517,#6518,#6526,#6534));
#6517 = ORIENTED_EDGE('',*,*,#6496,.T.);
#6518 = ORIENTED_EDGE('',*,*,#6519,.T.);
#6519 = EDGE_CURVE('',#6489,#6520,#6522,.T.);
#6520 = VERTEX_POINT('',#6521);
#6521 = CARTESIAN_POINT('',(212.15,-53.95,1.51));
#6522 = LINE('',#6523,#6524);
#6523 = CARTESIAN_POINT('',(226.25,-53.95,1.51));
#6524 = VECTOR('',#6525,1.);
#6525 = DIRECTION('',(-1.,0.,0.));
#6526 = ORIENTED_EDGE('',*,*,#6527,.F.);
#6527 = EDGE_CURVE('',#6528,#6520,#6530,.T.);
#6528 = VERTEX_POINT('',#6529);
#6529 = CARTESIAN_POINT('',(212.15,-53.95,0.));
#6530 = LINE('',#6531,#6532);
#6531 = CARTESIAN_POINT('',(212.15,-53.95,0.));
#6532 = VECTOR('',#6533,1.);
#6533 = DIRECTION('',(0.,0.,1.));
#6534 = ORIENTED_EDGE('',*,*,#6535,.F.);
#6535 = EDGE_CURVE('',#6497,#6528,#6536,.T.);
#6536 = LINE('',#6537,#6538);
#6537 = CARTESIAN_POINT('',(226.25,-53.95,0.));
#6538 = VECTOR('',#6539,1.);
#6539 = DIRECTION('',(-1.,0.,0.));
#6540 = PLANE('',#6541);
#6541 = AXIS2_PLACEMENT_3D('',#6542,#6543,#6544);
#6542 = CARTESIAN_POINT('',(226.25,-53.95,0.));
#6543 = DIRECTION('',(0.,-1.,0.));
#6544 = DIRECTION('',(-1.,0.,0.));
#6545 = ADVANCED_FACE('',(#6546),#6562,.T.);
#6546 = FACE_BOUND('',#6547,.T.);
#6547 = EDGE_LOOP('',(#6548,#6549,#6555,#6556));
#6548 = ORIENTED_EDGE('',*,*,#6527,.T.);
#6549 = ORIENTED_EDGE('',*,*,#6550,.T.);
#6550 = EDGE_CURVE('',#6520,#6450,#6551,.T.);
#6551 = LINE('',#6552,#6553);
#6552 = CARTESIAN_POINT('',(212.15,-53.95,1.51));
#6553 = VECTOR('',#6554,1.);
#6554 = DIRECTION('',(0.,-1.,0.));
#6555 = ORIENTED_EDGE('',*,*,#6447,.F.);
#6556 = ORIENTED_EDGE('',*,*,#6557,.F.);
#6557 = EDGE_CURVE('',#6528,#6448,#6558,.T.);
#6558 = LINE('',#6559,#6560);
#6559 = CARTESIAN_POINT('',(212.15,-53.95,0.));
#6560 = VECTOR('',#6561,1.);
#6561 = DIRECTION('',(0.,-1.,0.));
#6562 = PLANE('',#6563);
#6563 = AXIS2_PLACEMENT_3D('',#6564,#6565,#6566);
#6564 = CARTESIAN_POINT('',(212.15,-53.95,0.));
#6565 = DIRECTION('',(1.,0.,-0.));
#6566 = DIRECTION('',(0.,-1.,0.));
#6567 = ADVANCED_FACE('',(#6568,#6578,#6584,#6590,#6596,#6602,#6608,
    #6614,#6620,#6626,#6632,#6638,#6644,#6650,#6656,#6662,#6668,#6674,
    #6680,#6686,#6692,#6698),#6704,.F.);
#6568 = FACE_BOUND('',#6569,.T.);
#6569 = EDGE_LOOP('',(#6570,#6571,#6572,#6573,#6574,#6575,#6576,#6577));
#6570 = ORIENTED_EDGE('',*,*,#3745,.T.);
#6571 = ORIENTED_EDGE('',*,*,#3776,.T.);
#6572 = ORIENTED_EDGE('',*,*,#3807,.T.);
#6573 = ORIENTED_EDGE('',*,*,#3838,.T.);
#6574 = ORIENTED_EDGE('',*,*,#3869,.T.);
#6575 = ORIENTED_EDGE('',*,*,#3900,.T.);
#6576 = ORIENTED_EDGE('',*,*,#3931,.T.);
#6577 = ORIENTED_EDGE('',*,*,#3953,.T.);
#6578 = FACE_BOUND('',#6579,.T.);
#6579 = EDGE_LOOP('',(#6580,#6581,#6582,#6583));
#6580 = ORIENTED_EDGE('',*,*,#3993,.T.);
#6581 = ORIENTED_EDGE('',*,*,#4024,.T.);
#6582 = ORIENTED_EDGE('',*,*,#4055,.T.);
#6583 = ORIENTED_EDGE('',*,*,#4077,.T.);
#6584 = FACE_BOUND('',#6585,.T.);
#6585 = EDGE_LOOP('',(#6586,#6587,#6588,#6589));
#6586 = ORIENTED_EDGE('',*,*,#4117,.T.);
#6587 = ORIENTED_EDGE('',*,*,#4148,.T.);
#6588 = ORIENTED_EDGE('',*,*,#4179,.T.);
#6589 = ORIENTED_EDGE('',*,*,#4201,.T.);
#6590 = FACE_BOUND('',#6591,.T.);
#6591 = EDGE_LOOP('',(#6592,#6593,#6594,#6595));
#6592 = ORIENTED_EDGE('',*,*,#4241,.T.);
#6593 = ORIENTED_EDGE('',*,*,#4272,.T.);
#6594 = ORIENTED_EDGE('',*,*,#4303,.T.);
#6595 = ORIENTED_EDGE('',*,*,#4325,.T.);
#6596 = FACE_BOUND('',#6597,.T.);
#6597 = EDGE_LOOP('',(#6598,#6599,#6600,#6601));
#6598 = ORIENTED_EDGE('',*,*,#4365,.T.);
#6599 = ORIENTED_EDGE('',*,*,#4396,.T.);
#6600 = ORIENTED_EDGE('',*,*,#4427,.T.);
#6601 = ORIENTED_EDGE('',*,*,#4449,.T.);
#6602 = FACE_BOUND('',#6603,.T.);
#6603 = EDGE_LOOP('',(#6604,#6605,#6606,#6607));
#6604 = ORIENTED_EDGE('',*,*,#4489,.T.);
#6605 = ORIENTED_EDGE('',*,*,#4520,.T.);
#6606 = ORIENTED_EDGE('',*,*,#4551,.T.);
#6607 = ORIENTED_EDGE('',*,*,#4573,.T.);
#6608 = FACE_BOUND('',#6609,.T.);
#6609 = EDGE_LOOP('',(#6610,#6611,#6612,#6613));
#6610 = ORIENTED_EDGE('',*,*,#4613,.T.);
#6611 = ORIENTED_EDGE('',*,*,#4644,.T.);
#6612 = ORIENTED_EDGE('',*,*,#4675,.T.);
#6613 = ORIENTED_EDGE('',*,*,#4697,.T.);
#6614 = FACE_BOUND('',#6615,.T.);
#6615 = EDGE_LOOP('',(#6616,#6617,#6618,#6619));
#6616 = ORIENTED_EDGE('',*,*,#4737,.T.);
#6617 = ORIENTED_EDGE('',*,*,#4768,.T.);
#6618 = ORIENTED_EDGE('',*,*,#4799,.T.);
#6619 = ORIENTED_EDGE('',*,*,#4821,.T.);
#6620 = FACE_BOUND('',#6621,.T.);
#6621 = EDGE_LOOP('',(#6622,#6623,#6624,#6625));
#6622 = ORIENTED_EDGE('',*,*,#4861,.T.);
#6623 = ORIENTED_EDGE('',*,*,#4892,.T.);
#6624 = ORIENTED_EDGE('',*,*,#4923,.T.);
#6625 = ORIENTED_EDGE('',*,*,#4945,.T.);
#6626 = FACE_BOUND('',#6627,.T.);
#6627 = EDGE_LOOP('',(#6628,#6629,#6630,#6631));
#6628 = ORIENTED_EDGE('',*,*,#4985,.T.);
#6629 = ORIENTED_EDGE('',*,*,#5016,.T.);
#6630 = ORIENTED_EDGE('',*,*,#5047,.T.);
#6631 = ORIENTED_EDGE('',*,*,#5069,.T.);
#6632 = FACE_BOUND('',#6633,.T.);
#6633 = EDGE_LOOP('',(#6634,#6635,#6636,#6637));
#6634 = ORIENTED_EDGE('',*,*,#5109,.T.);
#6635 = ORIENTED_EDGE('',*,*,#5140,.T.);
#6636 = ORIENTED_EDGE('',*,*,#5171,.T.);
#6637 = ORIENTED_EDGE('',*,*,#5193,.T.);
#6638 = FACE_BOUND('',#6639,.T.);
#6639 = EDGE_LOOP('',(#6640,#6641,#6642,#6643));
#6640 = ORIENTED_EDGE('',*,*,#5233,.T.);
#6641 = ORIENTED_EDGE('',*,*,#5264,.T.);
#6642 = ORIENTED_EDGE('',*,*,#5295,.T.);
#6643 = ORIENTED_EDGE('',*,*,#5317,.T.);
#6644 = FACE_BOUND('',#6645,.T.);
#6645 = EDGE_LOOP('',(#6646,#6647,#6648,#6649));
#6646 = ORIENTED_EDGE('',*,*,#5357,.T.);
#6647 = ORIENTED_EDGE('',*,*,#5388,.T.);
#6648 = ORIENTED_EDGE('',*,*,#5419,.T.);
#6649 = ORIENTED_EDGE('',*,*,#5441,.T.);
#6650 = FACE_BOUND('',#6651,.T.);
#6651 = EDGE_LOOP('',(#6652,#6653,#6654,#6655));
#6652 = ORIENTED_EDGE('',*,*,#5481,.T.);
#6653 = ORIENTED_EDGE('',*,*,#5512,.T.);
#6654 = ORIENTED_EDGE('',*,*,#5543,.T.);
#6655 = ORIENTED_EDGE('',*,*,#5565,.T.);
#6656 = FACE_BOUND('',#6657,.T.);
#6657 = EDGE_LOOP('',(#6658,#6659,#6660,#6661));
#6658 = ORIENTED_EDGE('',*,*,#5605,.T.);
#6659 = ORIENTED_EDGE('',*,*,#5636,.T.);
#6660 = ORIENTED_EDGE('',*,*,#5667,.T.);
#6661 = ORIENTED_EDGE('',*,*,#5689,.T.);
#6662 = FACE_BOUND('',#6663,.T.);
#6663 = EDGE_LOOP('',(#6664,#6665,#6666,#6667));
#6664 = ORIENTED_EDGE('',*,*,#5729,.T.);
#6665 = ORIENTED_EDGE('',*,*,#5760,.T.);
#6666 = ORIENTED_EDGE('',*,*,#5791,.T.);
#6667 = ORIENTED_EDGE('',*,*,#5813,.T.);
#6668 = FACE_BOUND('',#6669,.T.);
#6669 = EDGE_LOOP('',(#6670,#6671,#6672,#6673));
#6670 = ORIENTED_EDGE('',*,*,#5853,.T.);
#6671 = ORIENTED_EDGE('',*,*,#5884,.T.);
#6672 = ORIENTED_EDGE('',*,*,#5915,.T.);
#6673 = ORIENTED_EDGE('',*,*,#5937,.T.);
#6674 = FACE_BOUND('',#6675,.T.);
#6675 = EDGE_LOOP('',(#6676,#6677,#6678,#6679));
#6676 = ORIENTED_EDGE('',*,*,#5977,.T.);
#6677 = ORIENTED_EDGE('',*,*,#6008,.T.);
#6678 = ORIENTED_EDGE('',*,*,#6039,.T.);
#6679 = ORIENTED_EDGE('',*,*,#6061,.T.);
#6680 = FACE_BOUND('',#6681,.T.);
#6681 = EDGE_LOOP('',(#6682,#6683,#6684,#6685));
#6682 = ORIENTED_EDGE('',*,*,#6101,.T.);
#6683 = ORIENTED_EDGE('',*,*,#6132,.T.);
#6684 = ORIENTED_EDGE('',*,*,#6163,.T.);
#6685 = ORIENTED_EDGE('',*,*,#6185,.T.);
#6686 = FACE_BOUND('',#6687,.T.);
#6687 = EDGE_LOOP('',(#6688,#6689,#6690,#6691));
#6688 = ORIENTED_EDGE('',*,*,#6225,.T.);
#6689 = ORIENTED_EDGE('',*,*,#6256,.T.);
#6690 = ORIENTED_EDGE('',*,*,#6287,.T.);
#6691 = ORIENTED_EDGE('',*,*,#6309,.T.);
#6692 = FACE_BOUND('',#6693,.T.);
#6693 = EDGE_LOOP('',(#6694,#6695,#6696,#6697));
#6694 = ORIENTED_EDGE('',*,*,#6349,.T.);
#6695 = ORIENTED_EDGE('',*,*,#6380,.T.);
#6696 = ORIENTED_EDGE('',*,*,#6411,.T.);
#6697 = ORIENTED_EDGE('',*,*,#6433,.T.);
#6698 = FACE_BOUND('',#6699,.T.);
#6699 = EDGE_LOOP('',(#6700,#6701,#6702,#6703));
#6700 = ORIENTED_EDGE('',*,*,#6473,.T.);
#6701 = ORIENTED_EDGE('',*,*,#6504,.T.);
#6702 = ORIENTED_EDGE('',*,*,#6535,.T.);
#6703 = ORIENTED_EDGE('',*,*,#6557,.T.);
#6704 = PLANE('',#6705);
#6705 = AXIS2_PLACEMENT_3D('',#6706,#6707,#6708);
#6706 = CARTESIAN_POINT('',(0.,0.,0.));
#6707 = DIRECTION('',(0.,0.,1.));
#6708 = DIRECTION('',(1.,0.,-0.));
#6709 = ADVANCED_FACE('',(#6710,#6720,#6726,#6732,#6738,#6744,#6750,
    #6756,#6762,#6768,#6774,#6780,#6786,#6792,#6798,#6804,#6810,#6816,
    #6822,#6828,#6834,#6840),#6846,.T.);
#6710 = FACE_BOUND('',#6711,.F.);
#6711 = EDGE_LOOP('',(#6712,#6713,#6714,#6715,#6716,#6717,#6718,#6719));
#6712 = ORIENTED_EDGE('',*,*,#3729,.T.);
#6713 = ORIENTED_EDGE('',*,*,#3760,.T.);
#6714 = ORIENTED_EDGE('',*,*,#3791,.T.);
#6715 = ORIENTED_EDGE('',*,*,#3822,.T.);
#6716 = ORIENTED_EDGE('',*,*,#3853,.T.);
#6717 = ORIENTED_EDGE('',*,*,#3884,.T.);
#6718 = ORIENTED_EDGE('',*,*,#3915,.T.);
#6719 = ORIENTED_EDGE('',*,*,#3946,.T.);
#6720 = FACE_BOUND('',#6721,.F.);
#6721 = EDGE_LOOP('',(#6722,#6723,#6724,#6725));
#6722 = ORIENTED_EDGE('',*,*,#3977,.T.);
#6723 = ORIENTED_EDGE('',*,*,#4008,.T.);
#6724 = ORIENTED_EDGE('',*,*,#4039,.T.);
#6725 = ORIENTED_EDGE('',*,*,#4070,.T.);
#6726 = FACE_BOUND('',#6727,.F.);
#6727 = EDGE_LOOP('',(#6728,#6729,#6730,#6731));
#6728 = ORIENTED_EDGE('',*,*,#4101,.T.);
#6729 = ORIENTED_EDGE('',*,*,#4132,.T.);
#6730 = ORIENTED_EDGE('',*,*,#4163,.T.);
#6731 = ORIENTED_EDGE('',*,*,#4194,.T.);
#6732 = FACE_BOUND('',#6733,.F.);
#6733 = EDGE_LOOP('',(#6734,#6735,#6736,#6737));
#6734 = ORIENTED_EDGE('',*,*,#4225,.T.);
#6735 = ORIENTED_EDGE('',*,*,#4256,.T.);
#6736 = ORIENTED_EDGE('',*,*,#4287,.T.);
#6737 = ORIENTED_EDGE('',*,*,#4318,.T.);
#6738 = FACE_BOUND('',#6739,.F.);
#6739 = EDGE_LOOP('',(#6740,#6741,#6742,#6743));
#6740 = ORIENTED_EDGE('',*,*,#4349,.T.);
#6741 = ORIENTED_EDGE('',*,*,#4380,.T.);
#6742 = ORIENTED_EDGE('',*,*,#4411,.T.);
#6743 = ORIENTED_EDGE('',*,*,#4442,.T.);
#6744 = FACE_BOUND('',#6745,.F.);
#6745 = EDGE_LOOP('',(#6746,#6747,#6748,#6749));
#6746 = ORIENTED_EDGE('',*,*,#4473,.T.);
#6747 = ORIENTED_EDGE('',*,*,#4504,.T.);
#6748 = ORIENTED_EDGE('',*,*,#4535,.T.);
#6749 = ORIENTED_EDGE('',*,*,#4566,.T.);
#6750 = FACE_BOUND('',#6751,.F.);
#6751 = EDGE_LOOP('',(#6752,#6753,#6754,#6755));
#6752 = ORIENTED_EDGE('',*,*,#4597,.T.);
#6753 = ORIENTED_EDGE('',*,*,#4628,.T.);
#6754 = ORIENTED_EDGE('',*,*,#4659,.T.);
#6755 = ORIENTED_EDGE('',*,*,#4690,.T.);
#6756 = FACE_BOUND('',#6757,.F.);
#6757 = EDGE_LOOP('',(#6758,#6759,#6760,#6761));
#6758 = ORIENTED_EDGE('',*,*,#4721,.T.);
#6759 = ORIENTED_EDGE('',*,*,#4752,.T.);
#6760 = ORIENTED_EDGE('',*,*,#4783,.T.);
#6761 = ORIENTED_EDGE('',*,*,#4814,.T.);
#6762 = FACE_BOUND('',#6763,.F.);
#6763 = EDGE_LOOP('',(#6764,#6765,#6766,#6767));
#6764 = ORIENTED_EDGE('',*,*,#4845,.T.);
#6765 = ORIENTED_EDGE('',*,*,#4876,.T.);
#6766 = ORIENTED_EDGE('',*,*,#4907,.T.);
#6767 = ORIENTED_EDGE('',*,*,#4938,.T.);
#6768 = FACE_BOUND('',#6769,.F.);
#6769 = EDGE_LOOP('',(#6770,#6771,#6772,#6773));
#6770 = ORIENTED_EDGE('',*,*,#4969,.T.);
#6771 = ORIENTED_EDGE('',*,*,#5000,.T.);
#6772 = ORIENTED_EDGE('',*,*,#5031,.T.);
#6773 = ORIENTED_EDGE('',*,*,#5062,.T.);
#6774 = FACE_BOUND('',#6775,.F.);
#6775 = EDGE_LOOP('',(#6776,#6777,#6778,#6779));
#6776 = ORIENTED_EDGE('',*,*,#5093,.T.);
#6777 = ORIENTED_EDGE('',*,*,#5124,.T.);
#6778 = ORIENTED_EDGE('',*,*,#5155,.T.);
#6779 = ORIENTED_EDGE('',*,*,#5186,.T.);
#6780 = FACE_BOUND('',#6781,.F.);
#6781 = EDGE_LOOP('',(#6782,#6783,#6784,#6785));
#6782 = ORIENTED_EDGE('',*,*,#5217,.T.);
#6783 = ORIENTED_EDGE('',*,*,#5248,.T.);
#6784 = ORIENTED_EDGE('',*,*,#5279,.T.);
#6785 = ORIENTED_EDGE('',*,*,#5310,.T.);
#6786 = FACE_BOUND('',#6787,.F.);
#6787 = EDGE_LOOP('',(#6788,#6789,#6790,#6791));
#6788 = ORIENTED_EDGE('',*,*,#5341,.T.);
#6789 = ORIENTED_EDGE('',*,*,#5372,.T.);
#6790 = ORIENTED_EDGE('',*,*,#5403,.T.);
#6791 = ORIENTED_EDGE('',*,*,#5434,.T.);
#6792 = FACE_BOUND('',#6793,.F.);
#6793 = EDGE_LOOP('',(#6794,#6795,#6796,#6797));
#6794 = ORIENTED_EDGE('',*,*,#5465,.T.);
#6795 = ORIENTED_EDGE('',*,*,#5496,.T.);
#6796 = ORIENTED_EDGE('',*,*,#5527,.T.);
#6797 = ORIENTED_EDGE('',*,*,#5558,.T.);
#6798 = FACE_BOUND('',#6799,.F.);
#6799 = EDGE_LOOP('',(#6800,#6801,#6802,#6803));
#6800 = ORIENTED_EDGE('',*,*,#5589,.T.);
#6801 = ORIENTED_EDGE('',*,*,#5620,.T.);
#6802 = ORIENTED_EDGE('',*,*,#5651,.T.);
#6803 = ORIENTED_EDGE('',*,*,#5682,.T.);
#6804 = FACE_BOUND('',#6805,.F.);
#6805 = EDGE_LOOP('',(#6806,#6807,#6808,#6809));
#6806 = ORIENTED_EDGE('',*,*,#5713,.T.);
#6807 = ORIENTED_EDGE('',*,*,#5744,.T.);
#6808 = ORIENTED_EDGE('',*,*,#5775,.T.);
#6809 = ORIENTED_EDGE('',*,*,#5806,.T.);
#6810 = FACE_BOUND('',#6811,.F.);
#6811 = EDGE_LOOP('',(#6812,#6813,#6814,#6815));
#6812 = ORIENTED_EDGE('',*,*,#5837,.T.);
#6813 = ORIENTED_EDGE('',*,*,#5868,.T.);
#6814 = ORIENTED_EDGE('',*,*,#5899,.T.);
#6815 = ORIENTED_EDGE('',*,*,#5930,.T.);
#6816 = FACE_BOUND('',#6817,.F.);
#6817 = EDGE_LOOP('',(#6818,#6819,#6820,#6821));
#6818 = ORIENTED_EDGE('',*,*,#5961,.T.);
#6819 = ORIENTED_EDGE('',*,*,#5992,.T.);
#6820 = ORIENTED_EDGE('',*,*,#6023,.T.);
#6821 = ORIENTED_EDGE('',*,*,#6054,.T.);
#6822 = FACE_BOUND('',#6823,.F.);
#6823 = EDGE_LOOP('',(#6824,#6825,#6826,#6827));
#6824 = ORIENTED_EDGE('',*,*,#6085,.T.);
#6825 = ORIENTED_EDGE('',*,*,#6116,.T.);
#6826 = ORIENTED_EDGE('',*,*,#6147,.T.);
#6827 = ORIENTED_EDGE('',*,*,#6178,.T.);
#6828 = FACE_BOUND('',#6829,.F.);
#6829 = EDGE_LOOP('',(#6830,#6831,#6832,#6833));
#6830 = ORIENTED_EDGE('',*,*,#6209,.T.);
#6831 = ORIENTED_EDGE('',*,*,#6240,.T.);
#6832 = ORIENTED_EDGE('',*,*,#6271,.T.);
#6833 = ORIENTED_EDGE('',*,*,#6302,.T.);
#6834 = FACE_BOUND('',#6835,.F.);
#6835 = EDGE_LOOP('',(#6836,#6837,#6838,#6839));
#6836 = ORIENTED_EDGE('',*,*,#6333,.T.);
#6837 = ORIENTED_EDGE('',*,*,#6364,.T.);
#6838 = ORIENTED_EDGE('',*,*,#6395,.T.);
#6839 = ORIENTED_EDGE('',*,*,#6426,.T.);
#6840 = FACE_BOUND('',#6841,.F.);
#6841 = EDGE_LOOP('',(#6842,#6843,#6844,#6845));
#6842 = ORIENTED_EDGE('',*,*,#6457,.T.);
#6843 = ORIENTED_EDGE('',*,*,#6488,.T.);
#6844 = ORIENTED_EDGE('',*,*,#6519,.T.);
#6845 = ORIENTED_EDGE('',*,*,#6550,.T.);
#6846 = PLANE('',#6847);
#6847 = AXIS2_PLACEMENT_3D('',#6848,#6849,#6850);
#6848 = CARTESIAN_POINT('',(0.,0.,1.51));
#6849 = DIRECTION('',(0.,0.,1.));
#6850 = DIRECTION('',(1.,0.,-0.));
#6851 = ( GEOMETRIC_REPRESENTATION_CONTEXT(3) 
GLOBAL_UNCERTAINTY_ASSIGNED_CONTEXT((#6855)) 
GLOBAL_UNIT_ASSIGNED_CONTEXT((#6852,#6853,#6854)) REPRESENTATION_CONTEXT
('Context #1','3D Context with UNIT and UNCERTAINTY') );
#6852 = ( LENGTH_UNIT() NAMED_UNIT(*) SI_UNIT(.MILLI.,.METRE.) );
#6853 = ( NAMED_UNIT(*) PLANE_ANGLE_UNIT() SI_UNIT($,.RADIAN.) );
#6854 = ( NAMED_UNIT(*) SI_UNIT($,.STERADIAN.) SOLID_ANGLE_UNIT() );
#6855 = UNCERTAINTY_MEASURE_WITH_UNIT(LENGTH_MEASURE(1.E-07),#6852,
  'distance_accuracy_value','confusion accuracy');
#6856 = SHAPE_DEFINITION_REPRESENTATION(#6857,#3712);
#6857 = PRODUCT_DEFINITION_SHAPE('','',#6858);
#6858 = PRODUCT_DEFINITION('design','',#6859,#6862);
#6859 = PRODUCT_DEFINITION_FORMATION('','',#6860);
#6860 = PRODUCT('switch-plate_PCB_2','switch-plate_PCB_2','',(#6861));
#6861 = PRODUCT_CONTEXT('',#2,'mechanical');
#6862 = PRODUCT_DEFINITION_CONTEXT('part definition',#2,'design');
#6863 = CONTEXT_DEPENDENT_SHAPE_REPRESENTATION(#6864,#6866);
#6864 = ( REPRESENTATION_RELATIONSHIP('','',#3712,#10) 
REPRESENTATION_RELATIONSHIP_WITH_TRANSFORMATION(#6865) 
SHAPE_REPRESENTATION_RELATIONSHIP() );
#6865 = ITEM_DEFINED_TRANSFORMATION('','',#11,#19);
#6866 = PRODUCT_DEFINITION_SHAPE('Placement','Placement of an item',
  #6867);
#6867 = NEXT_ASSEMBLY_USAGE_OCCURRENCE('2','','',#5,#6858,$);
#6868 = PRODUCT_RELATED_PRODUCT_CATEGORY('part',$,(#6860));
#6869 = MECHANICAL_DESIGN_GEOMETRIC_PRESENTATION_REPRESENTATION('',(
    #6870),#6851);
#6870 = STYLED_ITEM('color',(#6871),#3713);
#6871 = PRESENTATION_STYLE_ASSIGNMENT((#6872));
#6872 = SURFACE_STYLE_USAGE(.BOTH.,#6873);
#6873 = SURFACE_SIDE_STYLE('',(#6874));
#6874 = SURFACE_STYLE_FILL_AREA(#6875);
#6875 = FILL_AREA_STYLE('',(#6876));
#6876 = FILL_AREA_STYLE_COLOUR('',#6877);
#6877 = COLOUR_RGB('',0.313304153717,0.484529207832,0.410020903123);
#6878 = MECHANICAL_DESIGN_GEOMETRIC_PRESENTATION_REPRESENTATION('',(
    #6879),#3694);
#6879 = STYLED_ITEM('color',(#6880),#30);
#6880 = PRESENTATION_STYLE_ASSIGNMENT((#6881));
#6881 = SURFACE_STYLE_USAGE(.BOTH.,#6882);
#6882 = SURFACE_SIDE_STYLE('',(#6883));
#6883 = SURFACE_STYLE_FILL_AREA(#6884);
#6884 = FILL_AREA_STYLE('',(#6885));
#6885 = FILL_AREA_STYLE_COLOUR('',#6877);
ENDSEC;
END-ISO-10303-21;
