ISO-10303-21;
HEADER;
FILE_DESCRIPTION(('KiCad electronic assembly'),'2;1');
FILE_NAME('switch-foam.step','2026-04-11T13:35:10',('Pcbnew'),('Kicad'),
  'Open CASCADE STEP processor 7.6','KiCad to STEP converter','Unknown'
  );
FILE_SCHEMA(('AUTOMOTIVE_DESIGN { 1 0 10303 214 1 1 1 1 }'));
ENDSEC;
DATA;
#1 = APPLICATION_PROTOCOL_DEFINITION('international standard',
  'automotive_design',2000,#2);
#2 = APPLICATION_CONTEXT(
  'core data for automotive mechanical design processes');
#3 = SHAPE_DEFINITION_REPRESENTATION(#4,#10);
#4 = PRODUCT_DEFINITION_SHAPE('','',#5);
#5 = PRODUCT_DEFINITION('design','',#6,#9);
#6 = PRODUCT_DEFINITION_FORMATION('','',#7);
#7 = PRODUCT('switch-foam 1','switch-foam 1','',(#8));
#8 = PRODUCT_CONTEXT('',#2,'mechanical');
#9 = PRODUCT_DEFINITION_CONTEXT('part definition',#2,'design');
#10 = SHAPE_REPRESENTATION('',(#11,#15,#19),#23);
#11 = AXIS2_PLACEMENT_3D('',#12,#13,#14);
#12 = CARTESIAN_POINT('',(0.,0.,0.));
#13 = DIRECTION('',(0.,0.,1.));
#14 = DIRECTION('',(1.,0.,-0.));
#15 = AXIS2_PLACEMENT_3D('',#16,#17,#18);
#16 = CARTESIAN_POINT('',(0.,0.,0.));
#17 = DIRECTION('',(0.,0.,1.));
#18 = DIRECTION('',(1.,0.,-0.));
#19 = AXIS2_PLACEMENT_3D('',#20,#21,#22);
#20 = CARTESIAN_POINT('',(0.,0.,0.));
#21 = DIRECTION('',(0.,0.,1.));
#22 = DIRECTION('',(1.,0.,-0.));
#23 = ( GEOMETRIC_REPRESENTATION_CONTEXT(3) 
GLOBAL_UNCERTAINTY_ASSIGNED_CONTEXT((#27)) GLOBAL_UNIT_ASSIGNED_CONTEXT(
(#24,#25,#26)) REPRESENTATION_CONTEXT('Context #1',
  '3D Context with UNIT and UNCERTAINTY') );
#24 = ( LENGTH_UNIT() NAMED_UNIT(*) SI_UNIT(.MILLI.,.METRE.) );
#25 = ( NAMED_UNIT(*) PLANE_ANGLE_UNIT() SI_UNIT($,.RADIAN.) );
#26 = ( NAMED_UNIT(*) SI_UNIT($,.STERADIAN.) SOLID_ANGLE_UNIT() );
#27 = UNCERTAINTY_MEASURE_WITH_UNIT(LENGTH_MEASURE(1.E-07),#24,
  'distance_accuracy_value','confusion accuracy');
#28 = PRODUCT_RELATED_PRODUCT_CATEGORY('part',$,(#7));
#29 = ADVANCED_BREP_SHAPE_REPRESENTATION('',(#11,#30),#3720);
#30 = MANIFOLD_SOLID_BREP('',#31);
#31 = CLOSED_SHELL('',(#32,#72,#103,#134,#165,#196,#227,#258,#289,#320,
    #351,#382,#404,#437,#470,#503,#536,#569,#602,#635,#668,#701,#734,
    #767,#800,#833,#866,#899,#932,#965,#998,#1031,#1064,#1097,#1130,
    #1163,#1196,#1229,#1262,#1295,#1328,#1361,#1394,#1427,#1460,#1493,
    #1526,#1559,#1592,#1625,#1658,#1691,#1724,#1757,#1790,#1823,#1856,
    #1889,#1922,#1955,#1988,#2021,#2054,#2087,#2120,#2153,#2186,#2219,
    #2252,#2285,#2318,#2351,#2384,#2417,#2450,#2483,#2516,#2549,#2582,
    #2615,#2648,#2681,#2714,#2747,#2780,#2813,#2846,#2879,#2912,#2945,
    #2978,#3011,#3044,#3077,#3110,#3143,#3176,#3448));
#32 = ADVANCED_FACE('',(#33),#67,.T.);
#33 = FACE_BOUND('',#34,.T.);
#34 = EDGE_LOOP('',(#35,#45,#53,#61));
#35 = ORIENTED_EDGE('',*,*,#36,.T.);
#36 = EDGE_CURVE('',#37,#39,#41,.T.);
#37 = VERTEX_POINT('',#38);
#38 = CARTESIAN_POINT('',(122.9,-105.,0.));
#39 = VERTEX_POINT('',#40);
#40 = CARTESIAN_POINT('',(122.9,-105.,0.31));
#41 = LINE('',#42,#43);
#42 = CARTESIAN_POINT('',(122.9,-105.,0.));
#43 = VECTOR('',#44,1.);
#44 = DIRECTION('',(0.,0.,1.));
#45 = ORIENTED_EDGE('',*,*,#46,.T.);
#46 = EDGE_CURVE('',#39,#47,#49,.T.);
#47 = VERTEX_POINT('',#48);
#48 = CARTESIAN_POINT('',(144.8,-105.,0.31));
#49 = LINE('',#50,#51);
#50 = CARTESIAN_POINT('',(122.9,-105.,0.31));
#51 = VECTOR('',#52,1.);
#52 = DIRECTION('',(1.,0.,0.));
#53 = ORIENTED_EDGE('',*,*,#54,.F.);
#54 = EDGE_CURVE('',#55,#47,#57,.T.);
#55 = VERTEX_POINT('',#56);
#56 = CARTESIAN_POINT('',(144.8,-105.,0.));
#57 = LINE('',#58,#59);
#58 = CARTESIAN_POINT('',(144.8,-105.,0.));
#59 = VECTOR('',#60,1.);
#60 = DIRECTION('',(0.,0.,1.));
#61 = ORIENTED_EDGE('',*,*,#62,.F.);
#62 = EDGE_CURVE('',#37,#55,#63,.T.);
#63 = LINE('',#64,#65);
#64 = CARTESIAN_POINT('',(122.9,-105.,0.));
#65 = VECTOR('',#66,1.);
#66 = DIRECTION('',(1.,0.,0.));
#67 = PLANE('',#68);
#68 = AXIS2_PLACEMENT_3D('',#69,#70,#71);
#69 = CARTESIAN_POINT('',(122.9,-105.,0.));
#70 = DIRECTION('',(0.,1.,0.));
#71 = DIRECTION('',(1.,0.,0.));
#72 = ADVANCED_FACE('',(#73),#98,.T.);
#73 = FACE_BOUND('',#74,.T.);
#74 = EDGE_LOOP('',(#75,#76,#84,#92));
#75 = ORIENTED_EDGE('',*,*,#54,.T.);
#76 = ORIENTED_EDGE('',*,*,#77,.T.);
#77 = EDGE_CURVE('',#47,#78,#80,.T.);
#78 = VERTEX_POINT('',#79);
#79 = CARTESIAN_POINT('',(144.8,-114.6,0.31));
#80 = LINE('',#81,#82);
#81 = CARTESIAN_POINT('',(144.8,-105.,0.31));
#82 = VECTOR('',#83,1.);
#83 = DIRECTION('',(0.,-1.,0.));
#84 = ORIENTED_EDGE('',*,*,#85,.F.);
#85 = EDGE_CURVE('',#86,#78,#88,.T.);
#86 = VERTEX_POINT('',#87);
#87 = CARTESIAN_POINT('',(144.8,-114.6,0.));
#88 = LINE('',#89,#90);
#89 = CARTESIAN_POINT('',(144.8,-114.6,0.));
#90 = VECTOR('',#91,1.);
#91 = DIRECTION('',(0.,0.,1.));
#92 = ORIENTED_EDGE('',*,*,#93,.F.);
#93 = EDGE_CURVE('',#55,#86,#94,.T.);
#94 = LINE('',#95,#96);
#95 = CARTESIAN_POINT('',(144.8,-105.,0.));
#96 = VECTOR('',#97,1.);
#97 = DIRECTION('',(0.,-1.,0.));
#98 = PLANE('',#99);
#99 = AXIS2_PLACEMENT_3D('',#100,#101,#102);
#100 = CARTESIAN_POINT('',(144.8,-105.,0.));
#101 = DIRECTION('',(1.,0.,-0.));
#102 = DIRECTION('',(0.,-1.,0.));
#103 = ADVANCED_FACE('',(#104),#129,.T.);
#104 = FACE_BOUND('',#105,.T.);
#105 = EDGE_LOOP('',(#106,#107,#115,#123));
#106 = ORIENTED_EDGE('',*,*,#85,.T.);
#107 = ORIENTED_EDGE('',*,*,#108,.T.);
#108 = EDGE_CURVE('',#78,#109,#111,.T.);
#109 = VERTEX_POINT('',#110);
#110 = CARTESIAN_POINT('',(133.6,-134.,0.31));
#111 = LINE('',#112,#113);
#112 = CARTESIAN_POINT('',(144.8,-114.6,0.31));
#113 = VECTOR('',#114,1.);
#114 = DIRECTION('',(-0.499980071345,-0.866036909293,0.));
#115 = ORIENTED_EDGE('',*,*,#116,.F.);
#116 = EDGE_CURVE('',#117,#109,#119,.T.);
#117 = VERTEX_POINT('',#118);
#118 = CARTESIAN_POINT('',(133.6,-134.,0.));
#119 = LINE('',#120,#121);
#120 = CARTESIAN_POINT('',(133.6,-134.,0.));
#121 = VECTOR('',#122,1.);
#122 = DIRECTION('',(0.,0.,1.));
#123 = ORIENTED_EDGE('',*,*,#124,.F.);
#124 = EDGE_CURVE('',#86,#117,#125,.T.);
#125 = LINE('',#126,#127);
#126 = CARTESIAN_POINT('',(144.8,-114.6,0.));
#127 = VECTOR('',#128,1.);
#128 = DIRECTION('',(-0.499980071345,-0.866036909293,0.));
#129 = PLANE('',#130);
#130 = AXIS2_PLACEMENT_3D('',#131,#132,#133);
#131 = CARTESIAN_POINT('',(144.8,-114.6,0.));
#132 = DIRECTION('',(0.866036909293,-0.499980071345,0.));
#133 = DIRECTION('',(-0.499980071345,-0.866036909293,0.));
#134 = ADVANCED_FACE('',(#135),#160,.T.);
#135 = FACE_BOUND('',#136,.T.);
#136 = EDGE_LOOP('',(#137,#138,#146,#154));
#137 = ORIENTED_EDGE('',*,*,#116,.T.);
#138 = ORIENTED_EDGE('',*,*,#139,.T.);
#139 = EDGE_CURVE('',#109,#140,#142,.T.);
#140 = VERTEX_POINT('',#141);
#141 = CARTESIAN_POINT('',(117.6,-124.8,0.31));
#142 = LINE('',#143,#144);
#143 = CARTESIAN_POINT('',(133.6,-134.,0.31));
#144 = VECTOR('',#145,1.);
#145 = DIRECTION('',(-0.866906303058,0.498471124258,0.));
#146 = ORIENTED_EDGE('',*,*,#147,.F.);
#147 = EDGE_CURVE('',#148,#140,#150,.T.);
#148 = VERTEX_POINT('',#149);
#149 = CARTESIAN_POINT('',(117.6,-124.8,0.));
#150 = LINE('',#151,#152);
#151 = CARTESIAN_POINT('',(117.6,-124.8,0.));
#152 = VECTOR('',#153,1.);
#153 = DIRECTION('',(0.,0.,1.));
#154 = ORIENTED_EDGE('',*,*,#155,.F.);
#155 = EDGE_CURVE('',#117,#148,#156,.T.);
#156 = LINE('',#157,#158);
#157 = CARTESIAN_POINT('',(133.6,-134.,0.));
#158 = VECTOR('',#159,1.);
#159 = DIRECTION('',(-0.866906303058,0.498471124258,0.));
#160 = PLANE('',#161);
#161 = AXIS2_PLACEMENT_3D('',#162,#163,#164);
#162 = CARTESIAN_POINT('',(133.6,-134.,0.));
#163 = DIRECTION('',(-0.498471124258,-0.866906303058,0.));
#164 = DIRECTION('',(-0.866906303058,0.498471124258,0.));
#165 = ADVANCED_FACE('',(#166),#191,.T.);
#166 = FACE_BOUND('',#167,.T.);
#167 = EDGE_LOOP('',(#168,#169,#177,#185));
#168 = ORIENTED_EDGE('',*,*,#147,.T.);
#169 = ORIENTED_EDGE('',*,*,#170,.T.);
#170 = EDGE_CURVE('',#140,#171,#173,.T.);
#171 = VERTEX_POINT('',#172);
#172 = CARTESIAN_POINT('',(74.2,-124.8,0.31));
#173 = LINE('',#174,#175);
#174 = CARTESIAN_POINT('',(117.6,-124.8,0.31));
#175 = VECTOR('',#176,1.);
#176 = DIRECTION('',(-1.,0.,0.));
#177 = ORIENTED_EDGE('',*,*,#178,.F.);
#178 = EDGE_CURVE('',#179,#171,#181,.T.);
#179 = VERTEX_POINT('',#180);
#180 = CARTESIAN_POINT('',(74.2,-124.8,0.));
#181 = LINE('',#182,#183);
#182 = CARTESIAN_POINT('',(74.2,-124.8,0.));
#183 = VECTOR('',#184,1.);
#184 = DIRECTION('',(0.,0.,1.));
#185 = ORIENTED_EDGE('',*,*,#186,.F.);
#186 = EDGE_CURVE('',#148,#179,#187,.T.);
#187 = LINE('',#188,#189);
#188 = CARTESIAN_POINT('',(117.6,-124.8,0.));
#189 = VECTOR('',#190,1.);
#190 = DIRECTION('',(-1.,0.,0.));
#191 = PLANE('',#192);
#192 = AXIS2_PLACEMENT_3D('',#193,#194,#195);
#193 = CARTESIAN_POINT('',(117.6,-124.8,0.));
#194 = DIRECTION('',(0.,-1.,0.));
#195 = DIRECTION('',(-1.,0.,0.));
#196 = ADVANCED_FACE('',(#197),#222,.T.);
#197 = FACE_BOUND('',#198,.T.);
#198 = EDGE_LOOP('',(#199,#200,#208,#216));
#199 = ORIENTED_EDGE('',*,*,#178,.T.);
#200 = ORIENTED_EDGE('',*,*,#201,.T.);
#201 = EDGE_CURVE('',#171,#202,#204,.T.);
#202 = VERTEX_POINT('',#203);
#203 = CARTESIAN_POINT('',(74.2,-109.3,0.31));
#204 = LINE('',#205,#206);
#205 = CARTESIAN_POINT('',(74.2,-124.8,0.31));
#206 = VECTOR('',#207,1.);
#207 = DIRECTION('',(0.,1.,0.));
#208 = ORIENTED_EDGE('',*,*,#209,.F.);
#209 = EDGE_CURVE('',#210,#202,#212,.T.);
#210 = VERTEX_POINT('',#211);
#211 = CARTESIAN_POINT('',(74.2,-109.3,0.));
#212 = LINE('',#213,#214);
#213 = CARTESIAN_POINT('',(74.2,-109.3,0.));
#214 = VECTOR('',#215,1.);
#215 = DIRECTION('',(0.,0.,1.));
#216 = ORIENTED_EDGE('',*,*,#217,.F.);
#217 = EDGE_CURVE('',#179,#210,#218,.T.);
#218 = LINE('',#219,#220);
#219 = CARTESIAN_POINT('',(74.2,-124.8,0.));
#220 = VECTOR('',#221,1.);
#221 = DIRECTION('',(0.,1.,0.));
#222 = PLANE('',#223);
#223 = AXIS2_PLACEMENT_3D('',#224,#225,#226);
#224 = CARTESIAN_POINT('',(74.2,-124.8,0.));
#225 = DIRECTION('',(-1.,0.,0.));
#226 = DIRECTION('',(0.,1.,0.));
#227 = ADVANCED_FACE('',(#228),#253,.T.);
#228 = FACE_BOUND('',#229,.T.);
#229 = EDGE_LOOP('',(#230,#231,#239,#247));
#230 = ORIENTED_EDGE('',*,*,#209,.T.);
#231 = ORIENTED_EDGE('',*,*,#232,.T.);
#232 = EDGE_CURVE('',#202,#233,#235,.T.);
#233 = VERTEX_POINT('',#234);
#234 = CARTESIAN_POINT('',(56.1,-109.3,0.31));
#235 = LINE('',#236,#237);
#236 = CARTESIAN_POINT('',(74.2,-109.3,0.31));
#237 = VECTOR('',#238,1.);
#238 = DIRECTION('',(-1.,0.,0.));
#239 = ORIENTED_EDGE('',*,*,#240,.F.);
#240 = EDGE_CURVE('',#241,#233,#243,.T.);
#241 = VERTEX_POINT('',#242);
#242 = CARTESIAN_POINT('',(56.1,-109.3,0.));
#243 = LINE('',#244,#245);
#244 = CARTESIAN_POINT('',(56.1,-109.3,0.));
#245 = VECTOR('',#246,1.);
#246 = DIRECTION('',(0.,0.,1.));
#247 = ORIENTED_EDGE('',*,*,#248,.F.);
#248 = EDGE_CURVE('',#210,#241,#249,.T.);
#249 = LINE('',#250,#251);
#250 = CARTESIAN_POINT('',(74.2,-109.3,0.));
#251 = VECTOR('',#252,1.);
#252 = DIRECTION('',(-1.,0.,0.));
#253 = PLANE('',#254);
#254 = AXIS2_PLACEMENT_3D('',#255,#256,#257);
#255 = CARTESIAN_POINT('',(74.2,-109.3,0.));
#256 = DIRECTION('',(0.,-1.,0.));
#257 = DIRECTION('',(-1.,0.,0.));
#258 = ADVANCED_FACE('',(#259),#284,.T.);
#259 = FACE_BOUND('',#260,.T.);
#260 = EDGE_LOOP('',(#261,#262,#270,#278));
#261 = ORIENTED_EDGE('',*,*,#240,.T.);
#262 = ORIENTED_EDGE('',*,*,#263,.T.);
#263 = EDGE_CURVE('',#233,#264,#266,.T.);
#264 = VERTEX_POINT('',#265);
#265 = CARTESIAN_POINT('',(56.1,-124.8,0.31));
#266 = LINE('',#267,#268);
#267 = CARTESIAN_POINT('',(56.1,-109.3,0.31));
#268 = VECTOR('',#269,1.);
#269 = DIRECTION('',(0.,-1.,0.));
#270 = ORIENTED_EDGE('',*,*,#271,.F.);
#271 = EDGE_CURVE('',#272,#264,#274,.T.);
#272 = VERTEX_POINT('',#273);
#273 = CARTESIAN_POINT('',(56.1,-124.8,0.));
#274 = LINE('',#275,#276);
#275 = CARTESIAN_POINT('',(56.1,-124.8,0.));
#276 = VECTOR('',#277,1.);
#277 = DIRECTION('',(0.,0.,1.));
#278 = ORIENTED_EDGE('',*,*,#279,.F.);
#279 = EDGE_CURVE('',#241,#272,#280,.T.);
#280 = LINE('',#281,#282);
#281 = CARTESIAN_POINT('',(56.1,-109.3,0.));
#282 = VECTOR('',#283,1.);
#283 = DIRECTION('',(0.,-1.,0.));
#284 = PLANE('',#285);
#285 = AXIS2_PLACEMENT_3D('',#286,#287,#288);
#286 = CARTESIAN_POINT('',(56.1,-109.3,0.));
#287 = DIRECTION('',(1.,0.,-0.));
#288 = DIRECTION('',(0.,-1.,0.));
#289 = ADVANCED_FACE('',(#290),#315,.T.);
#290 = FACE_BOUND('',#291,.T.);
#291 = EDGE_LOOP('',(#292,#293,#301,#309));
#292 = ORIENTED_EDGE('',*,*,#271,.T.);
#293 = ORIENTED_EDGE('',*,*,#294,.T.);
#294 = EDGE_CURVE('',#264,#295,#297,.T.);
#295 = VERTEX_POINT('',#296);
#296 = CARTESIAN_POINT('',(22.2,-124.8,0.31));
#297 = LINE('',#298,#299);
#298 = CARTESIAN_POINT('',(56.1,-124.8,0.31));
#299 = VECTOR('',#300,1.);
#300 = DIRECTION('',(-1.,0.,0.));
#301 = ORIENTED_EDGE('',*,*,#302,.F.);
#302 = EDGE_CURVE('',#303,#295,#305,.T.);
#303 = VERTEX_POINT('',#304);
#304 = CARTESIAN_POINT('',(22.2,-124.8,0.));
#305 = LINE('',#306,#307);
#306 = CARTESIAN_POINT('',(22.2,-124.8,0.));
#307 = VECTOR('',#308,1.);
#308 = DIRECTION('',(0.,0.,1.));
#309 = ORIENTED_EDGE('',*,*,#310,.F.);
#310 = EDGE_CURVE('',#272,#303,#311,.T.);
#311 = LINE('',#312,#313);
#312 = CARTESIAN_POINT('',(56.1,-124.8,0.));
#313 = VECTOR('',#314,1.);
#314 = DIRECTION('',(-1.,0.,0.));
#315 = PLANE('',#316);
#316 = AXIS2_PLACEMENT_3D('',#317,#318,#319);
#317 = CARTESIAN_POINT('',(56.1,-124.8,0.));
#318 = DIRECTION('',(0.,-1.,0.));
#319 = DIRECTION('',(-1.,0.,0.));
#320 = ADVANCED_FACE('',(#321),#346,.T.);
#321 = FACE_BOUND('',#322,.T.);
#322 = EDGE_LOOP('',(#323,#324,#332,#340));
#323 = ORIENTED_EDGE('',*,*,#302,.T.);
#324 = ORIENTED_EDGE('',*,*,#325,.T.);
#325 = EDGE_CURVE('',#295,#326,#328,.T.);
#326 = VERTEX_POINT('',#327);
#327 = CARTESIAN_POINT('',(22.2,-50.3,0.31));
#328 = LINE('',#329,#330);
#329 = CARTESIAN_POINT('',(22.2,-124.8,0.31));
#330 = VECTOR('',#331,1.);
#331 = DIRECTION('',(0.,1.,0.));
#332 = ORIENTED_EDGE('',*,*,#333,.F.);
#333 = EDGE_CURVE('',#334,#326,#336,.T.);
#334 = VERTEX_POINT('',#335);
#335 = CARTESIAN_POINT('',(22.2,-50.3,0.));
#336 = LINE('',#337,#338);
#337 = CARTESIAN_POINT('',(22.2,-50.3,0.));
#338 = VECTOR('',#339,1.);
#339 = DIRECTION('',(0.,0.,1.));
#340 = ORIENTED_EDGE('',*,*,#341,.F.);
#341 = EDGE_CURVE('',#303,#334,#342,.T.);
#342 = LINE('',#343,#344);
#343 = CARTESIAN_POINT('',(22.2,-124.8,0.));
#344 = VECTOR('',#345,1.);
#345 = DIRECTION('',(0.,1.,0.));
#346 = PLANE('',#347);
#347 = AXIS2_PLACEMENT_3D('',#348,#349,#350);
#348 = CARTESIAN_POINT('',(22.2,-124.8,0.));
#349 = DIRECTION('',(-1.,0.,0.));
#350 = DIRECTION('',(0.,1.,0.));
#351 = ADVANCED_FACE('',(#352),#377,.T.);
#352 = FACE_BOUND('',#353,.T.);
#353 = EDGE_LOOP('',(#354,#355,#363,#371));
#354 = ORIENTED_EDGE('',*,*,#333,.T.);
#355 = ORIENTED_EDGE('',*,*,#356,.T.);
#356 = EDGE_CURVE('',#326,#357,#359,.T.);
#357 = VERTEX_POINT('',#358);
#358 = CARTESIAN_POINT('',(122.9,-50.3,0.31));
#359 = LINE('',#360,#361);
#360 = CARTESIAN_POINT('',(22.2,-50.3,0.31));
#361 = VECTOR('',#362,1.);
#362 = DIRECTION('',(1.,0.,0.));
#363 = ORIENTED_EDGE('',*,*,#364,.F.);
#364 = EDGE_CURVE('',#365,#357,#367,.T.);
#365 = VERTEX_POINT('',#366);
#366 = CARTESIAN_POINT('',(122.9,-50.3,0.));
#367 = LINE('',#368,#369);
#368 = CARTESIAN_POINT('',(122.9,-50.3,0.));
#369 = VECTOR('',#370,1.);
#370 = DIRECTION('',(0.,0.,1.));
#371 = ORIENTED_EDGE('',*,*,#372,.F.);
#372 = EDGE_CURVE('',#334,#365,#373,.T.);
#373 = LINE('',#374,#375);
#374 = CARTESIAN_POINT('',(22.2,-50.3,0.));
#375 = VECTOR('',#376,1.);
#376 = DIRECTION('',(1.,0.,0.));
#377 = PLANE('',#378);
#378 = AXIS2_PLACEMENT_3D('',#379,#380,#381);
#379 = CARTESIAN_POINT('',(22.2,-50.3,0.));
#380 = DIRECTION('',(0.,1.,0.));
#381 = DIRECTION('',(1.,0.,0.));
#382 = ADVANCED_FACE('',(#383),#399,.T.);
#383 = FACE_BOUND('',#384,.T.);
#384 = EDGE_LOOP('',(#385,#386,#392,#393));
#385 = ORIENTED_EDGE('',*,*,#364,.T.);
#386 = ORIENTED_EDGE('',*,*,#387,.T.);
#387 = EDGE_CURVE('',#357,#39,#388,.T.);
#388 = LINE('',#389,#390);
#389 = CARTESIAN_POINT('',(122.9,-50.3,0.31));
#390 = VECTOR('',#391,1.);
#391 = DIRECTION('',(0.,-1.,0.));
#392 = ORIENTED_EDGE('',*,*,#36,.F.);
#393 = ORIENTED_EDGE('',*,*,#394,.F.);
#394 = EDGE_CURVE('',#365,#37,#395,.T.);
#395 = LINE('',#396,#397);
#396 = CARTESIAN_POINT('',(122.9,-50.3,0.));
#397 = VECTOR('',#398,1.);
#398 = DIRECTION('',(0.,-1.,0.));
#399 = PLANE('',#400);
#400 = AXIS2_PLACEMENT_3D('',#401,#402,#403);
#401 = CARTESIAN_POINT('',(122.9,-50.3,0.));
#402 = DIRECTION('',(1.,0.,-0.));
#403 = DIRECTION('',(0.,-1.,0.));
#404 = ADVANCED_FACE('',(#405),#432,.F.);
#405 = FACE_BOUND('',#406,.T.);
#406 = EDGE_LOOP('',(#407,#417,#424,#425));
#407 = ORIENTED_EDGE('',*,*,#408,.T.);
#408 = EDGE_CURVE('',#409,#411,#413,.T.);
#409 = VERTEX_POINT('',#410);
#410 = CARTESIAN_POINT('',(128.2067,-122.52455,0.));
#411 = VERTEX_POINT('',#412);
#412 = CARTESIAN_POINT('',(128.2067,-122.52455,0.31));
#413 = LINE('',#414,#415);
#414 = CARTESIAN_POINT('',(128.2067,-122.52455,0.));
#415 = VECTOR('',#416,1.);
#416 = DIRECTION('',(0.,0.,1.));
#417 = ORIENTED_EDGE('',*,*,#418,.T.);
#418 = EDGE_CURVE('',#411,#411,#419,.T.);
#419 = CIRCLE('',#420,0.600001);
#420 = AXIS2_PLACEMENT_3D('',#421,#422,#423);
#421 = CARTESIAN_POINT('',(127.606699,-122.52455,0.31));
#422 = DIRECTION('',(0.,0.,1.));
#423 = DIRECTION('',(1.,0.,-0.));
#424 = ORIENTED_EDGE('',*,*,#408,.F.);
#425 = ORIENTED_EDGE('',*,*,#426,.F.);
#426 = EDGE_CURVE('',#409,#409,#427,.T.);
#427 = CIRCLE('',#428,0.600001);
#428 = AXIS2_PLACEMENT_3D('',#429,#430,#431);
#429 = CARTESIAN_POINT('',(127.606699,-122.52455,0.));
#430 = DIRECTION('',(0.,0.,1.));
#431 = DIRECTION('',(1.,0.,-0.));
#432 = CYLINDRICAL_SURFACE('',#433,0.600001);
#433 = AXIS2_PLACEMENT_3D('',#434,#435,#436);
#434 = CARTESIAN_POINT('',(127.606699,-122.52455,0.));
#435 = DIRECTION('',(-0.,-0.,-1.));
#436 = DIRECTION('',(1.,0.,-0.));
#437 = ADVANCED_FACE('',(#438),#465,.F.);
#438 = FACE_BOUND('',#439,.T.);
#439 = EDGE_LOOP('',(#440,#450,#457,#458));
#440 = ORIENTED_EDGE('',*,*,#441,.T.);
#441 = EDGE_CURVE('',#442,#444,#446,.T.);
#442 = VERTEX_POINT('',#443);
#443 = CARTESIAN_POINT('',(133.125,-117.44,0.));
#444 = VERTEX_POINT('',#445);
#445 = CARTESIAN_POINT('',(133.125,-117.44,0.31));
#446 = LINE('',#447,#448);
#447 = CARTESIAN_POINT('',(133.125,-117.44,0.));
#448 = VECTOR('',#449,1.);
#449 = DIRECTION('',(0.,0.,1.));
#450 = ORIENTED_EDGE('',*,*,#451,.T.);
#451 = EDGE_CURVE('',#444,#444,#452,.T.);
#452 = CIRCLE('',#453,2.525);
#453 = AXIS2_PLACEMENT_3D('',#454,#455,#456);
#454 = CARTESIAN_POINT('',(130.6,-117.44,0.31));
#455 = DIRECTION('',(0.,0.,1.));
#456 = DIRECTION('',(1.,0.,-0.));
#457 = ORIENTED_EDGE('',*,*,#441,.F.);
#458 = ORIENTED_EDGE('',*,*,#459,.F.);
#459 = EDGE_CURVE('',#442,#442,#460,.T.);
#460 = CIRCLE('',#461,2.525);
#461 = AXIS2_PLACEMENT_3D('',#462,#463,#464);
#462 = CARTESIAN_POINT('',(130.6,-117.44,0.));
#463 = DIRECTION('',(0.,0.,1.));
#464 = DIRECTION('',(1.,0.,-0.));
#465 = CYLINDRICAL_SURFACE('',#466,2.525);
#466 = AXIS2_PLACEMENT_3D('',#467,#468,#469);
#467 = CARTESIAN_POINT('',(130.6,-117.44,0.));
#468 = DIRECTION('',(-0.,-0.,-1.));
#469 = DIRECTION('',(1.,0.,-0.));
#470 = ADVANCED_FACE('',(#471),#498,.F.);
#471 = FACE_BOUND('',#472,.T.);
#472 = EDGE_LOOP('',(#473,#483,#490,#491));
#473 = ORIENTED_EDGE('',*,*,#474,.T.);
#474 = EDGE_CURVE('',#475,#477,#479,.T.);
#475 = VERTEX_POINT('',#476);
#476 = CARTESIAN_POINT('',(106.25,-119.19,0.));
#477 = VERTEX_POINT('',#478);
#478 = CARTESIAN_POINT('',(106.25,-119.19,0.31));
#479 = LINE('',#480,#481);
#480 = CARTESIAN_POINT('',(106.25,-119.19,0.));
#481 = VECTOR('',#482,1.);
#482 = DIRECTION('',(0.,0.,1.));
#483 = ORIENTED_EDGE('',*,*,#484,.T.);
#484 = EDGE_CURVE('',#477,#477,#485,.T.);
#485 = CIRCLE('',#486,0.6);
#486 = AXIS2_PLACEMENT_3D('',#487,#488,#489);
#487 = CARTESIAN_POINT('',(105.65,-119.19,0.31));
#488 = DIRECTION('',(0.,0.,1.));
#489 = DIRECTION('',(1.,0.,-0.));
#490 = ORIENTED_EDGE('',*,*,#474,.F.);
#491 = ORIENTED_EDGE('',*,*,#492,.F.);
#492 = EDGE_CURVE('',#475,#475,#493,.T.);
#493 = CIRCLE('',#494,0.6);
#494 = AXIS2_PLACEMENT_3D('',#495,#496,#497);
#495 = CARTESIAN_POINT('',(105.65,-119.19,0.));
#496 = DIRECTION('',(0.,0.,1.));
#497 = DIRECTION('',(1.,0.,-0.));
#498 = CYLINDRICAL_SURFACE('',#499,0.6);
#499 = AXIS2_PLACEMENT_3D('',#500,#501,#502);
#500 = CARTESIAN_POINT('',(105.65,-119.19,0.));
#501 = DIRECTION('',(-0.,-0.,-1.));
#502 = DIRECTION('',(1.,0.,-0.));
#503 = ADVANCED_FACE('',(#504),#531,.F.);
#504 = FACE_BOUND('',#505,.T.);
#505 = EDGE_LOOP('',(#506,#516,#523,#524));
#506 = ORIENTED_EDGE('',*,*,#507,.T.);
#507 = EDGE_CURVE('',#508,#510,#512,.T.);
#508 = VERTEX_POINT('',#509);
#509 = CARTESIAN_POINT('',(124.969873,-118.230897,0.));
#510 = VERTEX_POINT('',#511);
#511 = CARTESIAN_POINT('',(124.969873,-118.230897,0.31));
#512 = LINE('',#513,#514);
#513 = CARTESIAN_POINT('',(124.969873,-118.230897,0.));
#514 = VECTOR('',#515,1.);
#515 = DIRECTION('',(0.,0.,1.));
#516 = ORIENTED_EDGE('',*,*,#517,.T.);
#517 = EDGE_CURVE('',#510,#510,#518,.T.);
#518 = CIRCLE('',#519,0.6);
#519 = AXIS2_PLACEMENT_3D('',#520,#521,#522);
#520 = CARTESIAN_POINT('',(124.369873,-118.230897,0.31));
#521 = DIRECTION('',(0.,0.,1.));
#522 = DIRECTION('',(1.,0.,-0.));
#523 = ORIENTED_EDGE('',*,*,#507,.F.);
#524 = ORIENTED_EDGE('',*,*,#525,.F.);
#525 = EDGE_CURVE('',#508,#508,#526,.T.);
#526 = CIRCLE('',#527,0.6);
#527 = AXIS2_PLACEMENT_3D('',#528,#529,#530);
#528 = CARTESIAN_POINT('',(124.369873,-118.230897,0.));
#529 = DIRECTION('',(0.,0.,1.));
#530 = DIRECTION('',(1.,0.,-0.));
#531 = CYLINDRICAL_SURFACE('',#532,0.6);
#532 = AXIS2_PLACEMENT_3D('',#533,#534,#535);
#533 = CARTESIAN_POINT('',(124.369873,-118.230897,0.));
#534 = DIRECTION('',(-0.,-0.,-1.));
#535 = DIRECTION('',(1.,0.,-0.));
#536 = ADVANCED_FACE('',(#537),#564,.F.);
#537 = FACE_BOUND('',#538,.T.);
#538 = EDGE_LOOP('',(#539,#549,#556,#557));
#539 = ORIENTED_EDGE('',*,*,#540,.T.);
#540 = EDGE_CURVE('',#541,#543,#545,.T.);
#541 = VERTEX_POINT('',#542);
#542 = CARTESIAN_POINT('',(101.3,-117.09,0.));
#543 = VERTEX_POINT('',#544);
#544 = CARTESIAN_POINT('',(101.3,-117.09,0.31));
#545 = LINE('',#546,#547);
#546 = CARTESIAN_POINT('',(101.3,-117.09,0.));
#547 = VECTOR('',#548,1.);
#548 = DIRECTION('',(0.,0.,1.));
#549 = ORIENTED_EDGE('',*,*,#550,.T.);
#550 = EDGE_CURVE('',#543,#543,#551,.T.);
#551 = CIRCLE('',#552,0.6);
#552 = AXIS2_PLACEMENT_3D('',#553,#554,#555);
#553 = CARTESIAN_POINT('',(100.7,-117.09,0.31));
#554 = DIRECTION('',(0.,0.,1.));
#555 = DIRECTION('',(1.,0.,-0.));
#556 = ORIENTED_EDGE('',*,*,#540,.F.);
#557 = ORIENTED_EDGE('',*,*,#558,.F.);
#558 = EDGE_CURVE('',#541,#541,#559,.T.);
#559 = CIRCLE('',#560,0.6);
#560 = AXIS2_PLACEMENT_3D('',#561,#562,#563);
#561 = CARTESIAN_POINT('',(100.7,-117.09,0.));
#562 = DIRECTION('',(0.,0.,1.));
#563 = DIRECTION('',(1.,0.,-0.));
#564 = CYLINDRICAL_SURFACE('',#565,0.6);
#565 = AXIS2_PLACEMENT_3D('',#566,#567,#568);
#566 = CARTESIAN_POINT('',(100.7,-117.09,0.));
#567 = DIRECTION('',(-0.,-0.,-1.));
#568 = DIRECTION('',(1.,0.,-0.));
#569 = ADVANCED_FACE('',(#570),#597,.F.);
#570 = FACE_BOUND('',#571,.T.);
#571 = EDGE_LOOP('',(#572,#582,#589,#590));
#572 = ORIENTED_EDGE('',*,*,#573,.T.);
#573 = EDGE_CURVE('',#574,#576,#578,.T.);
#574 = VERTEX_POINT('',#575);
#575 = CARTESIAN_POINT('',(89.65,-116.7,0.));
#576 = VERTEX_POINT('',#577);
#577 = CARTESIAN_POINT('',(89.65,-116.7,0.31));
#578 = LINE('',#579,#580);
#579 = CARTESIAN_POINT('',(89.65,-116.7,0.));
#580 = VECTOR('',#581,1.);
#581 = DIRECTION('',(0.,0.,1.));
#582 = ORIENTED_EDGE('',*,*,#583,.T.);
#583 = EDGE_CURVE('',#576,#576,#584,.T.);
#584 = CIRCLE('',#585,0.6);
#585 = AXIS2_PLACEMENT_3D('',#586,#587,#588);
#586 = CARTESIAN_POINT('',(89.05,-116.7,0.31));
#587 = DIRECTION('',(0.,0.,1.));
#588 = DIRECTION('',(1.,0.,-0.));
#589 = ORIENTED_EDGE('',*,*,#573,.F.);
#590 = ORIENTED_EDGE('',*,*,#591,.F.);
#591 = EDGE_CURVE('',#574,#574,#592,.T.);
#592 = CIRCLE('',#593,0.6);
#593 = AXIS2_PLACEMENT_3D('',#594,#595,#596);
#594 = CARTESIAN_POINT('',(89.05,-116.7,0.));
#595 = DIRECTION('',(0.,0.,1.));
#596 = DIRECTION('',(1.,0.,-0.));
#597 = CYLINDRICAL_SURFACE('',#598,0.6);
#598 = AXIS2_PLACEMENT_3D('',#599,#600,#601);
#599 = CARTESIAN_POINT('',(89.05,-116.7,0.));
#600 = DIRECTION('',(-0.,-0.,-1.));
#601 = DIRECTION('',(1.,0.,-0.));
#602 = ADVANCED_FACE('',(#603),#630,.F.);
#603 = FACE_BOUND('',#604,.T.);
#604 = EDGE_LOOP('',(#605,#615,#622,#623));
#605 = ORIENTED_EDGE('',*,*,#606,.T.);
#606 = EDGE_CURVE('',#607,#609,#611,.T.);
#607 = VERTEX_POINT('',#608);
#608 = CARTESIAN_POINT('',(138.305127,-115.479969,0.));
#609 = VERTEX_POINT('',#610);
#610 = CARTESIAN_POINT('',(138.305127,-115.479969,0.31));
#611 = LINE('',#612,#613);
#612 = CARTESIAN_POINT('',(138.305127,-115.479969,0.));
#613 = VECTOR('',#614,1.);
#614 = DIRECTION('',(0.,0.,1.));
#615 = ORIENTED_EDGE('',*,*,#616,.T.);
#616 = EDGE_CURVE('',#609,#609,#617,.T.);
#617 = CIRCLE('',#618,0.8);
#618 = AXIS2_PLACEMENT_3D('',#619,#620,#621);
#619 = CARTESIAN_POINT('',(137.505127,-115.479969,0.31));
#620 = DIRECTION('',(0.,0.,1.));
#621 = DIRECTION('',(1.,0.,-0.));
#622 = ORIENTED_EDGE('',*,*,#606,.F.);
#623 = ORIENTED_EDGE('',*,*,#624,.F.);
#624 = EDGE_CURVE('',#607,#607,#625,.T.);
#625 = CIRCLE('',#626,0.8);
#626 = AXIS2_PLACEMENT_3D('',#627,#628,#629);
#627 = CARTESIAN_POINT('',(137.505127,-115.479969,0.));
#628 = DIRECTION('',(0.,0.,1.));
#629 = DIRECTION('',(1.,0.,-0.));
#630 = CYLINDRICAL_SURFACE('',#631,0.8);
#631 = AXIS2_PLACEMENT_3D('',#632,#633,#634);
#632 = CARTESIAN_POINT('',(137.505127,-115.479969,0.));
#633 = DIRECTION('',(-0.,-0.,-1.));
#634 = DIRECTION('',(1.,0.,-0.));
#635 = ADVANCED_FACE('',(#636),#663,.F.);
#636 = FACE_BOUND('',#637,.T.);
#637 = EDGE_LOOP('',(#638,#648,#655,#656));
#638 = ORIENTED_EDGE('',*,*,#639,.T.);
#639 = EDGE_CURVE('',#640,#642,#644,.T.);
#640 = VERTEX_POINT('',#641);
#641 = CARTESIAN_POINT('',(108.225,-113.29,0.));
#642 = VERTEX_POINT('',#643);
#643 = CARTESIAN_POINT('',(108.225,-113.29,0.31));
#644 = LINE('',#645,#646);
#645 = CARTESIAN_POINT('',(108.225,-113.29,0.));
#646 = VECTOR('',#647,1.);
#647 = DIRECTION('',(0.,0.,1.));
#648 = ORIENTED_EDGE('',*,*,#649,.T.);
#649 = EDGE_CURVE('',#642,#642,#650,.T.);
#650 = CIRCLE('',#651,2.525);
#651 = AXIS2_PLACEMENT_3D('',#652,#653,#654);
#652 = CARTESIAN_POINT('',(105.7,-113.29,0.31));
#653 = DIRECTION('',(0.,0.,1.));
#654 = DIRECTION('',(1.,0.,-0.));
#655 = ORIENTED_EDGE('',*,*,#639,.F.);
#656 = ORIENTED_EDGE('',*,*,#657,.F.);
#657 = EDGE_CURVE('',#640,#640,#658,.T.);
#658 = CIRCLE('',#659,2.525);
#659 = AXIS2_PLACEMENT_3D('',#660,#661,#662);
#660 = CARTESIAN_POINT('',(105.7,-113.29,0.));
#661 = DIRECTION('',(0.,0.,1.));
#662 = DIRECTION('',(1.,0.,-0.));
#663 = CYLINDRICAL_SURFACE('',#664,2.525);
#664 = AXIS2_PLACEMENT_3D('',#665,#666,#667);
#665 = CARTESIAN_POINT('',(105.7,-113.29,0.));
#666 = DIRECTION('',(-0.,-0.,-1.));
#667 = DIRECTION('',(1.,0.,-0.));
#668 = ADVANCED_FACE('',(#669),#696,.F.);
#669 = FACE_BOUND('',#670,.T.);
#670 = EDGE_LOOP('',(#671,#681,#688,#689));
#671 = ORIENTED_EDGE('',*,*,#672,.T.);
#672 = EDGE_CURVE('',#673,#675,#677,.T.);
#673 = VERTEX_POINT('',#674);
#674 = CARTESIAN_POINT('',(84.7,-114.6,0.));
#675 = VERTEX_POINT('',#676);
#676 = CARTESIAN_POINT('',(84.7,-114.6,0.31));
#677 = LINE('',#678,#679);
#678 = CARTESIAN_POINT('',(84.7,-114.6,0.));
#679 = VECTOR('',#680,1.);
#680 = DIRECTION('',(0.,0.,1.));
#681 = ORIENTED_EDGE('',*,*,#682,.T.);
#682 = EDGE_CURVE('',#675,#675,#683,.T.);
#683 = CIRCLE('',#684,0.6);
#684 = AXIS2_PLACEMENT_3D('',#685,#686,#687);
#685 = CARTESIAN_POINT('',(84.1,-114.6,0.31));
#686 = DIRECTION('',(0.,0.,1.));
#687 = DIRECTION('',(1.,0.,-0.));
#688 = ORIENTED_EDGE('',*,*,#672,.F.);
#689 = ORIENTED_EDGE('',*,*,#690,.F.);
#690 = EDGE_CURVE('',#673,#673,#691,.T.);
#691 = CIRCLE('',#692,0.6);
#692 = AXIS2_PLACEMENT_3D('',#693,#694,#695);
#693 = CARTESIAN_POINT('',(84.1,-114.6,0.));
#694 = DIRECTION('',(0.,0.,1.));
#695 = DIRECTION('',(1.,0.,-0.));
#696 = CYLINDRICAL_SURFACE('',#697,0.6);
#697 = AXIS2_PLACEMENT_3D('',#698,#699,#700);
#698 = CARTESIAN_POINT('',(84.1,-114.6,0.));
#699 = DIRECTION('',(-0.,-0.,-1.));
#700 = DIRECTION('',(1.,0.,-0.));
#701 = ADVANCED_FACE('',(#702),#729,.F.);
#702 = FACE_BOUND('',#703,.T.);
#703 = EDGE_LOOP('',(#704,#714,#721,#722));
#704 = ORIENTED_EDGE('',*,*,#705,.T.);
#705 = EDGE_CURVE('',#706,#708,#710,.T.);
#706 = VERTEX_POINT('',#707);
#707 = CARTESIAN_POINT('',(91.625,-110.8,0.));
#708 = VERTEX_POINT('',#709);
#709 = CARTESIAN_POINT('',(91.625,-110.8,0.31));
#710 = LINE('',#711,#712);
#711 = CARTESIAN_POINT('',(91.625,-110.8,0.));
#712 = VECTOR('',#713,1.);
#713 = DIRECTION('',(0.,0.,1.));
#714 = ORIENTED_EDGE('',*,*,#715,.T.);
#715 = EDGE_CURVE('',#708,#708,#716,.T.);
#716 = CIRCLE('',#717,2.525);
#717 = AXIS2_PLACEMENT_3D('',#718,#719,#720);
#718 = CARTESIAN_POINT('',(89.1,-110.8,0.31));
#719 = DIRECTION('',(0.,0.,1.));
#720 = DIRECTION('',(1.,0.,-0.));
#721 = ORIENTED_EDGE('',*,*,#705,.F.);
#722 = ORIENTED_EDGE('',*,*,#723,.F.);
#723 = EDGE_CURVE('',#706,#706,#724,.T.);
#724 = CIRCLE('',#725,2.525);
#725 = AXIS2_PLACEMENT_3D('',#726,#727,#728);
#726 = CARTESIAN_POINT('',(89.1,-110.8,0.));
#727 = DIRECTION('',(0.,0.,1.));
#728 = DIRECTION('',(1.,0.,-0.));
#729 = CYLINDRICAL_SURFACE('',#730,2.525);
#730 = AXIS2_PLACEMENT_3D('',#731,#732,#733);
#731 = CARTESIAN_POINT('',(89.1,-110.8,0.));
#732 = DIRECTION('',(-0.,-0.,-1.));
#733 = DIRECTION('',(1.,0.,-0.));
#734 = ADVANCED_FACE('',(#735),#762,.F.);
#735 = FACE_BOUND('',#736,.T.);
#736 = EDGE_LOOP('',(#737,#747,#754,#755));
#737 = ORIENTED_EDGE('',*,*,#738,.T.);
#738 = EDGE_CURVE('',#739,#741,#743,.T.);
#739 = VERTEX_POINT('',#740);
#740 = CARTESIAN_POINT('',(111.5,-108.14,0.));
#741 = VERTEX_POINT('',#742);
#742 = CARTESIAN_POINT('',(111.5,-108.14,0.31));
#743 = LINE('',#744,#745);
#744 = CARTESIAN_POINT('',(111.5,-108.14,0.));
#745 = VECTOR('',#746,1.);
#746 = DIRECTION('',(0.,0.,1.));
#747 = ORIENTED_EDGE('',*,*,#748,.T.);
#748 = EDGE_CURVE('',#741,#741,#749,.T.);
#749 = CIRCLE('',#750,0.8);
#750 = AXIS2_PLACEMENT_3D('',#751,#752,#753);
#751 = CARTESIAN_POINT('',(110.7,-108.14,0.31));
#752 = DIRECTION('',(0.,0.,1.));
#753 = DIRECTION('',(1.,0.,-0.));
#754 = ORIENTED_EDGE('',*,*,#738,.F.);
#755 = ORIENTED_EDGE('',*,*,#756,.F.);
#756 = EDGE_CURVE('',#739,#739,#757,.T.);
#757 = CIRCLE('',#758,0.8);
#758 = AXIS2_PLACEMENT_3D('',#759,#760,#761);
#759 = CARTESIAN_POINT('',(110.7,-108.14,0.));
#760 = DIRECTION('',(0.,0.,1.));
#761 = DIRECTION('',(1.,0.,-0.));
#762 = CYLINDRICAL_SURFACE('',#763,0.8);
#763 = AXIS2_PLACEMENT_3D('',#764,#765,#766);
#764 = CARTESIAN_POINT('',(110.7,-108.14,0.));
#765 = DIRECTION('',(-0.,-0.,-1.));
#766 = DIRECTION('',(1.,0.,-0.));
#767 = ADVANCED_FACE('',(#768),#795,.F.);
#768 = FACE_BOUND('',#769,.T.);
#769 = EDGE_LOOP('',(#770,#780,#787,#788));
#770 = ORIENTED_EDGE('',*,*,#771,.T.);
#771 = EDGE_CURVE('',#772,#774,#776,.T.);
#772 = VERTEX_POINT('',#773);
#773 = CARTESIAN_POINT('',(94.9,-105.65,0.));
#774 = VERTEX_POINT('',#775);
#775 = CARTESIAN_POINT('',(94.9,-105.65,0.31));
#776 = LINE('',#777,#778);
#777 = CARTESIAN_POINT('',(94.9,-105.65,0.));
#778 = VECTOR('',#779,1.);
#779 = DIRECTION('',(0.,0.,1.));
#780 = ORIENTED_EDGE('',*,*,#781,.T.);
#781 = EDGE_CURVE('',#774,#774,#782,.T.);
#782 = CIRCLE('',#783,0.8);
#783 = AXIS2_PLACEMENT_3D('',#784,#785,#786);
#784 = CARTESIAN_POINT('',(94.1,-105.65,0.31));
#785 = DIRECTION('',(0.,0.,1.));
#786 = DIRECTION('',(1.,0.,-0.));
#787 = ORIENTED_EDGE('',*,*,#771,.F.);
#788 = ORIENTED_EDGE('',*,*,#789,.F.);
#789 = EDGE_CURVE('',#772,#772,#790,.T.);
#790 = CIRCLE('',#791,0.8);
#791 = AXIS2_PLACEMENT_3D('',#792,#793,#794);
#792 = CARTESIAN_POINT('',(94.1,-105.65,0.));
#793 = DIRECTION('',(0.,0.,1.));
#794 = DIRECTION('',(1.,0.,-0.));
#795 = CYLINDRICAL_SURFACE('',#796,0.8);
#796 = AXIS2_PLACEMENT_3D('',#797,#798,#799);
#797 = CARTESIAN_POINT('',(94.1,-105.65,0.));
#798 = DIRECTION('',(-0.,-0.,-1.));
#799 = DIRECTION('',(1.,0.,-0.));
#800 = ADVANCED_FACE('',(#801),#828,.F.);
#801 = FACE_BOUND('',#802,.T.);
#802 = EDGE_LOOP('',(#803,#813,#820,#821));
#803 = ORIENTED_EDGE('',*,*,#804,.T.);
#804 = EDGE_CURVE('',#805,#807,#809,.T.);
#805 = VERTEX_POINT('',#806);
#806 = CARTESIAN_POINT('',(26.8,-105.16,0.));
#807 = VERTEX_POINT('',#808);
#808 = CARTESIAN_POINT('',(26.8,-105.16,0.31));
#809 = LINE('',#810,#811);
#810 = CARTESIAN_POINT('',(26.8,-105.16,0.));
#811 = VECTOR('',#812,1.);
#812 = DIRECTION('',(0.,0.,1.));
#813 = ORIENTED_EDGE('',*,*,#814,.T.);
#814 = EDGE_CURVE('',#807,#807,#815,.T.);
#815 = CIRCLE('',#816,0.8);
#816 = AXIS2_PLACEMENT_3D('',#817,#818,#819);
#817 = CARTESIAN_POINT('',(26.,-105.16,0.31));
#818 = DIRECTION('',(0.,0.,1.));
#819 = DIRECTION('',(1.,0.,-0.));
#820 = ORIENTED_EDGE('',*,*,#804,.F.);
#821 = ORIENTED_EDGE('',*,*,#822,.F.);
#822 = EDGE_CURVE('',#805,#805,#823,.T.);
#823 = CIRCLE('',#824,0.8);
#824 = AXIS2_PLACEMENT_3D('',#825,#826,#827);
#825 = CARTESIAN_POINT('',(26.,-105.16,0.));
#826 = DIRECTION('',(0.,0.,1.));
#827 = DIRECTION('',(1.,0.,-0.));
#828 = CYLINDRICAL_SURFACE('',#829,0.8);
#829 = AXIS2_PLACEMENT_3D('',#830,#831,#832);
#830 = CARTESIAN_POINT('',(26.,-105.16,0.));
#831 = DIRECTION('',(-0.,-0.,-1.));
#832 = DIRECTION('',(1.,0.,-0.));
#833 = ADVANCED_FACE('',(#834),#861,.F.);
#834 = FACE_BOUND('',#835,.T.);
#835 = EDGE_LOOP('',(#836,#846,#853,#854));
#836 = ORIENTED_EDGE('',*,*,#837,.T.);
#837 = EDGE_CURVE('',#838,#840,#842,.T.);
#838 = VERTEX_POINT('',#839);
#839 = CARTESIAN_POINT('',(48.15,-104.25,0.));
#840 = VERTEX_POINT('',#841);
#841 = CARTESIAN_POINT('',(48.15,-104.25,0.31));
#842 = LINE('',#843,#844);
#843 = CARTESIAN_POINT('',(48.15,-104.25,0.));
#844 = VECTOR('',#845,1.);
#845 = DIRECTION('',(0.,0.,1.));
#846 = ORIENTED_EDGE('',*,*,#847,.T.);
#847 = EDGE_CURVE('',#840,#840,#848,.T.);
#848 = CIRCLE('',#849,0.6);
#849 = AXIS2_PLACEMENT_3D('',#850,#851,#852);
#850 = CARTESIAN_POINT('',(47.55,-104.25,0.31));
#851 = DIRECTION('',(0.,0.,1.));
#852 = DIRECTION('',(1.,0.,-0.));
#853 = ORIENTED_EDGE('',*,*,#837,.F.);
#854 = ORIENTED_EDGE('',*,*,#855,.F.);
#855 = EDGE_CURVE('',#838,#838,#856,.T.);
#856 = CIRCLE('',#857,0.6);
#857 = AXIS2_PLACEMENT_3D('',#858,#859,#860);
#858 = CARTESIAN_POINT('',(47.55,-104.25,0.));
#859 = DIRECTION('',(0.,0.,1.));
#860 = DIRECTION('',(1.,0.,-0.));
#861 = CYLINDRICAL_SURFACE('',#862,0.6);
#862 = AXIS2_PLACEMENT_3D('',#863,#864,#865);
#863 = CARTESIAN_POINT('',(47.55,-104.25,0.));
#864 = DIRECTION('',(-0.,-0.,-1.));
#865 = DIRECTION('',(1.,0.,-0.));
#866 = ADVANCED_FACE('',(#867),#894,.F.);
#867 = FACE_BOUND('',#868,.T.);
#868 = EDGE_LOOP('',(#869,#879,#886,#887));
#869 = ORIENTED_EDGE('',*,*,#870,.T.);
#870 = EDGE_CURVE('',#871,#873,#875,.T.);
#871 = VERTEX_POINT('',#872);
#872 = CARTESIAN_POINT('',(114.55,-102.59,0.));
#873 = VERTEX_POINT('',#874);
#874 = CARTESIAN_POINT('',(114.55,-102.59,0.31));
#875 = LINE('',#876,#877);
#876 = CARTESIAN_POINT('',(114.55,-102.59,0.));
#877 = VECTOR('',#878,1.);
#878 = DIRECTION('',(0.,0.,1.));
#879 = ORIENTED_EDGE('',*,*,#880,.T.);
#880 = EDGE_CURVE('',#873,#873,#881,.T.);
#881 = CIRCLE('',#882,0.6);
#882 = AXIS2_PLACEMENT_3D('',#883,#884,#885);
#883 = CARTESIAN_POINT('',(113.95,-102.59,0.31));
#884 = DIRECTION('',(0.,0.,1.));
#885 = DIRECTION('',(1.,0.,-0.));
#886 = ORIENTED_EDGE('',*,*,#870,.F.);
#887 = ORIENTED_EDGE('',*,*,#888,.F.);
#888 = EDGE_CURVE('',#871,#871,#889,.T.);
#889 = CIRCLE('',#890,0.6);
#890 = AXIS2_PLACEMENT_3D('',#891,#892,#893);
#891 = CARTESIAN_POINT('',(113.95,-102.59,0.));
#892 = DIRECTION('',(0.,0.,1.));
#893 = DIRECTION('',(1.,0.,-0.));
#894 = CYLINDRICAL_SURFACE('',#895,0.6);
#895 = AXIS2_PLACEMENT_3D('',#896,#897,#898);
#896 = CARTESIAN_POINT('',(113.95,-102.59,0.));
#897 = DIRECTION('',(-0.,-0.,-1.));
#898 = DIRECTION('',(1.,0.,-0.));
#899 = ADVANCED_FACE('',(#900),#927,.F.);
#900 = FACE_BOUND('',#901,.T.);
#901 = EDGE_LOOP('',(#902,#912,#919,#920));
#902 = ORIENTED_EDGE('',*,*,#903,.T.);
#903 = EDGE_CURVE('',#904,#906,#908,.T.);
#904 = VERTEX_POINT('',#905);
#905 = CARTESIAN_POINT('',(43.2,-102.15,0.));
#906 = VERTEX_POINT('',#907);
#907 = CARTESIAN_POINT('',(43.2,-102.15,0.31));
#908 = LINE('',#909,#910);
#909 = CARTESIAN_POINT('',(43.2,-102.15,0.));
#910 = VECTOR('',#911,1.);
#911 = DIRECTION('',(0.,0.,1.));
#912 = ORIENTED_EDGE('',*,*,#913,.T.);
#913 = EDGE_CURVE('',#906,#906,#914,.T.);
#914 = CIRCLE('',#915,0.6);
#915 = AXIS2_PLACEMENT_3D('',#916,#917,#918);
#916 = CARTESIAN_POINT('',(42.6,-102.15,0.31));
#917 = DIRECTION('',(0.,0.,1.));
#918 = DIRECTION('',(1.,0.,-0.));
#919 = ORIENTED_EDGE('',*,*,#903,.F.);
#920 = ORIENTED_EDGE('',*,*,#921,.F.);
#921 = EDGE_CURVE('',#904,#904,#922,.T.);
#922 = CIRCLE('',#923,0.6);
#923 = AXIS2_PLACEMENT_3D('',#924,#925,#926);
#924 = CARTESIAN_POINT('',(42.6,-102.15,0.));
#925 = DIRECTION('',(0.,0.,1.));
#926 = DIRECTION('',(1.,0.,-0.));
#927 = CYLINDRICAL_SURFACE('',#928,0.6);
#928 = AXIS2_PLACEMENT_3D('',#929,#930,#931);
#929 = CARTESIAN_POINT('',(42.6,-102.15,0.));
#930 = DIRECTION('',(-0.,-0.,-1.));
#931 = DIRECTION('',(1.,0.,-0.));
#932 = ADVANCED_FACE('',(#933),#960,.F.);
#933 = FACE_BOUND('',#934,.T.);
#934 = EDGE_LOOP('',(#935,#945,#952,#953));
#935 = ORIENTED_EDGE('',*,*,#936,.T.);
#936 = EDGE_CURVE('',#937,#939,#941,.T.);
#937 = VERTEX_POINT('',#938);
#938 = CARTESIAN_POINT('',(33.525,-100.01,0.));
#939 = VERTEX_POINT('',#940);
#940 = CARTESIAN_POINT('',(33.525,-100.01,0.31));
#941 = LINE('',#942,#943);
#942 = CARTESIAN_POINT('',(33.525,-100.01,0.));
#943 = VECTOR('',#944,1.);
#944 = DIRECTION('',(0.,0.,1.));
#945 = ORIENTED_EDGE('',*,*,#946,.T.);
#946 = EDGE_CURVE('',#939,#939,#947,.T.);
#947 = CIRCLE('',#948,2.525);
#948 = AXIS2_PLACEMENT_3D('',#949,#950,#951);
#949 = CARTESIAN_POINT('',(31.,-100.01,0.31));
#950 = DIRECTION('',(0.,0.,1.));
#951 = DIRECTION('',(1.,0.,-0.));
#952 = ORIENTED_EDGE('',*,*,#936,.F.);
#953 = ORIENTED_EDGE('',*,*,#954,.F.);
#954 = EDGE_CURVE('',#937,#937,#955,.T.);
#955 = CIRCLE('',#956,2.525);
#956 = AXIS2_PLACEMENT_3D('',#957,#958,#959);
#957 = CARTESIAN_POINT('',(31.,-100.01,0.));
#958 = DIRECTION('',(0.,0.,1.));
#959 = DIRECTION('',(1.,0.,-0.));
#960 = CYLINDRICAL_SURFACE('',#961,2.525);
#961 = AXIS2_PLACEMENT_3D('',#962,#963,#964);
#962 = CARTESIAN_POINT('',(31.,-100.01,0.));
#963 = DIRECTION('',(-0.,-0.,-1.));
#964 = DIRECTION('',(1.,0.,-0.));
#965 = ADVANCED_FACE('',(#966),#993,.F.);
#966 = FACE_BOUND('',#967,.T.);
#967 = EDGE_LOOP('',(#968,#978,#985,#986));
#968 = ORIENTED_EDGE('',*,*,#969,.T.);
#969 = EDGE_CURVE('',#970,#972,#974,.T.);
#970 = VERTEX_POINT('',#971);
#971 = CARTESIAN_POINT('',(109.6,-100.49,0.));
#972 = VERTEX_POINT('',#973);
#973 = CARTESIAN_POINT('',(109.6,-100.49,0.31));
#974 = LINE('',#975,#976);
#975 = CARTESIAN_POINT('',(109.6,-100.49,0.));
#976 = VECTOR('',#977,1.);
#977 = DIRECTION('',(0.,0.,1.));
#978 = ORIENTED_EDGE('',*,*,#979,.T.);
#979 = EDGE_CURVE('',#972,#972,#980,.T.);
#980 = CIRCLE('',#981,0.6);
#981 = AXIS2_PLACEMENT_3D('',#982,#983,#984);
#982 = CARTESIAN_POINT('',(109.,-100.49,0.31));
#983 = DIRECTION('',(0.,0.,1.));
#984 = DIRECTION('',(1.,0.,-0.));
#985 = ORIENTED_EDGE('',*,*,#969,.F.);
#986 = ORIENTED_EDGE('',*,*,#987,.F.);
#987 = EDGE_CURVE('',#970,#970,#988,.T.);
#988 = CIRCLE('',#989,0.6);
#989 = AXIS2_PLACEMENT_3D('',#990,#991,#992);
#990 = CARTESIAN_POINT('',(109.,-100.49,0.));
#991 = DIRECTION('',(0.,0.,1.));
#992 = DIRECTION('',(1.,0.,-0.));
#993 = CYLINDRICAL_SURFACE('',#994,0.6);
#994 = AXIS2_PLACEMENT_3D('',#995,#996,#997);
#995 = CARTESIAN_POINT('',(109.,-100.49,0.));
#996 = DIRECTION('',(-0.,-0.,-1.));
#997 = DIRECTION('',(1.,0.,-0.));
#998 = ADVANCED_FACE('',(#999),#1026,.F.);
#999 = FACE_BOUND('',#1000,.T.);
#1000 = EDGE_LOOP('',(#1001,#1011,#1018,#1019));
#1001 = ORIENTED_EDGE('',*,*,#1002,.T.);
#1002 = EDGE_CURVE('',#1003,#1005,#1007,.T.);
#1003 = VERTEX_POINT('',#1004);
#1004 = CARTESIAN_POINT('',(50.125,-98.35,0.));
#1005 = VERTEX_POINT('',#1006);
#1006 = CARTESIAN_POINT('',(50.125,-98.35,0.31));
#1007 = LINE('',#1008,#1009);
#1008 = CARTESIAN_POINT('',(50.125,-98.35,0.));
#1009 = VECTOR('',#1010,1.);
#1010 = DIRECTION('',(0.,0.,1.));
#1011 = ORIENTED_EDGE('',*,*,#1012,.T.);
#1012 = EDGE_CURVE('',#1005,#1005,#1013,.T.);
#1013 = CIRCLE('',#1014,2.525);
#1014 = AXIS2_PLACEMENT_3D('',#1015,#1016,#1017);
#1015 = CARTESIAN_POINT('',(47.6,-98.35,0.31));
#1016 = DIRECTION('',(0.,0.,1.));
#1017 = DIRECTION('',(1.,0.,-0.));
#1018 = ORIENTED_EDGE('',*,*,#1002,.F.);
#1019 = ORIENTED_EDGE('',*,*,#1020,.F.);
#1020 = EDGE_CURVE('',#1003,#1003,#1021,.T.);
#1021 = CIRCLE('',#1022,2.525);
#1022 = AXIS2_PLACEMENT_3D('',#1023,#1024,#1025);
#1023 = CARTESIAN_POINT('',(47.6,-98.35,0.));
#1024 = DIRECTION('',(0.,0.,1.));
#1025 = DIRECTION('',(1.,0.,-0.));
#1026 = CYLINDRICAL_SURFACE('',#1027,2.525);
#1027 = AXIS2_PLACEMENT_3D('',#1028,#1029,#1030);
#1028 = CARTESIAN_POINT('',(47.6,-98.35,0.));
#1029 = DIRECTION('',(-0.,-0.,-1.));
#1030 = DIRECTION('',(1.,0.,-0.));
#1031 = ADVANCED_FACE('',(#1032),#1059,.F.);
#1032 = FACE_BOUND('',#1033,.T.);
#1033 = EDGE_LOOP('',(#1034,#1044,#1051,#1052));
#1034 = ORIENTED_EDGE('',*,*,#1035,.T.);
#1035 = EDGE_CURVE('',#1036,#1038,#1040,.T.);
#1036 = VERTEX_POINT('',#1037);
#1037 = CARTESIAN_POINT('',(64.75,-100.1,0.));
#1038 = VERTEX_POINT('',#1039);
#1039 = CARTESIAN_POINT('',(64.75,-100.1,0.31));
#1040 = LINE('',#1041,#1042);
#1041 = CARTESIAN_POINT('',(64.75,-100.1,0.));
#1042 = VECTOR('',#1043,1.);
#1043 = DIRECTION('',(0.,0.,1.));
#1044 = ORIENTED_EDGE('',*,*,#1045,.T.);
#1045 = EDGE_CURVE('',#1038,#1038,#1046,.T.);
#1046 = CIRCLE('',#1047,0.6);
#1047 = AXIS2_PLACEMENT_3D('',#1048,#1049,#1050);
#1048 = CARTESIAN_POINT('',(64.15,-100.1,0.31));
#1049 = DIRECTION('',(0.,0.,1.));
#1050 = DIRECTION('',(1.,0.,-0.));
#1051 = ORIENTED_EDGE('',*,*,#1035,.F.);
#1052 = ORIENTED_EDGE('',*,*,#1053,.F.);
#1053 = EDGE_CURVE('',#1036,#1036,#1054,.T.);
#1054 = CIRCLE('',#1055,0.6);
#1055 = AXIS2_PLACEMENT_3D('',#1056,#1057,#1058);
#1056 = CARTESIAN_POINT('',(64.15,-100.1,0.));
#1057 = DIRECTION('',(0.,0.,1.));
#1058 = DIRECTION('',(1.,0.,-0.));
#1059 = CYLINDRICAL_SURFACE('',#1060,0.6);
#1060 = AXIS2_PLACEMENT_3D('',#1061,#1062,#1063);
#1061 = CARTESIAN_POINT('',(64.15,-100.1,0.));
#1062 = DIRECTION('',(-0.,-0.,-1.));
#1063 = DIRECTION('',(1.,0.,-0.));
#1064 = ADVANCED_FACE('',(#1065),#1092,.F.);
#1065 = FACE_BOUND('',#1066,.T.);
#1066 = EDGE_LOOP('',(#1067,#1077,#1084,#1085));
#1067 = ORIENTED_EDGE('',*,*,#1068,.T.);
#1068 = EDGE_CURVE('',#1069,#1071,#1073,.T.);
#1069 = VERTEX_POINT('',#1070);
#1070 = CARTESIAN_POINT('',(97.95,-100.1,0.));
#1071 = VERTEX_POINT('',#1072);
#1072 = CARTESIAN_POINT('',(97.95,-100.1,0.31));
#1073 = LINE('',#1074,#1075);
#1074 = CARTESIAN_POINT('',(97.95,-100.1,0.));
#1075 = VECTOR('',#1076,1.);
#1076 = DIRECTION('',(0.,0.,1.));
#1077 = ORIENTED_EDGE('',*,*,#1078,.T.);
#1078 = EDGE_CURVE('',#1071,#1071,#1079,.T.);
#1079 = CIRCLE('',#1080,0.6);
#1080 = AXIS2_PLACEMENT_3D('',#1081,#1082,#1083);
#1081 = CARTESIAN_POINT('',(97.35,-100.1,0.31));
#1082 = DIRECTION('',(0.,0.,1.));
#1083 = DIRECTION('',(1.,0.,-0.));
#1084 = ORIENTED_EDGE('',*,*,#1068,.F.);
#1085 = ORIENTED_EDGE('',*,*,#1086,.F.);
#1086 = EDGE_CURVE('',#1069,#1069,#1087,.T.);
#1087 = CIRCLE('',#1088,0.6);
#1088 = AXIS2_PLACEMENT_3D('',#1089,#1090,#1091);
#1089 = CARTESIAN_POINT('',(97.35,-100.1,0.));
#1090 = DIRECTION('',(0.,0.,1.));
#1091 = DIRECTION('',(1.,0.,-0.));
#1092 = CYLINDRICAL_SURFACE('',#1093,0.6);
#1093 = AXIS2_PLACEMENT_3D('',#1094,#1095,#1096);
#1094 = CARTESIAN_POINT('',(97.35,-100.1,0.));
#1095 = DIRECTION('',(-0.,-0.,-1.));
#1096 = DIRECTION('',(1.,0.,-0.));
#1097 = ADVANCED_FACE('',(#1098),#1125,.F.);
#1098 = FACE_BOUND('',#1099,.T.);
#1099 = EDGE_LOOP('',(#1100,#1110,#1117,#1118));
#1100 = ORIENTED_EDGE('',*,*,#1101,.T.);
#1101 = EDGE_CURVE('',#1102,#1104,#1106,.T.);
#1102 = VERTEX_POINT('',#1103);
#1103 = CARTESIAN_POINT('',(116.525,-96.69,0.));
#1104 = VERTEX_POINT('',#1105);
#1105 = CARTESIAN_POINT('',(116.525,-96.69,0.31));
#1106 = LINE('',#1107,#1108);
#1107 = CARTESIAN_POINT('',(116.525,-96.69,0.));
#1108 = VECTOR('',#1109,1.);
#1109 = DIRECTION('',(0.,0.,1.));
#1110 = ORIENTED_EDGE('',*,*,#1111,.T.);
#1111 = EDGE_CURVE('',#1104,#1104,#1112,.T.);
#1112 = CIRCLE('',#1113,2.525);
#1113 = AXIS2_PLACEMENT_3D('',#1114,#1115,#1116);
#1114 = CARTESIAN_POINT('',(114.,-96.69,0.31));
#1115 = DIRECTION('',(0.,0.,1.));
#1116 = DIRECTION('',(1.,0.,-0.));
#1117 = ORIENTED_EDGE('',*,*,#1101,.F.);
#1118 = ORIENTED_EDGE('',*,*,#1119,.F.);
#1119 = EDGE_CURVE('',#1102,#1102,#1120,.T.);
#1120 = CIRCLE('',#1121,2.525);
#1121 = AXIS2_PLACEMENT_3D('',#1122,#1123,#1124);
#1122 = CARTESIAN_POINT('',(114.,-96.69,0.));
#1123 = DIRECTION('',(0.,0.,1.));
#1124 = DIRECTION('',(1.,0.,-0.));
#1125 = CYLINDRICAL_SURFACE('',#1126,2.525);
#1126 = AXIS2_PLACEMENT_3D('',#1127,#1128,#1129);
#1127 = CARTESIAN_POINT('',(114.,-96.69,0.));
#1128 = DIRECTION('',(-0.,-0.,-1.));
#1129 = DIRECTION('',(1.,0.,-0.));
#1130 = ADVANCED_FACE('',(#1131),#1158,.F.);
#1131 = FACE_BOUND('',#1132,.T.);
#1132 = EDGE_LOOP('',(#1133,#1143,#1150,#1151));
#1133 = ORIENTED_EDGE('',*,*,#1134,.T.);
#1134 = EDGE_CURVE('',#1135,#1137,#1139,.T.);
#1135 = VERTEX_POINT('',#1136);
#1136 = CARTESIAN_POINT('',(59.8,-98.,0.));
#1137 = VERTEX_POINT('',#1138);
#1138 = CARTESIAN_POINT('',(59.8,-98.,0.31));
#1139 = LINE('',#1140,#1141);
#1140 = CARTESIAN_POINT('',(59.8,-98.,0.));
#1141 = VECTOR('',#1142,1.);
#1142 = DIRECTION('',(0.,0.,1.));
#1143 = ORIENTED_EDGE('',*,*,#1144,.T.);
#1144 = EDGE_CURVE('',#1137,#1137,#1145,.T.);
#1145 = CIRCLE('',#1146,0.6);
#1146 = AXIS2_PLACEMENT_3D('',#1147,#1148,#1149);
#1147 = CARTESIAN_POINT('',(59.2,-98.,0.31));
#1148 = DIRECTION('',(0.,0.,1.));
#1149 = DIRECTION('',(1.,0.,-0.));
#1150 = ORIENTED_EDGE('',*,*,#1134,.F.);
#1151 = ORIENTED_EDGE('',*,*,#1152,.F.);
#1152 = EDGE_CURVE('',#1135,#1135,#1153,.T.);
#1153 = CIRCLE('',#1154,0.6);
#1154 = AXIS2_PLACEMENT_3D('',#1155,#1156,#1157);
#1155 = CARTESIAN_POINT('',(59.2,-98.,0.));
#1156 = DIRECTION('',(0.,0.,1.));
#1157 = DIRECTION('',(1.,0.,-0.));
#1158 = CYLINDRICAL_SURFACE('',#1159,0.6);
#1159 = AXIS2_PLACEMENT_3D('',#1160,#1161,#1162);
#1160 = CARTESIAN_POINT('',(59.2,-98.,0.));
#1161 = DIRECTION('',(-0.,-0.,-1.));
#1162 = DIRECTION('',(1.,0.,-0.));
#1163 = ADVANCED_FACE('',(#1164),#1191,.F.);
#1164 = FACE_BOUND('',#1165,.T.);
#1165 = EDGE_LOOP('',(#1166,#1176,#1183,#1184));
#1166 = ORIENTED_EDGE('',*,*,#1167,.T.);
#1167 = EDGE_CURVE('',#1168,#1170,#1172,.T.);
#1168 = VERTEX_POINT('',#1169);
#1169 = CARTESIAN_POINT('',(93.,-98.,0.));
#1170 = VERTEX_POINT('',#1171);
#1171 = CARTESIAN_POINT('',(93.,-98.,0.31));
#1172 = LINE('',#1173,#1174);
#1173 = CARTESIAN_POINT('',(93.,-98.,0.));
#1174 = VECTOR('',#1175,1.);
#1175 = DIRECTION('',(0.,0.,1.));
#1176 = ORIENTED_EDGE('',*,*,#1177,.T.);
#1177 = EDGE_CURVE('',#1170,#1170,#1178,.T.);
#1178 = CIRCLE('',#1179,0.6);
#1179 = AXIS2_PLACEMENT_3D('',#1180,#1181,#1182);
#1180 = CARTESIAN_POINT('',(92.4,-98.,0.31));
#1181 = DIRECTION('',(0.,0.,1.));
#1182 = DIRECTION('',(1.,0.,-0.));
#1183 = ORIENTED_EDGE('',*,*,#1167,.F.);
#1184 = ORIENTED_EDGE('',*,*,#1185,.F.);
#1185 = EDGE_CURVE('',#1168,#1168,#1186,.T.);
#1186 = CIRCLE('',#1187,0.6);
#1187 = AXIS2_PLACEMENT_3D('',#1188,#1189,#1190);
#1188 = CARTESIAN_POINT('',(92.4,-98.,0.));
#1189 = DIRECTION('',(0.,0.,1.));
#1190 = DIRECTION('',(1.,0.,-0.));
#1191 = CYLINDRICAL_SURFACE('',#1192,0.6);
#1192 = AXIS2_PLACEMENT_3D('',#1193,#1194,#1195);
#1193 = CARTESIAN_POINT('',(92.4,-98.,0.));
#1194 = DIRECTION('',(-0.,-0.,-1.));
#1195 = DIRECTION('',(1.,0.,-0.));
#1196 = ADVANCED_FACE('',(#1197),#1224,.F.);
#1197 = FACE_BOUND('',#1198,.T.);
#1198 = EDGE_LOOP('',(#1199,#1209,#1216,#1217));
#1199 = ORIENTED_EDGE('',*,*,#1200,.T.);
#1200 = EDGE_CURVE('',#1201,#1203,#1205,.T.);
#1201 = VERTEX_POINT('',#1202);
#1202 = CARTESIAN_POINT('',(81.35,-97.61,0.));
#1203 = VERTEX_POINT('',#1204);
#1204 = CARTESIAN_POINT('',(81.35,-97.61,0.31));
#1205 = LINE('',#1206,#1207);
#1206 = CARTESIAN_POINT('',(81.35,-97.61,0.));
#1207 = VECTOR('',#1208,1.);
#1208 = DIRECTION('',(0.,0.,1.));
#1209 = ORIENTED_EDGE('',*,*,#1210,.T.);
#1210 = EDGE_CURVE('',#1203,#1203,#1211,.T.);
#1211 = CIRCLE('',#1212,0.6);
#1212 = AXIS2_PLACEMENT_3D('',#1213,#1214,#1215);
#1213 = CARTESIAN_POINT('',(80.75,-97.61,0.31));
#1214 = DIRECTION('',(0.,0.,1.));
#1215 = DIRECTION('',(1.,0.,-0.));
#1216 = ORIENTED_EDGE('',*,*,#1200,.F.);
#1217 = ORIENTED_EDGE('',*,*,#1218,.F.);
#1218 = EDGE_CURVE('',#1201,#1201,#1219,.T.);
#1219 = CIRCLE('',#1220,0.6);
#1220 = AXIS2_PLACEMENT_3D('',#1221,#1222,#1223);
#1221 = CARTESIAN_POINT('',(80.75,-97.61,0.));
#1222 = DIRECTION('',(0.,0.,1.));
#1223 = DIRECTION('',(1.,0.,-0.));
#1224 = CYLINDRICAL_SURFACE('',#1225,0.6);
#1225 = AXIS2_PLACEMENT_3D('',#1226,#1227,#1228);
#1226 = CARTESIAN_POINT('',(80.75,-97.61,0.));
#1227 = DIRECTION('',(-0.,-0.,-1.));
#1228 = DIRECTION('',(1.,0.,-0.));
#1229 = ADVANCED_FACE('',(#1230),#1257,.F.);
#1230 = FACE_BOUND('',#1231,.T.);
#1231 = EDGE_LOOP('',(#1232,#1242,#1249,#1250));
#1232 = ORIENTED_EDGE('',*,*,#1233,.T.);
#1233 = EDGE_CURVE('',#1234,#1236,#1238,.T.);
#1234 = VERTEX_POINT('',#1235);
#1235 = CARTESIAN_POINT('',(36.6,-96.21,0.));
#1236 = VERTEX_POINT('',#1237);
#1237 = CARTESIAN_POINT('',(36.6,-96.21,0.31));
#1238 = LINE('',#1239,#1240);
#1239 = CARTESIAN_POINT('',(36.6,-96.21,0.));
#1240 = VECTOR('',#1241,1.);
#1241 = DIRECTION('',(0.,0.,1.));
#1242 = ORIENTED_EDGE('',*,*,#1243,.T.);
#1243 = EDGE_CURVE('',#1236,#1236,#1244,.T.);
#1244 = CIRCLE('',#1245,0.6);
#1245 = AXIS2_PLACEMENT_3D('',#1246,#1247,#1248);
#1246 = CARTESIAN_POINT('',(36.,-96.21,0.31));
#1247 = DIRECTION('',(0.,0.,1.));
#1248 = DIRECTION('',(1.,0.,-0.));
#1249 = ORIENTED_EDGE('',*,*,#1233,.F.);
#1250 = ORIENTED_EDGE('',*,*,#1251,.F.);
#1251 = EDGE_CURVE('',#1234,#1234,#1252,.T.);
#1252 = CIRCLE('',#1253,0.6);
#1253 = AXIS2_PLACEMENT_3D('',#1254,#1255,#1256);
#1254 = CARTESIAN_POINT('',(36.,-96.21,0.));
#1255 = DIRECTION('',(0.,0.,1.));
#1256 = DIRECTION('',(1.,0.,-0.));
#1257 = CYLINDRICAL_SURFACE('',#1258,0.6);
#1258 = AXIS2_PLACEMENT_3D('',#1259,#1260,#1261);
#1259 = CARTESIAN_POINT('',(36.,-96.21,0.));
#1260 = DIRECTION('',(-0.,-0.,-1.));
#1261 = DIRECTION('',(1.,0.,-0.));
#1262 = ADVANCED_FACE('',(#1263),#1290,.F.);
#1263 = FACE_BOUND('',#1264,.T.);
#1264 = EDGE_LOOP('',(#1265,#1275,#1282,#1283));
#1265 = ORIENTED_EDGE('',*,*,#1266,.T.);
#1266 = EDGE_CURVE('',#1267,#1269,#1271,.T.);
#1267 = VERTEX_POINT('',#1268);
#1268 = CARTESIAN_POINT('',(66.725,-94.2,0.));
#1269 = VERTEX_POINT('',#1270);
#1270 = CARTESIAN_POINT('',(66.725,-94.2,0.31));
#1271 = LINE('',#1272,#1273);
#1272 = CARTESIAN_POINT('',(66.725,-94.2,0.));
#1273 = VECTOR('',#1274,1.);
#1274 = DIRECTION('',(0.,0.,1.));
#1275 = ORIENTED_EDGE('',*,*,#1276,.T.);
#1276 = EDGE_CURVE('',#1269,#1269,#1277,.T.);
#1277 = CIRCLE('',#1278,2.525);
#1278 = AXIS2_PLACEMENT_3D('',#1279,#1280,#1281);
#1279 = CARTESIAN_POINT('',(64.2,-94.2,0.31));
#1280 = DIRECTION('',(0.,0.,1.));
#1281 = DIRECTION('',(1.,0.,-0.));
#1282 = ORIENTED_EDGE('',*,*,#1266,.F.);
#1283 = ORIENTED_EDGE('',*,*,#1284,.F.);
#1284 = EDGE_CURVE('',#1267,#1267,#1285,.T.);
#1285 = CIRCLE('',#1286,2.525);
#1286 = AXIS2_PLACEMENT_3D('',#1287,#1288,#1289);
#1287 = CARTESIAN_POINT('',(64.2,-94.2,0.));
#1288 = DIRECTION('',(0.,0.,1.));
#1289 = DIRECTION('',(1.,0.,-0.));
#1290 = CYLINDRICAL_SURFACE('',#1291,2.525);
#1291 = AXIS2_PLACEMENT_3D('',#1292,#1293,#1294);
#1292 = CARTESIAN_POINT('',(64.2,-94.2,0.));
#1293 = DIRECTION('',(-0.,-0.,-1.));
#1294 = DIRECTION('',(1.,0.,-0.));
#1295 = ADVANCED_FACE('',(#1296),#1323,.F.);
#1296 = FACE_BOUND('',#1297,.T.);
#1297 = EDGE_LOOP('',(#1298,#1308,#1315,#1316));
#1298 = ORIENTED_EDGE('',*,*,#1299,.T.);
#1299 = EDGE_CURVE('',#1300,#1302,#1304,.T.);
#1300 = VERTEX_POINT('',#1301);
#1301 = CARTESIAN_POINT('',(99.925,-94.2,0.));
#1302 = VERTEX_POINT('',#1303);
#1303 = CARTESIAN_POINT('',(99.925,-94.2,0.31));
#1304 = LINE('',#1305,#1306);
#1305 = CARTESIAN_POINT('',(99.925,-94.2,0.));
#1306 = VECTOR('',#1307,1.);
#1307 = DIRECTION('',(0.,0.,1.));
#1308 = ORIENTED_EDGE('',*,*,#1309,.T.);
#1309 = EDGE_CURVE('',#1302,#1302,#1310,.T.);
#1310 = CIRCLE('',#1311,2.525);
#1311 = AXIS2_PLACEMENT_3D('',#1312,#1313,#1314);
#1312 = CARTESIAN_POINT('',(97.4,-94.2,0.31));
#1313 = DIRECTION('',(0.,0.,1.));
#1314 = DIRECTION('',(1.,0.,-0.));
#1315 = ORIENTED_EDGE('',*,*,#1299,.F.);
#1316 = ORIENTED_EDGE('',*,*,#1317,.F.);
#1317 = EDGE_CURVE('',#1300,#1300,#1318,.T.);
#1318 = CIRCLE('',#1319,2.525);
#1319 = AXIS2_PLACEMENT_3D('',#1320,#1321,#1322);
#1320 = CARTESIAN_POINT('',(97.4,-94.2,0.));
#1321 = DIRECTION('',(0.,0.,1.));
#1322 = DIRECTION('',(1.,0.,-0.));
#1323 = CYLINDRICAL_SURFACE('',#1324,2.525);
#1324 = AXIS2_PLACEMENT_3D('',#1325,#1326,#1327);
#1325 = CARTESIAN_POINT('',(97.4,-94.2,0.));
#1326 = DIRECTION('',(-0.,-0.,-1.));
#1327 = DIRECTION('',(1.,0.,-0.));
#1328 = ADVANCED_FACE('',(#1329),#1356,.F.);
#1329 = FACE_BOUND('',#1330,.T.);
#1330 = EDGE_LOOP('',(#1331,#1341,#1348,#1349));
#1331 = ORIENTED_EDGE('',*,*,#1332,.T.);
#1332 = EDGE_CURVE('',#1333,#1335,#1337,.T.);
#1333 = VERTEX_POINT('',#1334);
#1334 = CARTESIAN_POINT('',(76.4,-95.51,0.));
#1335 = VERTEX_POINT('',#1336);
#1336 = CARTESIAN_POINT('',(76.4,-95.51,0.31));
#1337 = LINE('',#1338,#1339);
#1338 = CARTESIAN_POINT('',(76.4,-95.51,0.));
#1339 = VECTOR('',#1340,1.);
#1340 = DIRECTION('',(0.,0.,1.));
#1341 = ORIENTED_EDGE('',*,*,#1342,.T.);
#1342 = EDGE_CURVE('',#1335,#1335,#1343,.T.);
#1343 = CIRCLE('',#1344,0.6);
#1344 = AXIS2_PLACEMENT_3D('',#1345,#1346,#1347);
#1345 = CARTESIAN_POINT('',(75.8,-95.51,0.31));
#1346 = DIRECTION('',(0.,0.,1.));
#1347 = DIRECTION('',(1.,0.,-0.));
#1348 = ORIENTED_EDGE('',*,*,#1332,.F.);
#1349 = ORIENTED_EDGE('',*,*,#1350,.F.);
#1350 = EDGE_CURVE('',#1333,#1333,#1351,.T.);
#1351 = CIRCLE('',#1352,0.6);
#1352 = AXIS2_PLACEMENT_3D('',#1353,#1354,#1355);
#1353 = CARTESIAN_POINT('',(75.8,-95.51,0.));
#1354 = DIRECTION('',(0.,0.,1.));
#1355 = DIRECTION('',(1.,0.,-0.));
#1356 = CYLINDRICAL_SURFACE('',#1357,0.6);
#1357 = AXIS2_PLACEMENT_3D('',#1358,#1359,#1360);
#1358 = CARTESIAN_POINT('',(75.8,-95.51,0.));
#1359 = DIRECTION('',(-0.,-0.,-1.));
#1360 = DIRECTION('',(1.,0.,-0.));
#1361 = ADVANCED_FACE('',(#1362),#1389,.F.);
#1362 = FACE_BOUND('',#1363,.T.);
#1363 = EDGE_LOOP('',(#1364,#1374,#1381,#1382));
#1364 = ORIENTED_EDGE('',*,*,#1365,.T.);
#1365 = EDGE_CURVE('',#1366,#1368,#1370,.T.);
#1366 = VERTEX_POINT('',#1367);
#1367 = CARTESIAN_POINT('',(31.65,-94.11,0.));
#1368 = VERTEX_POINT('',#1369);
#1369 = CARTESIAN_POINT('',(31.65,-94.11,0.31));
#1370 = LINE('',#1371,#1372);
#1371 = CARTESIAN_POINT('',(31.65,-94.11,0.));
#1372 = VECTOR('',#1373,1.);
#1373 = DIRECTION('',(0.,0.,1.));
#1374 = ORIENTED_EDGE('',*,*,#1375,.T.);
#1375 = EDGE_CURVE('',#1368,#1368,#1376,.T.);
#1376 = CIRCLE('',#1377,0.6);
#1377 = AXIS2_PLACEMENT_3D('',#1378,#1379,#1380);
#1378 = CARTESIAN_POINT('',(31.05,-94.11,0.31));
#1379 = DIRECTION('',(0.,0.,1.));
#1380 = DIRECTION('',(1.,0.,-0.));
#1381 = ORIENTED_EDGE('',*,*,#1365,.F.);
#1382 = ORIENTED_EDGE('',*,*,#1383,.F.);
#1383 = EDGE_CURVE('',#1366,#1366,#1384,.T.);
#1384 = CIRCLE('',#1385,0.6);
#1385 = AXIS2_PLACEMENT_3D('',#1386,#1387,#1388);
#1386 = CARTESIAN_POINT('',(31.05,-94.11,0.));
#1387 = DIRECTION('',(0.,0.,1.));
#1388 = DIRECTION('',(1.,0.,-0.));
#1389 = CYLINDRICAL_SURFACE('',#1390,0.6);
#1390 = AXIS2_PLACEMENT_3D('',#1391,#1392,#1393);
#1391 = CARTESIAN_POINT('',(31.05,-94.11,0.));
#1392 = DIRECTION('',(-0.,-0.,-1.));
#1393 = DIRECTION('',(1.,0.,-0.));
#1394 = ADVANCED_FACE('',(#1395),#1422,.F.);
#1395 = FACE_BOUND('',#1396,.T.);
#1396 = EDGE_LOOP('',(#1397,#1407,#1414,#1415));
#1397 = ORIENTED_EDGE('',*,*,#1398,.T.);
#1398 = EDGE_CURVE('',#1399,#1401,#1403,.T.);
#1399 = VERTEX_POINT('',#1400);
#1400 = CARTESIAN_POINT('',(83.325,-91.71,0.));
#1401 = VERTEX_POINT('',#1402);
#1402 = CARTESIAN_POINT('',(83.325,-91.71,0.31));
#1403 = LINE('',#1404,#1405);
#1404 = CARTESIAN_POINT('',(83.325,-91.71,0.));
#1405 = VECTOR('',#1406,1.);
#1406 = DIRECTION('',(0.,0.,1.));
#1407 = ORIENTED_EDGE('',*,*,#1408,.T.);
#1408 = EDGE_CURVE('',#1401,#1401,#1409,.T.);
#1409 = CIRCLE('',#1410,2.525);
#1410 = AXIS2_PLACEMENT_3D('',#1411,#1412,#1413);
#1411 = CARTESIAN_POINT('',(80.8,-91.71,0.31));
#1412 = DIRECTION('',(0.,0.,1.));
#1413 = DIRECTION('',(1.,0.,-0.));
#1414 = ORIENTED_EDGE('',*,*,#1398,.F.);
#1415 = ORIENTED_EDGE('',*,*,#1416,.F.);
#1416 = EDGE_CURVE('',#1399,#1399,#1417,.T.);
#1417 = CIRCLE('',#1418,2.525);
#1418 = AXIS2_PLACEMENT_3D('',#1419,#1420,#1421);
#1419 = CARTESIAN_POINT('',(80.8,-91.71,0.));
#1420 = DIRECTION('',(0.,0.,1.));
#1421 = DIRECTION('',(1.,0.,-0.));
#1422 = CYLINDRICAL_SURFACE('',#1423,2.525);
#1423 = AXIS2_PLACEMENT_3D('',#1424,#1425,#1426);
#1424 = CARTESIAN_POINT('',(80.8,-91.71,0.));
#1425 = DIRECTION('',(-0.,-0.,-1.));
#1426 = DIRECTION('',(1.,0.,-0.));
#1427 = ADVANCED_FACE('',(#1428),#1455,.F.);
#1428 = FACE_BOUND('',#1429,.T.);
#1429 = EDGE_LOOP('',(#1430,#1440,#1447,#1448));
#1430 = ORIENTED_EDGE('',*,*,#1431,.T.);
#1431 = EDGE_CURVE('',#1432,#1434,#1436,.T.);
#1432 = VERTEX_POINT('',#1433);
#1433 = CARTESIAN_POINT('',(53.4,-93.2,0.));
#1434 = VERTEX_POINT('',#1435);
#1435 = CARTESIAN_POINT('',(53.4,-93.2,0.31));
#1436 = LINE('',#1437,#1438);
#1437 = CARTESIAN_POINT('',(53.4,-93.2,0.));
#1438 = VECTOR('',#1439,1.);
#1439 = DIRECTION('',(0.,0.,1.));
#1440 = ORIENTED_EDGE('',*,*,#1441,.T.);
#1441 = EDGE_CURVE('',#1434,#1434,#1442,.T.);
#1442 = CIRCLE('',#1443,0.8);
#1443 = AXIS2_PLACEMENT_3D('',#1444,#1445,#1446);
#1444 = CARTESIAN_POINT('',(52.6,-93.2,0.31));
#1445 = DIRECTION('',(0.,0.,1.));
#1446 = DIRECTION('',(1.,0.,-0.));
#1447 = ORIENTED_EDGE('',*,*,#1431,.F.);
#1448 = ORIENTED_EDGE('',*,*,#1449,.F.);
#1449 = EDGE_CURVE('',#1432,#1432,#1450,.T.);
#1450 = CIRCLE('',#1451,0.8);
#1451 = AXIS2_PLACEMENT_3D('',#1452,#1453,#1454);
#1452 = CARTESIAN_POINT('',(52.6,-93.2,0.));
#1453 = DIRECTION('',(0.,0.,1.));
#1454 = DIRECTION('',(1.,0.,-0.));
#1455 = CYLINDRICAL_SURFACE('',#1456,0.8);
#1456 = AXIS2_PLACEMENT_3D('',#1457,#1458,#1459);
#1457 = CARTESIAN_POINT('',(52.6,-93.2,0.));
#1458 = DIRECTION('',(-0.,-0.,-1.));
#1459 = DIRECTION('',(1.,0.,-0.));
#1460 = ADVANCED_FACE('',(#1461),#1488,.F.);
#1461 = FACE_BOUND('',#1462,.T.);
#1462 = EDGE_LOOP('',(#1463,#1473,#1480,#1481));
#1463 = ORIENTED_EDGE('',*,*,#1464,.T.);
#1464 = EDGE_CURVE('',#1465,#1467,#1469,.T.);
#1465 = VERTEX_POINT('',#1466);
#1466 = CARTESIAN_POINT('',(119.8,-91.54,0.));
#1467 = VERTEX_POINT('',#1468);
#1468 = CARTESIAN_POINT('',(119.8,-91.54,0.31));
#1469 = LINE('',#1470,#1471);
#1470 = CARTESIAN_POINT('',(119.8,-91.54,0.));
#1471 = VECTOR('',#1472,1.);
#1472 = DIRECTION('',(0.,0.,1.));
#1473 = ORIENTED_EDGE('',*,*,#1474,.T.);
#1474 = EDGE_CURVE('',#1467,#1467,#1475,.T.);
#1475 = CIRCLE('',#1476,0.8);
#1476 = AXIS2_PLACEMENT_3D('',#1477,#1478,#1479);
#1477 = CARTESIAN_POINT('',(119.,-91.54,0.31));
#1478 = DIRECTION('',(0.,0.,1.));
#1479 = DIRECTION('',(1.,0.,-0.));
#1480 = ORIENTED_EDGE('',*,*,#1464,.F.);
#1481 = ORIENTED_EDGE('',*,*,#1482,.F.);
#1482 = EDGE_CURVE('',#1465,#1465,#1483,.T.);
#1483 = CIRCLE('',#1484,0.8);
#1484 = AXIS2_PLACEMENT_3D('',#1485,#1486,#1487);
#1485 = CARTESIAN_POINT('',(119.,-91.54,0.));
#1486 = DIRECTION('',(0.,0.,1.));
#1487 = DIRECTION('',(1.,0.,-0.));
#1488 = CYLINDRICAL_SURFACE('',#1489,0.8);
#1489 = AXIS2_PLACEMENT_3D('',#1490,#1491,#1492);
#1490 = CARTESIAN_POINT('',(119.,-91.54,0.));
#1491 = DIRECTION('',(-0.,-0.,-1.));
#1492 = DIRECTION('',(1.,0.,-0.));
#1493 = ADVANCED_FACE('',(#1494),#1521,.F.);
#1494 = FACE_BOUND('',#1495,.T.);
#1495 = EDGE_LOOP('',(#1496,#1506,#1513,#1514));
#1496 = ORIENTED_EDGE('',*,*,#1497,.T.);
#1497 = EDGE_CURVE('',#1498,#1500,#1502,.T.);
#1498 = VERTEX_POINT('',#1499);
#1499 = CARTESIAN_POINT('',(70.,-89.05,0.));
#1500 = VERTEX_POINT('',#1501);
#1501 = CARTESIAN_POINT('',(70.,-89.05,0.31));
#1502 = LINE('',#1503,#1504);
#1503 = CARTESIAN_POINT('',(70.,-89.05,0.));
#1504 = VECTOR('',#1505,1.);
#1505 = DIRECTION('',(0.,0.,1.));
#1506 = ORIENTED_EDGE('',*,*,#1507,.T.);
#1507 = EDGE_CURVE('',#1500,#1500,#1508,.T.);
#1508 = CIRCLE('',#1509,0.8);
#1509 = AXIS2_PLACEMENT_3D('',#1510,#1511,#1512);
#1510 = CARTESIAN_POINT('',(69.2,-89.05,0.31));
#1511 = DIRECTION('',(0.,0.,1.));
#1512 = DIRECTION('',(1.,0.,-0.));
#1513 = ORIENTED_EDGE('',*,*,#1497,.F.);
#1514 = ORIENTED_EDGE('',*,*,#1515,.F.);
#1515 = EDGE_CURVE('',#1498,#1498,#1516,.T.);
#1516 = CIRCLE('',#1517,0.8);
#1517 = AXIS2_PLACEMENT_3D('',#1518,#1519,#1520);
#1518 = CARTESIAN_POINT('',(69.2,-89.05,0.));
#1519 = DIRECTION('',(0.,0.,1.));
#1520 = DIRECTION('',(1.,0.,-0.));
#1521 = CYLINDRICAL_SURFACE('',#1522,0.8);
#1522 = AXIS2_PLACEMENT_3D('',#1523,#1524,#1525);
#1523 = CARTESIAN_POINT('',(69.2,-89.05,0.));
#1524 = DIRECTION('',(-0.,-0.,-1.));
#1525 = DIRECTION('',(1.,0.,-0.));
#1526 = ADVANCED_FACE('',(#1527),#1554,.F.);
#1527 = FACE_BOUND('',#1528,.T.);
#1528 = EDGE_LOOP('',(#1529,#1539,#1546,#1547));
#1529 = ORIENTED_EDGE('',*,*,#1530,.T.);
#1530 = EDGE_CURVE('',#1531,#1533,#1535,.T.);
#1531 = VERTEX_POINT('',#1532);
#1532 = CARTESIAN_POINT('',(103.2,-89.05,0.));
#1533 = VERTEX_POINT('',#1534);
#1534 = CARTESIAN_POINT('',(103.2,-89.05,0.31));
#1535 = LINE('',#1536,#1537);
#1536 = CARTESIAN_POINT('',(103.2,-89.05,0.));
#1537 = VECTOR('',#1538,1.);
#1538 = DIRECTION('',(0.,0.,1.));
#1539 = ORIENTED_EDGE('',*,*,#1540,.T.);
#1540 = EDGE_CURVE('',#1533,#1533,#1541,.T.);
#1541 = CIRCLE('',#1542,0.8);
#1542 = AXIS2_PLACEMENT_3D('',#1543,#1544,#1545);
#1543 = CARTESIAN_POINT('',(102.4,-89.05,0.31));
#1544 = DIRECTION('',(0.,0.,1.));
#1545 = DIRECTION('',(1.,0.,-0.));
#1546 = ORIENTED_EDGE('',*,*,#1530,.F.);
#1547 = ORIENTED_EDGE('',*,*,#1548,.F.);
#1548 = EDGE_CURVE('',#1531,#1531,#1549,.T.);
#1549 = CIRCLE('',#1550,0.8);
#1550 = AXIS2_PLACEMENT_3D('',#1551,#1552,#1553);
#1551 = CARTESIAN_POINT('',(102.4,-89.05,0.));
#1552 = DIRECTION('',(0.,0.,1.));
#1553 = DIRECTION('',(1.,0.,-0.));
#1554 = CYLINDRICAL_SURFACE('',#1555,0.8);
#1555 = AXIS2_PLACEMENT_3D('',#1556,#1557,#1558);
#1556 = CARTESIAN_POINT('',(102.4,-89.05,0.));
#1557 = DIRECTION('',(-0.,-0.,-1.));
#1558 = DIRECTION('',(1.,0.,-0.));
#1559 = ADVANCED_FACE('',(#1560),#1587,.F.);
#1560 = FACE_BOUND('',#1561,.T.);
#1561 = EDGE_LOOP('',(#1562,#1572,#1579,#1580));
#1562 = ORIENTED_EDGE('',*,*,#1563,.T.);
#1563 = EDGE_CURVE('',#1564,#1566,#1568,.T.);
#1564 = VERTEX_POINT('',#1565);
#1565 = CARTESIAN_POINT('',(26.8,-88.56,0.));
#1566 = VERTEX_POINT('',#1567);
#1567 = CARTESIAN_POINT('',(26.8,-88.56,0.31));
#1568 = LINE('',#1569,#1570);
#1569 = CARTESIAN_POINT('',(26.8,-88.56,0.));
#1570 = VECTOR('',#1571,1.);
#1571 = DIRECTION('',(0.,0.,1.));
#1572 = ORIENTED_EDGE('',*,*,#1573,.T.);
#1573 = EDGE_CURVE('',#1566,#1566,#1574,.T.);
#1574 = CIRCLE('',#1575,0.8);
#1575 = AXIS2_PLACEMENT_3D('',#1576,#1577,#1578);
#1576 = CARTESIAN_POINT('',(26.,-88.56,0.31));
#1577 = DIRECTION('',(0.,0.,1.));
#1578 = DIRECTION('',(1.,0.,-0.));
#1579 = ORIENTED_EDGE('',*,*,#1563,.F.);
#1580 = ORIENTED_EDGE('',*,*,#1581,.F.);
#1581 = EDGE_CURVE('',#1564,#1564,#1582,.T.);
#1582 = CIRCLE('',#1583,0.8);
#1583 = AXIS2_PLACEMENT_3D('',#1584,#1585,#1586);
#1584 = CARTESIAN_POINT('',(26.,-88.56,0.));
#1585 = DIRECTION('',(0.,0.,1.));
#1586 = DIRECTION('',(1.,0.,-0.));
#1587 = CYLINDRICAL_SURFACE('',#1588,0.8);
#1588 = AXIS2_PLACEMENT_3D('',#1589,#1590,#1591);
#1589 = CARTESIAN_POINT('',(26.,-88.56,0.));
#1590 = DIRECTION('',(-0.,-0.,-1.));
#1591 = DIRECTION('',(1.,0.,-0.));
#1592 = ADVANCED_FACE('',(#1593),#1620,.F.);
#1593 = FACE_BOUND('',#1594,.T.);
#1594 = EDGE_LOOP('',(#1595,#1605,#1612,#1613));
#1595 = ORIENTED_EDGE('',*,*,#1596,.T.);
#1596 = EDGE_CURVE('',#1597,#1599,#1601,.T.);
#1597 = VERTEX_POINT('',#1598);
#1598 = CARTESIAN_POINT('',(48.15,-87.65,0.));
#1599 = VERTEX_POINT('',#1600);
#1600 = CARTESIAN_POINT('',(48.15,-87.65,0.31));
#1601 = LINE('',#1602,#1603);
#1602 = CARTESIAN_POINT('',(48.15,-87.65,0.));
#1603 = VECTOR('',#1604,1.);
#1604 = DIRECTION('',(0.,0.,1.));
#1605 = ORIENTED_EDGE('',*,*,#1606,.T.);
#1606 = EDGE_CURVE('',#1599,#1599,#1607,.T.);
#1607 = CIRCLE('',#1608,0.6);
#1608 = AXIS2_PLACEMENT_3D('',#1609,#1610,#1611);
#1609 = CARTESIAN_POINT('',(47.55,-87.65,0.31));
#1610 = DIRECTION('',(0.,0.,1.));
#1611 = DIRECTION('',(1.,0.,-0.));
#1612 = ORIENTED_EDGE('',*,*,#1596,.F.);
#1613 = ORIENTED_EDGE('',*,*,#1614,.F.);
#1614 = EDGE_CURVE('',#1597,#1597,#1615,.T.);
#1615 = CIRCLE('',#1616,0.6);
#1616 = AXIS2_PLACEMENT_3D('',#1617,#1618,#1619);
#1617 = CARTESIAN_POINT('',(47.55,-87.65,0.));
#1618 = DIRECTION('',(0.,0.,1.));
#1619 = DIRECTION('',(1.,0.,-0.));
#1620 = CYLINDRICAL_SURFACE('',#1621,0.6);
#1621 = AXIS2_PLACEMENT_3D('',#1622,#1623,#1624);
#1622 = CARTESIAN_POINT('',(47.55,-87.65,0.));
#1623 = DIRECTION('',(-0.,-0.,-1.));
#1624 = DIRECTION('',(1.,0.,-0.));
#1625 = ADVANCED_FACE('',(#1626),#1653,.F.);
#1626 = FACE_BOUND('',#1627,.T.);
#1627 = EDGE_LOOP('',(#1628,#1638,#1645,#1646));
#1628 = ORIENTED_EDGE('',*,*,#1629,.T.);
#1629 = EDGE_CURVE('',#1630,#1632,#1634,.T.);
#1630 = VERTEX_POINT('',#1631);
#1631 = CARTESIAN_POINT('',(86.6,-86.56,0.));
#1632 = VERTEX_POINT('',#1633);
#1633 = CARTESIAN_POINT('',(86.6,-86.56,0.31));
#1634 = LINE('',#1635,#1636);
#1635 = CARTESIAN_POINT('',(86.6,-86.56,0.));
#1636 = VECTOR('',#1637,1.);
#1637 = DIRECTION('',(0.,0.,1.));
#1638 = ORIENTED_EDGE('',*,*,#1639,.T.);
#1639 = EDGE_CURVE('',#1632,#1632,#1640,.T.);
#1640 = CIRCLE('',#1641,0.8);
#1641 = AXIS2_PLACEMENT_3D('',#1642,#1643,#1644);
#1642 = CARTESIAN_POINT('',(85.8,-86.56,0.31));
#1643 = DIRECTION('',(0.,0.,1.));
#1644 = DIRECTION('',(1.,0.,-0.));
#1645 = ORIENTED_EDGE('',*,*,#1629,.F.);
#1646 = ORIENTED_EDGE('',*,*,#1647,.F.);
#1647 = EDGE_CURVE('',#1630,#1630,#1648,.T.);
#1648 = CIRCLE('',#1649,0.8);
#1649 = AXIS2_PLACEMENT_3D('',#1650,#1651,#1652);
#1650 = CARTESIAN_POINT('',(85.8,-86.56,0.));
#1651 = DIRECTION('',(0.,0.,1.));
#1652 = DIRECTION('',(1.,0.,-0.));
#1653 = CYLINDRICAL_SURFACE('',#1654,0.8);
#1654 = AXIS2_PLACEMENT_3D('',#1655,#1656,#1657);
#1655 = CARTESIAN_POINT('',(85.8,-86.56,0.));
#1656 = DIRECTION('',(-0.,-0.,-1.));
#1657 = DIRECTION('',(1.,0.,-0.));
#1658 = ADVANCED_FACE('',(#1659),#1686,.F.);
#1659 = FACE_BOUND('',#1660,.T.);
#1660 = EDGE_LOOP('',(#1661,#1671,#1678,#1679));
#1661 = ORIENTED_EDGE('',*,*,#1662,.T.);
#1662 = EDGE_CURVE('',#1663,#1665,#1667,.T.);
#1663 = VERTEX_POINT('',#1664);
#1664 = CARTESIAN_POINT('',(114.55,-85.99,0.));
#1665 = VERTEX_POINT('',#1666);
#1666 = CARTESIAN_POINT('',(114.55,-85.99,0.31));
#1667 = LINE('',#1668,#1669);
#1668 = CARTESIAN_POINT('',(114.55,-85.99,0.));
#1669 = VECTOR('',#1670,1.);
#1670 = DIRECTION('',(0.,0.,1.));
#1671 = ORIENTED_EDGE('',*,*,#1672,.T.);
#1672 = EDGE_CURVE('',#1665,#1665,#1673,.T.);
#1673 = CIRCLE('',#1674,0.6);
#1674 = AXIS2_PLACEMENT_3D('',#1675,#1676,#1677);
#1675 = CARTESIAN_POINT('',(113.95,-85.99,0.31));
#1676 = DIRECTION('',(0.,0.,1.));
#1677 = DIRECTION('',(1.,0.,-0.));
#1678 = ORIENTED_EDGE('',*,*,#1662,.F.);
#1679 = ORIENTED_EDGE('',*,*,#1680,.F.);
#1680 = EDGE_CURVE('',#1663,#1663,#1681,.T.);
#1681 = CIRCLE('',#1682,0.6);
#1682 = AXIS2_PLACEMENT_3D('',#1683,#1684,#1685);
#1683 = CARTESIAN_POINT('',(113.95,-85.99,0.));
#1684 = DIRECTION('',(0.,0.,1.));
#1685 = DIRECTION('',(1.,0.,-0.));
#1686 = CYLINDRICAL_SURFACE('',#1687,0.6);
#1687 = AXIS2_PLACEMENT_3D('',#1688,#1689,#1690);
#1688 = CARTESIAN_POINT('',(113.95,-85.99,0.));
#1689 = DIRECTION('',(-0.,-0.,-1.));
#1690 = DIRECTION('',(1.,0.,-0.));
#1691 = ADVANCED_FACE('',(#1692),#1719,.F.);
#1692 = FACE_BOUND('',#1693,.T.);
#1693 = EDGE_LOOP('',(#1694,#1704,#1711,#1712));
#1694 = ORIENTED_EDGE('',*,*,#1695,.T.);
#1695 = EDGE_CURVE('',#1696,#1698,#1700,.T.);
#1696 = VERTEX_POINT('',#1697);
#1697 = CARTESIAN_POINT('',(43.2,-85.55,0.));
#1698 = VERTEX_POINT('',#1699);
#1699 = CARTESIAN_POINT('',(43.2,-85.55,0.31));
#1700 = LINE('',#1701,#1702);
#1701 = CARTESIAN_POINT('',(43.2,-85.55,0.));
#1702 = VECTOR('',#1703,1.);
#1703 = DIRECTION('',(0.,0.,1.));
#1704 = ORIENTED_EDGE('',*,*,#1705,.T.);
#1705 = EDGE_CURVE('',#1698,#1698,#1706,.T.);
#1706 = CIRCLE('',#1707,0.6);
#1707 = AXIS2_PLACEMENT_3D('',#1708,#1709,#1710);
#1708 = CARTESIAN_POINT('',(42.6,-85.55,0.31));
#1709 = DIRECTION('',(0.,0.,1.));
#1710 = DIRECTION('',(1.,0.,-0.));
#1711 = ORIENTED_EDGE('',*,*,#1695,.F.);
#1712 = ORIENTED_EDGE('',*,*,#1713,.F.);
#1713 = EDGE_CURVE('',#1696,#1696,#1714,.T.);
#1714 = CIRCLE('',#1715,0.6);
#1715 = AXIS2_PLACEMENT_3D('',#1716,#1717,#1718);
#1716 = CARTESIAN_POINT('',(42.6,-85.55,0.));
#1717 = DIRECTION('',(0.,0.,1.));
#1718 = DIRECTION('',(1.,0.,-0.));
#1719 = CYLINDRICAL_SURFACE('',#1720,0.6);
#1720 = AXIS2_PLACEMENT_3D('',#1721,#1722,#1723);
#1721 = CARTESIAN_POINT('',(42.6,-85.55,0.));
#1722 = DIRECTION('',(-0.,-0.,-1.));
#1723 = DIRECTION('',(1.,0.,-0.));
#1724 = ADVANCED_FACE('',(#1725),#1752,.F.);
#1725 = FACE_BOUND('',#1726,.T.);
#1726 = EDGE_LOOP('',(#1727,#1737,#1744,#1745));
#1727 = ORIENTED_EDGE('',*,*,#1728,.T.);
#1728 = EDGE_CURVE('',#1729,#1731,#1733,.T.);
#1729 = VERTEX_POINT('',#1730);
#1730 = CARTESIAN_POINT('',(33.525,-83.41,0.));
#1731 = VERTEX_POINT('',#1732);
#1732 = CARTESIAN_POINT('',(33.525,-83.41,0.31));
#1733 = LINE('',#1734,#1735);
#1734 = CARTESIAN_POINT('',(33.525,-83.41,0.));
#1735 = VECTOR('',#1736,1.);
#1736 = DIRECTION('',(0.,0.,1.));
#1737 = ORIENTED_EDGE('',*,*,#1738,.T.);
#1738 = EDGE_CURVE('',#1731,#1731,#1739,.T.);
#1739 = CIRCLE('',#1740,2.525);
#1740 = AXIS2_PLACEMENT_3D('',#1741,#1742,#1743);
#1741 = CARTESIAN_POINT('',(31.,-83.41,0.31));
#1742 = DIRECTION('',(0.,0.,1.));
#1743 = DIRECTION('',(1.,0.,-0.));
#1744 = ORIENTED_EDGE('',*,*,#1728,.F.);
#1745 = ORIENTED_EDGE('',*,*,#1746,.F.);
#1746 = EDGE_CURVE('',#1729,#1729,#1747,.T.);
#1747 = CIRCLE('',#1748,2.525);
#1748 = AXIS2_PLACEMENT_3D('',#1749,#1750,#1751);
#1749 = CARTESIAN_POINT('',(31.,-83.41,0.));
#1750 = DIRECTION('',(0.,0.,1.));
#1751 = DIRECTION('',(1.,0.,-0.));
#1752 = CYLINDRICAL_SURFACE('',#1753,2.525);
#1753 = AXIS2_PLACEMENT_3D('',#1754,#1755,#1756);
#1754 = CARTESIAN_POINT('',(31.,-83.41,0.));
#1755 = DIRECTION('',(-0.,-0.,-1.));
#1756 = DIRECTION('',(1.,0.,-0.));
#1757 = ADVANCED_FACE('',(#1758),#1785,.F.);
#1758 = FACE_BOUND('',#1759,.T.);
#1759 = EDGE_LOOP('',(#1760,#1770,#1777,#1778));
#1760 = ORIENTED_EDGE('',*,*,#1761,.T.);
#1761 = EDGE_CURVE('',#1762,#1764,#1766,.T.);
#1762 = VERTEX_POINT('',#1763);
#1763 = CARTESIAN_POINT('',(109.6,-83.89,0.));
#1764 = VERTEX_POINT('',#1765);
#1765 = CARTESIAN_POINT('',(109.6,-83.89,0.31));
#1766 = LINE('',#1767,#1768);
#1767 = CARTESIAN_POINT('',(109.6,-83.89,0.));
#1768 = VECTOR('',#1769,1.);
#1769 = DIRECTION('',(0.,0.,1.));
#1770 = ORIENTED_EDGE('',*,*,#1771,.T.);
#1771 = EDGE_CURVE('',#1764,#1764,#1772,.T.);
#1772 = CIRCLE('',#1773,0.6);
#1773 = AXIS2_PLACEMENT_3D('',#1774,#1775,#1776);
#1774 = CARTESIAN_POINT('',(109.,-83.89,0.31));
#1775 = DIRECTION('',(0.,0.,1.));
#1776 = DIRECTION('',(1.,0.,-0.));
#1777 = ORIENTED_EDGE('',*,*,#1761,.F.);
#1778 = ORIENTED_EDGE('',*,*,#1779,.F.);
#1779 = EDGE_CURVE('',#1762,#1762,#1780,.T.);
#1780 = CIRCLE('',#1781,0.6);
#1781 = AXIS2_PLACEMENT_3D('',#1782,#1783,#1784);
#1782 = CARTESIAN_POINT('',(109.,-83.89,0.));
#1783 = DIRECTION('',(0.,0.,1.));
#1784 = DIRECTION('',(1.,0.,-0.));
#1785 = CYLINDRICAL_SURFACE('',#1786,0.6);
#1786 = AXIS2_PLACEMENT_3D('',#1787,#1788,#1789);
#1787 = CARTESIAN_POINT('',(109.,-83.89,0.));
#1788 = DIRECTION('',(-0.,-0.,-1.));
#1789 = DIRECTION('',(1.,0.,-0.));
#1790 = ADVANCED_FACE('',(#1791),#1818,.F.);
#1791 = FACE_BOUND('',#1792,.T.);
#1792 = EDGE_LOOP('',(#1793,#1803,#1810,#1811));
#1793 = ORIENTED_EDGE('',*,*,#1794,.T.);
#1794 = EDGE_CURVE('',#1795,#1797,#1799,.T.);
#1795 = VERTEX_POINT('',#1796);
#1796 = CARTESIAN_POINT('',(50.125,-81.75,0.));
#1797 = VERTEX_POINT('',#1798);
#1798 = CARTESIAN_POINT('',(50.125,-81.75,0.31));
#1799 = LINE('',#1800,#1801);
#1800 = CARTESIAN_POINT('',(50.125,-81.75,0.));
#1801 = VECTOR('',#1802,1.);
#1802 = DIRECTION('',(0.,0.,1.));
#1803 = ORIENTED_EDGE('',*,*,#1804,.T.);
#1804 = EDGE_CURVE('',#1797,#1797,#1805,.T.);
#1805 = CIRCLE('',#1806,2.525);
#1806 = AXIS2_PLACEMENT_3D('',#1807,#1808,#1809);
#1807 = CARTESIAN_POINT('',(47.6,-81.75,0.31));
#1808 = DIRECTION('',(0.,0.,1.));
#1809 = DIRECTION('',(1.,0.,-0.));
#1810 = ORIENTED_EDGE('',*,*,#1794,.F.);
#1811 = ORIENTED_EDGE('',*,*,#1812,.F.);
#1812 = EDGE_CURVE('',#1795,#1795,#1813,.T.);
#1813 = CIRCLE('',#1814,2.525);
#1814 = AXIS2_PLACEMENT_3D('',#1815,#1816,#1817);
#1815 = CARTESIAN_POINT('',(47.6,-81.75,0.));
#1816 = DIRECTION('',(0.,0.,1.));
#1817 = DIRECTION('',(1.,0.,-0.));
#1818 = CYLINDRICAL_SURFACE('',#1819,2.525);
#1819 = AXIS2_PLACEMENT_3D('',#1820,#1821,#1822);
#1820 = CARTESIAN_POINT('',(47.6,-81.75,0.));
#1821 = DIRECTION('',(-0.,-0.,-1.));
#1822 = DIRECTION('',(1.,0.,-0.));
#1823 = ADVANCED_FACE('',(#1824),#1851,.F.);
#1824 = FACE_BOUND('',#1825,.T.);
#1825 = EDGE_LOOP('',(#1826,#1836,#1843,#1844));
#1826 = ORIENTED_EDGE('',*,*,#1827,.T.);
#1827 = EDGE_CURVE('',#1828,#1830,#1832,.T.);
#1828 = VERTEX_POINT('',#1829);
#1829 = CARTESIAN_POINT('',(64.75,-83.5,0.));
#1830 = VERTEX_POINT('',#1831);
#1831 = CARTESIAN_POINT('',(64.75,-83.5,0.31));
#1832 = LINE('',#1833,#1834);
#1833 = CARTESIAN_POINT('',(64.75,-83.5,0.));
#1834 = VECTOR('',#1835,1.);
#1835 = DIRECTION('',(0.,0.,1.));
#1836 = ORIENTED_EDGE('',*,*,#1837,.T.);
#1837 = EDGE_CURVE('',#1830,#1830,#1838,.T.);
#1838 = CIRCLE('',#1839,0.6);
#1839 = AXIS2_PLACEMENT_3D('',#1840,#1841,#1842);
#1840 = CARTESIAN_POINT('',(64.15,-83.5,0.31));
#1841 = DIRECTION('',(0.,0.,1.));
#1842 = DIRECTION('',(1.,0.,-0.));
#1843 = ORIENTED_EDGE('',*,*,#1827,.F.);
#1844 = ORIENTED_EDGE('',*,*,#1845,.F.);
#1845 = EDGE_CURVE('',#1828,#1828,#1846,.T.);
#1846 = CIRCLE('',#1847,0.6);
#1847 = AXIS2_PLACEMENT_3D('',#1848,#1849,#1850);
#1848 = CARTESIAN_POINT('',(64.15,-83.5,0.));
#1849 = DIRECTION('',(0.,0.,1.));
#1850 = DIRECTION('',(1.,0.,-0.));
#1851 = CYLINDRICAL_SURFACE('',#1852,0.6);
#1852 = AXIS2_PLACEMENT_3D('',#1853,#1854,#1855);
#1853 = CARTESIAN_POINT('',(64.15,-83.5,0.));
#1854 = DIRECTION('',(-0.,-0.,-1.));
#1855 = DIRECTION('',(1.,0.,-0.));
#1856 = ADVANCED_FACE('',(#1857),#1884,.F.);
#1857 = FACE_BOUND('',#1858,.T.);
#1858 = EDGE_LOOP('',(#1859,#1869,#1876,#1877));
#1859 = ORIENTED_EDGE('',*,*,#1860,.T.);
#1860 = EDGE_CURVE('',#1861,#1863,#1865,.T.);
#1861 = VERTEX_POINT('',#1862);
#1862 = CARTESIAN_POINT('',(97.95,-83.5,0.));
#1863 = VERTEX_POINT('',#1864);
#1864 = CARTESIAN_POINT('',(97.95,-83.5,0.31));
#1865 = LINE('',#1866,#1867);
#1866 = CARTESIAN_POINT('',(97.95,-83.5,0.));
#1867 = VECTOR('',#1868,1.);
#1868 = DIRECTION('',(0.,0.,1.));
#1869 = ORIENTED_EDGE('',*,*,#1870,.T.);
#1870 = EDGE_CURVE('',#1863,#1863,#1871,.T.);
#1871 = CIRCLE('',#1872,0.6);
#1872 = AXIS2_PLACEMENT_3D('',#1873,#1874,#1875);
#1873 = CARTESIAN_POINT('',(97.35,-83.5,0.31));
#1874 = DIRECTION('',(0.,0.,1.));
#1875 = DIRECTION('',(1.,0.,-0.));
#1876 = ORIENTED_EDGE('',*,*,#1860,.F.);
#1877 = ORIENTED_EDGE('',*,*,#1878,.F.);
#1878 = EDGE_CURVE('',#1861,#1861,#1879,.T.);
#1879 = CIRCLE('',#1880,0.6);
#1880 = AXIS2_PLACEMENT_3D('',#1881,#1882,#1883);
#1881 = CARTESIAN_POINT('',(97.35,-83.5,0.));
#1882 = DIRECTION('',(0.,0.,1.));
#1883 = DIRECTION('',(1.,0.,-0.));
#1884 = CYLINDRICAL_SURFACE('',#1885,0.6);
#1885 = AXIS2_PLACEMENT_3D('',#1886,#1887,#1888);
#1886 = CARTESIAN_POINT('',(97.35,-83.5,0.));
#1887 = DIRECTION('',(-0.,-0.,-1.));
#1888 = DIRECTION('',(1.,0.,-0.));
#1889 = ADVANCED_FACE('',(#1890),#1917,.F.);
#1890 = FACE_BOUND('',#1891,.T.);
#1891 = EDGE_LOOP('',(#1892,#1902,#1909,#1910));
#1892 = ORIENTED_EDGE('',*,*,#1893,.T.);
#1893 = EDGE_CURVE('',#1894,#1896,#1898,.T.);
#1894 = VERTEX_POINT('',#1895);
#1895 = CARTESIAN_POINT('',(116.525,-80.09,0.));
#1896 = VERTEX_POINT('',#1897);
#1897 = CARTESIAN_POINT('',(116.525,-80.09,0.31));
#1898 = LINE('',#1899,#1900);
#1899 = CARTESIAN_POINT('',(116.525,-80.09,0.));
#1900 = VECTOR('',#1901,1.);
#1901 = DIRECTION('',(0.,0.,1.));
#1902 = ORIENTED_EDGE('',*,*,#1903,.T.);
#1903 = EDGE_CURVE('',#1896,#1896,#1904,.T.);
#1904 = CIRCLE('',#1905,2.525);
#1905 = AXIS2_PLACEMENT_3D('',#1906,#1907,#1908);
#1906 = CARTESIAN_POINT('',(114.,-80.09,0.31));
#1907 = DIRECTION('',(0.,0.,1.));
#1908 = DIRECTION('',(1.,0.,-0.));
#1909 = ORIENTED_EDGE('',*,*,#1893,.F.);
#1910 = ORIENTED_EDGE('',*,*,#1911,.F.);
#1911 = EDGE_CURVE('',#1894,#1894,#1912,.T.);
#1912 = CIRCLE('',#1913,2.525);
#1913 = AXIS2_PLACEMENT_3D('',#1914,#1915,#1916);
#1914 = CARTESIAN_POINT('',(114.,-80.09,0.));
#1915 = DIRECTION('',(0.,0.,1.));
#1916 = DIRECTION('',(1.,0.,-0.));
#1917 = CYLINDRICAL_SURFACE('',#1918,2.525);
#1918 = AXIS2_PLACEMENT_3D('',#1919,#1920,#1921);
#1919 = CARTESIAN_POINT('',(114.,-80.09,0.));
#1920 = DIRECTION('',(-0.,-0.,-1.));
#1921 = DIRECTION('',(1.,0.,-0.));
#1922 = ADVANCED_FACE('',(#1923),#1950,.F.);
#1923 = FACE_BOUND('',#1924,.T.);
#1924 = EDGE_LOOP('',(#1925,#1935,#1942,#1943));
#1925 = ORIENTED_EDGE('',*,*,#1926,.T.);
#1926 = EDGE_CURVE('',#1927,#1929,#1931,.T.);
#1927 = VERTEX_POINT('',#1928);
#1928 = CARTESIAN_POINT('',(59.8,-81.4,0.));
#1929 = VERTEX_POINT('',#1930);
#1930 = CARTESIAN_POINT('',(59.8,-81.4,0.31));
#1931 = LINE('',#1932,#1933);
#1932 = CARTESIAN_POINT('',(59.8,-81.4,0.));
#1933 = VECTOR('',#1934,1.);
#1934 = DIRECTION('',(0.,0.,1.));
#1935 = ORIENTED_EDGE('',*,*,#1936,.T.);
#1936 = EDGE_CURVE('',#1929,#1929,#1937,.T.);
#1937 = CIRCLE('',#1938,0.6);
#1938 = AXIS2_PLACEMENT_3D('',#1939,#1940,#1941);
#1939 = CARTESIAN_POINT('',(59.2,-81.4,0.31));
#1940 = DIRECTION('',(0.,0.,1.));
#1941 = DIRECTION('',(1.,0.,-0.));
#1942 = ORIENTED_EDGE('',*,*,#1926,.F.);
#1943 = ORIENTED_EDGE('',*,*,#1944,.F.);
#1944 = EDGE_CURVE('',#1927,#1927,#1945,.T.);
#1945 = CIRCLE('',#1946,0.6);
#1946 = AXIS2_PLACEMENT_3D('',#1947,#1948,#1949);
#1947 = CARTESIAN_POINT('',(59.2,-81.4,0.));
#1948 = DIRECTION('',(0.,0.,1.));
#1949 = DIRECTION('',(1.,0.,-0.));
#1950 = CYLINDRICAL_SURFACE('',#1951,0.6);
#1951 = AXIS2_PLACEMENT_3D('',#1952,#1953,#1954);
#1952 = CARTESIAN_POINT('',(59.2,-81.4,0.));
#1953 = DIRECTION('',(-0.,-0.,-1.));
#1954 = DIRECTION('',(1.,0.,-0.));
#1955 = ADVANCED_FACE('',(#1956),#1983,.F.);
#1956 = FACE_BOUND('',#1957,.T.);
#1957 = EDGE_LOOP('',(#1958,#1968,#1975,#1976));
#1958 = ORIENTED_EDGE('',*,*,#1959,.T.);
#1959 = EDGE_CURVE('',#1960,#1962,#1964,.T.);
#1960 = VERTEX_POINT('',#1961);
#1961 = CARTESIAN_POINT('',(93.,-81.4,0.));
#1962 = VERTEX_POINT('',#1963);
#1963 = CARTESIAN_POINT('',(93.,-81.4,0.31));
#1964 = LINE('',#1965,#1966);
#1965 = CARTESIAN_POINT('',(93.,-81.4,0.));
#1966 = VECTOR('',#1967,1.);
#1967 = DIRECTION('',(0.,0.,1.));
#1968 = ORIENTED_EDGE('',*,*,#1969,.T.);
#1969 = EDGE_CURVE('',#1962,#1962,#1970,.T.);
#1970 = CIRCLE('',#1971,0.6);
#1971 = AXIS2_PLACEMENT_3D('',#1972,#1973,#1974);
#1972 = CARTESIAN_POINT('',(92.4,-81.4,0.31));
#1973 = DIRECTION('',(0.,0.,1.));
#1974 = DIRECTION('',(1.,0.,-0.));
#1975 = ORIENTED_EDGE('',*,*,#1959,.F.);
#1976 = ORIENTED_EDGE('',*,*,#1977,.F.);
#1977 = EDGE_CURVE('',#1960,#1960,#1978,.T.);
#1978 = CIRCLE('',#1979,0.6);
#1979 = AXIS2_PLACEMENT_3D('',#1980,#1981,#1982);
#1980 = CARTESIAN_POINT('',(92.4,-81.4,0.));
#1981 = DIRECTION('',(0.,0.,1.));
#1982 = DIRECTION('',(1.,0.,-0.));
#1983 = CYLINDRICAL_SURFACE('',#1984,0.6);
#1984 = AXIS2_PLACEMENT_3D('',#1985,#1986,#1987);
#1985 = CARTESIAN_POINT('',(92.4,-81.4,0.));
#1986 = DIRECTION('',(-0.,-0.,-1.));
#1987 = DIRECTION('',(1.,0.,-0.));
#1988 = ADVANCED_FACE('',(#1989),#2016,.F.);
#1989 = FACE_BOUND('',#1990,.T.);
#1990 = EDGE_LOOP('',(#1991,#2001,#2008,#2009));
#1991 = ORIENTED_EDGE('',*,*,#1992,.T.);
#1992 = EDGE_CURVE('',#1993,#1995,#1997,.T.);
#1993 = VERTEX_POINT('',#1994);
#1994 = CARTESIAN_POINT('',(81.35,-81.01,0.));
#1995 = VERTEX_POINT('',#1996);
#1996 = CARTESIAN_POINT('',(81.35,-81.01,0.31));
#1997 = LINE('',#1998,#1999);
#1998 = CARTESIAN_POINT('',(81.35,-81.01,0.));
#1999 = VECTOR('',#2000,1.);
#2000 = DIRECTION('',(0.,0.,1.));
#2001 = ORIENTED_EDGE('',*,*,#2002,.T.);
#2002 = EDGE_CURVE('',#1995,#1995,#2003,.T.);
#2003 = CIRCLE('',#2004,0.6);
#2004 = AXIS2_PLACEMENT_3D('',#2005,#2006,#2007);
#2005 = CARTESIAN_POINT('',(80.75,-81.01,0.31));
#2006 = DIRECTION('',(0.,0.,1.));
#2007 = DIRECTION('',(1.,0.,-0.));
#2008 = ORIENTED_EDGE('',*,*,#1992,.F.);
#2009 = ORIENTED_EDGE('',*,*,#2010,.F.);
#2010 = EDGE_CURVE('',#1993,#1993,#2011,.T.);
#2011 = CIRCLE('',#2012,0.6);
#2012 = AXIS2_PLACEMENT_3D('',#2013,#2014,#2015);
#2013 = CARTESIAN_POINT('',(80.75,-81.01,0.));
#2014 = DIRECTION('',(0.,0.,1.));
#2015 = DIRECTION('',(1.,0.,-0.));
#2016 = CYLINDRICAL_SURFACE('',#2017,0.6);
#2017 = AXIS2_PLACEMENT_3D('',#2018,#2019,#2020);
#2018 = CARTESIAN_POINT('',(80.75,-81.01,0.));
#2019 = DIRECTION('',(-0.,-0.,-1.));
#2020 = DIRECTION('',(1.,0.,-0.));
#2021 = ADVANCED_FACE('',(#2022),#2049,.F.);
#2022 = FACE_BOUND('',#2023,.T.);
#2023 = EDGE_LOOP('',(#2024,#2034,#2041,#2042));
#2024 = ORIENTED_EDGE('',*,*,#2025,.T.);
#2025 = EDGE_CURVE('',#2026,#2028,#2030,.T.);
#2026 = VERTEX_POINT('',#2027);
#2027 = CARTESIAN_POINT('',(36.6,-79.61,0.));
#2028 = VERTEX_POINT('',#2029);
#2029 = CARTESIAN_POINT('',(36.6,-79.61,0.31));
#2030 = LINE('',#2031,#2032);
#2031 = CARTESIAN_POINT('',(36.6,-79.61,0.));
#2032 = VECTOR('',#2033,1.);
#2033 = DIRECTION('',(0.,0.,1.));
#2034 = ORIENTED_EDGE('',*,*,#2035,.T.);
#2035 = EDGE_CURVE('',#2028,#2028,#2036,.T.);
#2036 = CIRCLE('',#2037,0.6);
#2037 = AXIS2_PLACEMENT_3D('',#2038,#2039,#2040);
#2038 = CARTESIAN_POINT('',(36.,-79.61,0.31));
#2039 = DIRECTION('',(0.,0.,1.));
#2040 = DIRECTION('',(1.,0.,-0.));
#2041 = ORIENTED_EDGE('',*,*,#2025,.F.);
#2042 = ORIENTED_EDGE('',*,*,#2043,.F.);
#2043 = EDGE_CURVE('',#2026,#2026,#2044,.T.);
#2044 = CIRCLE('',#2045,0.6);
#2045 = AXIS2_PLACEMENT_3D('',#2046,#2047,#2048);
#2046 = CARTESIAN_POINT('',(36.,-79.61,0.));
#2047 = DIRECTION('',(0.,0.,1.));
#2048 = DIRECTION('',(1.,0.,-0.));
#2049 = CYLINDRICAL_SURFACE('',#2050,0.6);
#2050 = AXIS2_PLACEMENT_3D('',#2051,#2052,#2053);
#2051 = CARTESIAN_POINT('',(36.,-79.61,0.));
#2052 = DIRECTION('',(-0.,-0.,-1.));
#2053 = DIRECTION('',(1.,0.,-0.));
#2054 = ADVANCED_FACE('',(#2055),#2082,.F.);
#2055 = FACE_BOUND('',#2056,.T.);
#2056 = EDGE_LOOP('',(#2057,#2067,#2074,#2075));
#2057 = ORIENTED_EDGE('',*,*,#2058,.T.);
#2058 = EDGE_CURVE('',#2059,#2061,#2063,.T.);
#2059 = VERTEX_POINT('',#2060);
#2060 = CARTESIAN_POINT('',(66.725,-77.6,0.));
#2061 = VERTEX_POINT('',#2062);
#2062 = CARTESIAN_POINT('',(66.725,-77.6,0.31));
#2063 = LINE('',#2064,#2065);
#2064 = CARTESIAN_POINT('',(66.725,-77.6,0.));
#2065 = VECTOR('',#2066,1.);
#2066 = DIRECTION('',(0.,0.,1.));
#2067 = ORIENTED_EDGE('',*,*,#2068,.T.);
#2068 = EDGE_CURVE('',#2061,#2061,#2069,.T.);
#2069 = CIRCLE('',#2070,2.525);
#2070 = AXIS2_PLACEMENT_3D('',#2071,#2072,#2073);
#2071 = CARTESIAN_POINT('',(64.2,-77.6,0.31));
#2072 = DIRECTION('',(0.,0.,1.));
#2073 = DIRECTION('',(1.,0.,-0.));
#2074 = ORIENTED_EDGE('',*,*,#2058,.F.);
#2075 = ORIENTED_EDGE('',*,*,#2076,.F.);
#2076 = EDGE_CURVE('',#2059,#2059,#2077,.T.);
#2077 = CIRCLE('',#2078,2.525);
#2078 = AXIS2_PLACEMENT_3D('',#2079,#2080,#2081);
#2079 = CARTESIAN_POINT('',(64.2,-77.6,0.));
#2080 = DIRECTION('',(0.,0.,1.));
#2081 = DIRECTION('',(1.,0.,-0.));
#2082 = CYLINDRICAL_SURFACE('',#2083,2.525);
#2083 = AXIS2_PLACEMENT_3D('',#2084,#2085,#2086);
#2084 = CARTESIAN_POINT('',(64.2,-77.6,0.));
#2085 = DIRECTION('',(-0.,-0.,-1.));
#2086 = DIRECTION('',(1.,0.,-0.));
#2087 = ADVANCED_FACE('',(#2088),#2115,.F.);
#2088 = FACE_BOUND('',#2089,.T.);
#2089 = EDGE_LOOP('',(#2090,#2100,#2107,#2108));
#2090 = ORIENTED_EDGE('',*,*,#2091,.T.);
#2091 = EDGE_CURVE('',#2092,#2094,#2096,.T.);
#2092 = VERTEX_POINT('',#2093);
#2093 = CARTESIAN_POINT('',(99.925,-77.6,0.));
#2094 = VERTEX_POINT('',#2095);
#2095 = CARTESIAN_POINT('',(99.925,-77.6,0.31));
#2096 = LINE('',#2097,#2098);
#2097 = CARTESIAN_POINT('',(99.925,-77.6,0.));
#2098 = VECTOR('',#2099,1.);
#2099 = DIRECTION('',(0.,0.,1.));
#2100 = ORIENTED_EDGE('',*,*,#2101,.T.);
#2101 = EDGE_CURVE('',#2094,#2094,#2102,.T.);
#2102 = CIRCLE('',#2103,2.525);
#2103 = AXIS2_PLACEMENT_3D('',#2104,#2105,#2106);
#2104 = CARTESIAN_POINT('',(97.4,-77.6,0.31));
#2105 = DIRECTION('',(0.,0.,1.));
#2106 = DIRECTION('',(1.,0.,-0.));
#2107 = ORIENTED_EDGE('',*,*,#2091,.F.);
#2108 = ORIENTED_EDGE('',*,*,#2109,.F.);
#2109 = EDGE_CURVE('',#2092,#2092,#2110,.T.);
#2110 = CIRCLE('',#2111,2.525);
#2111 = AXIS2_PLACEMENT_3D('',#2112,#2113,#2114);
#2112 = CARTESIAN_POINT('',(97.4,-77.6,0.));
#2113 = DIRECTION('',(0.,0.,1.));
#2114 = DIRECTION('',(1.,0.,-0.));
#2115 = CYLINDRICAL_SURFACE('',#2116,2.525);
#2116 = AXIS2_PLACEMENT_3D('',#2117,#2118,#2119);
#2117 = CARTESIAN_POINT('',(97.4,-77.6,0.));
#2118 = DIRECTION('',(-0.,-0.,-1.));
#2119 = DIRECTION('',(1.,0.,-0.));
#2120 = ADVANCED_FACE('',(#2121),#2148,.F.);
#2121 = FACE_BOUND('',#2122,.T.);
#2122 = EDGE_LOOP('',(#2123,#2133,#2140,#2141));
#2123 = ORIENTED_EDGE('',*,*,#2124,.T.);
#2124 = EDGE_CURVE('',#2125,#2127,#2129,.T.);
#2125 = VERTEX_POINT('',#2126);
#2126 = CARTESIAN_POINT('',(76.4,-78.91,0.));
#2127 = VERTEX_POINT('',#2128);
#2128 = CARTESIAN_POINT('',(76.4,-78.91,0.31));
#2129 = LINE('',#2130,#2131);
#2130 = CARTESIAN_POINT('',(76.4,-78.91,0.));
#2131 = VECTOR('',#2132,1.);
#2132 = DIRECTION('',(0.,0.,1.));
#2133 = ORIENTED_EDGE('',*,*,#2134,.T.);
#2134 = EDGE_CURVE('',#2127,#2127,#2135,.T.);
#2135 = CIRCLE('',#2136,0.6);
#2136 = AXIS2_PLACEMENT_3D('',#2137,#2138,#2139);
#2137 = CARTESIAN_POINT('',(75.8,-78.91,0.31));
#2138 = DIRECTION('',(0.,0.,1.));
#2139 = DIRECTION('',(1.,0.,-0.));
#2140 = ORIENTED_EDGE('',*,*,#2124,.F.);
#2141 = ORIENTED_EDGE('',*,*,#2142,.F.);
#2142 = EDGE_CURVE('',#2125,#2125,#2143,.T.);
#2143 = CIRCLE('',#2144,0.6);
#2144 = AXIS2_PLACEMENT_3D('',#2145,#2146,#2147);
#2145 = CARTESIAN_POINT('',(75.8,-78.91,0.));
#2146 = DIRECTION('',(0.,0.,1.));
#2147 = DIRECTION('',(1.,0.,-0.));
#2148 = CYLINDRICAL_SURFACE('',#2149,0.6);
#2149 = AXIS2_PLACEMENT_3D('',#2150,#2151,#2152);
#2150 = CARTESIAN_POINT('',(75.8,-78.91,0.));
#2151 = DIRECTION('',(-0.,-0.,-1.));
#2152 = DIRECTION('',(1.,0.,-0.));
#2153 = ADVANCED_FACE('',(#2154),#2181,.F.);
#2154 = FACE_BOUND('',#2155,.T.);
#2155 = EDGE_LOOP('',(#2156,#2166,#2173,#2174));
#2156 = ORIENTED_EDGE('',*,*,#2157,.T.);
#2157 = EDGE_CURVE('',#2158,#2160,#2162,.T.);
#2158 = VERTEX_POINT('',#2159);
#2159 = CARTESIAN_POINT('',(31.65,-77.51,0.));
#2160 = VERTEX_POINT('',#2161);
#2161 = CARTESIAN_POINT('',(31.65,-77.51,0.31));
#2162 = LINE('',#2163,#2164);
#2163 = CARTESIAN_POINT('',(31.65,-77.51,0.));
#2164 = VECTOR('',#2165,1.);
#2165 = DIRECTION('',(0.,0.,1.));
#2166 = ORIENTED_EDGE('',*,*,#2167,.T.);
#2167 = EDGE_CURVE('',#2160,#2160,#2168,.T.);
#2168 = CIRCLE('',#2169,0.6);
#2169 = AXIS2_PLACEMENT_3D('',#2170,#2171,#2172);
#2170 = CARTESIAN_POINT('',(31.05,-77.51,0.31));
#2171 = DIRECTION('',(0.,0.,1.));
#2172 = DIRECTION('',(1.,0.,-0.));
#2173 = ORIENTED_EDGE('',*,*,#2157,.F.);
#2174 = ORIENTED_EDGE('',*,*,#2175,.F.);
#2175 = EDGE_CURVE('',#2158,#2158,#2176,.T.);
#2176 = CIRCLE('',#2177,0.6);
#2177 = AXIS2_PLACEMENT_3D('',#2178,#2179,#2180);
#2178 = CARTESIAN_POINT('',(31.05,-77.51,0.));
#2179 = DIRECTION('',(0.,0.,1.));
#2180 = DIRECTION('',(1.,0.,-0.));
#2181 = CYLINDRICAL_SURFACE('',#2182,0.6);
#2182 = AXIS2_PLACEMENT_3D('',#2183,#2184,#2185);
#2183 = CARTESIAN_POINT('',(31.05,-77.51,0.));
#2184 = DIRECTION('',(-0.,-0.,-1.));
#2185 = DIRECTION('',(1.,0.,-0.));
#2186 = ADVANCED_FACE('',(#2187),#2214,.F.);
#2187 = FACE_BOUND('',#2188,.T.);
#2188 = EDGE_LOOP('',(#2189,#2199,#2206,#2207));
#2189 = ORIENTED_EDGE('',*,*,#2190,.T.);
#2190 = EDGE_CURVE('',#2191,#2193,#2195,.T.);
#2191 = VERTEX_POINT('',#2192);
#2192 = CARTESIAN_POINT('',(83.325,-75.11,0.));
#2193 = VERTEX_POINT('',#2194);
#2194 = CARTESIAN_POINT('',(83.325,-75.11,0.31));
#2195 = LINE('',#2196,#2197);
#2196 = CARTESIAN_POINT('',(83.325,-75.11,0.));
#2197 = VECTOR('',#2198,1.);
#2198 = DIRECTION('',(0.,0.,1.));
#2199 = ORIENTED_EDGE('',*,*,#2200,.T.);
#2200 = EDGE_CURVE('',#2193,#2193,#2201,.T.);
#2201 = CIRCLE('',#2202,2.525);
#2202 = AXIS2_PLACEMENT_3D('',#2203,#2204,#2205);
#2203 = CARTESIAN_POINT('',(80.8,-75.11,0.31));
#2204 = DIRECTION('',(0.,0.,1.));
#2205 = DIRECTION('',(1.,0.,-0.));
#2206 = ORIENTED_EDGE('',*,*,#2190,.F.);
#2207 = ORIENTED_EDGE('',*,*,#2208,.F.);
#2208 = EDGE_CURVE('',#2191,#2191,#2209,.T.);
#2209 = CIRCLE('',#2210,2.525);
#2210 = AXIS2_PLACEMENT_3D('',#2211,#2212,#2213);
#2211 = CARTESIAN_POINT('',(80.8,-75.11,0.));
#2212 = DIRECTION('',(0.,0.,1.));
#2213 = DIRECTION('',(1.,0.,-0.));
#2214 = CYLINDRICAL_SURFACE('',#2215,2.525);
#2215 = AXIS2_PLACEMENT_3D('',#2216,#2217,#2218);
#2216 = CARTESIAN_POINT('',(80.8,-75.11,0.));
#2217 = DIRECTION('',(-0.,-0.,-1.));
#2218 = DIRECTION('',(1.,0.,-0.));
#2219 = ADVANCED_FACE('',(#2220),#2247,.F.);
#2220 = FACE_BOUND('',#2221,.T.);
#2221 = EDGE_LOOP('',(#2222,#2232,#2239,#2240));
#2222 = ORIENTED_EDGE('',*,*,#2223,.T.);
#2223 = EDGE_CURVE('',#2224,#2226,#2228,.T.);
#2224 = VERTEX_POINT('',#2225);
#2225 = CARTESIAN_POINT('',(53.4,-76.6,0.));
#2226 = VERTEX_POINT('',#2227);
#2227 = CARTESIAN_POINT('',(53.4,-76.6,0.31));
#2228 = LINE('',#2229,#2230);
#2229 = CARTESIAN_POINT('',(53.4,-76.6,0.));
#2230 = VECTOR('',#2231,1.);
#2231 = DIRECTION('',(0.,0.,1.));
#2232 = ORIENTED_EDGE('',*,*,#2233,.T.);
#2233 = EDGE_CURVE('',#2226,#2226,#2234,.T.);
#2234 = CIRCLE('',#2235,0.8);
#2235 = AXIS2_PLACEMENT_3D('',#2236,#2237,#2238);
#2236 = CARTESIAN_POINT('',(52.6,-76.6,0.31));
#2237 = DIRECTION('',(0.,0.,1.));
#2238 = DIRECTION('',(1.,0.,-0.));
#2239 = ORIENTED_EDGE('',*,*,#2223,.F.);
#2240 = ORIENTED_EDGE('',*,*,#2241,.F.);
#2241 = EDGE_CURVE('',#2224,#2224,#2242,.T.);
#2242 = CIRCLE('',#2243,0.8);
#2243 = AXIS2_PLACEMENT_3D('',#2244,#2245,#2246);
#2244 = CARTESIAN_POINT('',(52.6,-76.6,0.));
#2245 = DIRECTION('',(0.,0.,1.));
#2246 = DIRECTION('',(1.,0.,-0.));
#2247 = CYLINDRICAL_SURFACE('',#2248,0.8);
#2248 = AXIS2_PLACEMENT_3D('',#2249,#2250,#2251);
#2249 = CARTESIAN_POINT('',(52.6,-76.6,0.));
#2250 = DIRECTION('',(-0.,-0.,-1.));
#2251 = DIRECTION('',(1.,0.,-0.));
#2252 = ADVANCED_FACE('',(#2253),#2280,.F.);
#2253 = FACE_BOUND('',#2254,.T.);
#2254 = EDGE_LOOP('',(#2255,#2265,#2272,#2273));
#2255 = ORIENTED_EDGE('',*,*,#2256,.T.);
#2256 = EDGE_CURVE('',#2257,#2259,#2261,.T.);
#2257 = VERTEX_POINT('',#2258);
#2258 = CARTESIAN_POINT('',(119.8,-74.94,0.));
#2259 = VERTEX_POINT('',#2260);
#2260 = CARTESIAN_POINT('',(119.8,-74.94,0.31));
#2261 = LINE('',#2262,#2263);
#2262 = CARTESIAN_POINT('',(119.8,-74.94,0.));
#2263 = VECTOR('',#2264,1.);
#2264 = DIRECTION('',(0.,0.,1.));
#2265 = ORIENTED_EDGE('',*,*,#2266,.T.);
#2266 = EDGE_CURVE('',#2259,#2259,#2267,.T.);
#2267 = CIRCLE('',#2268,0.8);
#2268 = AXIS2_PLACEMENT_3D('',#2269,#2270,#2271);
#2269 = CARTESIAN_POINT('',(119.,-74.94,0.31));
#2270 = DIRECTION('',(0.,0.,1.));
#2271 = DIRECTION('',(1.,0.,-0.));
#2272 = ORIENTED_EDGE('',*,*,#2256,.F.);
#2273 = ORIENTED_EDGE('',*,*,#2274,.F.);
#2274 = EDGE_CURVE('',#2257,#2257,#2275,.T.);
#2275 = CIRCLE('',#2276,0.8);
#2276 = AXIS2_PLACEMENT_3D('',#2277,#2278,#2279);
#2277 = CARTESIAN_POINT('',(119.,-74.94,0.));
#2278 = DIRECTION('',(0.,0.,1.));
#2279 = DIRECTION('',(1.,0.,-0.));
#2280 = CYLINDRICAL_SURFACE('',#2281,0.8);
#2281 = AXIS2_PLACEMENT_3D('',#2282,#2283,#2284);
#2282 = CARTESIAN_POINT('',(119.,-74.94,0.));
#2283 = DIRECTION('',(-0.,-0.,-1.));
#2284 = DIRECTION('',(1.,0.,-0.));
#2285 = ADVANCED_FACE('',(#2286),#2313,.F.);
#2286 = FACE_BOUND('',#2287,.T.);
#2287 = EDGE_LOOP('',(#2288,#2298,#2305,#2306));
#2288 = ORIENTED_EDGE('',*,*,#2289,.T.);
#2289 = EDGE_CURVE('',#2290,#2292,#2294,.T.);
#2290 = VERTEX_POINT('',#2291);
#2291 = CARTESIAN_POINT('',(70.,-72.45,0.));
#2292 = VERTEX_POINT('',#2293);
#2293 = CARTESIAN_POINT('',(70.,-72.45,0.31));
#2294 = LINE('',#2295,#2296);
#2295 = CARTESIAN_POINT('',(70.,-72.45,0.));
#2296 = VECTOR('',#2297,1.);
#2297 = DIRECTION('',(0.,0.,1.));
#2298 = ORIENTED_EDGE('',*,*,#2299,.T.);
#2299 = EDGE_CURVE('',#2292,#2292,#2300,.T.);
#2300 = CIRCLE('',#2301,0.8);
#2301 = AXIS2_PLACEMENT_3D('',#2302,#2303,#2304);
#2302 = CARTESIAN_POINT('',(69.2,-72.45,0.31));
#2303 = DIRECTION('',(0.,0.,1.));
#2304 = DIRECTION('',(1.,0.,-0.));
#2305 = ORIENTED_EDGE('',*,*,#2289,.F.);
#2306 = ORIENTED_EDGE('',*,*,#2307,.F.);
#2307 = EDGE_CURVE('',#2290,#2290,#2308,.T.);
#2308 = CIRCLE('',#2309,0.8);
#2309 = AXIS2_PLACEMENT_3D('',#2310,#2311,#2312);
#2310 = CARTESIAN_POINT('',(69.2,-72.45,0.));
#2311 = DIRECTION('',(0.,0.,1.));
#2312 = DIRECTION('',(1.,0.,-0.));
#2313 = CYLINDRICAL_SURFACE('',#2314,0.8);
#2314 = AXIS2_PLACEMENT_3D('',#2315,#2316,#2317);
#2315 = CARTESIAN_POINT('',(69.2,-72.45,0.));
#2316 = DIRECTION('',(-0.,-0.,-1.));
#2317 = DIRECTION('',(1.,0.,-0.));
#2318 = ADVANCED_FACE('',(#2319),#2346,.F.);
#2319 = FACE_BOUND('',#2320,.T.);
#2320 = EDGE_LOOP('',(#2321,#2331,#2338,#2339));
#2321 = ORIENTED_EDGE('',*,*,#2322,.T.);
#2322 = EDGE_CURVE('',#2323,#2325,#2327,.T.);
#2323 = VERTEX_POINT('',#2324);
#2324 = CARTESIAN_POINT('',(103.2,-72.45,0.));
#2325 = VERTEX_POINT('',#2326);
#2326 = CARTESIAN_POINT('',(103.2,-72.45,0.31));
#2327 = LINE('',#2328,#2329);
#2328 = CARTESIAN_POINT('',(103.2,-72.45,0.));
#2329 = VECTOR('',#2330,1.);
#2330 = DIRECTION('',(0.,0.,1.));
#2331 = ORIENTED_EDGE('',*,*,#2332,.T.);
#2332 = EDGE_CURVE('',#2325,#2325,#2333,.T.);
#2333 = CIRCLE('',#2334,0.8);
#2334 = AXIS2_PLACEMENT_3D('',#2335,#2336,#2337);
#2335 = CARTESIAN_POINT('',(102.4,-72.45,0.31));
#2336 = DIRECTION('',(0.,0.,1.));
#2337 = DIRECTION('',(1.,0.,-0.));
#2338 = ORIENTED_EDGE('',*,*,#2322,.F.);
#2339 = ORIENTED_EDGE('',*,*,#2340,.F.);
#2340 = EDGE_CURVE('',#2323,#2323,#2341,.T.);
#2341 = CIRCLE('',#2342,0.8);
#2342 = AXIS2_PLACEMENT_3D('',#2343,#2344,#2345);
#2343 = CARTESIAN_POINT('',(102.4,-72.45,0.));
#2344 = DIRECTION('',(0.,0.,1.));
#2345 = DIRECTION('',(1.,0.,-0.));
#2346 = CYLINDRICAL_SURFACE('',#2347,0.8);
#2347 = AXIS2_PLACEMENT_3D('',#2348,#2349,#2350);
#2348 = CARTESIAN_POINT('',(102.4,-72.45,0.));
#2349 = DIRECTION('',(-0.,-0.,-1.));
#2350 = DIRECTION('',(1.,0.,-0.));
#2351 = ADVANCED_FACE('',(#2352),#2379,.F.);
#2352 = FACE_BOUND('',#2353,.T.);
#2353 = EDGE_LOOP('',(#2354,#2364,#2371,#2372));
#2354 = ORIENTED_EDGE('',*,*,#2355,.T.);
#2355 = EDGE_CURVE('',#2356,#2358,#2360,.T.);
#2356 = VERTEX_POINT('',#2357);
#2357 = CARTESIAN_POINT('',(26.8,-71.96,0.));
#2358 = VERTEX_POINT('',#2359);
#2359 = CARTESIAN_POINT('',(26.8,-71.96,0.31));
#2360 = LINE('',#2361,#2362);
#2361 = CARTESIAN_POINT('',(26.8,-71.96,0.));
#2362 = VECTOR('',#2363,1.);
#2363 = DIRECTION('',(0.,0.,1.));
#2364 = ORIENTED_EDGE('',*,*,#2365,.T.);
#2365 = EDGE_CURVE('',#2358,#2358,#2366,.T.);
#2366 = CIRCLE('',#2367,0.8);
#2367 = AXIS2_PLACEMENT_3D('',#2368,#2369,#2370);
#2368 = CARTESIAN_POINT('',(26.,-71.96,0.31));
#2369 = DIRECTION('',(0.,0.,1.));
#2370 = DIRECTION('',(1.,0.,-0.));
#2371 = ORIENTED_EDGE('',*,*,#2355,.F.);
#2372 = ORIENTED_EDGE('',*,*,#2373,.F.);
#2373 = EDGE_CURVE('',#2356,#2356,#2374,.T.);
#2374 = CIRCLE('',#2375,0.8);
#2375 = AXIS2_PLACEMENT_3D('',#2376,#2377,#2378);
#2376 = CARTESIAN_POINT('',(26.,-71.96,0.));
#2377 = DIRECTION('',(0.,0.,1.));
#2378 = DIRECTION('',(1.,0.,-0.));
#2379 = CYLINDRICAL_SURFACE('',#2380,0.8);
#2380 = AXIS2_PLACEMENT_3D('',#2381,#2382,#2383);
#2381 = CARTESIAN_POINT('',(26.,-71.96,0.));
#2382 = DIRECTION('',(-0.,-0.,-1.));
#2383 = DIRECTION('',(1.,0.,-0.));
#2384 = ADVANCED_FACE('',(#2385),#2412,.F.);
#2385 = FACE_BOUND('',#2386,.T.);
#2386 = EDGE_LOOP('',(#2387,#2397,#2404,#2405));
#2387 = ORIENTED_EDGE('',*,*,#2388,.T.);
#2388 = EDGE_CURVE('',#2389,#2391,#2393,.T.);
#2389 = VERTEX_POINT('',#2390);
#2390 = CARTESIAN_POINT('',(48.15,-71.05,0.));
#2391 = VERTEX_POINT('',#2392);
#2392 = CARTESIAN_POINT('',(48.15,-71.05,0.31));
#2393 = LINE('',#2394,#2395);
#2394 = CARTESIAN_POINT('',(48.15,-71.05,0.));
#2395 = VECTOR('',#2396,1.);
#2396 = DIRECTION('',(0.,0.,1.));
#2397 = ORIENTED_EDGE('',*,*,#2398,.T.);
#2398 = EDGE_CURVE('',#2391,#2391,#2399,.T.);
#2399 = CIRCLE('',#2400,0.6);
#2400 = AXIS2_PLACEMENT_3D('',#2401,#2402,#2403);
#2401 = CARTESIAN_POINT('',(47.55,-71.05,0.31));
#2402 = DIRECTION('',(0.,0.,1.));
#2403 = DIRECTION('',(1.,0.,-0.));
#2404 = ORIENTED_EDGE('',*,*,#2388,.F.);
#2405 = ORIENTED_EDGE('',*,*,#2406,.F.);
#2406 = EDGE_CURVE('',#2389,#2389,#2407,.T.);
#2407 = CIRCLE('',#2408,0.6);
#2408 = AXIS2_PLACEMENT_3D('',#2409,#2410,#2411);
#2409 = CARTESIAN_POINT('',(47.55,-71.05,0.));
#2410 = DIRECTION('',(0.,0.,1.));
#2411 = DIRECTION('',(1.,0.,-0.));
#2412 = CYLINDRICAL_SURFACE('',#2413,0.6);
#2413 = AXIS2_PLACEMENT_3D('',#2414,#2415,#2416);
#2414 = CARTESIAN_POINT('',(47.55,-71.05,0.));
#2415 = DIRECTION('',(-0.,-0.,-1.));
#2416 = DIRECTION('',(1.,0.,-0.));
#2417 = ADVANCED_FACE('',(#2418),#2445,.F.);
#2418 = FACE_BOUND('',#2419,.T.);
#2419 = EDGE_LOOP('',(#2420,#2430,#2437,#2438));
#2420 = ORIENTED_EDGE('',*,*,#2421,.T.);
#2421 = EDGE_CURVE('',#2422,#2424,#2426,.T.);
#2422 = VERTEX_POINT('',#2423);
#2423 = CARTESIAN_POINT('',(86.6,-69.96,0.));
#2424 = VERTEX_POINT('',#2425);
#2425 = CARTESIAN_POINT('',(86.6,-69.96,0.31));
#2426 = LINE('',#2427,#2428);
#2427 = CARTESIAN_POINT('',(86.6,-69.96,0.));
#2428 = VECTOR('',#2429,1.);
#2429 = DIRECTION('',(0.,0.,1.));
#2430 = ORIENTED_EDGE('',*,*,#2431,.T.);
#2431 = EDGE_CURVE('',#2424,#2424,#2432,.T.);
#2432 = CIRCLE('',#2433,0.8);
#2433 = AXIS2_PLACEMENT_3D('',#2434,#2435,#2436);
#2434 = CARTESIAN_POINT('',(85.8,-69.96,0.31));
#2435 = DIRECTION('',(0.,0.,1.));
#2436 = DIRECTION('',(1.,0.,-0.));
#2437 = ORIENTED_EDGE('',*,*,#2421,.F.);
#2438 = ORIENTED_EDGE('',*,*,#2439,.F.);
#2439 = EDGE_CURVE('',#2422,#2422,#2440,.T.);
#2440 = CIRCLE('',#2441,0.8);
#2441 = AXIS2_PLACEMENT_3D('',#2442,#2443,#2444);
#2442 = CARTESIAN_POINT('',(85.8,-69.96,0.));
#2443 = DIRECTION('',(0.,0.,1.));
#2444 = DIRECTION('',(1.,0.,-0.));
#2445 = CYLINDRICAL_SURFACE('',#2446,0.8);
#2446 = AXIS2_PLACEMENT_3D('',#2447,#2448,#2449);
#2447 = CARTESIAN_POINT('',(85.8,-69.96,0.));
#2448 = DIRECTION('',(-0.,-0.,-1.));
#2449 = DIRECTION('',(1.,0.,-0.));
#2450 = ADVANCED_FACE('',(#2451),#2478,.F.);
#2451 = FACE_BOUND('',#2452,.T.);
#2452 = EDGE_LOOP('',(#2453,#2463,#2470,#2471));
#2453 = ORIENTED_EDGE('',*,*,#2454,.T.);
#2454 = EDGE_CURVE('',#2455,#2457,#2459,.T.);
#2455 = VERTEX_POINT('',#2456);
#2456 = CARTESIAN_POINT('',(114.55,-69.39,0.));
#2457 = VERTEX_POINT('',#2458);
#2458 = CARTESIAN_POINT('',(114.55,-69.39,0.31));
#2459 = LINE('',#2460,#2461);
#2460 = CARTESIAN_POINT('',(114.55,-69.39,0.));
#2461 = VECTOR('',#2462,1.);
#2462 = DIRECTION('',(0.,0.,1.));
#2463 = ORIENTED_EDGE('',*,*,#2464,.T.);
#2464 = EDGE_CURVE('',#2457,#2457,#2465,.T.);
#2465 = CIRCLE('',#2466,0.6);
#2466 = AXIS2_PLACEMENT_3D('',#2467,#2468,#2469);
#2467 = CARTESIAN_POINT('',(113.95,-69.39,0.31));
#2468 = DIRECTION('',(0.,0.,1.));
#2469 = DIRECTION('',(1.,0.,-0.));
#2470 = ORIENTED_EDGE('',*,*,#2454,.F.);
#2471 = ORIENTED_EDGE('',*,*,#2472,.F.);
#2472 = EDGE_CURVE('',#2455,#2455,#2473,.T.);
#2473 = CIRCLE('',#2474,0.6);
#2474 = AXIS2_PLACEMENT_3D('',#2475,#2476,#2477);
#2475 = CARTESIAN_POINT('',(113.95,-69.39,0.));
#2476 = DIRECTION('',(0.,0.,1.));
#2477 = DIRECTION('',(1.,0.,-0.));
#2478 = CYLINDRICAL_SURFACE('',#2479,0.6);
#2479 = AXIS2_PLACEMENT_3D('',#2480,#2481,#2482);
#2480 = CARTESIAN_POINT('',(113.95,-69.39,0.));
#2481 = DIRECTION('',(-0.,-0.,-1.));
#2482 = DIRECTION('',(1.,0.,-0.));
#2483 = ADVANCED_FACE('',(#2484),#2511,.F.);
#2484 = FACE_BOUND('',#2485,.T.);
#2485 = EDGE_LOOP('',(#2486,#2496,#2503,#2504));
#2486 = ORIENTED_EDGE('',*,*,#2487,.T.);
#2487 = EDGE_CURVE('',#2488,#2490,#2492,.T.);
#2488 = VERTEX_POINT('',#2489);
#2489 = CARTESIAN_POINT('',(43.2,-68.95,0.));
#2490 = VERTEX_POINT('',#2491);
#2491 = CARTESIAN_POINT('',(43.2,-68.95,0.31));
#2492 = LINE('',#2493,#2494);
#2493 = CARTESIAN_POINT('',(43.2,-68.95,0.));
#2494 = VECTOR('',#2495,1.);
#2495 = DIRECTION('',(0.,0.,1.));
#2496 = ORIENTED_EDGE('',*,*,#2497,.T.);
#2497 = EDGE_CURVE('',#2490,#2490,#2498,.T.);
#2498 = CIRCLE('',#2499,0.6);
#2499 = AXIS2_PLACEMENT_3D('',#2500,#2501,#2502);
#2500 = CARTESIAN_POINT('',(42.6,-68.95,0.31));
#2501 = DIRECTION('',(0.,0.,1.));
#2502 = DIRECTION('',(1.,0.,-0.));
#2503 = ORIENTED_EDGE('',*,*,#2487,.F.);
#2504 = ORIENTED_EDGE('',*,*,#2505,.F.);
#2505 = EDGE_CURVE('',#2488,#2488,#2506,.T.);
#2506 = CIRCLE('',#2507,0.6);
#2507 = AXIS2_PLACEMENT_3D('',#2508,#2509,#2510);
#2508 = CARTESIAN_POINT('',(42.6,-68.95,0.));
#2509 = DIRECTION('',(0.,0.,1.));
#2510 = DIRECTION('',(1.,0.,-0.));
#2511 = CYLINDRICAL_SURFACE('',#2512,0.6);
#2512 = AXIS2_PLACEMENT_3D('',#2513,#2514,#2515);
#2513 = CARTESIAN_POINT('',(42.6,-68.95,0.));
#2514 = DIRECTION('',(-0.,-0.,-1.));
#2515 = DIRECTION('',(1.,0.,-0.));
#2516 = ADVANCED_FACE('',(#2517),#2544,.F.);
#2517 = FACE_BOUND('',#2518,.T.);
#2518 = EDGE_LOOP('',(#2519,#2529,#2536,#2537));
#2519 = ORIENTED_EDGE('',*,*,#2520,.T.);
#2520 = EDGE_CURVE('',#2521,#2523,#2525,.T.);
#2521 = VERTEX_POINT('',#2522);
#2522 = CARTESIAN_POINT('',(33.525,-66.81,0.));
#2523 = VERTEX_POINT('',#2524);
#2524 = CARTESIAN_POINT('',(33.525,-66.81,0.31));
#2525 = LINE('',#2526,#2527);
#2526 = CARTESIAN_POINT('',(33.525,-66.81,0.));
#2527 = VECTOR('',#2528,1.);
#2528 = DIRECTION('',(0.,0.,1.));
#2529 = ORIENTED_EDGE('',*,*,#2530,.T.);
#2530 = EDGE_CURVE('',#2523,#2523,#2531,.T.);
#2531 = CIRCLE('',#2532,2.525);
#2532 = AXIS2_PLACEMENT_3D('',#2533,#2534,#2535);
#2533 = CARTESIAN_POINT('',(31.,-66.81,0.31));
#2534 = DIRECTION('',(0.,0.,1.));
#2535 = DIRECTION('',(1.,0.,-0.));
#2536 = ORIENTED_EDGE('',*,*,#2520,.F.);
#2537 = ORIENTED_EDGE('',*,*,#2538,.F.);
#2538 = EDGE_CURVE('',#2521,#2521,#2539,.T.);
#2539 = CIRCLE('',#2540,2.525);
#2540 = AXIS2_PLACEMENT_3D('',#2541,#2542,#2543);
#2541 = CARTESIAN_POINT('',(31.,-66.81,0.));
#2542 = DIRECTION('',(0.,0.,1.));
#2543 = DIRECTION('',(1.,0.,-0.));
#2544 = CYLINDRICAL_SURFACE('',#2545,2.525);
#2545 = AXIS2_PLACEMENT_3D('',#2546,#2547,#2548);
#2546 = CARTESIAN_POINT('',(31.,-66.81,0.));
#2547 = DIRECTION('',(-0.,-0.,-1.));
#2548 = DIRECTION('',(1.,0.,-0.));
#2549 = ADVANCED_FACE('',(#2550),#2577,.F.);
#2550 = FACE_BOUND('',#2551,.T.);
#2551 = EDGE_LOOP('',(#2552,#2562,#2569,#2570));
#2552 = ORIENTED_EDGE('',*,*,#2553,.T.);
#2553 = EDGE_CURVE('',#2554,#2556,#2558,.T.);
#2554 = VERTEX_POINT('',#2555);
#2555 = CARTESIAN_POINT('',(109.6,-67.29,0.));
#2556 = VERTEX_POINT('',#2557);
#2557 = CARTESIAN_POINT('',(109.6,-67.29,0.31));
#2558 = LINE('',#2559,#2560);
#2559 = CARTESIAN_POINT('',(109.6,-67.29,0.));
#2560 = VECTOR('',#2561,1.);
#2561 = DIRECTION('',(0.,0.,1.));
#2562 = ORIENTED_EDGE('',*,*,#2563,.T.);
#2563 = EDGE_CURVE('',#2556,#2556,#2564,.T.);
#2564 = CIRCLE('',#2565,0.6);
#2565 = AXIS2_PLACEMENT_3D('',#2566,#2567,#2568);
#2566 = CARTESIAN_POINT('',(109.,-67.29,0.31));
#2567 = DIRECTION('',(0.,0.,1.));
#2568 = DIRECTION('',(1.,0.,-0.));
#2569 = ORIENTED_EDGE('',*,*,#2553,.F.);
#2570 = ORIENTED_EDGE('',*,*,#2571,.F.);
#2571 = EDGE_CURVE('',#2554,#2554,#2572,.T.);
#2572 = CIRCLE('',#2573,0.6);
#2573 = AXIS2_PLACEMENT_3D('',#2574,#2575,#2576);
#2574 = CARTESIAN_POINT('',(109.,-67.29,0.));
#2575 = DIRECTION('',(0.,0.,1.));
#2576 = DIRECTION('',(1.,0.,-0.));
#2577 = CYLINDRICAL_SURFACE('',#2578,0.6);
#2578 = AXIS2_PLACEMENT_3D('',#2579,#2580,#2581);
#2579 = CARTESIAN_POINT('',(109.,-67.29,0.));
#2580 = DIRECTION('',(-0.,-0.,-1.));
#2581 = DIRECTION('',(1.,0.,-0.));
#2582 = ADVANCED_FACE('',(#2583),#2610,.F.);
#2583 = FACE_BOUND('',#2584,.T.);
#2584 = EDGE_LOOP('',(#2585,#2595,#2602,#2603));
#2585 = ORIENTED_EDGE('',*,*,#2586,.T.);
#2586 = EDGE_CURVE('',#2587,#2589,#2591,.T.);
#2587 = VERTEX_POINT('',#2588);
#2588 = CARTESIAN_POINT('',(50.125,-65.15,0.));
#2589 = VERTEX_POINT('',#2590);
#2590 = CARTESIAN_POINT('',(50.125,-65.15,0.31));
#2591 = LINE('',#2592,#2593);
#2592 = CARTESIAN_POINT('',(50.125,-65.15,0.));
#2593 = VECTOR('',#2594,1.);
#2594 = DIRECTION('',(0.,0.,1.));
#2595 = ORIENTED_EDGE('',*,*,#2596,.T.);
#2596 = EDGE_CURVE('',#2589,#2589,#2597,.T.);
#2597 = CIRCLE('',#2598,2.525);
#2598 = AXIS2_PLACEMENT_3D('',#2599,#2600,#2601);
#2599 = CARTESIAN_POINT('',(47.6,-65.15,0.31));
#2600 = DIRECTION('',(0.,0.,1.));
#2601 = DIRECTION('',(1.,0.,-0.));
#2602 = ORIENTED_EDGE('',*,*,#2586,.F.);
#2603 = ORIENTED_EDGE('',*,*,#2604,.F.);
#2604 = EDGE_CURVE('',#2587,#2587,#2605,.T.);
#2605 = CIRCLE('',#2606,2.525);
#2606 = AXIS2_PLACEMENT_3D('',#2607,#2608,#2609);
#2607 = CARTESIAN_POINT('',(47.6,-65.15,0.));
#2608 = DIRECTION('',(0.,0.,1.));
#2609 = DIRECTION('',(1.,0.,-0.));
#2610 = CYLINDRICAL_SURFACE('',#2611,2.525);
#2611 = AXIS2_PLACEMENT_3D('',#2612,#2613,#2614);
#2612 = CARTESIAN_POINT('',(47.6,-65.15,0.));
#2613 = DIRECTION('',(-0.,-0.,-1.));
#2614 = DIRECTION('',(1.,0.,-0.));
#2615 = ADVANCED_FACE('',(#2616),#2643,.F.);
#2616 = FACE_BOUND('',#2617,.T.);
#2617 = EDGE_LOOP('',(#2618,#2628,#2635,#2636));
#2618 = ORIENTED_EDGE('',*,*,#2619,.T.);
#2619 = EDGE_CURVE('',#2620,#2622,#2624,.T.);
#2620 = VERTEX_POINT('',#2621);
#2621 = CARTESIAN_POINT('',(64.75,-66.9,0.));
#2622 = VERTEX_POINT('',#2623);
#2623 = CARTESIAN_POINT('',(64.75,-66.9,0.31));
#2624 = LINE('',#2625,#2626);
#2625 = CARTESIAN_POINT('',(64.75,-66.9,0.));
#2626 = VECTOR('',#2627,1.);
#2627 = DIRECTION('',(0.,0.,1.));
#2628 = ORIENTED_EDGE('',*,*,#2629,.T.);
#2629 = EDGE_CURVE('',#2622,#2622,#2630,.T.);
#2630 = CIRCLE('',#2631,0.6);
#2631 = AXIS2_PLACEMENT_3D('',#2632,#2633,#2634);
#2632 = CARTESIAN_POINT('',(64.15,-66.9,0.31));
#2633 = DIRECTION('',(0.,0.,1.));
#2634 = DIRECTION('',(1.,0.,-0.));
#2635 = ORIENTED_EDGE('',*,*,#2619,.F.);
#2636 = ORIENTED_EDGE('',*,*,#2637,.F.);
#2637 = EDGE_CURVE('',#2620,#2620,#2638,.T.);
#2638 = CIRCLE('',#2639,0.6);
#2639 = AXIS2_PLACEMENT_3D('',#2640,#2641,#2642);
#2640 = CARTESIAN_POINT('',(64.15,-66.9,0.));
#2641 = DIRECTION('',(0.,0.,1.));
#2642 = DIRECTION('',(1.,0.,-0.));
#2643 = CYLINDRICAL_SURFACE('',#2644,0.6);
#2644 = AXIS2_PLACEMENT_3D('',#2645,#2646,#2647);
#2645 = CARTESIAN_POINT('',(64.15,-66.9,0.));
#2646 = DIRECTION('',(-0.,-0.,-1.));
#2647 = DIRECTION('',(1.,0.,-0.));
#2648 = ADVANCED_FACE('',(#2649),#2676,.F.);
#2649 = FACE_BOUND('',#2650,.T.);
#2650 = EDGE_LOOP('',(#2651,#2661,#2668,#2669));
#2651 = ORIENTED_EDGE('',*,*,#2652,.T.);
#2652 = EDGE_CURVE('',#2653,#2655,#2657,.T.);
#2653 = VERTEX_POINT('',#2654);
#2654 = CARTESIAN_POINT('',(97.95,-66.9,0.));
#2655 = VERTEX_POINT('',#2656);
#2656 = CARTESIAN_POINT('',(97.95,-66.9,0.31));
#2657 = LINE('',#2658,#2659);
#2658 = CARTESIAN_POINT('',(97.95,-66.9,0.));
#2659 = VECTOR('',#2660,1.);
#2660 = DIRECTION('',(0.,0.,1.));
#2661 = ORIENTED_EDGE('',*,*,#2662,.T.);
#2662 = EDGE_CURVE('',#2655,#2655,#2663,.T.);
#2663 = CIRCLE('',#2664,0.6);
#2664 = AXIS2_PLACEMENT_3D('',#2665,#2666,#2667);
#2665 = CARTESIAN_POINT('',(97.35,-66.9,0.31));
#2666 = DIRECTION('',(0.,0.,1.));
#2667 = DIRECTION('',(1.,0.,-0.));
#2668 = ORIENTED_EDGE('',*,*,#2652,.F.);
#2669 = ORIENTED_EDGE('',*,*,#2670,.F.);
#2670 = EDGE_CURVE('',#2653,#2653,#2671,.T.);
#2671 = CIRCLE('',#2672,0.6);
#2672 = AXIS2_PLACEMENT_3D('',#2673,#2674,#2675);
#2673 = CARTESIAN_POINT('',(97.35,-66.9,0.));
#2674 = DIRECTION('',(0.,0.,1.));
#2675 = DIRECTION('',(1.,0.,-0.));
#2676 = CYLINDRICAL_SURFACE('',#2677,0.6);
#2677 = AXIS2_PLACEMENT_3D('',#2678,#2679,#2680);
#2678 = CARTESIAN_POINT('',(97.35,-66.9,0.));
#2679 = DIRECTION('',(-0.,-0.,-1.));
#2680 = DIRECTION('',(1.,0.,-0.));
#2681 = ADVANCED_FACE('',(#2682),#2709,.F.);
#2682 = FACE_BOUND('',#2683,.T.);
#2683 = EDGE_LOOP('',(#2684,#2694,#2701,#2702));
#2684 = ORIENTED_EDGE('',*,*,#2685,.T.);
#2685 = EDGE_CURVE('',#2686,#2688,#2690,.T.);
#2686 = VERTEX_POINT('',#2687);
#2687 = CARTESIAN_POINT('',(116.525,-63.49,0.));
#2688 = VERTEX_POINT('',#2689);
#2689 = CARTESIAN_POINT('',(116.525,-63.49,0.31));
#2690 = LINE('',#2691,#2692);
#2691 = CARTESIAN_POINT('',(116.525,-63.49,0.));
#2692 = VECTOR('',#2693,1.);
#2693 = DIRECTION('',(0.,0.,1.));
#2694 = ORIENTED_EDGE('',*,*,#2695,.T.);
#2695 = EDGE_CURVE('',#2688,#2688,#2696,.T.);
#2696 = CIRCLE('',#2697,2.525);
#2697 = AXIS2_PLACEMENT_3D('',#2698,#2699,#2700);
#2698 = CARTESIAN_POINT('',(114.,-63.49,0.31));
#2699 = DIRECTION('',(0.,0.,1.));
#2700 = DIRECTION('',(1.,0.,-0.));
#2701 = ORIENTED_EDGE('',*,*,#2685,.F.);
#2702 = ORIENTED_EDGE('',*,*,#2703,.F.);
#2703 = EDGE_CURVE('',#2686,#2686,#2704,.T.);
#2704 = CIRCLE('',#2705,2.525);
#2705 = AXIS2_PLACEMENT_3D('',#2706,#2707,#2708);
#2706 = CARTESIAN_POINT('',(114.,-63.49,0.));
#2707 = DIRECTION('',(0.,0.,1.));
#2708 = DIRECTION('',(1.,0.,-0.));
#2709 = CYLINDRICAL_SURFACE('',#2710,2.525);
#2710 = AXIS2_PLACEMENT_3D('',#2711,#2712,#2713);
#2711 = CARTESIAN_POINT('',(114.,-63.49,0.));
#2712 = DIRECTION('',(-0.,-0.,-1.));
#2713 = DIRECTION('',(1.,0.,-0.));
#2714 = ADVANCED_FACE('',(#2715),#2742,.F.);
#2715 = FACE_BOUND('',#2716,.T.);
#2716 = EDGE_LOOP('',(#2717,#2727,#2734,#2735));
#2717 = ORIENTED_EDGE('',*,*,#2718,.T.);
#2718 = EDGE_CURVE('',#2719,#2721,#2723,.T.);
#2719 = VERTEX_POINT('',#2720);
#2720 = CARTESIAN_POINT('',(59.8,-64.8,0.));
#2721 = VERTEX_POINT('',#2722);
#2722 = CARTESIAN_POINT('',(59.8,-64.8,0.31));
#2723 = LINE('',#2724,#2725);
#2724 = CARTESIAN_POINT('',(59.8,-64.8,0.));
#2725 = VECTOR('',#2726,1.);
#2726 = DIRECTION('',(0.,0.,1.));
#2727 = ORIENTED_EDGE('',*,*,#2728,.T.);
#2728 = EDGE_CURVE('',#2721,#2721,#2729,.T.);
#2729 = CIRCLE('',#2730,0.6);
#2730 = AXIS2_PLACEMENT_3D('',#2731,#2732,#2733);
#2731 = CARTESIAN_POINT('',(59.2,-64.8,0.31));
#2732 = DIRECTION('',(0.,0.,1.));
#2733 = DIRECTION('',(1.,0.,-0.));
#2734 = ORIENTED_EDGE('',*,*,#2718,.F.);
#2735 = ORIENTED_EDGE('',*,*,#2736,.F.);
#2736 = EDGE_CURVE('',#2719,#2719,#2737,.T.);
#2737 = CIRCLE('',#2738,0.6);
#2738 = AXIS2_PLACEMENT_3D('',#2739,#2740,#2741);
#2739 = CARTESIAN_POINT('',(59.2,-64.8,0.));
#2740 = DIRECTION('',(0.,0.,1.));
#2741 = DIRECTION('',(1.,0.,-0.));
#2742 = CYLINDRICAL_SURFACE('',#2743,0.6);
#2743 = AXIS2_PLACEMENT_3D('',#2744,#2745,#2746);
#2744 = CARTESIAN_POINT('',(59.2,-64.8,0.));
#2745 = DIRECTION('',(-0.,-0.,-1.));
#2746 = DIRECTION('',(1.,0.,-0.));
#2747 = ADVANCED_FACE('',(#2748),#2775,.F.);
#2748 = FACE_BOUND('',#2749,.T.);
#2749 = EDGE_LOOP('',(#2750,#2760,#2767,#2768));
#2750 = ORIENTED_EDGE('',*,*,#2751,.T.);
#2751 = EDGE_CURVE('',#2752,#2754,#2756,.T.);
#2752 = VERTEX_POINT('',#2753);
#2753 = CARTESIAN_POINT('',(93.,-64.8,0.));
#2754 = VERTEX_POINT('',#2755);
#2755 = CARTESIAN_POINT('',(93.,-64.8,0.31));
#2756 = LINE('',#2757,#2758);
#2757 = CARTESIAN_POINT('',(93.,-64.8,0.));
#2758 = VECTOR('',#2759,1.);
#2759 = DIRECTION('',(0.,0.,1.));
#2760 = ORIENTED_EDGE('',*,*,#2761,.T.);
#2761 = EDGE_CURVE('',#2754,#2754,#2762,.T.);
#2762 = CIRCLE('',#2763,0.6);
#2763 = AXIS2_PLACEMENT_3D('',#2764,#2765,#2766);
#2764 = CARTESIAN_POINT('',(92.4,-64.8,0.31));
#2765 = DIRECTION('',(0.,0.,1.));
#2766 = DIRECTION('',(1.,0.,-0.));
#2767 = ORIENTED_EDGE('',*,*,#2751,.F.);
#2768 = ORIENTED_EDGE('',*,*,#2769,.F.);
#2769 = EDGE_CURVE('',#2752,#2752,#2770,.T.);
#2770 = CIRCLE('',#2771,0.6);
#2771 = AXIS2_PLACEMENT_3D('',#2772,#2773,#2774);
#2772 = CARTESIAN_POINT('',(92.4,-64.8,0.));
#2773 = DIRECTION('',(0.,0.,1.));
#2774 = DIRECTION('',(1.,0.,-0.));
#2775 = CYLINDRICAL_SURFACE('',#2776,0.6);
#2776 = AXIS2_PLACEMENT_3D('',#2777,#2778,#2779);
#2777 = CARTESIAN_POINT('',(92.4,-64.8,0.));
#2778 = DIRECTION('',(-0.,-0.,-1.));
#2779 = DIRECTION('',(1.,0.,-0.));
#2780 = ADVANCED_FACE('',(#2781),#2808,.F.);
#2781 = FACE_BOUND('',#2782,.T.);
#2782 = EDGE_LOOP('',(#2783,#2793,#2800,#2801));
#2783 = ORIENTED_EDGE('',*,*,#2784,.T.);
#2784 = EDGE_CURVE('',#2785,#2787,#2789,.T.);
#2785 = VERTEX_POINT('',#2786);
#2786 = CARTESIAN_POINT('',(81.35,-64.41,0.));
#2787 = VERTEX_POINT('',#2788);
#2788 = CARTESIAN_POINT('',(81.35,-64.41,0.31));
#2789 = LINE('',#2790,#2791);
#2790 = CARTESIAN_POINT('',(81.35,-64.41,0.));
#2791 = VECTOR('',#2792,1.);
#2792 = DIRECTION('',(0.,0.,1.));
#2793 = ORIENTED_EDGE('',*,*,#2794,.T.);
#2794 = EDGE_CURVE('',#2787,#2787,#2795,.T.);
#2795 = CIRCLE('',#2796,0.6);
#2796 = AXIS2_PLACEMENT_3D('',#2797,#2798,#2799);
#2797 = CARTESIAN_POINT('',(80.75,-64.41,0.31));
#2798 = DIRECTION('',(0.,0.,1.));
#2799 = DIRECTION('',(1.,0.,-0.));
#2800 = ORIENTED_EDGE('',*,*,#2784,.F.);
#2801 = ORIENTED_EDGE('',*,*,#2802,.F.);
#2802 = EDGE_CURVE('',#2785,#2785,#2803,.T.);
#2803 = CIRCLE('',#2804,0.6);
#2804 = AXIS2_PLACEMENT_3D('',#2805,#2806,#2807);
#2805 = CARTESIAN_POINT('',(80.75,-64.41,0.));
#2806 = DIRECTION('',(0.,0.,1.));
#2807 = DIRECTION('',(1.,0.,-0.));
#2808 = CYLINDRICAL_SURFACE('',#2809,0.6);
#2809 = AXIS2_PLACEMENT_3D('',#2810,#2811,#2812);
#2810 = CARTESIAN_POINT('',(80.75,-64.41,0.));
#2811 = DIRECTION('',(-0.,-0.,-1.));
#2812 = DIRECTION('',(1.,0.,-0.));
#2813 = ADVANCED_FACE('',(#2814),#2841,.F.);
#2814 = FACE_BOUND('',#2815,.T.);
#2815 = EDGE_LOOP('',(#2816,#2826,#2833,#2834));
#2816 = ORIENTED_EDGE('',*,*,#2817,.T.);
#2817 = EDGE_CURVE('',#2818,#2820,#2822,.T.);
#2818 = VERTEX_POINT('',#2819);
#2819 = CARTESIAN_POINT('',(36.6,-63.01,0.));
#2820 = VERTEX_POINT('',#2821);
#2821 = CARTESIAN_POINT('',(36.6,-63.01,0.31));
#2822 = LINE('',#2823,#2824);
#2823 = CARTESIAN_POINT('',(36.6,-63.01,0.));
#2824 = VECTOR('',#2825,1.);
#2825 = DIRECTION('',(0.,0.,1.));
#2826 = ORIENTED_EDGE('',*,*,#2827,.T.);
#2827 = EDGE_CURVE('',#2820,#2820,#2828,.T.);
#2828 = CIRCLE('',#2829,0.6);
#2829 = AXIS2_PLACEMENT_3D('',#2830,#2831,#2832);
#2830 = CARTESIAN_POINT('',(36.,-63.01,0.31));
#2831 = DIRECTION('',(0.,0.,1.));
#2832 = DIRECTION('',(1.,0.,-0.));
#2833 = ORIENTED_EDGE('',*,*,#2817,.F.);
#2834 = ORIENTED_EDGE('',*,*,#2835,.F.);
#2835 = EDGE_CURVE('',#2818,#2818,#2836,.T.);
#2836 = CIRCLE('',#2837,0.6);
#2837 = AXIS2_PLACEMENT_3D('',#2838,#2839,#2840);
#2838 = CARTESIAN_POINT('',(36.,-63.01,0.));
#2839 = DIRECTION('',(0.,0.,1.));
#2840 = DIRECTION('',(1.,0.,-0.));
#2841 = CYLINDRICAL_SURFACE('',#2842,0.6);
#2842 = AXIS2_PLACEMENT_3D('',#2843,#2844,#2845);
#2843 = CARTESIAN_POINT('',(36.,-63.01,0.));
#2844 = DIRECTION('',(-0.,-0.,-1.));
#2845 = DIRECTION('',(1.,0.,-0.));
#2846 = ADVANCED_FACE('',(#2847),#2874,.F.);
#2847 = FACE_BOUND('',#2848,.T.);
#2848 = EDGE_LOOP('',(#2849,#2859,#2866,#2867));
#2849 = ORIENTED_EDGE('',*,*,#2850,.T.);
#2850 = EDGE_CURVE('',#2851,#2853,#2855,.T.);
#2851 = VERTEX_POINT('',#2852);
#2852 = CARTESIAN_POINT('',(66.725,-61.,0.));
#2853 = VERTEX_POINT('',#2854);
#2854 = CARTESIAN_POINT('',(66.725,-61.,0.31));
#2855 = LINE('',#2856,#2857);
#2856 = CARTESIAN_POINT('',(66.725,-61.,0.));
#2857 = VECTOR('',#2858,1.);
#2858 = DIRECTION('',(0.,0.,1.));
#2859 = ORIENTED_EDGE('',*,*,#2860,.T.);
#2860 = EDGE_CURVE('',#2853,#2853,#2861,.T.);
#2861 = CIRCLE('',#2862,2.525);
#2862 = AXIS2_PLACEMENT_3D('',#2863,#2864,#2865);
#2863 = CARTESIAN_POINT('',(64.2,-61.,0.31));
#2864 = DIRECTION('',(0.,0.,1.));
#2865 = DIRECTION('',(1.,0.,-0.));
#2866 = ORIENTED_EDGE('',*,*,#2850,.F.);
#2867 = ORIENTED_EDGE('',*,*,#2868,.F.);
#2868 = EDGE_CURVE('',#2851,#2851,#2869,.T.);
#2869 = CIRCLE('',#2870,2.525);
#2870 = AXIS2_PLACEMENT_3D('',#2871,#2872,#2873);
#2871 = CARTESIAN_POINT('',(64.2,-61.,0.));
#2872 = DIRECTION('',(0.,0.,1.));
#2873 = DIRECTION('',(1.,0.,-0.));
#2874 = CYLINDRICAL_SURFACE('',#2875,2.525);
#2875 = AXIS2_PLACEMENT_3D('',#2876,#2877,#2878);
#2876 = CARTESIAN_POINT('',(64.2,-61.,0.));
#2877 = DIRECTION('',(-0.,-0.,-1.));
#2878 = DIRECTION('',(1.,0.,-0.));
#2879 = ADVANCED_FACE('',(#2880),#2907,.F.);
#2880 = FACE_BOUND('',#2881,.T.);
#2881 = EDGE_LOOP('',(#2882,#2892,#2899,#2900));
#2882 = ORIENTED_EDGE('',*,*,#2883,.T.);
#2883 = EDGE_CURVE('',#2884,#2886,#2888,.T.);
#2884 = VERTEX_POINT('',#2885);
#2885 = CARTESIAN_POINT('',(99.925,-61.,0.));
#2886 = VERTEX_POINT('',#2887);
#2887 = CARTESIAN_POINT('',(99.925,-61.,0.31));
#2888 = LINE('',#2889,#2890);
#2889 = CARTESIAN_POINT('',(99.925,-61.,0.));
#2890 = VECTOR('',#2891,1.);
#2891 = DIRECTION('',(0.,0.,1.));
#2892 = ORIENTED_EDGE('',*,*,#2893,.T.);
#2893 = EDGE_CURVE('',#2886,#2886,#2894,.T.);
#2894 = CIRCLE('',#2895,2.525);
#2895 = AXIS2_PLACEMENT_3D('',#2896,#2897,#2898);
#2896 = CARTESIAN_POINT('',(97.4,-61.,0.31));
#2897 = DIRECTION('',(0.,0.,1.));
#2898 = DIRECTION('',(1.,0.,-0.));
#2899 = ORIENTED_EDGE('',*,*,#2883,.F.);
#2900 = ORIENTED_EDGE('',*,*,#2901,.F.);
#2901 = EDGE_CURVE('',#2884,#2884,#2902,.T.);
#2902 = CIRCLE('',#2903,2.525);
#2903 = AXIS2_PLACEMENT_3D('',#2904,#2905,#2906);
#2904 = CARTESIAN_POINT('',(97.4,-61.,0.));
#2905 = DIRECTION('',(0.,0.,1.));
#2906 = DIRECTION('',(1.,0.,-0.));
#2907 = CYLINDRICAL_SURFACE('',#2908,2.525);
#2908 = AXIS2_PLACEMENT_3D('',#2909,#2910,#2911);
#2909 = CARTESIAN_POINT('',(97.4,-61.,0.));
#2910 = DIRECTION('',(-0.,-0.,-1.));
#2911 = DIRECTION('',(1.,0.,-0.));
#2912 = ADVANCED_FACE('',(#2913),#2940,.F.);
#2913 = FACE_BOUND('',#2914,.T.);
#2914 = EDGE_LOOP('',(#2915,#2925,#2932,#2933));
#2915 = ORIENTED_EDGE('',*,*,#2916,.T.);
#2916 = EDGE_CURVE('',#2917,#2919,#2921,.T.);
#2917 = VERTEX_POINT('',#2918);
#2918 = CARTESIAN_POINT('',(76.4,-62.31,0.));
#2919 = VERTEX_POINT('',#2920);
#2920 = CARTESIAN_POINT('',(76.4,-62.31,0.31));
#2921 = LINE('',#2922,#2923);
#2922 = CARTESIAN_POINT('',(76.4,-62.31,0.));
#2923 = VECTOR('',#2924,1.);
#2924 = DIRECTION('',(0.,0.,1.));
#2925 = ORIENTED_EDGE('',*,*,#2926,.T.);
#2926 = EDGE_CURVE('',#2919,#2919,#2927,.T.);
#2927 = CIRCLE('',#2928,0.6);
#2928 = AXIS2_PLACEMENT_3D('',#2929,#2930,#2931);
#2929 = CARTESIAN_POINT('',(75.8,-62.31,0.31));
#2930 = DIRECTION('',(0.,0.,1.));
#2931 = DIRECTION('',(1.,0.,-0.));
#2932 = ORIENTED_EDGE('',*,*,#2916,.F.);
#2933 = ORIENTED_EDGE('',*,*,#2934,.F.);
#2934 = EDGE_CURVE('',#2917,#2917,#2935,.T.);
#2935 = CIRCLE('',#2936,0.6);
#2936 = AXIS2_PLACEMENT_3D('',#2937,#2938,#2939);
#2937 = CARTESIAN_POINT('',(75.8,-62.31,0.));
#2938 = DIRECTION('',(0.,0.,1.));
#2939 = DIRECTION('',(1.,0.,-0.));
#2940 = CYLINDRICAL_SURFACE('',#2941,0.6);
#2941 = AXIS2_PLACEMENT_3D('',#2942,#2943,#2944);
#2942 = CARTESIAN_POINT('',(75.8,-62.31,0.));
#2943 = DIRECTION('',(-0.,-0.,-1.));
#2944 = DIRECTION('',(1.,0.,-0.));
#2945 = ADVANCED_FACE('',(#2946),#2973,.F.);
#2946 = FACE_BOUND('',#2947,.T.);
#2947 = EDGE_LOOP('',(#2948,#2958,#2965,#2966));
#2948 = ORIENTED_EDGE('',*,*,#2949,.T.);
#2949 = EDGE_CURVE('',#2950,#2952,#2954,.T.);
#2950 = VERTEX_POINT('',#2951);
#2951 = CARTESIAN_POINT('',(31.65,-60.91,0.));
#2952 = VERTEX_POINT('',#2953);
#2953 = CARTESIAN_POINT('',(31.65,-60.91,0.31));
#2954 = LINE('',#2955,#2956);
#2955 = CARTESIAN_POINT('',(31.65,-60.91,0.));
#2956 = VECTOR('',#2957,1.);
#2957 = DIRECTION('',(0.,0.,1.));
#2958 = ORIENTED_EDGE('',*,*,#2959,.T.);
#2959 = EDGE_CURVE('',#2952,#2952,#2960,.T.);
#2960 = CIRCLE('',#2961,0.6);
#2961 = AXIS2_PLACEMENT_3D('',#2962,#2963,#2964);
#2962 = CARTESIAN_POINT('',(31.05,-60.91,0.31));
#2963 = DIRECTION('',(0.,0.,1.));
#2964 = DIRECTION('',(1.,0.,-0.));
#2965 = ORIENTED_EDGE('',*,*,#2949,.F.);
#2966 = ORIENTED_EDGE('',*,*,#2967,.F.);
#2967 = EDGE_CURVE('',#2950,#2950,#2968,.T.);
#2968 = CIRCLE('',#2969,0.6);
#2969 = AXIS2_PLACEMENT_3D('',#2970,#2971,#2972);
#2970 = CARTESIAN_POINT('',(31.05,-60.91,0.));
#2971 = DIRECTION('',(0.,0.,1.));
#2972 = DIRECTION('',(1.,0.,-0.));
#2973 = CYLINDRICAL_SURFACE('',#2974,0.6);
#2974 = AXIS2_PLACEMENT_3D('',#2975,#2976,#2977);
#2975 = CARTESIAN_POINT('',(31.05,-60.91,0.));
#2976 = DIRECTION('',(-0.,-0.,-1.));
#2977 = DIRECTION('',(1.,0.,-0.));
#2978 = ADVANCED_FACE('',(#2979),#3006,.F.);
#2979 = FACE_BOUND('',#2980,.T.);
#2980 = EDGE_LOOP('',(#2981,#2991,#2998,#2999));
#2981 = ORIENTED_EDGE('',*,*,#2982,.T.);
#2982 = EDGE_CURVE('',#2983,#2985,#2987,.T.);
#2983 = VERTEX_POINT('',#2984);
#2984 = CARTESIAN_POINT('',(83.325,-58.51,0.));
#2985 = VERTEX_POINT('',#2986);
#2986 = CARTESIAN_POINT('',(83.325,-58.51,0.31));
#2987 = LINE('',#2988,#2989);
#2988 = CARTESIAN_POINT('',(83.325,-58.51,0.));
#2989 = VECTOR('',#2990,1.);
#2990 = DIRECTION('',(0.,0.,1.));
#2991 = ORIENTED_EDGE('',*,*,#2992,.T.);
#2992 = EDGE_CURVE('',#2985,#2985,#2993,.T.);
#2993 = CIRCLE('',#2994,2.525);
#2994 = AXIS2_PLACEMENT_3D('',#2995,#2996,#2997);
#2995 = CARTESIAN_POINT('',(80.8,-58.51,0.31));
#2996 = DIRECTION('',(0.,0.,1.));
#2997 = DIRECTION('',(1.,0.,-0.));
#2998 = ORIENTED_EDGE('',*,*,#2982,.F.);
#2999 = ORIENTED_EDGE('',*,*,#3000,.F.);
#3000 = EDGE_CURVE('',#2983,#2983,#3001,.T.);
#3001 = CIRCLE('',#3002,2.525);
#3002 = AXIS2_PLACEMENT_3D('',#3003,#3004,#3005);
#3003 = CARTESIAN_POINT('',(80.8,-58.51,0.));
#3004 = DIRECTION('',(0.,0.,1.));
#3005 = DIRECTION('',(1.,0.,-0.));
#3006 = CYLINDRICAL_SURFACE('',#3007,2.525);
#3007 = AXIS2_PLACEMENT_3D('',#3008,#3009,#3010);
#3008 = CARTESIAN_POINT('',(80.8,-58.51,0.));
#3009 = DIRECTION('',(-0.,-0.,-1.));
#3010 = DIRECTION('',(1.,0.,-0.));
#3011 = ADVANCED_FACE('',(#3012),#3039,.F.);
#3012 = FACE_BOUND('',#3013,.T.);
#3013 = EDGE_LOOP('',(#3014,#3024,#3031,#3032));
#3014 = ORIENTED_EDGE('',*,*,#3015,.T.);
#3015 = EDGE_CURVE('',#3016,#3018,#3020,.T.);
#3016 = VERTEX_POINT('',#3017);
#3017 = CARTESIAN_POINT('',(53.4,-60.,0.));
#3018 = VERTEX_POINT('',#3019);
#3019 = CARTESIAN_POINT('',(53.4,-60.,0.31));
#3020 = LINE('',#3021,#3022);
#3021 = CARTESIAN_POINT('',(53.4,-60.,0.));
#3022 = VECTOR('',#3023,1.);
#3023 = DIRECTION('',(0.,0.,1.));
#3024 = ORIENTED_EDGE('',*,*,#3025,.T.);
#3025 = EDGE_CURVE('',#3018,#3018,#3026,.T.);
#3026 = CIRCLE('',#3027,0.8);
#3027 = AXIS2_PLACEMENT_3D('',#3028,#3029,#3030);
#3028 = CARTESIAN_POINT('',(52.6,-60.,0.31));
#3029 = DIRECTION('',(0.,0.,1.));
#3030 = DIRECTION('',(1.,0.,-0.));
#3031 = ORIENTED_EDGE('',*,*,#3015,.F.);
#3032 = ORIENTED_EDGE('',*,*,#3033,.F.);
#3033 = EDGE_CURVE('',#3016,#3016,#3034,.T.);
#3034 = CIRCLE('',#3035,0.8);
#3035 = AXIS2_PLACEMENT_3D('',#3036,#3037,#3038);
#3036 = CARTESIAN_POINT('',(52.6,-60.,0.));
#3037 = DIRECTION('',(0.,0.,1.));
#3038 = DIRECTION('',(1.,0.,-0.));
#3039 = CYLINDRICAL_SURFACE('',#3040,0.8);
#3040 = AXIS2_PLACEMENT_3D('',#3041,#3042,#3043);
#3041 = CARTESIAN_POINT('',(52.6,-60.,0.));
#3042 = DIRECTION('',(-0.,-0.,-1.));
#3043 = DIRECTION('',(1.,0.,-0.));
#3044 = ADVANCED_FACE('',(#3045),#3072,.F.);
#3045 = FACE_BOUND('',#3046,.T.);
#3046 = EDGE_LOOP('',(#3047,#3057,#3064,#3065));
#3047 = ORIENTED_EDGE('',*,*,#3048,.T.);
#3048 = EDGE_CURVE('',#3049,#3051,#3053,.T.);
#3049 = VERTEX_POINT('',#3050);
#3050 = CARTESIAN_POINT('',(119.8,-58.34,0.));
#3051 = VERTEX_POINT('',#3052);
#3052 = CARTESIAN_POINT('',(119.8,-58.34,0.31));
#3053 = LINE('',#3054,#3055);
#3054 = CARTESIAN_POINT('',(119.8,-58.34,0.));
#3055 = VECTOR('',#3056,1.);
#3056 = DIRECTION('',(0.,0.,1.));
#3057 = ORIENTED_EDGE('',*,*,#3058,.T.);
#3058 = EDGE_CURVE('',#3051,#3051,#3059,.T.);
#3059 = CIRCLE('',#3060,0.8);
#3060 = AXIS2_PLACEMENT_3D('',#3061,#3062,#3063);
#3061 = CARTESIAN_POINT('',(119.,-58.34,0.31));
#3062 = DIRECTION('',(0.,0.,1.));
#3063 = DIRECTION('',(1.,0.,-0.));
#3064 = ORIENTED_EDGE('',*,*,#3048,.F.);
#3065 = ORIENTED_EDGE('',*,*,#3066,.F.);
#3066 = EDGE_CURVE('',#3049,#3049,#3067,.T.);
#3067 = CIRCLE('',#3068,0.8);
#3068 = AXIS2_PLACEMENT_3D('',#3069,#3070,#3071);
#3069 = CARTESIAN_POINT('',(119.,-58.34,0.));
#3070 = DIRECTION('',(0.,0.,1.));
#3071 = DIRECTION('',(1.,0.,-0.));
#3072 = CYLINDRICAL_SURFACE('',#3073,0.8);
#3073 = AXIS2_PLACEMENT_3D('',#3074,#3075,#3076);
#3074 = CARTESIAN_POINT('',(119.,-58.34,0.));
#3075 = DIRECTION('',(-0.,-0.,-1.));
#3076 = DIRECTION('',(1.,0.,-0.));
#3077 = ADVANCED_FACE('',(#3078),#3105,.F.);
#3078 = FACE_BOUND('',#3079,.T.);
#3079 = EDGE_LOOP('',(#3080,#3090,#3097,#3098));
#3080 = ORIENTED_EDGE('',*,*,#3081,.T.);
#3081 = EDGE_CURVE('',#3082,#3084,#3086,.T.);
#3082 = VERTEX_POINT('',#3083);
#3083 = CARTESIAN_POINT('',(70.,-55.85,0.));
#3084 = VERTEX_POINT('',#3085);
#3085 = CARTESIAN_POINT('',(70.,-55.85,0.31));
#3086 = LINE('',#3087,#3088);
#3087 = CARTESIAN_POINT('',(70.,-55.85,0.));
#3088 = VECTOR('',#3089,1.);
#3089 = DIRECTION('',(0.,0.,1.));
#3090 = ORIENTED_EDGE('',*,*,#3091,.T.);
#3091 = EDGE_CURVE('',#3084,#3084,#3092,.T.);
#3092 = CIRCLE('',#3093,0.8);
#3093 = AXIS2_PLACEMENT_3D('',#3094,#3095,#3096);
#3094 = CARTESIAN_POINT('',(69.2,-55.85,0.31));
#3095 = DIRECTION('',(0.,0.,1.));
#3096 = DIRECTION('',(1.,0.,-0.));
#3097 = ORIENTED_EDGE('',*,*,#3081,.F.);
#3098 = ORIENTED_EDGE('',*,*,#3099,.F.);
#3099 = EDGE_CURVE('',#3082,#3082,#3100,.T.);
#3100 = CIRCLE('',#3101,0.8);
#3101 = AXIS2_PLACEMENT_3D('',#3102,#3103,#3104);
#3102 = CARTESIAN_POINT('',(69.2,-55.85,0.));
#3103 = DIRECTION('',(0.,0.,1.));
#3104 = DIRECTION('',(1.,0.,-0.));
#3105 = CYLINDRICAL_SURFACE('',#3106,0.8);
#3106 = AXIS2_PLACEMENT_3D('',#3107,#3108,#3109);
#3107 = CARTESIAN_POINT('',(69.2,-55.85,0.));
#3108 = DIRECTION('',(-0.,-0.,-1.));
#3109 = DIRECTION('',(1.,0.,-0.));
#3110 = ADVANCED_FACE('',(#3111),#3138,.F.);
#3111 = FACE_BOUND('',#3112,.T.);
#3112 = EDGE_LOOP('',(#3113,#3123,#3130,#3131));
#3113 = ORIENTED_EDGE('',*,*,#3114,.T.);
#3114 = EDGE_CURVE('',#3115,#3117,#3119,.T.);
#3115 = VERTEX_POINT('',#3116);
#3116 = CARTESIAN_POINT('',(103.2,-55.85,0.));
#3117 = VERTEX_POINT('',#3118);
#3118 = CARTESIAN_POINT('',(103.2,-55.85,0.31));
#3119 = LINE('',#3120,#3121);
#3120 = CARTESIAN_POINT('',(103.2,-55.85,0.));
#3121 = VECTOR('',#3122,1.);
#3122 = DIRECTION('',(0.,0.,1.));
#3123 = ORIENTED_EDGE('',*,*,#3124,.T.);
#3124 = EDGE_CURVE('',#3117,#3117,#3125,.T.);
#3125 = CIRCLE('',#3126,0.8);
#3126 = AXIS2_PLACEMENT_3D('',#3127,#3128,#3129);
#3127 = CARTESIAN_POINT('',(102.4,-55.85,0.31));
#3128 = DIRECTION('',(0.,0.,1.));
#3129 = DIRECTION('',(1.,0.,-0.));
#3130 = ORIENTED_EDGE('',*,*,#3114,.F.);
#3131 = ORIENTED_EDGE('',*,*,#3132,.F.);
#3132 = EDGE_CURVE('',#3115,#3115,#3133,.T.);
#3133 = CIRCLE('',#3134,0.8);
#3134 = AXIS2_PLACEMENT_3D('',#3135,#3136,#3137);
#3135 = CARTESIAN_POINT('',(102.4,-55.85,0.));
#3136 = DIRECTION('',(0.,0.,1.));
#3137 = DIRECTION('',(1.,0.,-0.));
#3138 = CYLINDRICAL_SURFACE('',#3139,0.8);
#3139 = AXIS2_PLACEMENT_3D('',#3140,#3141,#3142);
#3140 = CARTESIAN_POINT('',(102.4,-55.85,0.));
#3141 = DIRECTION('',(-0.,-0.,-1.));
#3142 = DIRECTION('',(1.,0.,-0.));
#3143 = ADVANCED_FACE('',(#3144),#3171,.F.);
#3144 = FACE_BOUND('',#3145,.T.);
#3145 = EDGE_LOOP('',(#3146,#3156,#3163,#3164));
#3146 = ORIENTED_EDGE('',*,*,#3147,.T.);
#3147 = EDGE_CURVE('',#3148,#3150,#3152,.T.);
#3148 = VERTEX_POINT('',#3149);
#3149 = CARTESIAN_POINT('',(86.6,-53.36,0.));
#3150 = VERTEX_POINT('',#3151);
#3151 = CARTESIAN_POINT('',(86.6,-53.36,0.31));
#3152 = LINE('',#3153,#3154);
#3153 = CARTESIAN_POINT('',(86.6,-53.36,0.));
#3154 = VECTOR('',#3155,1.);
#3155 = DIRECTION('',(0.,0.,1.));
#3156 = ORIENTED_EDGE('',*,*,#3157,.T.);
#3157 = EDGE_CURVE('',#3150,#3150,#3158,.T.);
#3158 = CIRCLE('',#3159,0.8);
#3159 = AXIS2_PLACEMENT_3D('',#3160,#3161,#3162);
#3160 = CARTESIAN_POINT('',(85.8,-53.36,0.31));
#3161 = DIRECTION('',(0.,0.,1.));
#3162 = DIRECTION('',(1.,0.,-0.));
#3163 = ORIENTED_EDGE('',*,*,#3147,.F.);
#3164 = ORIENTED_EDGE('',*,*,#3165,.F.);
#3165 = EDGE_CURVE('',#3148,#3148,#3166,.T.);
#3166 = CIRCLE('',#3167,0.8);
#3167 = AXIS2_PLACEMENT_3D('',#3168,#3169,#3170);
#3168 = CARTESIAN_POINT('',(85.8,-53.36,0.));
#3169 = DIRECTION('',(0.,0.,1.));
#3170 = DIRECTION('',(1.,0.,-0.));
#3171 = CYLINDRICAL_SURFACE('',#3172,0.8);
#3172 = AXIS2_PLACEMENT_3D('',#3173,#3174,#3175);
#3173 = CARTESIAN_POINT('',(85.8,-53.36,0.));
#3174 = DIRECTION('',(-0.,-0.,-1.));
#3175 = DIRECTION('',(1.,0.,-0.));
#3176 = ADVANCED_FACE('',(#3177,#3191,#3194,#3197,#3200,#3203,#3206,
    #3209,#3212,#3215,#3218,#3221,#3224,#3227,#3230,#3233,#3236,#3239,
    #3242,#3245,#3248,#3251,#3254,#3257,#3260,#3263,#3266,#3269,#3272,
    #3275,#3278,#3281,#3284,#3287,#3290,#3293,#3296,#3299,#3302,#3305,
    #3308,#3311,#3314,#3317,#3320,#3323,#3326,#3329,#3332,#3335,#3338,
    #3341,#3344,#3347,#3350,#3353,#3356,#3359,#3362,#3365,#3368,#3371,
    #3374,#3377,#3380,#3383,#3386,#3389,#3392,#3395,#3398,#3401,#3404,
    #3407,#3410,#3413,#3416,#3419,#3422,#3425,#3428,#3431,#3434,#3437,
    #3440),#3443,.F.);
#3177 = FACE_BOUND('',#3178,.T.);
#3178 = EDGE_LOOP('',(#3179,#3180,#3181,#3182,#3183,#3184,#3185,#3186,
    #3187,#3188,#3189,#3190));
#3179 = ORIENTED_EDGE('',*,*,#62,.T.);
#3180 = ORIENTED_EDGE('',*,*,#93,.T.);
#3181 = ORIENTED_EDGE('',*,*,#124,.T.);
#3182 = ORIENTED_EDGE('',*,*,#155,.T.);
#3183 = ORIENTED_EDGE('',*,*,#186,.T.);
#3184 = ORIENTED_EDGE('',*,*,#217,.T.);
#3185 = ORIENTED_EDGE('',*,*,#248,.T.);
#3186 = ORIENTED_EDGE('',*,*,#279,.T.);
#3187 = ORIENTED_EDGE('',*,*,#310,.T.);
#3188 = ORIENTED_EDGE('',*,*,#341,.T.);
#3189 = ORIENTED_EDGE('',*,*,#372,.T.);
#3190 = ORIENTED_EDGE('',*,*,#394,.T.);
#3191 = FACE_BOUND('',#3192,.T.);
#3192 = EDGE_LOOP('',(#3193));
#3193 = ORIENTED_EDGE('',*,*,#426,.T.);
#3194 = FACE_BOUND('',#3195,.T.);
#3195 = EDGE_LOOP('',(#3196));
#3196 = ORIENTED_EDGE('',*,*,#459,.T.);
#3197 = FACE_BOUND('',#3198,.T.);
#3198 = EDGE_LOOP('',(#3199));
#3199 = ORIENTED_EDGE('',*,*,#492,.T.);
#3200 = FACE_BOUND('',#3201,.T.);
#3201 = EDGE_LOOP('',(#3202));
#3202 = ORIENTED_EDGE('',*,*,#525,.T.);
#3203 = FACE_BOUND('',#3204,.T.);
#3204 = EDGE_LOOP('',(#3205));
#3205 = ORIENTED_EDGE('',*,*,#558,.T.);
#3206 = FACE_BOUND('',#3207,.T.);
#3207 = EDGE_LOOP('',(#3208));
#3208 = ORIENTED_EDGE('',*,*,#591,.T.);
#3209 = FACE_BOUND('',#3210,.T.);
#3210 = EDGE_LOOP('',(#3211));
#3211 = ORIENTED_EDGE('',*,*,#624,.T.);
#3212 = FACE_BOUND('',#3213,.T.);
#3213 = EDGE_LOOP('',(#3214));
#3214 = ORIENTED_EDGE('',*,*,#657,.T.);
#3215 = FACE_BOUND('',#3216,.T.);
#3216 = EDGE_LOOP('',(#3217));
#3217 = ORIENTED_EDGE('',*,*,#690,.T.);
#3218 = FACE_BOUND('',#3219,.T.);
#3219 = EDGE_LOOP('',(#3220));
#3220 = ORIENTED_EDGE('',*,*,#723,.T.);
#3221 = FACE_BOUND('',#3222,.T.);
#3222 = EDGE_LOOP('',(#3223));
#3223 = ORIENTED_EDGE('',*,*,#756,.T.);
#3224 = FACE_BOUND('',#3225,.T.);
#3225 = EDGE_LOOP('',(#3226));
#3226 = ORIENTED_EDGE('',*,*,#789,.T.);
#3227 = FACE_BOUND('',#3228,.T.);
#3228 = EDGE_LOOP('',(#3229));
#3229 = ORIENTED_EDGE('',*,*,#822,.T.);
#3230 = FACE_BOUND('',#3231,.T.);
#3231 = EDGE_LOOP('',(#3232));
#3232 = ORIENTED_EDGE('',*,*,#855,.T.);
#3233 = FACE_BOUND('',#3234,.T.);
#3234 = EDGE_LOOP('',(#3235));
#3235 = ORIENTED_EDGE('',*,*,#888,.T.);
#3236 = FACE_BOUND('',#3237,.T.);
#3237 = EDGE_LOOP('',(#3238));
#3238 = ORIENTED_EDGE('',*,*,#921,.T.);
#3239 = FACE_BOUND('',#3240,.T.);
#3240 = EDGE_LOOP('',(#3241));
#3241 = ORIENTED_EDGE('',*,*,#954,.T.);
#3242 = FACE_BOUND('',#3243,.T.);
#3243 = EDGE_LOOP('',(#3244));
#3244 = ORIENTED_EDGE('',*,*,#987,.T.);
#3245 = FACE_BOUND('',#3246,.T.);
#3246 = EDGE_LOOP('',(#3247));
#3247 = ORIENTED_EDGE('',*,*,#1020,.T.);
#3248 = FACE_BOUND('',#3249,.T.);
#3249 = EDGE_LOOP('',(#3250));
#3250 = ORIENTED_EDGE('',*,*,#1053,.T.);
#3251 = FACE_BOUND('',#3252,.T.);
#3252 = EDGE_LOOP('',(#3253));
#3253 = ORIENTED_EDGE('',*,*,#1086,.T.);
#3254 = FACE_BOUND('',#3255,.T.);
#3255 = EDGE_LOOP('',(#3256));
#3256 = ORIENTED_EDGE('',*,*,#1119,.T.);
#3257 = FACE_BOUND('',#3258,.T.);
#3258 = EDGE_LOOP('',(#3259));
#3259 = ORIENTED_EDGE('',*,*,#1152,.T.);
#3260 = FACE_BOUND('',#3261,.T.);
#3261 = EDGE_LOOP('',(#3262));
#3262 = ORIENTED_EDGE('',*,*,#1185,.T.);
#3263 = FACE_BOUND('',#3264,.T.);
#3264 = EDGE_LOOP('',(#3265));
#3265 = ORIENTED_EDGE('',*,*,#1218,.T.);
#3266 = FACE_BOUND('',#3267,.T.);
#3267 = EDGE_LOOP('',(#3268));
#3268 = ORIENTED_EDGE('',*,*,#1251,.T.);
#3269 = FACE_BOUND('',#3270,.T.);
#3270 = EDGE_LOOP('',(#3271));
#3271 = ORIENTED_EDGE('',*,*,#1284,.T.);
#3272 = FACE_BOUND('',#3273,.T.);
#3273 = EDGE_LOOP('',(#3274));
#3274 = ORIENTED_EDGE('',*,*,#1317,.T.);
#3275 = FACE_BOUND('',#3276,.T.);
#3276 = EDGE_LOOP('',(#3277));
#3277 = ORIENTED_EDGE('',*,*,#1350,.T.);
#3278 = FACE_BOUND('',#3279,.T.);
#3279 = EDGE_LOOP('',(#3280));
#3280 = ORIENTED_EDGE('',*,*,#1383,.T.);
#3281 = FACE_BOUND('',#3282,.T.);
#3282 = EDGE_LOOP('',(#3283));
#3283 = ORIENTED_EDGE('',*,*,#1416,.T.);
#3284 = FACE_BOUND('',#3285,.T.);
#3285 = EDGE_LOOP('',(#3286));
#3286 = ORIENTED_EDGE('',*,*,#1449,.T.);
#3287 = FACE_BOUND('',#3288,.T.);
#3288 = EDGE_LOOP('',(#3289));
#3289 = ORIENTED_EDGE('',*,*,#1482,.T.);
#3290 = FACE_BOUND('',#3291,.T.);
#3291 = EDGE_LOOP('',(#3292));
#3292 = ORIENTED_EDGE('',*,*,#1515,.T.);
#3293 = FACE_BOUND('',#3294,.T.);
#3294 = EDGE_LOOP('',(#3295));
#3295 = ORIENTED_EDGE('',*,*,#1548,.T.);
#3296 = FACE_BOUND('',#3297,.T.);
#3297 = EDGE_LOOP('',(#3298));
#3298 = ORIENTED_EDGE('',*,*,#1581,.T.);
#3299 = FACE_BOUND('',#3300,.T.);
#3300 = EDGE_LOOP('',(#3301));
#3301 = ORIENTED_EDGE('',*,*,#1614,.T.);
#3302 = FACE_BOUND('',#3303,.T.);
#3303 = EDGE_LOOP('',(#3304));
#3304 = ORIENTED_EDGE('',*,*,#1647,.T.);
#3305 = FACE_BOUND('',#3306,.T.);
#3306 = EDGE_LOOP('',(#3307));
#3307 = ORIENTED_EDGE('',*,*,#1680,.T.);
#3308 = FACE_BOUND('',#3309,.T.);
#3309 = EDGE_LOOP('',(#3310));
#3310 = ORIENTED_EDGE('',*,*,#1713,.T.);
#3311 = FACE_BOUND('',#3312,.T.);
#3312 = EDGE_LOOP('',(#3313));
#3313 = ORIENTED_EDGE('',*,*,#1746,.T.);
#3314 = FACE_BOUND('',#3315,.T.);
#3315 = EDGE_LOOP('',(#3316));
#3316 = ORIENTED_EDGE('',*,*,#1779,.T.);
#3317 = FACE_BOUND('',#3318,.T.);
#3318 = EDGE_LOOP('',(#3319));
#3319 = ORIENTED_EDGE('',*,*,#1812,.T.);
#3320 = FACE_BOUND('',#3321,.T.);
#3321 = EDGE_LOOP('',(#3322));
#3322 = ORIENTED_EDGE('',*,*,#1845,.T.);
#3323 = FACE_BOUND('',#3324,.T.);
#3324 = EDGE_LOOP('',(#3325));
#3325 = ORIENTED_EDGE('',*,*,#1878,.T.);
#3326 = FACE_BOUND('',#3327,.T.);
#3327 = EDGE_LOOP('',(#3328));
#3328 = ORIENTED_EDGE('',*,*,#1911,.T.);
#3329 = FACE_BOUND('',#3330,.T.);
#3330 = EDGE_LOOP('',(#3331));
#3331 = ORIENTED_EDGE('',*,*,#1944,.T.);
#3332 = FACE_BOUND('',#3333,.T.);
#3333 = EDGE_LOOP('',(#3334));
#3334 = ORIENTED_EDGE('',*,*,#1977,.T.);
#3335 = FACE_BOUND('',#3336,.T.);
#3336 = EDGE_LOOP('',(#3337));
#3337 = ORIENTED_EDGE('',*,*,#2010,.T.);
#3338 = FACE_BOUND('',#3339,.T.);
#3339 = EDGE_LOOP('',(#3340));
#3340 = ORIENTED_EDGE('',*,*,#2043,.T.);
#3341 = FACE_BOUND('',#3342,.T.);
#3342 = EDGE_LOOP('',(#3343));
#3343 = ORIENTED_EDGE('',*,*,#2076,.T.);
#3344 = FACE_BOUND('',#3345,.T.);
#3345 = EDGE_LOOP('',(#3346));
#3346 = ORIENTED_EDGE('',*,*,#2109,.T.);
#3347 = FACE_BOUND('',#3348,.T.);
#3348 = EDGE_LOOP('',(#3349));
#3349 = ORIENTED_EDGE('',*,*,#2142,.T.);
#3350 = FACE_BOUND('',#3351,.T.);
#3351 = EDGE_LOOP('',(#3352));
#3352 = ORIENTED_EDGE('',*,*,#2175,.T.);
#3353 = FACE_BOUND('',#3354,.T.);
#3354 = EDGE_LOOP('',(#3355));
#3355 = ORIENTED_EDGE('',*,*,#2208,.T.);
#3356 = FACE_BOUND('',#3357,.T.);
#3357 = EDGE_LOOP('',(#3358));
#3358 = ORIENTED_EDGE('',*,*,#2241,.T.);
#3359 = FACE_BOUND('',#3360,.T.);
#3360 = EDGE_LOOP('',(#3361));
#3361 = ORIENTED_EDGE('',*,*,#2274,.T.);
#3362 = FACE_BOUND('',#3363,.T.);
#3363 = EDGE_LOOP('',(#3364));
#3364 = ORIENTED_EDGE('',*,*,#2307,.T.);
#3365 = FACE_BOUND('',#3366,.T.);
#3366 = EDGE_LOOP('',(#3367));
#3367 = ORIENTED_EDGE('',*,*,#2340,.T.);
#3368 = FACE_BOUND('',#3369,.T.);
#3369 = EDGE_LOOP('',(#3370));
#3370 = ORIENTED_EDGE('',*,*,#2373,.T.);
#3371 = FACE_BOUND('',#3372,.T.);
#3372 = EDGE_LOOP('',(#3373));
#3373 = ORIENTED_EDGE('',*,*,#2406,.T.);
#3374 = FACE_BOUND('',#3375,.T.);
#3375 = EDGE_LOOP('',(#3376));
#3376 = ORIENTED_EDGE('',*,*,#2439,.T.);
#3377 = FACE_BOUND('',#3378,.T.);
#3378 = EDGE_LOOP('',(#3379));
#3379 = ORIENTED_EDGE('',*,*,#2472,.T.);
#3380 = FACE_BOUND('',#3381,.T.);
#3381 = EDGE_LOOP('',(#3382));
#3382 = ORIENTED_EDGE('',*,*,#2505,.T.);
#3383 = FACE_BOUND('',#3384,.T.);
#3384 = EDGE_LOOP('',(#3385));
#3385 = ORIENTED_EDGE('',*,*,#2538,.T.);
#3386 = FACE_BOUND('',#3387,.T.);
#3387 = EDGE_LOOP('',(#3388));
#3388 = ORIENTED_EDGE('',*,*,#2571,.T.);
#3389 = FACE_BOUND('',#3390,.T.);
#3390 = EDGE_LOOP('',(#3391));
#3391 = ORIENTED_EDGE('',*,*,#2604,.T.);
#3392 = FACE_BOUND('',#3393,.T.);
#3393 = EDGE_LOOP('',(#3394));
#3394 = ORIENTED_EDGE('',*,*,#2637,.T.);
#3395 = FACE_BOUND('',#3396,.T.);
#3396 = EDGE_LOOP('',(#3397));
#3397 = ORIENTED_EDGE('',*,*,#2670,.T.);
#3398 = FACE_BOUND('',#3399,.T.);
#3399 = EDGE_LOOP('',(#3400));
#3400 = ORIENTED_EDGE('',*,*,#2703,.T.);
#3401 = FACE_BOUND('',#3402,.T.);
#3402 = EDGE_LOOP('',(#3403));
#3403 = ORIENTED_EDGE('',*,*,#2736,.T.);
#3404 = FACE_BOUND('',#3405,.T.);
#3405 = EDGE_LOOP('',(#3406));
#3406 = ORIENTED_EDGE('',*,*,#2769,.T.);
#3407 = FACE_BOUND('',#3408,.T.);
#3408 = EDGE_LOOP('',(#3409));
#3409 = ORIENTED_EDGE('',*,*,#2802,.T.);
#3410 = FACE_BOUND('',#3411,.T.);
#3411 = EDGE_LOOP('',(#3412));
#3412 = ORIENTED_EDGE('',*,*,#2835,.T.);
#3413 = FACE_BOUND('',#3414,.T.);
#3414 = EDGE_LOOP('',(#3415));
#3415 = ORIENTED_EDGE('',*,*,#2868,.T.);
#3416 = FACE_BOUND('',#3417,.T.);
#3417 = EDGE_LOOP('',(#3418));
#3418 = ORIENTED_EDGE('',*,*,#2901,.T.);
#3419 = FACE_BOUND('',#3420,.T.);
#3420 = EDGE_LOOP('',(#3421));
#3421 = ORIENTED_EDGE('',*,*,#2934,.T.);
#3422 = FACE_BOUND('',#3423,.T.);
#3423 = EDGE_LOOP('',(#3424));
#3424 = ORIENTED_EDGE('',*,*,#2967,.T.);
#3425 = FACE_BOUND('',#3426,.T.);
#3426 = EDGE_LOOP('',(#3427));
#3427 = ORIENTED_EDGE('',*,*,#3000,.T.);
#3428 = FACE_BOUND('',#3429,.T.);
#3429 = EDGE_LOOP('',(#3430));
#3430 = ORIENTED_EDGE('',*,*,#3033,.T.);
#3431 = FACE_BOUND('',#3432,.T.);
#3432 = EDGE_LOOP('',(#3433));
#3433 = ORIENTED_EDGE('',*,*,#3066,.T.);
#3434 = FACE_BOUND('',#3435,.T.);
#3435 = EDGE_LOOP('',(#3436));
#3436 = ORIENTED_EDGE('',*,*,#3099,.T.);
#3437 = FACE_BOUND('',#3438,.T.);
#3438 = EDGE_LOOP('',(#3439));
#3439 = ORIENTED_EDGE('',*,*,#3132,.T.);
#3440 = FACE_BOUND('',#3441,.T.);
#3441 = EDGE_LOOP('',(#3442));
#3442 = ORIENTED_EDGE('',*,*,#3165,.T.);
#3443 = PLANE('',#3444);
#3444 = AXIS2_PLACEMENT_3D('',#3445,#3446,#3447);
#3445 = CARTESIAN_POINT('',(0.,0.,0.));
#3446 = DIRECTION('',(0.,0.,1.));
#3447 = DIRECTION('',(1.,0.,-0.));
#3448 = ADVANCED_FACE('',(#3449,#3463,#3466,#3469,#3472,#3475,#3478,
    #3481,#3484,#3487,#3490,#3493,#3496,#3499,#3502,#3505,#3508,#3511,
    #3514,#3517,#3520,#3523,#3526,#3529,#3532,#3535,#3538,#3541,#3544,
    #3547,#3550,#3553,#3556,#3559,#3562,#3565,#3568,#3571,#3574,#3577,
    #3580,#3583,#3586,#3589,#3592,#3595,#3598,#3601,#3604,#3607,#3610,
    #3613,#3616,#3619,#3622,#3625,#3628,#3631,#3634,#3637,#3640,#3643,
    #3646,#3649,#3652,#3655,#3658,#3661,#3664,#3667,#3670,#3673,#3676,
    #3679,#3682,#3685,#3688,#3691,#3694,#3697,#3700,#3703,#3706,#3709,
    #3712),#3715,.T.);
#3449 = FACE_BOUND('',#3450,.F.);
#3450 = EDGE_LOOP('',(#3451,#3452,#3453,#3454,#3455,#3456,#3457,#3458,
    #3459,#3460,#3461,#3462));
#3451 = ORIENTED_EDGE('',*,*,#46,.T.);
#3452 = ORIENTED_EDGE('',*,*,#77,.T.);
#3453 = ORIENTED_EDGE('',*,*,#108,.T.);
#3454 = ORIENTED_EDGE('',*,*,#139,.T.);
#3455 = ORIENTED_EDGE('',*,*,#170,.T.);
#3456 = ORIENTED_EDGE('',*,*,#201,.T.);
#3457 = ORIENTED_EDGE('',*,*,#232,.T.);
#3458 = ORIENTED_EDGE('',*,*,#263,.T.);
#3459 = ORIENTED_EDGE('',*,*,#294,.T.);
#3460 = ORIENTED_EDGE('',*,*,#325,.T.);
#3461 = ORIENTED_EDGE('',*,*,#356,.T.);
#3462 = ORIENTED_EDGE('',*,*,#387,.T.);
#3463 = FACE_BOUND('',#3464,.F.);
#3464 = EDGE_LOOP('',(#3465));
#3465 = ORIENTED_EDGE('',*,*,#418,.T.);
#3466 = FACE_BOUND('',#3467,.F.);
#3467 = EDGE_LOOP('',(#3468));
#3468 = ORIENTED_EDGE('',*,*,#451,.T.);
#3469 = FACE_BOUND('',#3470,.F.);
#3470 = EDGE_LOOP('',(#3471));
#3471 = ORIENTED_EDGE('',*,*,#484,.T.);
#3472 = FACE_BOUND('',#3473,.F.);
#3473 = EDGE_LOOP('',(#3474));
#3474 = ORIENTED_EDGE('',*,*,#517,.T.);
#3475 = FACE_BOUND('',#3476,.F.);
#3476 = EDGE_LOOP('',(#3477));
#3477 = ORIENTED_EDGE('',*,*,#550,.T.);
#3478 = FACE_BOUND('',#3479,.F.);
#3479 = EDGE_LOOP('',(#3480));
#3480 = ORIENTED_EDGE('',*,*,#583,.T.);
#3481 = FACE_BOUND('',#3482,.F.);
#3482 = EDGE_LOOP('',(#3483));
#3483 = ORIENTED_EDGE('',*,*,#616,.T.);
#3484 = FACE_BOUND('',#3485,.F.);
#3485 = EDGE_LOOP('',(#3486));
#3486 = ORIENTED_EDGE('',*,*,#649,.T.);
#3487 = FACE_BOUND('',#3488,.F.);
#3488 = EDGE_LOOP('',(#3489));
#3489 = ORIENTED_EDGE('',*,*,#682,.T.);
#3490 = FACE_BOUND('',#3491,.F.);
#3491 = EDGE_LOOP('',(#3492));
#3492 = ORIENTED_EDGE('',*,*,#715,.T.);
#3493 = FACE_BOUND('',#3494,.F.);
#3494 = EDGE_LOOP('',(#3495));
#3495 = ORIENTED_EDGE('',*,*,#748,.T.);
#3496 = FACE_BOUND('',#3497,.F.);
#3497 = EDGE_LOOP('',(#3498));
#3498 = ORIENTED_EDGE('',*,*,#781,.T.);
#3499 = FACE_BOUND('',#3500,.F.);
#3500 = EDGE_LOOP('',(#3501));
#3501 = ORIENTED_EDGE('',*,*,#814,.T.);
#3502 = FACE_BOUND('',#3503,.F.);
#3503 = EDGE_LOOP('',(#3504));
#3504 = ORIENTED_EDGE('',*,*,#847,.T.);
#3505 = FACE_BOUND('',#3506,.F.);
#3506 = EDGE_LOOP('',(#3507));
#3507 = ORIENTED_EDGE('',*,*,#880,.T.);
#3508 = FACE_BOUND('',#3509,.F.);
#3509 = EDGE_LOOP('',(#3510));
#3510 = ORIENTED_EDGE('',*,*,#913,.T.);
#3511 = FACE_BOUND('',#3512,.F.);
#3512 = EDGE_LOOP('',(#3513));
#3513 = ORIENTED_EDGE('',*,*,#946,.T.);
#3514 = FACE_BOUND('',#3515,.F.);
#3515 = EDGE_LOOP('',(#3516));
#3516 = ORIENTED_EDGE('',*,*,#979,.T.);
#3517 = FACE_BOUND('',#3518,.F.);
#3518 = EDGE_LOOP('',(#3519));
#3519 = ORIENTED_EDGE('',*,*,#1012,.T.);
#3520 = FACE_BOUND('',#3521,.F.);
#3521 = EDGE_LOOP('',(#3522));
#3522 = ORIENTED_EDGE('',*,*,#1045,.T.);
#3523 = FACE_BOUND('',#3524,.F.);
#3524 = EDGE_LOOP('',(#3525));
#3525 = ORIENTED_EDGE('',*,*,#1078,.T.);
#3526 = FACE_BOUND('',#3527,.F.);
#3527 = EDGE_LOOP('',(#3528));
#3528 = ORIENTED_EDGE('',*,*,#1111,.T.);
#3529 = FACE_BOUND('',#3530,.F.);
#3530 = EDGE_LOOP('',(#3531));
#3531 = ORIENTED_EDGE('',*,*,#1144,.T.);
#3532 = FACE_BOUND('',#3533,.F.);
#3533 = EDGE_LOOP('',(#3534));
#3534 = ORIENTED_EDGE('',*,*,#1177,.T.);
#3535 = FACE_BOUND('',#3536,.F.);
#3536 = EDGE_LOOP('',(#3537));
#3537 = ORIENTED_EDGE('',*,*,#1210,.T.);
#3538 = FACE_BOUND('',#3539,.F.);
#3539 = EDGE_LOOP('',(#3540));
#3540 = ORIENTED_EDGE('',*,*,#1243,.T.);
#3541 = FACE_BOUND('',#3542,.F.);
#3542 = EDGE_LOOP('',(#3543));
#3543 = ORIENTED_EDGE('',*,*,#1276,.T.);
#3544 = FACE_BOUND('',#3545,.F.);
#3545 = EDGE_LOOP('',(#3546));
#3546 = ORIENTED_EDGE('',*,*,#1309,.T.);
#3547 = FACE_BOUND('',#3548,.F.);
#3548 = EDGE_LOOP('',(#3549));
#3549 = ORIENTED_EDGE('',*,*,#1342,.T.);
#3550 = FACE_BOUND('',#3551,.F.);
#3551 = EDGE_LOOP('',(#3552));
#3552 = ORIENTED_EDGE('',*,*,#1375,.T.);
#3553 = FACE_BOUND('',#3554,.F.);
#3554 = EDGE_LOOP('',(#3555));
#3555 = ORIENTED_EDGE('',*,*,#1408,.T.);
#3556 = FACE_BOUND('',#3557,.F.);
#3557 = EDGE_LOOP('',(#3558));
#3558 = ORIENTED_EDGE('',*,*,#1441,.T.);
#3559 = FACE_BOUND('',#3560,.F.);
#3560 = EDGE_LOOP('',(#3561));
#3561 = ORIENTED_EDGE('',*,*,#1474,.T.);
#3562 = FACE_BOUND('',#3563,.F.);
#3563 = EDGE_LOOP('',(#3564));
#3564 = ORIENTED_EDGE('',*,*,#1507,.T.);
#3565 = FACE_BOUND('',#3566,.F.);
#3566 = EDGE_LOOP('',(#3567));
#3567 = ORIENTED_EDGE('',*,*,#1540,.T.);
#3568 = FACE_BOUND('',#3569,.F.);
#3569 = EDGE_LOOP('',(#3570));
#3570 = ORIENTED_EDGE('',*,*,#1573,.T.);
#3571 = FACE_BOUND('',#3572,.F.);
#3572 = EDGE_LOOP('',(#3573));
#3573 = ORIENTED_EDGE('',*,*,#1606,.T.);
#3574 = FACE_BOUND('',#3575,.F.);
#3575 = EDGE_LOOP('',(#3576));
#3576 = ORIENTED_EDGE('',*,*,#1639,.T.);
#3577 = FACE_BOUND('',#3578,.F.);
#3578 = EDGE_LOOP('',(#3579));
#3579 = ORIENTED_EDGE('',*,*,#1672,.T.);
#3580 = FACE_BOUND('',#3581,.F.);
#3581 = EDGE_LOOP('',(#3582));
#3582 = ORIENTED_EDGE('',*,*,#1705,.T.);
#3583 = FACE_BOUND('',#3584,.F.);
#3584 = EDGE_LOOP('',(#3585));
#3585 = ORIENTED_EDGE('',*,*,#1738,.T.);
#3586 = FACE_BOUND('',#3587,.F.);
#3587 = EDGE_LOOP('',(#3588));
#3588 = ORIENTED_EDGE('',*,*,#1771,.T.);
#3589 = FACE_BOUND('',#3590,.F.);
#3590 = EDGE_LOOP('',(#3591));
#3591 = ORIENTED_EDGE('',*,*,#1804,.T.);
#3592 = FACE_BOUND('',#3593,.F.);
#3593 = EDGE_LOOP('',(#3594));
#3594 = ORIENTED_EDGE('',*,*,#1837,.T.);
#3595 = FACE_BOUND('',#3596,.F.);
#3596 = EDGE_LOOP('',(#3597));
#3597 = ORIENTED_EDGE('',*,*,#1870,.T.);
#3598 = FACE_BOUND('',#3599,.F.);
#3599 = EDGE_LOOP('',(#3600));
#3600 = ORIENTED_EDGE('',*,*,#1903,.T.);
#3601 = FACE_BOUND('',#3602,.F.);
#3602 = EDGE_LOOP('',(#3603));
#3603 = ORIENTED_EDGE('',*,*,#1936,.T.);
#3604 = FACE_BOUND('',#3605,.F.);
#3605 = EDGE_LOOP('',(#3606));
#3606 = ORIENTED_EDGE('',*,*,#1969,.T.);
#3607 = FACE_BOUND('',#3608,.F.);
#3608 = EDGE_LOOP('',(#3609));
#3609 = ORIENTED_EDGE('',*,*,#2002,.T.);
#3610 = FACE_BOUND('',#3611,.F.);
#3611 = EDGE_LOOP('',(#3612));
#3612 = ORIENTED_EDGE('',*,*,#2035,.T.);
#3613 = FACE_BOUND('',#3614,.F.);
#3614 = EDGE_LOOP('',(#3615));
#3615 = ORIENTED_EDGE('',*,*,#2068,.T.);
#3616 = FACE_BOUND('',#3617,.F.);
#3617 = EDGE_LOOP('',(#3618));
#3618 = ORIENTED_EDGE('',*,*,#2101,.T.);
#3619 = FACE_BOUND('',#3620,.F.);
#3620 = EDGE_LOOP('',(#3621));
#3621 = ORIENTED_EDGE('',*,*,#2134,.T.);
#3622 = FACE_BOUND('',#3623,.F.);
#3623 = EDGE_LOOP('',(#3624));
#3624 = ORIENTED_EDGE('',*,*,#2167,.T.);
#3625 = FACE_BOUND('',#3626,.F.);
#3626 = EDGE_LOOP('',(#3627));
#3627 = ORIENTED_EDGE('',*,*,#2200,.T.);
#3628 = FACE_BOUND('',#3629,.F.);
#3629 = EDGE_LOOP('',(#3630));
#3630 = ORIENTED_EDGE('',*,*,#2233,.T.);
#3631 = FACE_BOUND('',#3632,.F.);
#3632 = EDGE_LOOP('',(#3633));
#3633 = ORIENTED_EDGE('',*,*,#2266,.T.);
#3634 = FACE_BOUND('',#3635,.F.);
#3635 = EDGE_LOOP('',(#3636));
#3636 = ORIENTED_EDGE('',*,*,#2299,.T.);
#3637 = FACE_BOUND('',#3638,.F.);
#3638 = EDGE_LOOP('',(#3639));
#3639 = ORIENTED_EDGE('',*,*,#2332,.T.);
#3640 = FACE_BOUND('',#3641,.F.);
#3641 = EDGE_LOOP('',(#3642));
#3642 = ORIENTED_EDGE('',*,*,#2365,.T.);
#3643 = FACE_BOUND('',#3644,.F.);
#3644 = EDGE_LOOP('',(#3645));
#3645 = ORIENTED_EDGE('',*,*,#2398,.T.);
#3646 = FACE_BOUND('',#3647,.F.);
#3647 = EDGE_LOOP('',(#3648));
#3648 = ORIENTED_EDGE('',*,*,#2431,.T.);
#3649 = FACE_BOUND('',#3650,.F.);
#3650 = EDGE_LOOP('',(#3651));
#3651 = ORIENTED_EDGE('',*,*,#2464,.T.);
#3652 = FACE_BOUND('',#3653,.F.);
#3653 = EDGE_LOOP('',(#3654));
#3654 = ORIENTED_EDGE('',*,*,#2497,.T.);
#3655 = FACE_BOUND('',#3656,.F.);
#3656 = EDGE_LOOP('',(#3657));
#3657 = ORIENTED_EDGE('',*,*,#2530,.T.);
#3658 = FACE_BOUND('',#3659,.F.);
#3659 = EDGE_LOOP('',(#3660));
#3660 = ORIENTED_EDGE('',*,*,#2563,.T.);
#3661 = FACE_BOUND('',#3662,.F.);
#3662 = EDGE_LOOP('',(#3663));
#3663 = ORIENTED_EDGE('',*,*,#2596,.T.);
#3664 = FACE_BOUND('',#3665,.F.);
#3665 = EDGE_LOOP('',(#3666));
#3666 = ORIENTED_EDGE('',*,*,#2629,.T.);
#3667 = FACE_BOUND('',#3668,.F.);
#3668 = EDGE_LOOP('',(#3669));
#3669 = ORIENTED_EDGE('',*,*,#2662,.T.);
#3670 = FACE_BOUND('',#3671,.F.);
#3671 = EDGE_LOOP('',(#3672));
#3672 = ORIENTED_EDGE('',*,*,#2695,.T.);
#3673 = FACE_BOUND('',#3674,.F.);
#3674 = EDGE_LOOP('',(#3675));
#3675 = ORIENTED_EDGE('',*,*,#2728,.T.);
#3676 = FACE_BOUND('',#3677,.F.);
#3677 = EDGE_LOOP('',(#3678));
#3678 = ORIENTED_EDGE('',*,*,#2761,.T.);
#3679 = FACE_BOUND('',#3680,.F.);
#3680 = EDGE_LOOP('',(#3681));
#3681 = ORIENTED_EDGE('',*,*,#2794,.T.);
#3682 = FACE_BOUND('',#3683,.F.);
#3683 = EDGE_LOOP('',(#3684));
#3684 = ORIENTED_EDGE('',*,*,#2827,.T.);
#3685 = FACE_BOUND('',#3686,.F.);
#3686 = EDGE_LOOP('',(#3687));
#3687 = ORIENTED_EDGE('',*,*,#2860,.T.);
#3688 = FACE_BOUND('',#3689,.F.);
#3689 = EDGE_LOOP('',(#3690));
#3690 = ORIENTED_EDGE('',*,*,#2893,.T.);
#3691 = FACE_BOUND('',#3692,.F.);
#3692 = EDGE_LOOP('',(#3693));
#3693 = ORIENTED_EDGE('',*,*,#2926,.T.);
#3694 = FACE_BOUND('',#3695,.F.);
#3695 = EDGE_LOOP('',(#3696));
#3696 = ORIENTED_EDGE('',*,*,#2959,.T.);
#3697 = FACE_BOUND('',#3698,.F.);
#3698 = EDGE_LOOP('',(#3699));
#3699 = ORIENTED_EDGE('',*,*,#2992,.T.);
#3700 = FACE_BOUND('',#3701,.F.);
#3701 = EDGE_LOOP('',(#3702));
#3702 = ORIENTED_EDGE('',*,*,#3025,.T.);
#3703 = FACE_BOUND('',#3704,.F.);
#3704 = EDGE_LOOP('',(#3705));
#3705 = ORIENTED_EDGE('',*,*,#3058,.T.);
#3706 = FACE_BOUND('',#3707,.F.);
#3707 = EDGE_LOOP('',(#3708));
#3708 = ORIENTED_EDGE('',*,*,#3091,.T.);
#3709 = FACE_BOUND('',#3710,.F.);
#3710 = EDGE_LOOP('',(#3711));
#3711 = ORIENTED_EDGE('',*,*,#3124,.T.);
#3712 = FACE_BOUND('',#3713,.F.);
#3713 = EDGE_LOOP('',(#3714));
#3714 = ORIENTED_EDGE('',*,*,#3157,.T.);
#3715 = PLANE('',#3716);
#3716 = AXIS2_PLACEMENT_3D('',#3717,#3718,#3719);
#3717 = CARTESIAN_POINT('',(0.,0.,0.31));
#3718 = DIRECTION('',(0.,0.,1.));
#3719 = DIRECTION('',(1.,0.,-0.));
#3720 = ( GEOMETRIC_REPRESENTATION_CONTEXT(3) 
GLOBAL_UNCERTAINTY_ASSIGNED_CONTEXT((#3724)) 
GLOBAL_UNIT_ASSIGNED_CONTEXT((#3721,#3722,#3723)) REPRESENTATION_CONTEXT
('Context #1','3D Context with UNIT and UNCERTAINTY') );
#3721 = ( LENGTH_UNIT() NAMED_UNIT(*) SI_UNIT(.MILLI.,.METRE.) );
#3722 = ( NAMED_UNIT(*) PLANE_ANGLE_UNIT() SI_UNIT($,.RADIAN.) );
#3723 = ( NAMED_UNIT(*) SI_UNIT($,.STERADIAN.) SOLID_ANGLE_UNIT() );
#3724 = UNCERTAINTY_MEASURE_WITH_UNIT(LENGTH_MEASURE(1.E-07),#3721,
  'distance_accuracy_value','confusion accuracy');
#3725 = SHAPE_DEFINITION_REPRESENTATION(#3726,#29);
#3726 = PRODUCT_DEFINITION_SHAPE('','',#3727);
#3727 = PRODUCT_DEFINITION('design','',#3728,#3731);
#3728 = PRODUCT_DEFINITION_FORMATION('','',#3729);
#3729 = PRODUCT('switch-foam_PCB_1','switch-foam_PCB_1','',(#3730));
#3730 = PRODUCT_CONTEXT('',#2,'mechanical');
#3731 = PRODUCT_DEFINITION_CONTEXT('part definition',#2,'design');
#3732 = CONTEXT_DEPENDENT_SHAPE_REPRESENTATION(#3733,#3735);
#3733 = ( REPRESENTATION_RELATIONSHIP('','',#29,#10) 
REPRESENTATION_RELATIONSHIP_WITH_TRANSFORMATION(#3734) 
SHAPE_REPRESENTATION_RELATIONSHIP() );
#3734 = ITEM_DEFINED_TRANSFORMATION('','',#11,#15);
#3735 = PRODUCT_DEFINITION_SHAPE('Placement','Placement of an item',
  #3736);
#3736 = NEXT_ASSEMBLY_USAGE_OCCURRENCE('1','','',#5,#3727,$);
#3737 = PRODUCT_RELATED_PRODUCT_CATEGORY('part',$,(#3729));
#3738 = ADVANCED_BREP_SHAPE_REPRESENTATION('',(#11,#3739),#7429);
#3739 = MANIFOLD_SOLID_BREP('',#3740);
#3740 = CLOSED_SHELL('',(#3741,#3781,#3812,#3843,#3874,#3905,#3936,#3967
    ,#3998,#4029,#4060,#4091,#4113,#4146,#4179,#4212,#4245,#4278,#4311,
    #4344,#4377,#4410,#4443,#4476,#4509,#4542,#4575,#4608,#4641,#4674,
    #4707,#4740,#4773,#4806,#4839,#4872,#4905,#4938,#4971,#5004,#5037,
    #5070,#5103,#5136,#5169,#5202,#5235,#5268,#5301,#5334,#5367,#5400,
    #5433,#5466,#5499,#5532,#5565,#5598,#5631,#5664,#5697,#5730,#5763,
    #5796,#5829,#5862,#5895,#5928,#5961,#5994,#6027,#6060,#6093,#6126,
    #6159,#6192,#6225,#6258,#6291,#6324,#6357,#6390,#6423,#6456,#6489,
    #6522,#6555,#6588,#6621,#6654,#6687,#6720,#6753,#6786,#6819,#6852,
    #6885,#7157));
#3741 = ADVANCED_FACE('',(#3742),#3776,.T.);
#3742 = FACE_BOUND('',#3743,.T.);
#3743 = EDGE_LOOP('',(#3744,#3754,#3762,#3770));
#3744 = ORIENTED_EDGE('',*,*,#3745,.T.);
#3745 = EDGE_CURVE('',#3746,#3748,#3750,.T.);
#3746 = VERTEX_POINT('',#3747);
#3747 = CARTESIAN_POINT('',(280.8,-124.8,0.));
#3748 = VERTEX_POINT('',#3749);
#3749 = CARTESIAN_POINT('',(280.8,-124.8,0.31));
#3750 = LINE('',#3751,#3752);
#3751 = CARTESIAN_POINT('',(280.8,-124.8,0.));
#3752 = VECTOR('',#3753,1.);
#3753 = DIRECTION('',(0.,0.,1.));
#3754 = ORIENTED_EDGE('',*,*,#3755,.T.);
#3755 = EDGE_CURVE('',#3748,#3756,#3758,.T.);
#3756 = VERTEX_POINT('',#3757);
#3757 = CARTESIAN_POINT('',(247.1,-124.8,0.31));
#3758 = LINE('',#3759,#3760);
#3759 = CARTESIAN_POINT('',(280.8,-124.8,0.31));
#3760 = VECTOR('',#3761,1.);
#3761 = DIRECTION('',(-1.,0.,0.));
#3762 = ORIENTED_EDGE('',*,*,#3763,.F.);
#3763 = EDGE_CURVE('',#3764,#3756,#3766,.T.);
#3764 = VERTEX_POINT('',#3765);
#3765 = CARTESIAN_POINT('',(247.1,-124.8,0.));
#3766 = LINE('',#3767,#3768);
#3767 = CARTESIAN_POINT('',(247.1,-124.8,0.));
#3768 = VECTOR('',#3769,1.);
#3769 = DIRECTION('',(0.,0.,1.));
#3770 = ORIENTED_EDGE('',*,*,#3771,.F.);
#3771 = EDGE_CURVE('',#3746,#3764,#3772,.T.);
#3772 = LINE('',#3773,#3774);
#3773 = CARTESIAN_POINT('',(280.8,-124.8,0.));
#3774 = VECTOR('',#3775,1.);
#3775 = DIRECTION('',(-1.,0.,0.));
#3776 = PLANE('',#3777);
#3777 = AXIS2_PLACEMENT_3D('',#3778,#3779,#3780);
#3778 = CARTESIAN_POINT('',(280.8,-124.8,0.));
#3779 = DIRECTION('',(0.,-1.,0.));
#3780 = DIRECTION('',(-1.,0.,0.));
#3781 = ADVANCED_FACE('',(#3782),#3807,.T.);
#3782 = FACE_BOUND('',#3783,.T.);
#3783 = EDGE_LOOP('',(#3784,#3785,#3793,#3801));
#3784 = ORIENTED_EDGE('',*,*,#3763,.T.);
#3785 = ORIENTED_EDGE('',*,*,#3786,.T.);
#3786 = EDGE_CURVE('',#3756,#3787,#3789,.T.);
#3787 = VERTEX_POINT('',#3788);
#3788 = CARTESIAN_POINT('',(247.1,-109.,0.31));
#3789 = LINE('',#3790,#3791);
#3790 = CARTESIAN_POINT('',(247.1,-124.8,0.31));
#3791 = VECTOR('',#3792,1.);
#3792 = DIRECTION('',(0.,1.,0.));
#3793 = ORIENTED_EDGE('',*,*,#3794,.F.);
#3794 = EDGE_CURVE('',#3795,#3787,#3797,.T.);
#3795 = VERTEX_POINT('',#3796);
#3796 = CARTESIAN_POINT('',(247.1,-109.,0.));
#3797 = LINE('',#3798,#3799);
#3798 = CARTESIAN_POINT('',(247.1,-109.,0.));
#3799 = VECTOR('',#3800,1.);
#3800 = DIRECTION('',(0.,0.,1.));
#3801 = ORIENTED_EDGE('',*,*,#3802,.F.);
#3802 = EDGE_CURVE('',#3764,#3795,#3803,.T.);
#3803 = LINE('',#3804,#3805);
#3804 = CARTESIAN_POINT('',(247.1,-124.8,0.));
#3805 = VECTOR('',#3806,1.);
#3806 = DIRECTION('',(0.,1.,0.));
#3807 = PLANE('',#3808);
#3808 = AXIS2_PLACEMENT_3D('',#3809,#3810,#3811);
#3809 = CARTESIAN_POINT('',(247.1,-124.8,0.));
#3810 = DIRECTION('',(-1.,0.,0.));
#3811 = DIRECTION('',(0.,1.,0.));
#3812 = ADVANCED_FACE('',(#3813),#3838,.T.);
#3813 = FACE_BOUND('',#3814,.T.);
#3814 = EDGE_LOOP('',(#3815,#3816,#3824,#3832));
#3815 = ORIENTED_EDGE('',*,*,#3794,.T.);
#3816 = ORIENTED_EDGE('',*,*,#3817,.T.);
#3817 = EDGE_CURVE('',#3787,#3818,#3820,.T.);
#3818 = VERTEX_POINT('',#3819);
#3819 = CARTESIAN_POINT('',(228.7,-109.,0.31));
#3820 = LINE('',#3821,#3822);
#3821 = CARTESIAN_POINT('',(247.1,-109.,0.31));
#3822 = VECTOR('',#3823,1.);
#3823 = DIRECTION('',(-1.,0.,0.));
#3824 = ORIENTED_EDGE('',*,*,#3825,.F.);
#3825 = EDGE_CURVE('',#3826,#3818,#3828,.T.);
#3826 = VERTEX_POINT('',#3827);
#3827 = CARTESIAN_POINT('',(228.7,-109.,0.));
#3828 = LINE('',#3829,#3830);
#3829 = CARTESIAN_POINT('',(228.7,-109.,0.));
#3830 = VECTOR('',#3831,1.);
#3831 = DIRECTION('',(0.,0.,1.));
#3832 = ORIENTED_EDGE('',*,*,#3833,.F.);
#3833 = EDGE_CURVE('',#3795,#3826,#3834,.T.);
#3834 = LINE('',#3835,#3836);
#3835 = CARTESIAN_POINT('',(247.1,-109.,0.));
#3836 = VECTOR('',#3837,1.);
#3837 = DIRECTION('',(-1.,0.,0.));
#3838 = PLANE('',#3839);
#3839 = AXIS2_PLACEMENT_3D('',#3840,#3841,#3842);
#3840 = CARTESIAN_POINT('',(247.1,-109.,0.));
#3841 = DIRECTION('',(0.,-1.,0.));
#3842 = DIRECTION('',(-1.,0.,0.));
#3843 = ADVANCED_FACE('',(#3844),#3869,.T.);
#3844 = FACE_BOUND('',#3845,.T.);
#3845 = EDGE_LOOP('',(#3846,#3847,#3855,#3863));
#3846 = ORIENTED_EDGE('',*,*,#3825,.T.);
#3847 = ORIENTED_EDGE('',*,*,#3848,.T.);
#3848 = EDGE_CURVE('',#3818,#3849,#3851,.T.);
#3849 = VERTEX_POINT('',#3850);
#3850 = CARTESIAN_POINT('',(228.7,-124.8,0.31));
#3851 = LINE('',#3852,#3853);
#3852 = CARTESIAN_POINT('',(228.7,-109.,0.31));
#3853 = VECTOR('',#3854,1.);
#3854 = DIRECTION('',(0.,-1.,0.));
#3855 = ORIENTED_EDGE('',*,*,#3856,.F.);
#3856 = EDGE_CURVE('',#3857,#3849,#3859,.T.);
#3857 = VERTEX_POINT('',#3858);
#3858 = CARTESIAN_POINT('',(228.7,-124.8,0.));
#3859 = LINE('',#3860,#3861);
#3860 = CARTESIAN_POINT('',(228.7,-124.8,0.));
#3861 = VECTOR('',#3862,1.);
#3862 = DIRECTION('',(0.,0.,1.));
#3863 = ORIENTED_EDGE('',*,*,#3864,.F.);
#3864 = EDGE_CURVE('',#3826,#3857,#3865,.T.);
#3865 = LINE('',#3866,#3867);
#3866 = CARTESIAN_POINT('',(228.7,-109.,0.));
#3867 = VECTOR('',#3868,1.);
#3868 = DIRECTION('',(0.,-1.,0.));
#3869 = PLANE('',#3870);
#3870 = AXIS2_PLACEMENT_3D('',#3871,#3872,#3873);
#3871 = CARTESIAN_POINT('',(228.7,-109.,0.));
#3872 = DIRECTION('',(1.,0.,-0.));
#3873 = DIRECTION('',(0.,-1.,0.));
#3874 = ADVANCED_FACE('',(#3875),#3900,.T.);
#3875 = FACE_BOUND('',#3876,.T.);
#3876 = EDGE_LOOP('',(#3877,#3878,#3886,#3894));
#3877 = ORIENTED_EDGE('',*,*,#3856,.T.);
#3878 = ORIENTED_EDGE('',*,*,#3879,.T.);
#3879 = EDGE_CURVE('',#3849,#3880,#3882,.T.);
#3880 = VERTEX_POINT('',#3881);
#3881 = CARTESIAN_POINT('',(185.4,-124.8,0.31));
#3882 = LINE('',#3883,#3884);
#3883 = CARTESIAN_POINT('',(228.7,-124.8,0.31));
#3884 = VECTOR('',#3885,1.);
#3885 = DIRECTION('',(-1.,0.,0.));
#3886 = ORIENTED_EDGE('',*,*,#3887,.F.);
#3887 = EDGE_CURVE('',#3888,#3880,#3890,.T.);
#3888 = VERTEX_POINT('',#3889);
#3889 = CARTESIAN_POINT('',(185.4,-124.8,0.));
#3890 = LINE('',#3891,#3892);
#3891 = CARTESIAN_POINT('',(185.4,-124.8,0.));
#3892 = VECTOR('',#3893,1.);
#3893 = DIRECTION('',(0.,0.,1.));
#3894 = ORIENTED_EDGE('',*,*,#3895,.F.);
#3895 = EDGE_CURVE('',#3857,#3888,#3896,.T.);
#3896 = LINE('',#3897,#3898);
#3897 = CARTESIAN_POINT('',(228.7,-124.8,0.));
#3898 = VECTOR('',#3899,1.);
#3899 = DIRECTION('',(-1.,0.,0.));
#3900 = PLANE('',#3901);
#3901 = AXIS2_PLACEMENT_3D('',#3902,#3903,#3904);
#3902 = CARTESIAN_POINT('',(228.7,-124.8,0.));
#3903 = DIRECTION('',(0.,-1.,0.));
#3904 = DIRECTION('',(-1.,0.,0.));
#3905 = ADVANCED_FACE('',(#3906),#3931,.T.);
#3906 = FACE_BOUND('',#3907,.T.);
#3907 = EDGE_LOOP('',(#3908,#3909,#3917,#3925));
#3908 = ORIENTED_EDGE('',*,*,#3887,.T.);
#3909 = ORIENTED_EDGE('',*,*,#3910,.T.);
#3910 = EDGE_CURVE('',#3880,#3911,#3913,.T.);
#3911 = VERTEX_POINT('',#3912);
#3912 = CARTESIAN_POINT('',(169.2,-134.,0.31));
#3913 = LINE('',#3914,#3915);
#3914 = CARTESIAN_POINT('',(185.4,-124.8,0.31));
#3915 = VECTOR('',#3916,1.);
#3916 = DIRECTION('',(-0.869561334053,-0.493824955141,0.));
#3917 = ORIENTED_EDGE('',*,*,#3918,.F.);
#3918 = EDGE_CURVE('',#3919,#3911,#3921,.T.);
#3919 = VERTEX_POINT('',#3920);
#3920 = CARTESIAN_POINT('',(169.2,-134.,0.));
#3921 = LINE('',#3922,#3923);
#3922 = CARTESIAN_POINT('',(169.2,-134.,0.));
#3923 = VECTOR('',#3924,1.);
#3924 = DIRECTION('',(0.,0.,1.));
#3925 = ORIENTED_EDGE('',*,*,#3926,.F.);
#3926 = EDGE_CURVE('',#3888,#3919,#3927,.T.);
#3927 = LINE('',#3928,#3929);
#3928 = CARTESIAN_POINT('',(185.4,-124.8,0.));
#3929 = VECTOR('',#3930,1.);
#3930 = DIRECTION('',(-0.869561334053,-0.493824955141,0.));
#3931 = PLANE('',#3932);
#3932 = AXIS2_PLACEMENT_3D('',#3933,#3934,#3935);
#3933 = CARTESIAN_POINT('',(185.4,-124.8,0.));
#3934 = DIRECTION('',(0.493824955141,-0.869561334053,0.));
#3935 = DIRECTION('',(-0.869561334053,-0.493824955141,0.));
#3936 = ADVANCED_FACE('',(#3937),#3962,.T.);
#3937 = FACE_BOUND('',#3938,.T.);
#3938 = EDGE_LOOP('',(#3939,#3940,#3948,#3956));
#3939 = ORIENTED_EDGE('',*,*,#3918,.T.);
#3940 = ORIENTED_EDGE('',*,*,#3941,.T.);
#3941 = EDGE_CURVE('',#3911,#3942,#3944,.T.);
#3942 = VERTEX_POINT('',#3943);
#3943 = CARTESIAN_POINT('',(158.2,-114.6,0.31));
#3944 = LINE('',#3945,#3946);
#3945 = CARTESIAN_POINT('',(169.2,-134.,0.31));
#3946 = VECTOR('',#3947,1.);
#3947 = DIRECTION('',(-0.49323882895,0.869893934693,0.));
#3948 = ORIENTED_EDGE('',*,*,#3949,.F.);
#3949 = EDGE_CURVE('',#3950,#3942,#3952,.T.);
#3950 = VERTEX_POINT('',#3951);
#3951 = CARTESIAN_POINT('',(158.2,-114.6,0.));
#3952 = LINE('',#3953,#3954);
#3953 = CARTESIAN_POINT('',(158.2,-114.6,0.));
#3954 = VECTOR('',#3955,1.);
#3955 = DIRECTION('',(0.,0.,1.));
#3956 = ORIENTED_EDGE('',*,*,#3957,.F.);
#3957 = EDGE_CURVE('',#3919,#3950,#3958,.T.);
#3958 = LINE('',#3959,#3960);
#3959 = CARTESIAN_POINT('',(169.2,-134.,0.));
#3960 = VECTOR('',#3961,1.);
#3961 = DIRECTION('',(-0.49323882895,0.869893934693,0.));
#3962 = PLANE('',#3963);
#3963 = AXIS2_PLACEMENT_3D('',#3964,#3965,#3966);
#3964 = CARTESIAN_POINT('',(169.2,-134.,0.));
#3965 = DIRECTION('',(-0.869893934693,-0.49323882895,0.));
#3966 = DIRECTION('',(-0.49323882895,0.869893934693,0.));
#3967 = ADVANCED_FACE('',(#3968),#3993,.T.);
#3968 = FACE_BOUND('',#3969,.T.);
#3969 = EDGE_LOOP('',(#3970,#3971,#3979,#3987));
#3970 = ORIENTED_EDGE('',*,*,#3949,.T.);
#3971 = ORIENTED_EDGE('',*,*,#3972,.T.);
#3972 = EDGE_CURVE('',#3942,#3973,#3975,.T.);
#3973 = VERTEX_POINT('',#3974);
#3974 = CARTESIAN_POINT('',(158.2,-105.,0.31));
#3975 = LINE('',#3976,#3977);
#3976 = CARTESIAN_POINT('',(158.2,-114.6,0.31));
#3977 = VECTOR('',#3978,1.);
#3978 = DIRECTION('',(0.,1.,0.));
#3979 = ORIENTED_EDGE('',*,*,#3980,.F.);
#3980 = EDGE_CURVE('',#3981,#3973,#3983,.T.);
#3981 = VERTEX_POINT('',#3982);
#3982 = CARTESIAN_POINT('',(158.2,-105.,0.));
#3983 = LINE('',#3984,#3985);
#3984 = CARTESIAN_POINT('',(158.2,-105.,0.));
#3985 = VECTOR('',#3986,1.);
#3986 = DIRECTION('',(0.,0.,1.));
#3987 = ORIENTED_EDGE('',*,*,#3988,.F.);
#3988 = EDGE_CURVE('',#3950,#3981,#3989,.T.);
#3989 = LINE('',#3990,#3991);
#3990 = CARTESIAN_POINT('',(158.2,-114.6,0.));
#3991 = VECTOR('',#3992,1.);
#3992 = DIRECTION('',(0.,1.,0.));
#3993 = PLANE('',#3994);
#3994 = AXIS2_PLACEMENT_3D('',#3995,#3996,#3997);
#3995 = CARTESIAN_POINT('',(158.2,-114.6,0.));
#3996 = DIRECTION('',(-1.,0.,0.));
#3997 = DIRECTION('',(0.,1.,0.));
#3998 = ADVANCED_FACE('',(#3999),#4024,.T.);
#3999 = FACE_BOUND('',#4000,.T.);
#4000 = EDGE_LOOP('',(#4001,#4002,#4010,#4018));
#4001 = ORIENTED_EDGE('',*,*,#3980,.T.);
#4002 = ORIENTED_EDGE('',*,*,#4003,.T.);
#4003 = EDGE_CURVE('',#3973,#4004,#4006,.T.);
#4004 = VERTEX_POINT('',#4005);
#4005 = CARTESIAN_POINT('',(180.1,-105.,0.31));
#4006 = LINE('',#4007,#4008);
#4007 = CARTESIAN_POINT('',(158.2,-105.,0.31));
#4008 = VECTOR('',#4009,1.);
#4009 = DIRECTION('',(1.,0.,0.));
#4010 = ORIENTED_EDGE('',*,*,#4011,.F.);
#4011 = EDGE_CURVE('',#4012,#4004,#4014,.T.);
#4012 = VERTEX_POINT('',#4013);
#4013 = CARTESIAN_POINT('',(180.1,-105.,0.));
#4014 = LINE('',#4015,#4016);
#4015 = CARTESIAN_POINT('',(180.1,-105.,0.));
#4016 = VECTOR('',#4017,1.);
#4017 = DIRECTION('',(0.,0.,1.));
#4018 = ORIENTED_EDGE('',*,*,#4019,.F.);
#4019 = EDGE_CURVE('',#3981,#4012,#4020,.T.);
#4020 = LINE('',#4021,#4022);
#4021 = CARTESIAN_POINT('',(158.2,-105.,0.));
#4022 = VECTOR('',#4023,1.);
#4023 = DIRECTION('',(1.,0.,0.));
#4024 = PLANE('',#4025);
#4025 = AXIS2_PLACEMENT_3D('',#4026,#4027,#4028);
#4026 = CARTESIAN_POINT('',(158.2,-105.,0.));
#4027 = DIRECTION('',(0.,1.,0.));
#4028 = DIRECTION('',(1.,0.,0.));
#4029 = ADVANCED_FACE('',(#4030),#4055,.T.);
#4030 = FACE_BOUND('',#4031,.T.);
#4031 = EDGE_LOOP('',(#4032,#4033,#4041,#4049));
#4032 = ORIENTED_EDGE('',*,*,#4011,.T.);
#4033 = ORIENTED_EDGE('',*,*,#4034,.T.);
#4034 = EDGE_CURVE('',#4004,#4035,#4037,.T.);
#4035 = VERTEX_POINT('',#4036);
#4036 = CARTESIAN_POINT('',(180.1,-50.3,0.31));
#4037 = LINE('',#4038,#4039);
#4038 = CARTESIAN_POINT('',(180.1,-105.,0.31));
#4039 = VECTOR('',#4040,1.);
#4040 = DIRECTION('',(0.,1.,0.));
#4041 = ORIENTED_EDGE('',*,*,#4042,.F.);
#4042 = EDGE_CURVE('',#4043,#4035,#4045,.T.);
#4043 = VERTEX_POINT('',#4044);
#4044 = CARTESIAN_POINT('',(180.1,-50.3,0.));
#4045 = LINE('',#4046,#4047);
#4046 = CARTESIAN_POINT('',(180.1,-50.3,0.));
#4047 = VECTOR('',#4048,1.);
#4048 = DIRECTION('',(0.,0.,1.));
#4049 = ORIENTED_EDGE('',*,*,#4050,.F.);
#4050 = EDGE_CURVE('',#4012,#4043,#4051,.T.);
#4051 = LINE('',#4052,#4053);
#4052 = CARTESIAN_POINT('',(180.1,-105.,0.));
#4053 = VECTOR('',#4054,1.);
#4054 = DIRECTION('',(0.,1.,0.));
#4055 = PLANE('',#4056);
#4056 = AXIS2_PLACEMENT_3D('',#4057,#4058,#4059);
#4057 = CARTESIAN_POINT('',(180.1,-105.,0.));
#4058 = DIRECTION('',(-1.,0.,0.));
#4059 = DIRECTION('',(0.,1.,0.));
#4060 = ADVANCED_FACE('',(#4061),#4086,.T.);
#4061 = FACE_BOUND('',#4062,.T.);
#4062 = EDGE_LOOP('',(#4063,#4064,#4072,#4080));
#4063 = ORIENTED_EDGE('',*,*,#4042,.T.);
#4064 = ORIENTED_EDGE('',*,*,#4065,.T.);
#4065 = EDGE_CURVE('',#4035,#4066,#4068,.T.);
#4066 = VERTEX_POINT('',#4067);
#4067 = CARTESIAN_POINT('',(280.8,-50.3,0.31));
#4068 = LINE('',#4069,#4070);
#4069 = CARTESIAN_POINT('',(180.1,-50.3,0.31));
#4070 = VECTOR('',#4071,1.);
#4071 = DIRECTION('',(1.,0.,0.));
#4072 = ORIENTED_EDGE('',*,*,#4073,.F.);
#4073 = EDGE_CURVE('',#4074,#4066,#4076,.T.);
#4074 = VERTEX_POINT('',#4075);
#4075 = CARTESIAN_POINT('',(280.8,-50.3,0.));
#4076 = LINE('',#4077,#4078);
#4077 = CARTESIAN_POINT('',(280.8,-50.3,0.));
#4078 = VECTOR('',#4079,1.);
#4079 = DIRECTION('',(0.,0.,1.));
#4080 = ORIENTED_EDGE('',*,*,#4081,.F.);
#4081 = EDGE_CURVE('',#4043,#4074,#4082,.T.);
#4082 = LINE('',#4083,#4084);
#4083 = CARTESIAN_POINT('',(180.1,-50.3,0.));
#4084 = VECTOR('',#4085,1.);
#4085 = DIRECTION('',(1.,0.,0.));
#4086 = PLANE('',#4087);
#4087 = AXIS2_PLACEMENT_3D('',#4088,#4089,#4090);
#4088 = CARTESIAN_POINT('',(180.1,-50.3,0.));
#4089 = DIRECTION('',(0.,1.,0.));
#4090 = DIRECTION('',(1.,0.,0.));
#4091 = ADVANCED_FACE('',(#4092),#4108,.T.);
#4092 = FACE_BOUND('',#4093,.T.);
#4093 = EDGE_LOOP('',(#4094,#4095,#4101,#4102));
#4094 = ORIENTED_EDGE('',*,*,#4073,.T.);
#4095 = ORIENTED_EDGE('',*,*,#4096,.T.);
#4096 = EDGE_CURVE('',#4066,#3748,#4097,.T.);
#4097 = LINE('',#4098,#4099);
#4098 = CARTESIAN_POINT('',(280.8,-50.3,0.31));
#4099 = VECTOR('',#4100,1.);
#4100 = DIRECTION('',(0.,-1.,0.));
#4101 = ORIENTED_EDGE('',*,*,#3745,.F.);
#4102 = ORIENTED_EDGE('',*,*,#4103,.F.);
#4103 = EDGE_CURVE('',#4074,#3746,#4104,.T.);
#4104 = LINE('',#4105,#4106);
#4105 = CARTESIAN_POINT('',(280.8,-50.3,0.));
#4106 = VECTOR('',#4107,1.);
#4107 = DIRECTION('',(0.,-1.,0.));
#4108 = PLANE('',#4109);
#4109 = AXIS2_PLACEMENT_3D('',#4110,#4111,#4112);
#4110 = CARTESIAN_POINT('',(280.8,-50.3,0.));
#4111 = DIRECTION('',(1.,0.,-0.));
#4112 = DIRECTION('',(0.,-1.,0.));
#4113 = ADVANCED_FACE('',(#4114),#4141,.F.);
#4114 = FACE_BOUND('',#4115,.T.);
#4115 = EDGE_LOOP('',(#4116,#4126,#4133,#4134));
#4116 = ORIENTED_EDGE('',*,*,#4117,.T.);
#4117 = EDGE_CURVE('',#4118,#4120,#4122,.T.);
#4118 = VERTEX_POINT('',#4119);
#4119 = CARTESIAN_POINT('',(171.444873,-124.400031,0.));
#4120 = VERTEX_POINT('',#4121);
#4121 = CARTESIAN_POINT('',(171.444873,-124.400031,0.31));
#4122 = LINE('',#4123,#4124);
#4123 = CARTESIAN_POINT('',(171.444873,-124.400031,0.));
#4124 = VECTOR('',#4125,1.);
#4125 = DIRECTION('',(0.,0.,1.));
#4126 = ORIENTED_EDGE('',*,*,#4127,.T.);
#4127 = EDGE_CURVE('',#4120,#4120,#4128,.T.);
#4128 = CIRCLE('',#4129,0.8);
#4129 = AXIS2_PLACEMENT_3D('',#4130,#4131,#4132);
#4130 = CARTESIAN_POINT('',(170.644873,-124.400031,0.31));
#4131 = DIRECTION('',(0.,0.,1.));
#4132 = DIRECTION('',(1.,0.,-0.));
#4133 = ORIENTED_EDGE('',*,*,#4117,.F.);
#4134 = ORIENTED_EDGE('',*,*,#4135,.F.);
#4135 = EDGE_CURVE('',#4118,#4118,#4136,.T.);
#4136 = CIRCLE('',#4137,0.8);
#4137 = AXIS2_PLACEMENT_3D('',#4138,#4139,#4140);
#4138 = CARTESIAN_POINT('',(170.644873,-124.400031,0.));
#4139 = DIRECTION('',(0.,0.,1.));
#4140 = DIRECTION('',(1.,0.,-0.));
#4141 = CYLINDRICAL_SURFACE('',#4142,0.8);
#4142 = AXIS2_PLACEMENT_3D('',#4143,#4144,#4145);
#4143 = CARTESIAN_POINT('',(170.644873,-124.400031,0.));
#4144 = DIRECTION('',(-0.,-0.,-1.));
#4145 = DIRECTION('',(1.,0.,-0.));
#4146 = ADVANCED_FACE('',(#4147),#4174,.F.);
#4147 = FACE_BOUND('',#4148,.T.);
#4148 = EDGE_LOOP('',(#4149,#4159,#4166,#4167));
#4149 = ORIENTED_EDGE('',*,*,#4150,.T.);
#4150 = EDGE_CURVE('',#4151,#4153,#4155,.T.);
#4151 = VERTEX_POINT('',#4152);
#4152 = CARTESIAN_POINT('',(174.925,-117.44,0.));
#4153 = VERTEX_POINT('',#4154);
#4154 = CARTESIAN_POINT('',(174.925,-117.44,0.31));
#4155 = LINE('',#4156,#4157);
#4156 = CARTESIAN_POINT('',(174.925,-117.44,0.));
#4157 = VECTOR('',#4158,1.);
#4158 = DIRECTION('',(0.,0.,1.));
#4159 = ORIENTED_EDGE('',*,*,#4160,.T.);
#4160 = EDGE_CURVE('',#4153,#4153,#4161,.T.);
#4161 = CIRCLE('',#4162,2.525);
#4162 = AXIS2_PLACEMENT_3D('',#4163,#4164,#4165);
#4163 = CARTESIAN_POINT('',(172.4,-117.44,0.31));
#4164 = DIRECTION('',(0.,0.,1.));
#4165 = DIRECTION('',(1.,0.,-0.));
#4166 = ORIENTED_EDGE('',*,*,#4150,.F.);
#4167 = ORIENTED_EDGE('',*,*,#4168,.F.);
#4168 = EDGE_CURVE('',#4151,#4151,#4169,.T.);
#4169 = CIRCLE('',#4170,2.525);
#4170 = AXIS2_PLACEMENT_3D('',#4171,#4172,#4173);
#4171 = CARTESIAN_POINT('',(172.4,-117.44,0.));
#4172 = DIRECTION('',(0.,0.,1.));
#4173 = DIRECTION('',(1.,0.,-0.));
#4174 = CYLINDRICAL_SURFACE('',#4175,2.525);
#4175 = AXIS2_PLACEMENT_3D('',#4176,#4177,#4178);
#4176 = CARTESIAN_POINT('',(172.4,-117.44,0.));
#4177 = DIRECTION('',(-0.,-0.,-1.));
#4178 = DIRECTION('',(1.,0.,-0.));
#4179 = ADVANCED_FACE('',(#4180),#4207,.F.);
#4180 = FACE_BOUND('',#4181,.T.);
#4181 = EDGE_LOOP('',(#4182,#4192,#4199,#4200));
#4182 = ORIENTED_EDGE('',*,*,#4183,.T.);
#4183 = EDGE_CURVE('',#4184,#4186,#4188,.T.);
#4184 = VERTEX_POINT('',#4185);
#4185 = CARTESIAN_POINT('',(197.85,-119.19,0.));
#4186 = VERTEX_POINT('',#4187);
#4187 = CARTESIAN_POINT('',(197.85,-119.19,0.31));
#4188 = LINE('',#4189,#4190);
#4189 = CARTESIAN_POINT('',(197.85,-119.19,0.));
#4190 = VECTOR('',#4191,1.);
#4191 = DIRECTION('',(0.,0.,1.));
#4192 = ORIENTED_EDGE('',*,*,#4193,.T.);
#4193 = EDGE_CURVE('',#4186,#4186,#4194,.T.);
#4194 = CIRCLE('',#4195,0.6);
#4195 = AXIS2_PLACEMENT_3D('',#4196,#4197,#4198);
#4196 = CARTESIAN_POINT('',(197.25,-119.19,0.31));
#4197 = DIRECTION('',(0.,0.,1.));
#4198 = DIRECTION('',(1.,0.,-0.));
#4199 = ORIENTED_EDGE('',*,*,#4183,.F.);
#4200 = ORIENTED_EDGE('',*,*,#4201,.F.);
#4201 = EDGE_CURVE('',#4184,#4184,#4202,.T.);
#4202 = CIRCLE('',#4203,0.6);
#4203 = AXIS2_PLACEMENT_3D('',#4204,#4205,#4206);
#4204 = CARTESIAN_POINT('',(197.25,-119.19,0.));
#4205 = DIRECTION('',(0.,0.,1.));
#4206 = DIRECTION('',(1.,0.,-0.));
#4207 = CYLINDRICAL_SURFACE('',#4208,0.6);
#4208 = AXIS2_PLACEMENT_3D('',#4209,#4210,#4211);
#4209 = CARTESIAN_POINT('',(197.25,-119.19,0.));
#4210 = DIRECTION('',(-0.,-0.,-1.));
#4211 = DIRECTION('',(1.,0.,-0.));
#4212 = ADVANCED_FACE('',(#4213),#4240,.F.);
#4213 = FACE_BOUND('',#4214,.T.);
#4214 = EDGE_LOOP('',(#4215,#4225,#4232,#4233));
#4215 = ORIENTED_EDGE('',*,*,#4216,.T.);
#4216 = EDGE_CURVE('',#4217,#4219,#4221,.T.);
#4217 = VERTEX_POINT('',#4218);
#4218 = CARTESIAN_POINT('',(192.9,-117.09,0.));
#4219 = VERTEX_POINT('',#4220);
#4220 = CARTESIAN_POINT('',(192.9,-117.09,0.31));
#4221 = LINE('',#4222,#4223);
#4222 = CARTESIAN_POINT('',(192.9,-117.09,0.));
#4223 = VECTOR('',#4224,1.);
#4224 = DIRECTION('',(0.,0.,1.));
#4225 = ORIENTED_EDGE('',*,*,#4226,.T.);
#4226 = EDGE_CURVE('',#4219,#4219,#4227,.T.);
#4227 = CIRCLE('',#4228,0.6);
#4228 = AXIS2_PLACEMENT_3D('',#4229,#4230,#4231);
#4229 = CARTESIAN_POINT('',(192.3,-117.09,0.31));
#4230 = DIRECTION('',(0.,0.,1.));
#4231 = DIRECTION('',(1.,0.,-0.));
#4232 = ORIENTED_EDGE('',*,*,#4216,.F.);
#4233 = ORIENTED_EDGE('',*,*,#4234,.F.);
#4234 = EDGE_CURVE('',#4217,#4217,#4235,.T.);
#4235 = CIRCLE('',#4236,0.6);
#4236 = AXIS2_PLACEMENT_3D('',#4237,#4238,#4239);
#4237 = CARTESIAN_POINT('',(192.3,-117.09,0.));
#4238 = DIRECTION('',(0.,0.,1.));
#4239 = DIRECTION('',(1.,0.,-0.));
#4240 = CYLINDRICAL_SURFACE('',#4241,0.6);
#4241 = AXIS2_PLACEMENT_3D('',#4242,#4243,#4244);
#4242 = CARTESIAN_POINT('',(192.3,-117.09,0.));
#4243 = DIRECTION('',(-0.,-0.,-1.));
#4244 = DIRECTION('',(1.,0.,-0.));
#4245 = ADVANCED_FACE('',(#4246),#4273,.F.);
#4246 = FACE_BOUND('',#4247,.T.);
#4247 = EDGE_LOOP('',(#4248,#4258,#4265,#4266));
#4248 = ORIENTED_EDGE('',*,*,#4249,.T.);
#4249 = EDGE_CURVE('',#4250,#4252,#4254,.T.);
#4250 = VERTEX_POINT('',#4251);
#4251 = CARTESIAN_POINT('',(214.45,-116.7,0.));
#4252 = VERTEX_POINT('',#4253);
#4253 = CARTESIAN_POINT('',(214.45,-116.7,0.31));
#4254 = LINE('',#4255,#4256);
#4255 = CARTESIAN_POINT('',(214.45,-116.7,0.));
#4256 = VECTOR('',#4257,1.);
#4257 = DIRECTION('',(0.,0.,1.));
#4258 = ORIENTED_EDGE('',*,*,#4259,.T.);
#4259 = EDGE_CURVE('',#4252,#4252,#4260,.T.);
#4260 = CIRCLE('',#4261,0.6);
#4261 = AXIS2_PLACEMENT_3D('',#4262,#4263,#4264);
#4262 = CARTESIAN_POINT('',(213.85,-116.7,0.31));
#4263 = DIRECTION('',(0.,0.,1.));
#4264 = DIRECTION('',(1.,0.,-0.));
#4265 = ORIENTED_EDGE('',*,*,#4249,.F.);
#4266 = ORIENTED_EDGE('',*,*,#4267,.F.);
#4267 = EDGE_CURVE('',#4250,#4250,#4268,.T.);
#4268 = CIRCLE('',#4269,0.6);
#4269 = AXIS2_PLACEMENT_3D('',#4270,#4271,#4272);
#4270 = CARTESIAN_POINT('',(213.85,-116.7,0.));
#4271 = DIRECTION('',(0.,0.,1.));
#4272 = DIRECTION('',(1.,0.,-0.));
#4273 = CYLINDRICAL_SURFACE('',#4274,0.6);
#4274 = AXIS2_PLACEMENT_3D('',#4275,#4276,#4277);
#4275 = CARTESIAN_POINT('',(213.85,-116.7,0.));
#4276 = DIRECTION('',(-0.,-0.,-1.));
#4277 = DIRECTION('',(1.,0.,-0.));
#4278 = ADVANCED_FACE('',(#4279),#4306,.F.);
#4279 = FACE_BOUND('',#4280,.T.);
#4280 = EDGE_LOOP('',(#4281,#4291,#4298,#4299));
#4281 = ORIENTED_EDGE('',*,*,#4282,.T.);
#4282 = EDGE_CURVE('',#4283,#4285,#4287,.T.);
#4283 = VERTEX_POINT('',#4284);
#4284 = CARTESIAN_POINT('',(199.825,-113.29,0.));
#4285 = VERTEX_POINT('',#4286);
#4286 = CARTESIAN_POINT('',(199.825,-113.29,0.31));
#4287 = LINE('',#4288,#4289);
#4288 = CARTESIAN_POINT('',(199.825,-113.29,0.));
#4289 = VECTOR('',#4290,1.);
#4290 = DIRECTION('',(0.,0.,1.));
#4291 = ORIENTED_EDGE('',*,*,#4292,.T.);
#4292 = EDGE_CURVE('',#4285,#4285,#4293,.T.);
#4293 = CIRCLE('',#4294,2.525);
#4294 = AXIS2_PLACEMENT_3D('',#4295,#4296,#4297);
#4295 = CARTESIAN_POINT('',(197.3,-113.29,0.31));
#4296 = DIRECTION('',(0.,0.,1.));
#4297 = DIRECTION('',(1.,0.,-0.));
#4298 = ORIENTED_EDGE('',*,*,#4282,.F.);
#4299 = ORIENTED_EDGE('',*,*,#4300,.F.);
#4300 = EDGE_CURVE('',#4283,#4283,#4301,.T.);
#4301 = CIRCLE('',#4302,2.525);
#4302 = AXIS2_PLACEMENT_3D('',#4303,#4304,#4305);
#4303 = CARTESIAN_POINT('',(197.3,-113.29,0.));
#4304 = DIRECTION('',(0.,0.,1.));
#4305 = DIRECTION('',(1.,0.,-0.));
#4306 = CYLINDRICAL_SURFACE('',#4307,2.525);
#4307 = AXIS2_PLACEMENT_3D('',#4308,#4309,#4310);
#4308 = CARTESIAN_POINT('',(197.3,-113.29,0.));
#4309 = DIRECTION('',(-0.,-0.,-1.));
#4310 = DIRECTION('',(1.,0.,-0.));
#4311 = ADVANCED_FACE('',(#4312),#4339,.F.);
#4312 = FACE_BOUND('',#4313,.T.);
#4313 = EDGE_LOOP('',(#4314,#4324,#4331,#4332));
#4314 = ORIENTED_EDGE('',*,*,#4315,.T.);
#4315 = EDGE_CURVE('',#4316,#4318,#4320,.T.);
#4316 = VERTEX_POINT('',#4317);
#4317 = CARTESIAN_POINT('',(209.5,-114.6,0.));
#4318 = VERTEX_POINT('',#4319);
#4319 = CARTESIAN_POINT('',(209.5,-114.6,0.31));
#4320 = LINE('',#4321,#4322);
#4321 = CARTESIAN_POINT('',(209.5,-114.6,0.));
#4322 = VECTOR('',#4323,1.);
#4323 = DIRECTION('',(0.,0.,1.));
#4324 = ORIENTED_EDGE('',*,*,#4325,.T.);
#4325 = EDGE_CURVE('',#4318,#4318,#4326,.T.);
#4326 = CIRCLE('',#4327,0.6);
#4327 = AXIS2_PLACEMENT_3D('',#4328,#4329,#4330);
#4328 = CARTESIAN_POINT('',(208.9,-114.6,0.31));
#4329 = DIRECTION('',(0.,0.,1.));
#4330 = DIRECTION('',(1.,0.,-0.));
#4331 = ORIENTED_EDGE('',*,*,#4315,.F.);
#4332 = ORIENTED_EDGE('',*,*,#4333,.F.);
#4333 = EDGE_CURVE('',#4316,#4316,#4334,.T.);
#4334 = CIRCLE('',#4335,0.6);
#4335 = AXIS2_PLACEMENT_3D('',#4336,#4337,#4338);
#4336 = CARTESIAN_POINT('',(208.9,-114.6,0.));
#4337 = DIRECTION('',(0.,0.,1.));
#4338 = DIRECTION('',(1.,0.,-0.));
#4339 = CYLINDRICAL_SURFACE('',#4340,0.6);
#4340 = AXIS2_PLACEMENT_3D('',#4341,#4342,#4343);
#4341 = CARTESIAN_POINT('',(208.9,-114.6,0.));
#4342 = DIRECTION('',(-0.,-0.,-1.));
#4343 = DIRECTION('',(1.,0.,-0.));
#4344 = ADVANCED_FACE('',(#4345),#4372,.F.);
#4345 = FACE_BOUND('',#4346,.T.);
#4346 = EDGE_LOOP('',(#4347,#4357,#4364,#4365));
#4347 = ORIENTED_EDGE('',*,*,#4348,.T.);
#4348 = EDGE_CURVE('',#4349,#4351,#4353,.T.);
#4349 = VERTEX_POINT('',#4350);
#4350 = CARTESIAN_POINT('',(216.425,-110.8,0.));
#4351 = VERTEX_POINT('',#4352);
#4352 = CARTESIAN_POINT('',(216.425,-110.8,0.31));
#4353 = LINE('',#4354,#4355);
#4354 = CARTESIAN_POINT('',(216.425,-110.8,0.));
#4355 = VECTOR('',#4356,1.);
#4356 = DIRECTION('',(0.,0.,1.));
#4357 = ORIENTED_EDGE('',*,*,#4358,.T.);
#4358 = EDGE_CURVE('',#4351,#4351,#4359,.T.);
#4359 = CIRCLE('',#4360,2.525);
#4360 = AXIS2_PLACEMENT_3D('',#4361,#4362,#4363);
#4361 = CARTESIAN_POINT('',(213.9,-110.8,0.31));
#4362 = DIRECTION('',(0.,0.,1.));
#4363 = DIRECTION('',(1.,0.,-0.));
#4364 = ORIENTED_EDGE('',*,*,#4348,.F.);
#4365 = ORIENTED_EDGE('',*,*,#4366,.F.);
#4366 = EDGE_CURVE('',#4349,#4349,#4367,.T.);
#4367 = CIRCLE('',#4368,2.525);
#4368 = AXIS2_PLACEMENT_3D('',#4369,#4370,#4371);
#4369 = CARTESIAN_POINT('',(213.9,-110.8,0.));
#4370 = DIRECTION('',(0.,0.,1.));
#4371 = DIRECTION('',(1.,0.,-0.));
#4372 = CYLINDRICAL_SURFACE('',#4373,2.525);
#4373 = AXIS2_PLACEMENT_3D('',#4374,#4375,#4376);
#4374 = CARTESIAN_POINT('',(213.9,-110.8,0.));
#4375 = DIRECTION('',(-0.,-0.,-1.));
#4376 = DIRECTION('',(1.,0.,-0.));
#4377 = ADVANCED_FACE('',(#4378),#4405,.F.);
#4378 = FACE_BOUND('',#4379,.T.);
#4379 = EDGE_LOOP('',(#4380,#4390,#4397,#4398));
#4380 = ORIENTED_EDGE('',*,*,#4381,.T.);
#4381 = EDGE_CURVE('',#4382,#4384,#4386,.T.);
#4382 = VERTEX_POINT('',#4383);
#4383 = CARTESIAN_POINT('',(170.093302,-112.30545,0.));
#4384 = VERTEX_POINT('',#4385);
#4385 = CARTESIAN_POINT('',(170.093302,-112.30545,0.31));
#4386 = LINE('',#4387,#4388);
#4387 = CARTESIAN_POINT('',(170.093302,-112.30545,0.));
#4388 = VECTOR('',#4389,1.);
#4389 = DIRECTION('',(0.,0.,1.));
#4390 = ORIENTED_EDGE('',*,*,#4391,.T.);
#4391 = EDGE_CURVE('',#4384,#4384,#4392,.T.);
#4392 = CIRCLE('',#4393,0.600001);
#4393 = AXIS2_PLACEMENT_3D('',#4394,#4395,#4396);
#4394 = CARTESIAN_POINT('',(169.493301,-112.30545,0.31));
#4395 = DIRECTION('',(0.,0.,1.));
#4396 = DIRECTION('',(1.,0.,-0.));
#4397 = ORIENTED_EDGE('',*,*,#4381,.F.);
#4398 = ORIENTED_EDGE('',*,*,#4399,.F.);
#4399 = EDGE_CURVE('',#4382,#4382,#4400,.T.);
#4400 = CIRCLE('',#4401,0.600001);
#4401 = AXIS2_PLACEMENT_3D('',#4402,#4403,#4404);
#4402 = CARTESIAN_POINT('',(169.493301,-112.30545,0.));
#4403 = DIRECTION('',(0.,0.,1.));
#4404 = DIRECTION('',(1.,0.,-0.));
#4405 = CYLINDRICAL_SURFACE('',#4406,0.600001);
#4406 = AXIS2_PLACEMENT_3D('',#4407,#4408,#4409);
#4407 = CARTESIAN_POINT('',(169.493301,-112.30545,0.));
#4408 = DIRECTION('',(-0.,-0.,-1.));
#4409 = DIRECTION('',(1.,0.,-0.));
#4410 = ADVANCED_FACE('',(#4411),#4438,.F.);
#4411 = FACE_BOUND('',#4412,.T.);
#4412 = EDGE_LOOP('',(#4413,#4423,#4430,#4431));
#4413 = ORIENTED_EDGE('',*,*,#4414,.T.);
#4414 = EDGE_CURVE('',#4415,#4417,#4419,.T.);
#4415 = VERTEX_POINT('',#4416);
#4416 = CARTESIAN_POINT('',(175.430127,-111.649103,0.));
#4417 = VERTEX_POINT('',#4418);
#4418 = CARTESIAN_POINT('',(175.430127,-111.649103,0.31));
#4419 = LINE('',#4420,#4421);
#4420 = CARTESIAN_POINT('',(175.430127,-111.649103,0.));
#4421 = VECTOR('',#4422,1.);
#4422 = DIRECTION('',(0.,0.,1.));
#4423 = ORIENTED_EDGE('',*,*,#4424,.T.);
#4424 = EDGE_CURVE('',#4417,#4417,#4425,.T.);
#4425 = CIRCLE('',#4426,0.6);
#4426 = AXIS2_PLACEMENT_3D('',#4427,#4428,#4429);
#4427 = CARTESIAN_POINT('',(174.830127,-111.649103,0.31));
#4428 = DIRECTION('',(0.,0.,1.));
#4429 = DIRECTION('',(1.,0.,-0.));
#4430 = ORIENTED_EDGE('',*,*,#4414,.F.);
#4431 = ORIENTED_EDGE('',*,*,#4432,.F.);
#4432 = EDGE_CURVE('',#4415,#4415,#4433,.T.);
#4433 = CIRCLE('',#4434,0.6);
#4434 = AXIS2_PLACEMENT_3D('',#4435,#4436,#4437);
#4435 = CARTESIAN_POINT('',(174.830127,-111.649103,0.));
#4436 = DIRECTION('',(0.,0.,1.));
#4437 = DIRECTION('',(1.,0.,-0.));
#4438 = CYLINDRICAL_SURFACE('',#4439,0.6);
#4439 = AXIS2_PLACEMENT_3D('',#4440,#4441,#4442);
#4440 = CARTESIAN_POINT('',(174.830127,-111.649103,0.));
#4441 = DIRECTION('',(-0.,-0.,-1.));
#4442 = DIRECTION('',(1.,0.,-0.));
#4443 = ADVANCED_FACE('',(#4444),#4471,.F.);
#4444 = FACE_BOUND('',#4445,.T.);
#4445 = EDGE_LOOP('',(#4446,#4456,#4463,#4464));
#4446 = ORIENTED_EDGE('',*,*,#4447,.T.);
#4447 = EDGE_CURVE('',#4448,#4450,#4452,.T.);
#4448 = VERTEX_POINT('',#4449);
#4449 = CARTESIAN_POINT('',(203.1,-108.14,0.));
#4450 = VERTEX_POINT('',#4451);
#4451 = CARTESIAN_POINT('',(203.1,-108.14,0.31));
#4452 = LINE('',#4453,#4454);
#4453 = CARTESIAN_POINT('',(203.1,-108.14,0.));
#4454 = VECTOR('',#4455,1.);
#4455 = DIRECTION('',(0.,0.,1.));
#4456 = ORIENTED_EDGE('',*,*,#4457,.T.);
#4457 = EDGE_CURVE('',#4450,#4450,#4458,.T.);
#4458 = CIRCLE('',#4459,0.8);
#4459 = AXIS2_PLACEMENT_3D('',#4460,#4461,#4462);
#4460 = CARTESIAN_POINT('',(202.3,-108.14,0.31));
#4461 = DIRECTION('',(0.,0.,1.));
#4462 = DIRECTION('',(1.,0.,-0.));
#4463 = ORIENTED_EDGE('',*,*,#4447,.F.);
#4464 = ORIENTED_EDGE('',*,*,#4465,.F.);
#4465 = EDGE_CURVE('',#4448,#4448,#4466,.T.);
#4466 = CIRCLE('',#4467,0.8);
#4467 = AXIS2_PLACEMENT_3D('',#4468,#4469,#4470);
#4468 = CARTESIAN_POINT('',(202.3,-108.14,0.));
#4469 = DIRECTION('',(0.,0.,1.));
#4470 = DIRECTION('',(1.,0.,-0.));
#4471 = CYLINDRICAL_SURFACE('',#4472,0.8);
#4472 = AXIS2_PLACEMENT_3D('',#4473,#4474,#4475);
#4473 = CARTESIAN_POINT('',(202.3,-108.14,0.));
#4474 = DIRECTION('',(-0.,-0.,-1.));
#4475 = DIRECTION('',(1.,0.,-0.));
#4476 = ADVANCED_FACE('',(#4477),#4504,.F.);
#4477 = FACE_BOUND('',#4478,.T.);
#4478 = EDGE_LOOP('',(#4479,#4489,#4496,#4497));
#4479 = ORIENTED_EDGE('',*,*,#4480,.T.);
#4480 = EDGE_CURVE('',#4481,#4483,#4485,.T.);
#4481 = VERTEX_POINT('',#4482);
#4482 = CARTESIAN_POINT('',(272.55,-105.91,0.));
#4483 = VERTEX_POINT('',#4484);
#4484 = CARTESIAN_POINT('',(272.55,-105.91,0.31));
#4485 = LINE('',#4486,#4487);
#4486 = CARTESIAN_POINT('',(272.55,-105.91,0.));
#4487 = VECTOR('',#4488,1.);
#4488 = DIRECTION('',(0.,0.,1.));
#4489 = ORIENTED_EDGE('',*,*,#4490,.T.);
#4490 = EDGE_CURVE('',#4483,#4483,#4491,.T.);
#4491 = CIRCLE('',#4492,0.6);
#4492 = AXIS2_PLACEMENT_3D('',#4493,#4494,#4495);
#4493 = CARTESIAN_POINT('',(271.95,-105.91,0.31));
#4494 = DIRECTION('',(0.,0.,1.));
#4495 = DIRECTION('',(1.,0.,-0.));
#4496 = ORIENTED_EDGE('',*,*,#4480,.F.);
#4497 = ORIENTED_EDGE('',*,*,#4498,.F.);
#4498 = EDGE_CURVE('',#4481,#4481,#4499,.T.);
#4499 = CIRCLE('',#4500,0.6);
#4500 = AXIS2_PLACEMENT_3D('',#4501,#4502,#4503);
#4501 = CARTESIAN_POINT('',(271.95,-105.91,0.));
#4502 = DIRECTION('',(0.,0.,1.));
#4503 = DIRECTION('',(1.,0.,-0.));
#4504 = CYLINDRICAL_SURFACE('',#4505,0.6);
#4505 = AXIS2_PLACEMENT_3D('',#4506,#4507,#4508);
#4506 = CARTESIAN_POINT('',(271.95,-105.91,0.));
#4507 = DIRECTION('',(-0.,-0.,-1.));
#4508 = DIRECTION('',(1.,0.,-0.));
#4509 = ADVANCED_FACE('',(#4510),#4537,.F.);
#4510 = FACE_BOUND('',#4511,.T.);
#4511 = EDGE_LOOP('',(#4512,#4522,#4529,#4530));
#4512 = ORIENTED_EDGE('',*,*,#4513,.T.);
#4513 = EDGE_CURVE('',#4514,#4516,#4518,.T.);
#4514 = VERTEX_POINT('',#4515);
#4515 = CARTESIAN_POINT('',(219.7,-105.65,0.));
#4516 = VERTEX_POINT('',#4517);
#4517 = CARTESIAN_POINT('',(219.7,-105.65,0.31));
#4518 = LINE('',#4519,#4520);
#4519 = CARTESIAN_POINT('',(219.7,-105.65,0.));
#4520 = VECTOR('',#4521,1.);
#4521 = DIRECTION('',(0.,0.,1.));
#4522 = ORIENTED_EDGE('',*,*,#4523,.T.);
#4523 = EDGE_CURVE('',#4516,#4516,#4524,.T.);
#4524 = CIRCLE('',#4525,0.8);
#4525 = AXIS2_PLACEMENT_3D('',#4526,#4527,#4528);
#4526 = CARTESIAN_POINT('',(218.9,-105.65,0.31));
#4527 = DIRECTION('',(0.,0.,1.));
#4528 = DIRECTION('',(1.,0.,-0.));
#4529 = ORIENTED_EDGE('',*,*,#4513,.F.);
#4530 = ORIENTED_EDGE('',*,*,#4531,.F.);
#4531 = EDGE_CURVE('',#4514,#4514,#4532,.T.);
#4532 = CIRCLE('',#4533,0.8);
#4533 = AXIS2_PLACEMENT_3D('',#4534,#4535,#4536);
#4534 = CARTESIAN_POINT('',(218.9,-105.65,0.));
#4535 = DIRECTION('',(0.,0.,1.));
#4536 = DIRECTION('',(1.,0.,-0.));
#4537 = CYLINDRICAL_SURFACE('',#4538,0.8);
#4538 = AXIS2_PLACEMENT_3D('',#4539,#4540,#4541);
#4539 = CARTESIAN_POINT('',(218.9,-105.65,0.));
#4540 = DIRECTION('',(-0.,-0.,-1.));
#4541 = DIRECTION('',(1.,0.,-0.));
#4542 = ADVANCED_FACE('',(#4543),#4570,.F.);
#4543 = FACE_BOUND('',#4544,.T.);
#4544 = EDGE_LOOP('',(#4545,#4555,#4562,#4563));
#4545 = ORIENTED_EDGE('',*,*,#4546,.T.);
#4546 = EDGE_CURVE('',#4547,#4549,#4551,.T.);
#4547 = VERTEX_POINT('',#4548);
#4548 = CARTESIAN_POINT('',(267.6,-103.81,0.));
#4549 = VERTEX_POINT('',#4550);
#4550 = CARTESIAN_POINT('',(267.6,-103.81,0.31));
#4551 = LINE('',#4552,#4553);
#4552 = CARTESIAN_POINT('',(267.6,-103.81,0.));
#4553 = VECTOR('',#4554,1.);
#4554 = DIRECTION('',(0.,0.,1.));
#4555 = ORIENTED_EDGE('',*,*,#4556,.T.);
#4556 = EDGE_CURVE('',#4549,#4549,#4557,.T.);
#4557 = CIRCLE('',#4558,0.6);
#4558 = AXIS2_PLACEMENT_3D('',#4559,#4560,#4561);
#4559 = CARTESIAN_POINT('',(267.,-103.81,0.31));
#4560 = DIRECTION('',(0.,0.,1.));
#4561 = DIRECTION('',(1.,0.,-0.));
#4562 = ORIENTED_EDGE('',*,*,#4546,.F.);
#4563 = ORIENTED_EDGE('',*,*,#4564,.F.);
#4564 = EDGE_CURVE('',#4547,#4547,#4565,.T.);
#4565 = CIRCLE('',#4566,0.6);
#4566 = AXIS2_PLACEMENT_3D('',#4567,#4568,#4569);
#4567 = CARTESIAN_POINT('',(267.,-103.81,0.));
#4568 = DIRECTION('',(0.,0.,1.));
#4569 = DIRECTION('',(1.,0.,-0.));
#4570 = CYLINDRICAL_SURFACE('',#4571,0.6);
#4571 = AXIS2_PLACEMENT_3D('',#4572,#4573,#4574);
#4572 = CARTESIAN_POINT('',(267.,-103.81,0.));
#4573 = DIRECTION('',(-0.,-0.,-1.));
#4574 = DIRECTION('',(1.,0.,-0.));
#4575 = ADVANCED_FACE('',(#4576),#4603,.F.);
#4576 = FACE_BOUND('',#4577,.T.);
#4577 = EDGE_LOOP('',(#4578,#4588,#4595,#4596));
#4578 = ORIENTED_EDGE('',*,*,#4579,.T.);
#4579 = EDGE_CURVE('',#4580,#4582,#4584,.T.);
#4580 = VERTEX_POINT('',#4581);
#4581 = CARTESIAN_POINT('',(251.2,-103.5,0.));
#4582 = VERTEX_POINT('',#4583);
#4583 = CARTESIAN_POINT('',(251.2,-103.5,0.31));
#4584 = LINE('',#4585,#4586);
#4585 = CARTESIAN_POINT('',(251.2,-103.5,0.));
#4586 = VECTOR('',#4587,1.);
#4587 = DIRECTION('',(0.,0.,1.));
#4588 = ORIENTED_EDGE('',*,*,#4589,.T.);
#4589 = EDGE_CURVE('',#4582,#4582,#4590,.T.);
#4590 = CIRCLE('',#4591,0.8);
#4591 = AXIS2_PLACEMENT_3D('',#4592,#4593,#4594);
#4592 = CARTESIAN_POINT('',(250.4,-103.5,0.31));
#4593 = DIRECTION('',(0.,0.,1.));
#4594 = DIRECTION('',(1.,0.,-0.));
#4595 = ORIENTED_EDGE('',*,*,#4579,.F.);
#4596 = ORIENTED_EDGE('',*,*,#4597,.F.);
#4597 = EDGE_CURVE('',#4580,#4580,#4598,.T.);
#4598 = CIRCLE('',#4599,0.8);
#4599 = AXIS2_PLACEMENT_3D('',#4600,#4601,#4602);
#4600 = CARTESIAN_POINT('',(250.4,-103.5,0.));
#4601 = DIRECTION('',(0.,0.,1.));
#4602 = DIRECTION('',(1.,0.,-0.));
#4603 = CYLINDRICAL_SURFACE('',#4604,0.8);
#4604 = AXIS2_PLACEMENT_3D('',#4605,#4606,#4607);
#4605 = CARTESIAN_POINT('',(250.4,-103.5,0.));
#4606 = DIRECTION('',(-0.,-0.,-1.));
#4607 = DIRECTION('',(1.,0.,-0.));
#4608 = ADVANCED_FACE('',(#4609),#4636,.F.);
#4609 = FACE_BOUND('',#4610,.T.);
#4610 = EDGE_LOOP('',(#4611,#4621,#4628,#4629));
#4611 = ORIENTED_EDGE('',*,*,#4612,.T.);
#4612 = EDGE_CURVE('',#4613,#4615,#4617,.T.);
#4613 = VERTEX_POINT('',#4614);
#4614 = CARTESIAN_POINT('',(184.8,-101.84,0.));
#4615 = VERTEX_POINT('',#4616);
#4616 = CARTESIAN_POINT('',(184.8,-101.84,0.31));
#4617 = LINE('',#4618,#4619);
#4618 = CARTESIAN_POINT('',(184.8,-101.84,0.));
#4619 = VECTOR('',#4620,1.);
#4620 = DIRECTION('',(0.,0.,1.));
#4621 = ORIENTED_EDGE('',*,*,#4622,.T.);
#4622 = EDGE_CURVE('',#4615,#4615,#4623,.T.);
#4623 = CIRCLE('',#4624,0.8);
#4624 = AXIS2_PLACEMENT_3D('',#4625,#4626,#4627);
#4625 = CARTESIAN_POINT('',(184.,-101.84,0.31));
#4626 = DIRECTION('',(0.,0.,1.));
#4627 = DIRECTION('',(1.,0.,-0.));
#4628 = ORIENTED_EDGE('',*,*,#4612,.F.);
#4629 = ORIENTED_EDGE('',*,*,#4630,.F.);
#4630 = EDGE_CURVE('',#4613,#4613,#4631,.T.);
#4631 = CIRCLE('',#4632,0.8);
#4632 = AXIS2_PLACEMENT_3D('',#4633,#4634,#4635);
#4633 = CARTESIAN_POINT('',(184.,-101.84,0.));
#4634 = DIRECTION('',(0.,0.,1.));
#4635 = DIRECTION('',(1.,0.,-0.));
#4636 = CYLINDRICAL_SURFACE('',#4637,0.8);
#4637 = AXIS2_PLACEMENT_3D('',#4638,#4639,#4640);
#4638 = CARTESIAN_POINT('',(184.,-101.84,0.));
#4639 = DIRECTION('',(-0.,-0.,-1.));
#4640 = DIRECTION('',(1.,0.,-0.));
#4641 = ADVANCED_FACE('',(#4642),#4669,.F.);
#4642 = FACE_BOUND('',#4643,.T.);
#4643 = EDGE_LOOP('',(#4644,#4654,#4661,#4662));
#4644 = ORIENTED_EDGE('',*,*,#4645,.T.);
#4645 = EDGE_CURVE('',#4646,#4648,#4650,.T.);
#4646 = VERTEX_POINT('',#4647);
#4647 = CARTESIAN_POINT('',(274.525,-100.01,0.));
#4648 = VERTEX_POINT('',#4649);
#4649 = CARTESIAN_POINT('',(274.525,-100.01,0.31));
#4650 = LINE('',#4651,#4652);
#4651 = CARTESIAN_POINT('',(274.525,-100.01,0.));
#4652 = VECTOR('',#4653,1.);
#4653 = DIRECTION('',(0.,0.,1.));
#4654 = ORIENTED_EDGE('',*,*,#4655,.T.);
#4655 = EDGE_CURVE('',#4648,#4648,#4656,.T.);
#4656 = CIRCLE('',#4657,2.525);
#4657 = AXIS2_PLACEMENT_3D('',#4658,#4659,#4660);
#4658 = CARTESIAN_POINT('',(272.,-100.01,0.31));
#4659 = DIRECTION('',(0.,0.,1.));
#4660 = DIRECTION('',(1.,0.,-0.));
#4661 = ORIENTED_EDGE('',*,*,#4645,.F.);
#4662 = ORIENTED_EDGE('',*,*,#4663,.F.);
#4663 = EDGE_CURVE('',#4646,#4646,#4664,.T.);
#4664 = CIRCLE('',#4665,2.525);
#4665 = AXIS2_PLACEMENT_3D('',#4666,#4667,#4668);
#4666 = CARTESIAN_POINT('',(272.,-100.01,0.));
#4667 = DIRECTION('',(0.,0.,1.));
#4668 = DIRECTION('',(1.,0.,-0.));
#4669 = CYLINDRICAL_SURFACE('',#4670,2.525);
#4670 = AXIS2_PLACEMENT_3D('',#4671,#4672,#4673);
#4671 = CARTESIAN_POINT('',(272.,-100.01,0.));
#4672 = DIRECTION('',(-0.,-0.,-1.));
#4673 = DIRECTION('',(1.,0.,-0.));
#4674 = ADVANCED_FACE('',(#4675),#4702,.F.);
#4675 = FACE_BOUND('',#4676,.T.);
#4676 = EDGE_LOOP('',(#4677,#4687,#4694,#4695));
#4677 = ORIENTED_EDGE('',*,*,#4678,.T.);
#4678 = EDGE_CURVE('',#4679,#4681,#4683,.T.);
#4679 = VERTEX_POINT('',#4680);
#4680 = CARTESIAN_POINT('',(257.925,-98.35,0.));
#4681 = VERTEX_POINT('',#4682);
#4682 = CARTESIAN_POINT('',(257.925,-98.35,0.31));
#4683 = LINE('',#4684,#4685);
#4684 = CARTESIAN_POINT('',(257.925,-98.35,0.));
#4685 = VECTOR('',#4686,1.);
#4686 = DIRECTION('',(0.,0.,1.));
#4687 = ORIENTED_EDGE('',*,*,#4688,.T.);
#4688 = EDGE_CURVE('',#4681,#4681,#4689,.T.);
#4689 = CIRCLE('',#4690,2.525);
#4690 = AXIS2_PLACEMENT_3D('',#4691,#4692,#4693);
#4691 = CARTESIAN_POINT('',(255.4,-98.35,0.31));
#4692 = DIRECTION('',(0.,0.,1.));
#4693 = DIRECTION('',(1.,0.,-0.));
#4694 = ORIENTED_EDGE('',*,*,#4678,.F.);
#4695 = ORIENTED_EDGE('',*,*,#4696,.F.);
#4696 = EDGE_CURVE('',#4679,#4679,#4697,.T.);
#4697 = CIRCLE('',#4698,2.525);
#4698 = AXIS2_PLACEMENT_3D('',#4699,#4700,#4701);
#4699 = CARTESIAN_POINT('',(255.4,-98.35,0.));
#4700 = DIRECTION('',(0.,0.,1.));
#4701 = DIRECTION('',(1.,0.,-0.));
#4702 = CYLINDRICAL_SURFACE('',#4703,2.525);
#4703 = AXIS2_PLACEMENT_3D('',#4704,#4705,#4706);
#4704 = CARTESIAN_POINT('',(255.4,-98.35,0.));
#4705 = DIRECTION('',(-0.,-0.,-1.));
#4706 = DIRECTION('',(1.,0.,-0.));
#4707 = ADVANCED_FACE('',(#4708),#4735,.F.);
#4708 = FACE_BOUND('',#4709,.T.);
#4709 = EDGE_LOOP('',(#4710,#4720,#4727,#4728));
#4710 = ORIENTED_EDGE('',*,*,#4711,.T.);
#4711 = EDGE_CURVE('',#4712,#4714,#4716,.T.);
#4712 = VERTEX_POINT('',#4713);
#4713 = CARTESIAN_POINT('',(201.4,-99.35,0.));
#4714 = VERTEX_POINT('',#4715);
#4715 = CARTESIAN_POINT('',(201.4,-99.35,0.31));
#4716 = LINE('',#4717,#4718);
#4717 = CARTESIAN_POINT('',(201.4,-99.35,0.));
#4718 = VECTOR('',#4719,1.);
#4719 = DIRECTION('',(0.,0.,1.));
#4720 = ORIENTED_EDGE('',*,*,#4721,.T.);
#4721 = EDGE_CURVE('',#4714,#4714,#4722,.T.);
#4722 = CIRCLE('',#4723,0.8);
#4723 = AXIS2_PLACEMENT_3D('',#4724,#4725,#4726);
#4724 = CARTESIAN_POINT('',(200.6,-99.35,0.31));
#4725 = DIRECTION('',(0.,0.,1.));
#4726 = DIRECTION('',(1.,0.,-0.));
#4727 = ORIENTED_EDGE('',*,*,#4711,.F.);
#4728 = ORIENTED_EDGE('',*,*,#4729,.F.);
#4729 = EDGE_CURVE('',#4712,#4712,#4730,.T.);
#4730 = CIRCLE('',#4731,0.8);
#4731 = AXIS2_PLACEMENT_3D('',#4732,#4733,#4734);
#4732 = CARTESIAN_POINT('',(200.6,-99.35,0.));
#4733 = DIRECTION('',(0.,0.,1.));
#4734 = DIRECTION('',(1.,0.,-0.));
#4735 = CYLINDRICAL_SURFACE('',#4736,0.8);
#4736 = AXIS2_PLACEMENT_3D('',#4737,#4738,#4739);
#4737 = CARTESIAN_POINT('',(200.6,-99.35,0.));
#4738 = DIRECTION('',(-0.,-0.,-1.));
#4739 = DIRECTION('',(1.,0.,-0.));
#4740 = ADVANCED_FACE('',(#4741),#4768,.F.);
#4741 = FACE_BOUND('',#4742,.T.);
#4742 = EDGE_LOOP('',(#4743,#4753,#4760,#4761));
#4743 = ORIENTED_EDGE('',*,*,#4744,.T.);
#4744 = EDGE_CURVE('',#4745,#4747,#4749,.T.);
#4745 = VERTEX_POINT('',#4746);
#4746 = CARTESIAN_POINT('',(234.6,-99.35,0.));
#4747 = VERTEX_POINT('',#4748);
#4748 = CARTESIAN_POINT('',(234.6,-99.35,0.31));
#4749 = LINE('',#4750,#4751);
#4750 = CARTESIAN_POINT('',(234.6,-99.35,0.));
#4751 = VECTOR('',#4752,1.);
#4752 = DIRECTION('',(0.,0.,1.));
#4753 = ORIENTED_EDGE('',*,*,#4754,.T.);
#4754 = EDGE_CURVE('',#4747,#4747,#4755,.T.);
#4755 = CIRCLE('',#4756,0.8);
#4756 = AXIS2_PLACEMENT_3D('',#4757,#4758,#4759);
#4757 = CARTESIAN_POINT('',(233.8,-99.35,0.31));
#4758 = DIRECTION('',(0.,0.,1.));
#4759 = DIRECTION('',(1.,0.,-0.));
#4760 = ORIENTED_EDGE('',*,*,#4744,.F.);
#4761 = ORIENTED_EDGE('',*,*,#4762,.F.);
#4762 = EDGE_CURVE('',#4745,#4745,#4763,.T.);
#4763 = CIRCLE('',#4764,0.8);
#4764 = AXIS2_PLACEMENT_3D('',#4765,#4766,#4767);
#4765 = CARTESIAN_POINT('',(233.8,-99.35,0.));
#4766 = DIRECTION('',(0.,0.,1.));
#4767 = DIRECTION('',(1.,0.,-0.));
#4768 = CYLINDRICAL_SURFACE('',#4769,0.8);
#4769 = AXIS2_PLACEMENT_3D('',#4770,#4771,#4772);
#4770 = CARTESIAN_POINT('',(233.8,-99.35,0.));
#4771 = DIRECTION('',(-0.,-0.,-1.));
#4772 = DIRECTION('',(1.,0.,-0.));
#4773 = ADVANCED_FACE('',(#4774),#4801,.F.);
#4774 = FACE_BOUND('',#4775,.T.);
#4775 = EDGE_LOOP('',(#4776,#4786,#4793,#4794));
#4776 = ORIENTED_EDGE('',*,*,#4777,.T.);
#4777 = EDGE_CURVE('',#4778,#4780,#4782,.T.);
#4778 = VERTEX_POINT('',#4779);
#4779 = CARTESIAN_POINT('',(191.525,-96.69,0.));
#4780 = VERTEX_POINT('',#4781);
#4781 = CARTESIAN_POINT('',(191.525,-96.69,0.31));
#4782 = LINE('',#4783,#4784);
#4783 = CARTESIAN_POINT('',(191.525,-96.69,0.));
#4784 = VECTOR('',#4785,1.);
#4785 = DIRECTION('',(0.,0.,1.));
#4786 = ORIENTED_EDGE('',*,*,#4787,.T.);
#4787 = EDGE_CURVE('',#4780,#4780,#4788,.T.);
#4788 = CIRCLE('',#4789,2.525);
#4789 = AXIS2_PLACEMENT_3D('',#4790,#4791,#4792);
#4790 = CARTESIAN_POINT('',(189.,-96.69,0.31));
#4791 = DIRECTION('',(0.,0.,1.));
#4792 = DIRECTION('',(1.,0.,-0.));
#4793 = ORIENTED_EDGE('',*,*,#4777,.F.);
#4794 = ORIENTED_EDGE('',*,*,#4795,.F.);
#4795 = EDGE_CURVE('',#4778,#4778,#4796,.T.);
#4796 = CIRCLE('',#4797,2.525);
#4797 = AXIS2_PLACEMENT_3D('',#4798,#4799,#4800);
#4798 = CARTESIAN_POINT('',(189.,-96.69,0.));
#4799 = DIRECTION('',(0.,0.,1.));
#4800 = DIRECTION('',(1.,0.,-0.));
#4801 = CYLINDRICAL_SURFACE('',#4802,2.525);
#4802 = AXIS2_PLACEMENT_3D('',#4803,#4804,#4805);
#4803 = CARTESIAN_POINT('',(189.,-96.69,0.));
#4804 = DIRECTION('',(-0.,-0.,-1.));
#4805 = DIRECTION('',(1.,0.,-0.));
#4806 = ADVANCED_FACE('',(#4807),#4834,.F.);
#4807 = FACE_BOUND('',#4808,.T.);
#4808 = EDGE_LOOP('',(#4809,#4819,#4826,#4827));
#4809 = ORIENTED_EDGE('',*,*,#4810,.T.);
#4810 = EDGE_CURVE('',#4811,#4813,#4815,.T.);
#4811 = VERTEX_POINT('',#4812);
#4812 = CARTESIAN_POINT('',(218.,-96.86,0.));
#4813 = VERTEX_POINT('',#4814);
#4814 = CARTESIAN_POINT('',(218.,-96.86,0.31));
#4815 = LINE('',#4816,#4817);
#4816 = CARTESIAN_POINT('',(218.,-96.86,0.));
#4817 = VECTOR('',#4818,1.);
#4818 = DIRECTION('',(0.,0.,1.));
#4819 = ORIENTED_EDGE('',*,*,#4820,.T.);
#4820 = EDGE_CURVE('',#4813,#4813,#4821,.T.);
#4821 = CIRCLE('',#4822,0.8);
#4822 = AXIS2_PLACEMENT_3D('',#4823,#4824,#4825);
#4823 = CARTESIAN_POINT('',(217.2,-96.86,0.31));
#4824 = DIRECTION('',(0.,0.,1.));
#4825 = DIRECTION('',(1.,0.,-0.));
#4826 = ORIENTED_EDGE('',*,*,#4810,.F.);
#4827 = ORIENTED_EDGE('',*,*,#4828,.F.);
#4828 = EDGE_CURVE('',#4811,#4811,#4829,.T.);
#4829 = CIRCLE('',#4830,0.8);
#4830 = AXIS2_PLACEMENT_3D('',#4831,#4832,#4833);
#4831 = CARTESIAN_POINT('',(217.2,-96.86,0.));
#4832 = DIRECTION('',(0.,0.,1.));
#4833 = DIRECTION('',(1.,0.,-0.));
#4834 = CYLINDRICAL_SURFACE('',#4835,0.8);
#4835 = AXIS2_PLACEMENT_3D('',#4836,#4837,#4838);
#4836 = CARTESIAN_POINT('',(217.2,-96.86,0.));
#4837 = DIRECTION('',(-0.,-0.,-1.));
#4838 = DIRECTION('',(1.,0.,-0.));
#4839 = ADVANCED_FACE('',(#4840),#4867,.F.);
#4840 = FACE_BOUND('',#4841,.T.);
#4841 = EDGE_LOOP('',(#4842,#4852,#4859,#4860));
#4842 = ORIENTED_EDGE('',*,*,#4843,.T.);
#4843 = EDGE_CURVE('',#4844,#4846,#4848,.T.);
#4844 = VERTEX_POINT('',#4845);
#4845 = CARTESIAN_POINT('',(208.125,-94.2,0.));
#4846 = VERTEX_POINT('',#4847);
#4847 = CARTESIAN_POINT('',(208.125,-94.2,0.31));
#4848 = LINE('',#4849,#4850);
#4849 = CARTESIAN_POINT('',(208.125,-94.2,0.));
#4850 = VECTOR('',#4851,1.);
#4851 = DIRECTION('',(0.,0.,1.));
#4852 = ORIENTED_EDGE('',*,*,#4853,.T.);
#4853 = EDGE_CURVE('',#4846,#4846,#4854,.T.);
#4854 = CIRCLE('',#4855,2.525);
#4855 = AXIS2_PLACEMENT_3D('',#4856,#4857,#4858);
#4856 = CARTESIAN_POINT('',(205.6,-94.2,0.31));
#4857 = DIRECTION('',(0.,0.,1.));
#4858 = DIRECTION('',(1.,0.,-0.));
#4859 = ORIENTED_EDGE('',*,*,#4843,.F.);
#4860 = ORIENTED_EDGE('',*,*,#4861,.F.);
#4861 = EDGE_CURVE('',#4844,#4844,#4862,.T.);
#4862 = CIRCLE('',#4863,2.525);
#4863 = AXIS2_PLACEMENT_3D('',#4864,#4865,#4866);
#4864 = CARTESIAN_POINT('',(205.6,-94.2,0.));
#4865 = DIRECTION('',(0.,0.,1.));
#4866 = DIRECTION('',(1.,0.,-0.));
#4867 = CYLINDRICAL_SURFACE('',#4868,2.525);
#4868 = AXIS2_PLACEMENT_3D('',#4869,#4870,#4871);
#4869 = CARTESIAN_POINT('',(205.6,-94.2,0.));
#4870 = DIRECTION('',(-0.,-0.,-1.));
#4871 = DIRECTION('',(1.,0.,-0.));
#4872 = ADVANCED_FACE('',(#4873),#4900,.F.);
#4873 = FACE_BOUND('',#4874,.T.);
#4874 = EDGE_LOOP('',(#4875,#4885,#4892,#4893));
#4875 = ORIENTED_EDGE('',*,*,#4876,.T.);
#4876 = EDGE_CURVE('',#4877,#4879,#4881,.T.);
#4877 = VERTEX_POINT('',#4878);
#4878 = CARTESIAN_POINT('',(241.325,-94.2,0.));
#4879 = VERTEX_POINT('',#4880);
#4880 = CARTESIAN_POINT('',(241.325,-94.2,0.31));
#4881 = LINE('',#4882,#4883);
#4882 = CARTESIAN_POINT('',(241.325,-94.2,0.));
#4883 = VECTOR('',#4884,1.);
#4884 = DIRECTION('',(0.,0.,1.));
#4885 = ORIENTED_EDGE('',*,*,#4886,.T.);
#4886 = EDGE_CURVE('',#4879,#4879,#4887,.T.);
#4887 = CIRCLE('',#4888,2.525);
#4888 = AXIS2_PLACEMENT_3D('',#4889,#4890,#4891);
#4889 = CARTESIAN_POINT('',(238.8,-94.2,0.31));
#4890 = DIRECTION('',(0.,0.,1.));
#4891 = DIRECTION('',(1.,0.,-0.));
#4892 = ORIENTED_EDGE('',*,*,#4876,.F.);
#4893 = ORIENTED_EDGE('',*,*,#4894,.F.);
#4894 = EDGE_CURVE('',#4877,#4877,#4895,.T.);
#4895 = CIRCLE('',#4896,2.525);
#4896 = AXIS2_PLACEMENT_3D('',#4897,#4898,#4899);
#4897 = CARTESIAN_POINT('',(238.8,-94.2,0.));
#4898 = DIRECTION('',(0.,0.,1.));
#4899 = DIRECTION('',(1.,0.,-0.));
#4900 = CYLINDRICAL_SURFACE('',#4901,2.525);
#4901 = AXIS2_PLACEMENT_3D('',#4902,#4903,#4904);
#4902 = CARTESIAN_POINT('',(238.8,-94.2,0.));
#4903 = DIRECTION('',(-0.,-0.,-1.));
#4904 = DIRECTION('',(1.,0.,-0.));
#4905 = ADVANCED_FACE('',(#4906),#4933,.F.);
#4906 = FACE_BOUND('',#4907,.T.);
#4907 = EDGE_LOOP('',(#4908,#4918,#4925,#4926));
#4908 = ORIENTED_EDGE('',*,*,#4909,.T.);
#4909 = EDGE_CURVE('',#4910,#4912,#4914,.T.);
#4910 = VERTEX_POINT('',#4911);
#4911 = CARTESIAN_POINT('',(277.8,-94.86,0.));
#4912 = VERTEX_POINT('',#4913);
#4913 = CARTESIAN_POINT('',(277.8,-94.86,0.31));
#4914 = LINE('',#4915,#4916);
#4915 = CARTESIAN_POINT('',(277.8,-94.86,0.));
#4916 = VECTOR('',#4917,1.);
#4917 = DIRECTION('',(0.,0.,1.));
#4918 = ORIENTED_EDGE('',*,*,#4919,.T.);
#4919 = EDGE_CURVE('',#4912,#4912,#4920,.T.);
#4920 = CIRCLE('',#4921,0.8);
#4921 = AXIS2_PLACEMENT_3D('',#4922,#4923,#4924);
#4922 = CARTESIAN_POINT('',(277.,-94.86,0.31));
#4923 = DIRECTION('',(0.,0.,1.));
#4924 = DIRECTION('',(1.,0.,-0.));
#4925 = ORIENTED_EDGE('',*,*,#4909,.F.);
#4926 = ORIENTED_EDGE('',*,*,#4927,.F.);
#4927 = EDGE_CURVE('',#4910,#4910,#4928,.T.);
#4928 = CIRCLE('',#4929,0.8);
#4929 = AXIS2_PLACEMENT_3D('',#4930,#4931,#4932);
#4930 = CARTESIAN_POINT('',(277.,-94.86,0.));
#4931 = DIRECTION('',(0.,0.,1.));
#4932 = DIRECTION('',(1.,0.,-0.));
#4933 = CYLINDRICAL_SURFACE('',#4934,0.8);
#4934 = AXIS2_PLACEMENT_3D('',#4935,#4936,#4937);
#4935 = CARTESIAN_POINT('',(277.,-94.86,0.));
#4936 = DIRECTION('',(-0.,-0.,-1.));
#4937 = DIRECTION('',(1.,0.,-0.));
#4938 = ADVANCED_FACE('',(#4939),#4966,.F.);
#4939 = FACE_BOUND('',#4940,.T.);
#4940 = EDGE_LOOP('',(#4941,#4951,#4958,#4959));
#4941 = ORIENTED_EDGE('',*,*,#4942,.T.);
#4942 = EDGE_CURVE('',#4943,#4945,#4947,.T.);
#4943 = VERTEX_POINT('',#4944);
#4944 = CARTESIAN_POINT('',(261.,-94.55,0.));
#4945 = VERTEX_POINT('',#4946);
#4946 = CARTESIAN_POINT('',(261.,-94.55,0.31));
#4947 = LINE('',#4948,#4949);
#4948 = CARTESIAN_POINT('',(261.,-94.55,0.));
#4949 = VECTOR('',#4950,1.);
#4950 = DIRECTION('',(0.,0.,1.));
#4951 = ORIENTED_EDGE('',*,*,#4952,.T.);
#4952 = EDGE_CURVE('',#4945,#4945,#4953,.T.);
#4953 = CIRCLE('',#4954,0.6);
#4954 = AXIS2_PLACEMENT_3D('',#4955,#4956,#4957);
#4955 = CARTESIAN_POINT('',(260.4,-94.55,0.31));
#4956 = DIRECTION('',(0.,0.,1.));
#4957 = DIRECTION('',(1.,0.,-0.));
#4958 = ORIENTED_EDGE('',*,*,#4942,.F.);
#4959 = ORIENTED_EDGE('',*,*,#4960,.F.);
#4960 = EDGE_CURVE('',#4943,#4943,#4961,.T.);
#4961 = CIRCLE('',#4962,0.6);
#4962 = AXIS2_PLACEMENT_3D('',#4963,#4964,#4965);
#4963 = CARTESIAN_POINT('',(260.4,-94.55,0.));
#4964 = DIRECTION('',(0.,0.,1.));
#4965 = DIRECTION('',(1.,0.,-0.));
#4966 = CYLINDRICAL_SURFACE('',#4967,0.6);
#4967 = AXIS2_PLACEMENT_3D('',#4968,#4969,#4970);
#4968 = CARTESIAN_POINT('',(260.4,-94.55,0.));
#4969 = DIRECTION('',(-0.,-0.,-1.));
#4970 = DIRECTION('',(1.,0.,-0.));
#4971 = ADVANCED_FACE('',(#4972),#4999,.F.);
#4972 = FACE_BOUND('',#4973,.T.);
#4973 = EDGE_LOOP('',(#4974,#4984,#4991,#4992));
#4974 = ORIENTED_EDGE('',*,*,#4975,.T.);
#4975 = EDGE_CURVE('',#4976,#4978,#4980,.T.);
#4976 = VERTEX_POINT('',#4977);
#4977 = CARTESIAN_POINT('',(224.725,-91.71,0.));
#4978 = VERTEX_POINT('',#4979);
#4979 = CARTESIAN_POINT('',(224.725,-91.71,0.31));
#4980 = LINE('',#4981,#4982);
#4981 = CARTESIAN_POINT('',(224.725,-91.71,0.));
#4982 = VECTOR('',#4983,1.);
#4983 = DIRECTION('',(0.,0.,1.));
#4984 = ORIENTED_EDGE('',*,*,#4985,.T.);
#4985 = EDGE_CURVE('',#4978,#4978,#4986,.T.);
#4986 = CIRCLE('',#4987,2.525);
#4987 = AXIS2_PLACEMENT_3D('',#4988,#4989,#4990);
#4988 = CARTESIAN_POINT('',(222.2,-91.71,0.31));
#4989 = DIRECTION('',(0.,0.,1.));
#4990 = DIRECTION('',(1.,0.,-0.));
#4991 = ORIENTED_EDGE('',*,*,#4975,.F.);
#4992 = ORIENTED_EDGE('',*,*,#4993,.F.);
#4993 = EDGE_CURVE('',#4976,#4976,#4994,.T.);
#4994 = CIRCLE('',#4995,2.525);
#4995 = AXIS2_PLACEMENT_3D('',#4996,#4997,#4998);
#4996 = CARTESIAN_POINT('',(222.2,-91.71,0.));
#4997 = DIRECTION('',(0.,0.,1.));
#4998 = DIRECTION('',(1.,0.,-0.));
#4999 = CYLINDRICAL_SURFACE('',#5000,2.525);
#5000 = AXIS2_PLACEMENT_3D('',#5001,#5002,#5003);
#5001 = CARTESIAN_POINT('',(222.2,-91.71,0.));
#5002 = DIRECTION('',(-0.,-0.,-1.));
#5003 = DIRECTION('',(1.,0.,-0.));
#5004 = ADVANCED_FACE('',(#5005),#5032,.F.);
#5005 = FACE_BOUND('',#5006,.T.);
#5006 = EDGE_LOOP('',(#5007,#5017,#5024,#5025));
#5007 = ORIENTED_EDGE('',*,*,#5008,.T.);
#5008 = EDGE_CURVE('',#5009,#5011,#5013,.T.);
#5009 = VERTEX_POINT('',#5010);
#5010 = CARTESIAN_POINT('',(194.6,-92.89,0.));
#5011 = VERTEX_POINT('',#5012);
#5012 = CARTESIAN_POINT('',(194.6,-92.89,0.31));
#5013 = LINE('',#5014,#5015);
#5014 = CARTESIAN_POINT('',(194.6,-92.89,0.));
#5015 = VECTOR('',#5016,1.);
#5016 = DIRECTION('',(0.,0.,1.));
#5017 = ORIENTED_EDGE('',*,*,#5018,.T.);
#5018 = EDGE_CURVE('',#5011,#5011,#5019,.T.);
#5019 = CIRCLE('',#5020,0.6);
#5020 = AXIS2_PLACEMENT_3D('',#5021,#5022,#5023);
#5021 = CARTESIAN_POINT('',(194.,-92.89,0.31));
#5022 = DIRECTION('',(0.,0.,1.));
#5023 = DIRECTION('',(1.,0.,-0.));
#5024 = ORIENTED_EDGE('',*,*,#5008,.F.);
#5025 = ORIENTED_EDGE('',*,*,#5026,.F.);
#5026 = EDGE_CURVE('',#5009,#5009,#5027,.T.);
#5027 = CIRCLE('',#5028,0.6);
#5028 = AXIS2_PLACEMENT_3D('',#5029,#5030,#5031);
#5029 = CARTESIAN_POINT('',(194.,-92.89,0.));
#5030 = DIRECTION('',(0.,0.,1.));
#5031 = DIRECTION('',(1.,0.,-0.));
#5032 = CYLINDRICAL_SURFACE('',#5033,0.6);
#5033 = AXIS2_PLACEMENT_3D('',#5034,#5035,#5036);
#5034 = CARTESIAN_POINT('',(194.,-92.89,0.));
#5035 = DIRECTION('',(-0.,-0.,-1.));
#5036 = DIRECTION('',(1.,0.,-0.));
#5037 = ADVANCED_FACE('',(#5038),#5065,.F.);
#5038 = FACE_BOUND('',#5039,.T.);
#5039 = EDGE_LOOP('',(#5040,#5050,#5057,#5058));
#5040 = ORIENTED_EDGE('',*,*,#5041,.T.);
#5041 = EDGE_CURVE('',#5042,#5044,#5046,.T.);
#5042 = VERTEX_POINT('',#5043);
#5043 = CARTESIAN_POINT('',(256.05,-92.45,0.));
#5044 = VERTEX_POINT('',#5045);
#5045 = CARTESIAN_POINT('',(256.05,-92.45,0.31));
#5046 = LINE('',#5047,#5048);
#5047 = CARTESIAN_POINT('',(256.05,-92.45,0.));
#5048 = VECTOR('',#5049,1.);
#5049 = DIRECTION('',(0.,0.,1.));
#5050 = ORIENTED_EDGE('',*,*,#5051,.T.);
#5051 = EDGE_CURVE('',#5044,#5044,#5052,.T.);
#5052 = CIRCLE('',#5053,0.6);
#5053 = AXIS2_PLACEMENT_3D('',#5054,#5055,#5056);
#5054 = CARTESIAN_POINT('',(255.45,-92.45,0.31));
#5055 = DIRECTION('',(0.,0.,1.));
#5056 = DIRECTION('',(1.,0.,-0.));
#5057 = ORIENTED_EDGE('',*,*,#5041,.F.);
#5058 = ORIENTED_EDGE('',*,*,#5059,.F.);
#5059 = EDGE_CURVE('',#5042,#5042,#5060,.T.);
#5060 = CIRCLE('',#5061,0.6);
#5061 = AXIS2_PLACEMENT_3D('',#5062,#5063,#5064);
#5062 = CARTESIAN_POINT('',(255.45,-92.45,0.));
#5063 = DIRECTION('',(0.,0.,1.));
#5064 = DIRECTION('',(1.,0.,-0.));
#5065 = CYLINDRICAL_SURFACE('',#5066,0.6);
#5066 = AXIS2_PLACEMENT_3D('',#5067,#5068,#5069);
#5067 = CARTESIAN_POINT('',(255.45,-92.45,0.));
#5068 = DIRECTION('',(-0.,-0.,-1.));
#5069 = DIRECTION('',(1.,0.,-0.));
#5070 = ADVANCED_FACE('',(#5071),#5098,.F.);
#5071 = FACE_BOUND('',#5072,.T.);
#5072 = EDGE_LOOP('',(#5073,#5083,#5090,#5091));
#5073 = ORIENTED_EDGE('',*,*,#5074,.T.);
#5074 = EDGE_CURVE('',#5075,#5077,#5079,.T.);
#5075 = VERTEX_POINT('',#5076);
#5076 = CARTESIAN_POINT('',(189.65,-90.79,0.));
#5077 = VERTEX_POINT('',#5078);
#5078 = CARTESIAN_POINT('',(189.65,-90.79,0.31));
#5079 = LINE('',#5080,#5081);
#5080 = CARTESIAN_POINT('',(189.65,-90.79,0.));
#5081 = VECTOR('',#5082,1.);
#5082 = DIRECTION('',(0.,0.,1.));
#5083 = ORIENTED_EDGE('',*,*,#5084,.T.);
#5084 = EDGE_CURVE('',#5077,#5077,#5085,.T.);
#5085 = CIRCLE('',#5086,0.6);
#5086 = AXIS2_PLACEMENT_3D('',#5087,#5088,#5089);
#5087 = CARTESIAN_POINT('',(189.05,-90.79,0.31));
#5088 = DIRECTION('',(0.,0.,1.));
#5089 = DIRECTION('',(1.,0.,-0.));
#5090 = ORIENTED_EDGE('',*,*,#5074,.F.);
#5091 = ORIENTED_EDGE('',*,*,#5092,.F.);
#5092 = EDGE_CURVE('',#5075,#5075,#5093,.T.);
#5093 = CIRCLE('',#5094,0.6);
#5094 = AXIS2_PLACEMENT_3D('',#5095,#5096,#5097);
#5095 = CARTESIAN_POINT('',(189.05,-90.79,0.));
#5096 = DIRECTION('',(0.,0.,1.));
#5097 = DIRECTION('',(1.,0.,-0.));
#5098 = CYLINDRICAL_SURFACE('',#5099,0.6);
#5099 = AXIS2_PLACEMENT_3D('',#5100,#5101,#5102);
#5100 = CARTESIAN_POINT('',(189.05,-90.79,0.));
#5101 = DIRECTION('',(-0.,-0.,-1.));
#5102 = DIRECTION('',(1.,0.,-0.));
#5103 = ADVANCED_FACE('',(#5104),#5131,.F.);
#5104 = FACE_BOUND('',#5105,.T.);
#5105 = EDGE_LOOP('',(#5106,#5116,#5123,#5124));
#5106 = ORIENTED_EDGE('',*,*,#5107,.T.);
#5107 = EDGE_CURVE('',#5108,#5110,#5112,.T.);
#5108 = VERTEX_POINT('',#5109);
#5109 = CARTESIAN_POINT('',(211.2,-90.4,0.));
#5110 = VERTEX_POINT('',#5111);
#5111 = CARTESIAN_POINT('',(211.2,-90.4,0.31));
#5112 = LINE('',#5113,#5114);
#5113 = CARTESIAN_POINT('',(211.2,-90.4,0.));
#5114 = VECTOR('',#5115,1.);
#5115 = DIRECTION('',(0.,0.,1.));
#5116 = ORIENTED_EDGE('',*,*,#5117,.T.);
#5117 = EDGE_CURVE('',#5110,#5110,#5118,.T.);
#5118 = CIRCLE('',#5119,0.6);
#5119 = AXIS2_PLACEMENT_3D('',#5120,#5121,#5122);
#5120 = CARTESIAN_POINT('',(210.6,-90.4,0.31));
#5121 = DIRECTION('',(0.,0.,1.));
#5122 = DIRECTION('',(1.,0.,-0.));
#5123 = ORIENTED_EDGE('',*,*,#5107,.F.);
#5124 = ORIENTED_EDGE('',*,*,#5125,.F.);
#5125 = EDGE_CURVE('',#5108,#5108,#5126,.T.);
#5126 = CIRCLE('',#5127,0.6);
#5127 = AXIS2_PLACEMENT_3D('',#5128,#5129,#5130);
#5128 = CARTESIAN_POINT('',(210.6,-90.4,0.));
#5129 = DIRECTION('',(0.,0.,1.));
#5130 = DIRECTION('',(1.,0.,-0.));
#5131 = CYLINDRICAL_SURFACE('',#5132,0.6);
#5132 = AXIS2_PLACEMENT_3D('',#5133,#5134,#5135);
#5133 = CARTESIAN_POINT('',(210.6,-90.4,0.));
#5134 = DIRECTION('',(-0.,-0.,-1.));
#5135 = DIRECTION('',(1.,0.,-0.));
#5136 = ADVANCED_FACE('',(#5137),#5164,.F.);
#5137 = FACE_BOUND('',#5138,.T.);
#5138 = EDGE_LOOP('',(#5139,#5149,#5156,#5157));
#5139 = ORIENTED_EDGE('',*,*,#5140,.T.);
#5140 = EDGE_CURVE('',#5141,#5143,#5145,.T.);
#5141 = VERTEX_POINT('',#5142);
#5142 = CARTESIAN_POINT('',(244.4,-90.4,0.));
#5143 = VERTEX_POINT('',#5144);
#5144 = CARTESIAN_POINT('',(244.4,-90.4,0.31));
#5145 = LINE('',#5146,#5147);
#5146 = CARTESIAN_POINT('',(244.4,-90.4,0.));
#5147 = VECTOR('',#5148,1.);
#5148 = DIRECTION('',(0.,0.,1.));
#5149 = ORIENTED_EDGE('',*,*,#5150,.T.);
#5150 = EDGE_CURVE('',#5143,#5143,#5151,.T.);
#5151 = CIRCLE('',#5152,0.6);
#5152 = AXIS2_PLACEMENT_3D('',#5153,#5154,#5155);
#5153 = CARTESIAN_POINT('',(243.8,-90.4,0.31));
#5154 = DIRECTION('',(0.,0.,1.));
#5155 = DIRECTION('',(1.,0.,-0.));
#5156 = ORIENTED_EDGE('',*,*,#5140,.F.);
#5157 = ORIENTED_EDGE('',*,*,#5158,.F.);
#5158 = EDGE_CURVE('',#5141,#5141,#5159,.T.);
#5159 = CIRCLE('',#5160,0.6);
#5160 = AXIS2_PLACEMENT_3D('',#5161,#5162,#5163);
#5161 = CARTESIAN_POINT('',(243.8,-90.4,0.));
#5162 = DIRECTION('',(0.,0.,1.));
#5163 = DIRECTION('',(1.,0.,-0.));
#5164 = CYLINDRICAL_SURFACE('',#5165,0.6);
#5165 = AXIS2_PLACEMENT_3D('',#5166,#5167,#5168);
#5166 = CARTESIAN_POINT('',(243.8,-90.4,0.));
#5167 = DIRECTION('',(-0.,-0.,-1.));
#5168 = DIRECTION('',(1.,0.,-0.));
#5169 = ADVANCED_FACE('',(#5170),#5197,.F.);
#5170 = FACE_BOUND('',#5171,.T.);
#5171 = EDGE_LOOP('',(#5172,#5182,#5189,#5190));
#5172 = ORIENTED_EDGE('',*,*,#5173,.T.);
#5173 = EDGE_CURVE('',#5174,#5176,#5178,.T.);
#5174 = VERTEX_POINT('',#5175);
#5175 = CARTESIAN_POINT('',(272.55,-89.31,0.));
#5176 = VERTEX_POINT('',#5177);
#5177 = CARTESIAN_POINT('',(272.55,-89.31,0.31));
#5178 = LINE('',#5179,#5180);
#5179 = CARTESIAN_POINT('',(272.55,-89.31,0.));
#5180 = VECTOR('',#5181,1.);
#5181 = DIRECTION('',(0.,0.,1.));
#5182 = ORIENTED_EDGE('',*,*,#5183,.T.);
#5183 = EDGE_CURVE('',#5176,#5176,#5184,.T.);
#5184 = CIRCLE('',#5185,0.6);
#5185 = AXIS2_PLACEMENT_3D('',#5186,#5187,#5188);
#5186 = CARTESIAN_POINT('',(271.95,-89.31,0.31));
#5187 = DIRECTION('',(0.,0.,1.));
#5188 = DIRECTION('',(1.,0.,-0.));
#5189 = ORIENTED_EDGE('',*,*,#5173,.F.);
#5190 = ORIENTED_EDGE('',*,*,#5191,.F.);
#5191 = EDGE_CURVE('',#5174,#5174,#5192,.T.);
#5192 = CIRCLE('',#5193,0.6);
#5193 = AXIS2_PLACEMENT_3D('',#5194,#5195,#5196);
#5194 = CARTESIAN_POINT('',(271.95,-89.31,0.));
#5195 = DIRECTION('',(0.,0.,1.));
#5196 = DIRECTION('',(1.,0.,-0.));
#5197 = CYLINDRICAL_SURFACE('',#5198,0.6);
#5198 = AXIS2_PLACEMENT_3D('',#5199,#5200,#5201);
#5199 = CARTESIAN_POINT('',(271.95,-89.31,0.));
#5200 = DIRECTION('',(-0.,-0.,-1.));
#5201 = DIRECTION('',(1.,0.,-0.));
#5202 = ADVANCED_FACE('',(#5203),#5230,.F.);
#5203 = FACE_BOUND('',#5204,.T.);
#5204 = EDGE_LOOP('',(#5205,#5215,#5222,#5223));
#5205 = ORIENTED_EDGE('',*,*,#5206,.T.);
#5206 = EDGE_CURVE('',#5207,#5209,#5211,.T.);
#5207 = VERTEX_POINT('',#5208);
#5208 = CARTESIAN_POINT('',(206.25,-88.3,0.));
#5209 = VERTEX_POINT('',#5210);
#5210 = CARTESIAN_POINT('',(206.25,-88.3,0.31));
#5211 = LINE('',#5212,#5213);
#5212 = CARTESIAN_POINT('',(206.25,-88.3,0.));
#5213 = VECTOR('',#5214,1.);
#5214 = DIRECTION('',(0.,0.,1.));
#5215 = ORIENTED_EDGE('',*,*,#5216,.T.);
#5216 = EDGE_CURVE('',#5209,#5209,#5217,.T.);
#5217 = CIRCLE('',#5218,0.6);
#5218 = AXIS2_PLACEMENT_3D('',#5219,#5220,#5221);
#5219 = CARTESIAN_POINT('',(205.65,-88.3,0.31));
#5220 = DIRECTION('',(0.,0.,1.));
#5221 = DIRECTION('',(1.,0.,-0.));
#5222 = ORIENTED_EDGE('',*,*,#5206,.F.);
#5223 = ORIENTED_EDGE('',*,*,#5224,.F.);
#5224 = EDGE_CURVE('',#5207,#5207,#5225,.T.);
#5225 = CIRCLE('',#5226,0.6);
#5226 = AXIS2_PLACEMENT_3D('',#5227,#5228,#5229);
#5227 = CARTESIAN_POINT('',(205.65,-88.3,0.));
#5228 = DIRECTION('',(0.,0.,1.));
#5229 = DIRECTION('',(1.,0.,-0.));
#5230 = CYLINDRICAL_SURFACE('',#5231,0.6);
#5231 = AXIS2_PLACEMENT_3D('',#5232,#5233,#5234);
#5232 = CARTESIAN_POINT('',(205.65,-88.3,0.));
#5233 = DIRECTION('',(-0.,-0.,-1.));
#5234 = DIRECTION('',(1.,0.,-0.));
#5235 = ADVANCED_FACE('',(#5236),#5263,.F.);
#5236 = FACE_BOUND('',#5237,.T.);
#5237 = EDGE_LOOP('',(#5238,#5248,#5255,#5256));
#5238 = ORIENTED_EDGE('',*,*,#5239,.T.);
#5239 = EDGE_CURVE('',#5240,#5242,#5244,.T.);
#5240 = VERTEX_POINT('',#5241);
#5241 = CARTESIAN_POINT('',(239.45,-88.3,0.));
#5242 = VERTEX_POINT('',#5243);
#5243 = CARTESIAN_POINT('',(239.45,-88.3,0.31));
#5244 = LINE('',#5245,#5246);
#5245 = CARTESIAN_POINT('',(239.45,-88.3,0.));
#5246 = VECTOR('',#5247,1.);
#5247 = DIRECTION('',(0.,0.,1.));
#5248 = ORIENTED_EDGE('',*,*,#5249,.T.);
#5249 = EDGE_CURVE('',#5242,#5242,#5250,.T.);
#5250 = CIRCLE('',#5251,0.6);
#5251 = AXIS2_PLACEMENT_3D('',#5252,#5253,#5254);
#5252 = CARTESIAN_POINT('',(238.85,-88.3,0.31));
#5253 = DIRECTION('',(0.,0.,1.));
#5254 = DIRECTION('',(1.,0.,-0.));
#5255 = ORIENTED_EDGE('',*,*,#5239,.F.);
#5256 = ORIENTED_EDGE('',*,*,#5257,.F.);
#5257 = EDGE_CURVE('',#5240,#5240,#5258,.T.);
#5258 = CIRCLE('',#5259,0.6);
#5259 = AXIS2_PLACEMENT_3D('',#5260,#5261,#5262);
#5260 = CARTESIAN_POINT('',(238.85,-88.3,0.));
#5261 = DIRECTION('',(0.,0.,1.));
#5262 = DIRECTION('',(1.,0.,-0.));
#5263 = CYLINDRICAL_SURFACE('',#5264,0.6);
#5264 = AXIS2_PLACEMENT_3D('',#5265,#5266,#5267);
#5265 = CARTESIAN_POINT('',(238.85,-88.3,0.));
#5266 = DIRECTION('',(-0.,-0.,-1.));
#5267 = DIRECTION('',(1.,0.,-0.));
#5268 = ADVANCED_FACE('',(#5269),#5296,.F.);
#5269 = FACE_BOUND('',#5270,.T.);
#5270 = EDGE_LOOP('',(#5271,#5281,#5288,#5289));
#5271 = ORIENTED_EDGE('',*,*,#5272,.T.);
#5272 = EDGE_CURVE('',#5273,#5275,#5277,.T.);
#5273 = VERTEX_POINT('',#5274);
#5274 = CARTESIAN_POINT('',(227.8,-87.91,0.));
#5275 = VERTEX_POINT('',#5276);
#5276 = CARTESIAN_POINT('',(227.8,-87.91,0.31));
#5277 = LINE('',#5278,#5279);
#5278 = CARTESIAN_POINT('',(227.8,-87.91,0.));
#5279 = VECTOR('',#5280,1.);
#5280 = DIRECTION('',(0.,0.,1.));
#5281 = ORIENTED_EDGE('',*,*,#5282,.T.);
#5282 = EDGE_CURVE('',#5275,#5275,#5283,.T.);
#5283 = CIRCLE('',#5284,0.6);
#5284 = AXIS2_PLACEMENT_3D('',#5285,#5286,#5287);
#5285 = CARTESIAN_POINT('',(227.2,-87.91,0.31));
#5286 = DIRECTION('',(0.,0.,1.));
#5287 = DIRECTION('',(1.,0.,-0.));
#5288 = ORIENTED_EDGE('',*,*,#5272,.F.);
#5289 = ORIENTED_EDGE('',*,*,#5290,.F.);
#5290 = EDGE_CURVE('',#5273,#5273,#5291,.T.);
#5291 = CIRCLE('',#5292,0.6);
#5292 = AXIS2_PLACEMENT_3D('',#5293,#5294,#5295);
#5293 = CARTESIAN_POINT('',(227.2,-87.91,0.));
#5294 = DIRECTION('',(0.,0.,1.));
#5295 = DIRECTION('',(1.,0.,-0.));
#5296 = CYLINDRICAL_SURFACE('',#5297,0.6);
#5297 = AXIS2_PLACEMENT_3D('',#5298,#5299,#5300);
#5298 = CARTESIAN_POINT('',(227.2,-87.91,0.));
#5299 = DIRECTION('',(-0.,-0.,-1.));
#5300 = DIRECTION('',(1.,0.,-0.));
#5301 = ADVANCED_FACE('',(#5302),#5329,.F.);
#5302 = FACE_BOUND('',#5303,.T.);
#5303 = EDGE_LOOP('',(#5304,#5314,#5321,#5322));
#5304 = ORIENTED_EDGE('',*,*,#5305,.T.);
#5305 = EDGE_CURVE('',#5306,#5308,#5310,.T.);
#5306 = VERTEX_POINT('',#5307);
#5307 = CARTESIAN_POINT('',(267.6,-87.21,0.));
#5308 = VERTEX_POINT('',#5309);
#5309 = CARTESIAN_POINT('',(267.6,-87.21,0.31));
#5310 = LINE('',#5311,#5312);
#5311 = CARTESIAN_POINT('',(267.6,-87.21,0.));
#5312 = VECTOR('',#5313,1.);
#5313 = DIRECTION('',(0.,0.,1.));
#5314 = ORIENTED_EDGE('',*,*,#5315,.T.);
#5315 = EDGE_CURVE('',#5308,#5308,#5316,.T.);
#5316 = CIRCLE('',#5317,0.6);
#5317 = AXIS2_PLACEMENT_3D('',#5318,#5319,#5320);
#5318 = CARTESIAN_POINT('',(267.,-87.21,0.31));
#5319 = DIRECTION('',(0.,0.,1.));
#5320 = DIRECTION('',(1.,0.,-0.));
#5321 = ORIENTED_EDGE('',*,*,#5305,.F.);
#5322 = ORIENTED_EDGE('',*,*,#5323,.F.);
#5323 = EDGE_CURVE('',#5306,#5306,#5324,.T.);
#5324 = CIRCLE('',#5325,0.6);
#5325 = AXIS2_PLACEMENT_3D('',#5326,#5327,#5328);
#5326 = CARTESIAN_POINT('',(267.,-87.21,0.));
#5327 = DIRECTION('',(0.,0.,1.));
#5328 = DIRECTION('',(1.,0.,-0.));
#5329 = CYLINDRICAL_SURFACE('',#5330,0.6);
#5330 = AXIS2_PLACEMENT_3D('',#5331,#5332,#5333);
#5331 = CARTESIAN_POINT('',(267.,-87.21,0.));
#5332 = DIRECTION('',(-0.,-0.,-1.));
#5333 = DIRECTION('',(1.,0.,-0.));
#5334 = ADVANCED_FACE('',(#5335),#5362,.F.);
#5335 = FACE_BOUND('',#5336,.T.);
#5336 = EDGE_LOOP('',(#5337,#5347,#5354,#5355));
#5337 = ORIENTED_EDGE('',*,*,#5338,.T.);
#5338 = EDGE_CURVE('',#5339,#5341,#5343,.T.);
#5339 = VERTEX_POINT('',#5340);
#5340 = CARTESIAN_POINT('',(251.2,-86.9,0.));
#5341 = VERTEX_POINT('',#5342);
#5342 = CARTESIAN_POINT('',(251.2,-86.9,0.31));
#5343 = LINE('',#5344,#5345);
#5344 = CARTESIAN_POINT('',(251.2,-86.9,0.));
#5345 = VECTOR('',#5346,1.);
#5346 = DIRECTION('',(0.,0.,1.));
#5347 = ORIENTED_EDGE('',*,*,#5348,.T.);
#5348 = EDGE_CURVE('',#5341,#5341,#5349,.T.);
#5349 = CIRCLE('',#5350,0.8);
#5350 = AXIS2_PLACEMENT_3D('',#5351,#5352,#5353);
#5351 = CARTESIAN_POINT('',(250.4,-86.9,0.31));
#5352 = DIRECTION('',(0.,0.,1.));
#5353 = DIRECTION('',(1.,0.,-0.));
#5354 = ORIENTED_EDGE('',*,*,#5338,.F.);
#5355 = ORIENTED_EDGE('',*,*,#5356,.F.);
#5356 = EDGE_CURVE('',#5339,#5339,#5357,.T.);
#5357 = CIRCLE('',#5358,0.8);
#5358 = AXIS2_PLACEMENT_3D('',#5359,#5360,#5361);
#5359 = CARTESIAN_POINT('',(250.4,-86.9,0.));
#5360 = DIRECTION('',(0.,0.,1.));
#5361 = DIRECTION('',(1.,0.,-0.));
#5362 = CYLINDRICAL_SURFACE('',#5363,0.8);
#5363 = AXIS2_PLACEMENT_3D('',#5364,#5365,#5366);
#5364 = CARTESIAN_POINT('',(250.4,-86.9,0.));
#5365 = DIRECTION('',(-0.,-0.,-1.));
#5366 = DIRECTION('',(1.,0.,-0.));
#5367 = ADVANCED_FACE('',(#5368),#5395,.F.);
#5368 = FACE_BOUND('',#5369,.T.);
#5369 = EDGE_LOOP('',(#5370,#5380,#5387,#5388));
#5370 = ORIENTED_EDGE('',*,*,#5371,.T.);
#5371 = EDGE_CURVE('',#5372,#5374,#5376,.T.);
#5372 = VERTEX_POINT('',#5373);
#5373 = CARTESIAN_POINT('',(222.85,-85.81,0.));
#5374 = VERTEX_POINT('',#5375);
#5375 = CARTESIAN_POINT('',(222.85,-85.81,0.31));
#5376 = LINE('',#5377,#5378);
#5377 = CARTESIAN_POINT('',(222.85,-85.81,0.));
#5378 = VECTOR('',#5379,1.);
#5379 = DIRECTION('',(0.,0.,1.));
#5380 = ORIENTED_EDGE('',*,*,#5381,.T.);
#5381 = EDGE_CURVE('',#5374,#5374,#5382,.T.);
#5382 = CIRCLE('',#5383,0.6);
#5383 = AXIS2_PLACEMENT_3D('',#5384,#5385,#5386);
#5384 = CARTESIAN_POINT('',(222.25,-85.81,0.31));
#5385 = DIRECTION('',(0.,0.,1.));
#5386 = DIRECTION('',(1.,0.,-0.));
#5387 = ORIENTED_EDGE('',*,*,#5371,.F.);
#5388 = ORIENTED_EDGE('',*,*,#5389,.F.);
#5389 = EDGE_CURVE('',#5372,#5372,#5390,.T.);
#5390 = CIRCLE('',#5391,0.6);
#5391 = AXIS2_PLACEMENT_3D('',#5392,#5393,#5394);
#5392 = CARTESIAN_POINT('',(222.25,-85.81,0.));
#5393 = DIRECTION('',(0.,0.,1.));
#5394 = DIRECTION('',(1.,0.,-0.));
#5395 = CYLINDRICAL_SURFACE('',#5396,0.6);
#5396 = AXIS2_PLACEMENT_3D('',#5397,#5398,#5399);
#5397 = CARTESIAN_POINT('',(222.25,-85.81,0.));
#5398 = DIRECTION('',(-0.,-0.,-1.));
#5399 = DIRECTION('',(1.,0.,-0.));
#5400 = ADVANCED_FACE('',(#5401),#5428,.F.);
#5401 = FACE_BOUND('',#5402,.T.);
#5402 = EDGE_LOOP('',(#5403,#5413,#5420,#5421));
#5403 = ORIENTED_EDGE('',*,*,#5404,.T.);
#5404 = EDGE_CURVE('',#5405,#5407,#5409,.T.);
#5405 = VERTEX_POINT('',#5406);
#5406 = CARTESIAN_POINT('',(184.8,-85.24,0.));
#5407 = VERTEX_POINT('',#5408);
#5408 = CARTESIAN_POINT('',(184.8,-85.24,0.31));
#5409 = LINE('',#5410,#5411);
#5410 = CARTESIAN_POINT('',(184.8,-85.24,0.));
#5411 = VECTOR('',#5412,1.);
#5412 = DIRECTION('',(0.,0.,1.));
#5413 = ORIENTED_EDGE('',*,*,#5414,.T.);
#5414 = EDGE_CURVE('',#5407,#5407,#5415,.T.);
#5415 = CIRCLE('',#5416,0.8);
#5416 = AXIS2_PLACEMENT_3D('',#5417,#5418,#5419);
#5417 = CARTESIAN_POINT('',(184.,-85.24,0.31));
#5418 = DIRECTION('',(0.,0.,1.));
#5419 = DIRECTION('',(1.,0.,-0.));
#5420 = ORIENTED_EDGE('',*,*,#5404,.F.);
#5421 = ORIENTED_EDGE('',*,*,#5422,.F.);
#5422 = EDGE_CURVE('',#5405,#5405,#5423,.T.);
#5423 = CIRCLE('',#5424,0.8);
#5424 = AXIS2_PLACEMENT_3D('',#5425,#5426,#5427);
#5425 = CARTESIAN_POINT('',(184.,-85.24,0.));
#5426 = DIRECTION('',(0.,0.,1.));
#5427 = DIRECTION('',(1.,0.,-0.));
#5428 = CYLINDRICAL_SURFACE('',#5429,0.8);
#5429 = AXIS2_PLACEMENT_3D('',#5430,#5431,#5432);
#5430 = CARTESIAN_POINT('',(184.,-85.24,0.));
#5431 = DIRECTION('',(-0.,-0.,-1.));
#5432 = DIRECTION('',(1.,0.,-0.));
#5433 = ADVANCED_FACE('',(#5434),#5461,.F.);
#5434 = FACE_BOUND('',#5435,.T.);
#5435 = EDGE_LOOP('',(#5436,#5446,#5453,#5454));
#5436 = ORIENTED_EDGE('',*,*,#5437,.T.);
#5437 = EDGE_CURVE('',#5438,#5440,#5442,.T.);
#5438 = VERTEX_POINT('',#5439);
#5439 = CARTESIAN_POINT('',(274.525,-83.41,0.));
#5440 = VERTEX_POINT('',#5441);
#5441 = CARTESIAN_POINT('',(274.525,-83.41,0.31));
#5442 = LINE('',#5443,#5444);
#5443 = CARTESIAN_POINT('',(274.525,-83.41,0.));
#5444 = VECTOR('',#5445,1.);
#5445 = DIRECTION('',(0.,0.,1.));
#5446 = ORIENTED_EDGE('',*,*,#5447,.T.);
#5447 = EDGE_CURVE('',#5440,#5440,#5448,.T.);
#5448 = CIRCLE('',#5449,2.525);
#5449 = AXIS2_PLACEMENT_3D('',#5450,#5451,#5452);
#5450 = CARTESIAN_POINT('',(272.,-83.41,0.31));
#5451 = DIRECTION('',(0.,0.,1.));
#5452 = DIRECTION('',(1.,0.,-0.));
#5453 = ORIENTED_EDGE('',*,*,#5437,.F.);
#5454 = ORIENTED_EDGE('',*,*,#5455,.F.);
#5455 = EDGE_CURVE('',#5438,#5438,#5456,.T.);
#5456 = CIRCLE('',#5457,2.525);
#5457 = AXIS2_PLACEMENT_3D('',#5458,#5459,#5460);
#5458 = CARTESIAN_POINT('',(272.,-83.41,0.));
#5459 = DIRECTION('',(0.,0.,1.));
#5460 = DIRECTION('',(1.,0.,-0.));
#5461 = CYLINDRICAL_SURFACE('',#5462,2.525);
#5462 = AXIS2_PLACEMENT_3D('',#5463,#5464,#5465);
#5463 = CARTESIAN_POINT('',(272.,-83.41,0.));
#5464 = DIRECTION('',(-0.,-0.,-1.));
#5465 = DIRECTION('',(1.,0.,-0.));
#5466 = ADVANCED_FACE('',(#5467),#5494,.F.);
#5467 = FACE_BOUND('',#5468,.T.);
#5468 = EDGE_LOOP('',(#5469,#5479,#5486,#5487));
#5469 = ORIENTED_EDGE('',*,*,#5470,.T.);
#5470 = EDGE_CURVE('',#5471,#5473,#5475,.T.);
#5471 = VERTEX_POINT('',#5472);
#5472 = CARTESIAN_POINT('',(257.925,-81.75,0.));
#5473 = VERTEX_POINT('',#5474);
#5474 = CARTESIAN_POINT('',(257.925,-81.75,0.31));
#5475 = LINE('',#5476,#5477);
#5476 = CARTESIAN_POINT('',(257.925,-81.75,0.));
#5477 = VECTOR('',#5478,1.);
#5478 = DIRECTION('',(0.,0.,1.));
#5479 = ORIENTED_EDGE('',*,*,#5480,.T.);
#5480 = EDGE_CURVE('',#5473,#5473,#5481,.T.);
#5481 = CIRCLE('',#5482,2.525);
#5482 = AXIS2_PLACEMENT_3D('',#5483,#5484,#5485);
#5483 = CARTESIAN_POINT('',(255.4,-81.75,0.31));
#5484 = DIRECTION('',(0.,0.,1.));
#5485 = DIRECTION('',(1.,0.,-0.));
#5486 = ORIENTED_EDGE('',*,*,#5470,.F.);
#5487 = ORIENTED_EDGE('',*,*,#5488,.F.);
#5488 = EDGE_CURVE('',#5471,#5471,#5489,.T.);
#5489 = CIRCLE('',#5490,2.525);
#5490 = AXIS2_PLACEMENT_3D('',#5491,#5492,#5493);
#5491 = CARTESIAN_POINT('',(255.4,-81.75,0.));
#5492 = DIRECTION('',(0.,0.,1.));
#5493 = DIRECTION('',(1.,0.,-0.));
#5494 = CYLINDRICAL_SURFACE('',#5495,2.525);
#5495 = AXIS2_PLACEMENT_3D('',#5496,#5497,#5498);
#5496 = CARTESIAN_POINT('',(255.4,-81.75,0.));
#5497 = DIRECTION('',(-0.,-0.,-1.));
#5498 = DIRECTION('',(1.,0.,-0.));
#5499 = ADVANCED_FACE('',(#5500),#5527,.F.);
#5500 = FACE_BOUND('',#5501,.T.);
#5501 = EDGE_LOOP('',(#5502,#5512,#5519,#5520));
#5502 = ORIENTED_EDGE('',*,*,#5503,.T.);
#5503 = EDGE_CURVE('',#5504,#5506,#5508,.T.);
#5504 = VERTEX_POINT('',#5505);
#5505 = CARTESIAN_POINT('',(201.4,-82.75,0.));
#5506 = VERTEX_POINT('',#5507);
#5507 = CARTESIAN_POINT('',(201.4,-82.75,0.31));
#5508 = LINE('',#5509,#5510);
#5509 = CARTESIAN_POINT('',(201.4,-82.75,0.));
#5510 = VECTOR('',#5511,1.);
#5511 = DIRECTION('',(0.,0.,1.));
#5512 = ORIENTED_EDGE('',*,*,#5513,.T.);
#5513 = EDGE_CURVE('',#5506,#5506,#5514,.T.);
#5514 = CIRCLE('',#5515,0.8);
#5515 = AXIS2_PLACEMENT_3D('',#5516,#5517,#5518);
#5516 = CARTESIAN_POINT('',(200.6,-82.75,0.31));
#5517 = DIRECTION('',(0.,0.,1.));
#5518 = DIRECTION('',(1.,0.,-0.));
#5519 = ORIENTED_EDGE('',*,*,#5503,.F.);
#5520 = ORIENTED_EDGE('',*,*,#5521,.F.);
#5521 = EDGE_CURVE('',#5504,#5504,#5522,.T.);
#5522 = CIRCLE('',#5523,0.8);
#5523 = AXIS2_PLACEMENT_3D('',#5524,#5525,#5526);
#5524 = CARTESIAN_POINT('',(200.6,-82.75,0.));
#5525 = DIRECTION('',(0.,0.,1.));
#5526 = DIRECTION('',(1.,0.,-0.));
#5527 = CYLINDRICAL_SURFACE('',#5528,0.8);
#5528 = AXIS2_PLACEMENT_3D('',#5529,#5530,#5531);
#5529 = CARTESIAN_POINT('',(200.6,-82.75,0.));
#5530 = DIRECTION('',(-0.,-0.,-1.));
#5531 = DIRECTION('',(1.,0.,-0.));
#5532 = ADVANCED_FACE('',(#5533),#5560,.F.);
#5533 = FACE_BOUND('',#5534,.T.);
#5534 = EDGE_LOOP('',(#5535,#5545,#5552,#5553));
#5535 = ORIENTED_EDGE('',*,*,#5536,.T.);
#5536 = EDGE_CURVE('',#5537,#5539,#5541,.T.);
#5537 = VERTEX_POINT('',#5538);
#5538 = CARTESIAN_POINT('',(234.6,-82.75,0.));
#5539 = VERTEX_POINT('',#5540);
#5540 = CARTESIAN_POINT('',(234.6,-82.75,0.31));
#5541 = LINE('',#5542,#5543);
#5542 = CARTESIAN_POINT('',(234.6,-82.75,0.));
#5543 = VECTOR('',#5544,1.);
#5544 = DIRECTION('',(0.,0.,1.));
#5545 = ORIENTED_EDGE('',*,*,#5546,.T.);
#5546 = EDGE_CURVE('',#5539,#5539,#5547,.T.);
#5547 = CIRCLE('',#5548,0.8);
#5548 = AXIS2_PLACEMENT_3D('',#5549,#5550,#5551);
#5549 = CARTESIAN_POINT('',(233.8,-82.75,0.31));
#5550 = DIRECTION('',(0.,0.,1.));
#5551 = DIRECTION('',(1.,0.,-0.));
#5552 = ORIENTED_EDGE('',*,*,#5536,.F.);
#5553 = ORIENTED_EDGE('',*,*,#5554,.F.);
#5554 = EDGE_CURVE('',#5537,#5537,#5555,.T.);
#5555 = CIRCLE('',#5556,0.8);
#5556 = AXIS2_PLACEMENT_3D('',#5557,#5558,#5559);
#5557 = CARTESIAN_POINT('',(233.8,-82.75,0.));
#5558 = DIRECTION('',(0.,0.,1.));
#5559 = DIRECTION('',(1.,0.,-0.));
#5560 = CYLINDRICAL_SURFACE('',#5561,0.8);
#5561 = AXIS2_PLACEMENT_3D('',#5562,#5563,#5564);
#5562 = CARTESIAN_POINT('',(233.8,-82.75,0.));
#5563 = DIRECTION('',(-0.,-0.,-1.));
#5564 = DIRECTION('',(1.,0.,-0.));
#5565 = ADVANCED_FACE('',(#5566),#5593,.F.);
#5566 = FACE_BOUND('',#5567,.T.);
#5567 = EDGE_LOOP('',(#5568,#5578,#5585,#5586));
#5568 = ORIENTED_EDGE('',*,*,#5569,.T.);
#5569 = EDGE_CURVE('',#5570,#5572,#5574,.T.);
#5570 = VERTEX_POINT('',#5571);
#5571 = CARTESIAN_POINT('',(191.525,-80.09,0.));
#5572 = VERTEX_POINT('',#5573);
#5573 = CARTESIAN_POINT('',(191.525,-80.09,0.31));
#5574 = LINE('',#5575,#5576);
#5575 = CARTESIAN_POINT('',(191.525,-80.09,0.));
#5576 = VECTOR('',#5577,1.);
#5577 = DIRECTION('',(0.,0.,1.));
#5578 = ORIENTED_EDGE('',*,*,#5579,.T.);
#5579 = EDGE_CURVE('',#5572,#5572,#5580,.T.);
#5580 = CIRCLE('',#5581,2.525);
#5581 = AXIS2_PLACEMENT_3D('',#5582,#5583,#5584);
#5582 = CARTESIAN_POINT('',(189.,-80.09,0.31));
#5583 = DIRECTION('',(0.,0.,1.));
#5584 = DIRECTION('',(1.,0.,-0.));
#5585 = ORIENTED_EDGE('',*,*,#5569,.F.);
#5586 = ORIENTED_EDGE('',*,*,#5587,.F.);
#5587 = EDGE_CURVE('',#5570,#5570,#5588,.T.);
#5588 = CIRCLE('',#5589,2.525);
#5589 = AXIS2_PLACEMENT_3D('',#5590,#5591,#5592);
#5590 = CARTESIAN_POINT('',(189.,-80.09,0.));
#5591 = DIRECTION('',(0.,0.,1.));
#5592 = DIRECTION('',(1.,0.,-0.));
#5593 = CYLINDRICAL_SURFACE('',#5594,2.525);
#5594 = AXIS2_PLACEMENT_3D('',#5595,#5596,#5597);
#5595 = CARTESIAN_POINT('',(189.,-80.09,0.));
#5596 = DIRECTION('',(-0.,-0.,-1.));
#5597 = DIRECTION('',(1.,0.,-0.));
#5598 = ADVANCED_FACE('',(#5599),#5626,.F.);
#5599 = FACE_BOUND('',#5600,.T.);
#5600 = EDGE_LOOP('',(#5601,#5611,#5618,#5619));
#5601 = ORIENTED_EDGE('',*,*,#5602,.T.);
#5602 = EDGE_CURVE('',#5603,#5605,#5607,.T.);
#5603 = VERTEX_POINT('',#5604);
#5604 = CARTESIAN_POINT('',(218.,-80.26,0.));
#5605 = VERTEX_POINT('',#5606);
#5606 = CARTESIAN_POINT('',(218.,-80.26,0.31));
#5607 = LINE('',#5608,#5609);
#5608 = CARTESIAN_POINT('',(218.,-80.26,0.));
#5609 = VECTOR('',#5610,1.);
#5610 = DIRECTION('',(0.,0.,1.));
#5611 = ORIENTED_EDGE('',*,*,#5612,.T.);
#5612 = EDGE_CURVE('',#5605,#5605,#5613,.T.);
#5613 = CIRCLE('',#5614,0.8);
#5614 = AXIS2_PLACEMENT_3D('',#5615,#5616,#5617);
#5615 = CARTESIAN_POINT('',(217.2,-80.26,0.31));
#5616 = DIRECTION('',(0.,0.,1.));
#5617 = DIRECTION('',(1.,0.,-0.));
#5618 = ORIENTED_EDGE('',*,*,#5602,.F.);
#5619 = ORIENTED_EDGE('',*,*,#5620,.F.);
#5620 = EDGE_CURVE('',#5603,#5603,#5621,.T.);
#5621 = CIRCLE('',#5622,0.8);
#5622 = AXIS2_PLACEMENT_3D('',#5623,#5624,#5625);
#5623 = CARTESIAN_POINT('',(217.2,-80.26,0.));
#5624 = DIRECTION('',(0.,0.,1.));
#5625 = DIRECTION('',(1.,0.,-0.));
#5626 = CYLINDRICAL_SURFACE('',#5627,0.8);
#5627 = AXIS2_PLACEMENT_3D('',#5628,#5629,#5630);
#5628 = CARTESIAN_POINT('',(217.2,-80.26,0.));
#5629 = DIRECTION('',(-0.,-0.,-1.));
#5630 = DIRECTION('',(1.,0.,-0.));
#5631 = ADVANCED_FACE('',(#5632),#5659,.F.);
#5632 = FACE_BOUND('',#5633,.T.);
#5633 = EDGE_LOOP('',(#5634,#5644,#5651,#5652));
#5634 = ORIENTED_EDGE('',*,*,#5635,.T.);
#5635 = EDGE_CURVE('',#5636,#5638,#5640,.T.);
#5636 = VERTEX_POINT('',#5637);
#5637 = CARTESIAN_POINT('',(208.125,-77.6,0.));
#5638 = VERTEX_POINT('',#5639);
#5639 = CARTESIAN_POINT('',(208.125,-77.6,0.31));
#5640 = LINE('',#5641,#5642);
#5641 = CARTESIAN_POINT('',(208.125,-77.6,0.));
#5642 = VECTOR('',#5643,1.);
#5643 = DIRECTION('',(0.,0.,1.));
#5644 = ORIENTED_EDGE('',*,*,#5645,.T.);
#5645 = EDGE_CURVE('',#5638,#5638,#5646,.T.);
#5646 = CIRCLE('',#5647,2.525);
#5647 = AXIS2_PLACEMENT_3D('',#5648,#5649,#5650);
#5648 = CARTESIAN_POINT('',(205.6,-77.6,0.31));
#5649 = DIRECTION('',(0.,0.,1.));
#5650 = DIRECTION('',(1.,0.,-0.));
#5651 = ORIENTED_EDGE('',*,*,#5635,.F.);
#5652 = ORIENTED_EDGE('',*,*,#5653,.F.);
#5653 = EDGE_CURVE('',#5636,#5636,#5654,.T.);
#5654 = CIRCLE('',#5655,2.525);
#5655 = AXIS2_PLACEMENT_3D('',#5656,#5657,#5658);
#5656 = CARTESIAN_POINT('',(205.6,-77.6,0.));
#5657 = DIRECTION('',(0.,0.,1.));
#5658 = DIRECTION('',(1.,0.,-0.));
#5659 = CYLINDRICAL_SURFACE('',#5660,2.525);
#5660 = AXIS2_PLACEMENT_3D('',#5661,#5662,#5663);
#5661 = CARTESIAN_POINT('',(205.6,-77.6,0.));
#5662 = DIRECTION('',(-0.,-0.,-1.));
#5663 = DIRECTION('',(1.,0.,-0.));
#5664 = ADVANCED_FACE('',(#5665),#5692,.F.);
#5665 = FACE_BOUND('',#5666,.T.);
#5666 = EDGE_LOOP('',(#5667,#5677,#5684,#5685));
#5667 = ORIENTED_EDGE('',*,*,#5668,.T.);
#5668 = EDGE_CURVE('',#5669,#5671,#5673,.T.);
#5669 = VERTEX_POINT('',#5670);
#5670 = CARTESIAN_POINT('',(241.325,-77.6,0.));
#5671 = VERTEX_POINT('',#5672);
#5672 = CARTESIAN_POINT('',(241.325,-77.6,0.31));
#5673 = LINE('',#5674,#5675);
#5674 = CARTESIAN_POINT('',(241.325,-77.6,0.));
#5675 = VECTOR('',#5676,1.);
#5676 = DIRECTION('',(0.,0.,1.));
#5677 = ORIENTED_EDGE('',*,*,#5678,.T.);
#5678 = EDGE_CURVE('',#5671,#5671,#5679,.T.);
#5679 = CIRCLE('',#5680,2.525);
#5680 = AXIS2_PLACEMENT_3D('',#5681,#5682,#5683);
#5681 = CARTESIAN_POINT('',(238.8,-77.6,0.31));
#5682 = DIRECTION('',(0.,0.,1.));
#5683 = DIRECTION('',(1.,0.,-0.));
#5684 = ORIENTED_EDGE('',*,*,#5668,.F.);
#5685 = ORIENTED_EDGE('',*,*,#5686,.F.);
#5686 = EDGE_CURVE('',#5669,#5669,#5687,.T.);
#5687 = CIRCLE('',#5688,2.525);
#5688 = AXIS2_PLACEMENT_3D('',#5689,#5690,#5691);
#5689 = CARTESIAN_POINT('',(238.8,-77.6,0.));
#5690 = DIRECTION('',(0.,0.,1.));
#5691 = DIRECTION('',(1.,0.,-0.));
#5692 = CYLINDRICAL_SURFACE('',#5693,2.525);
#5693 = AXIS2_PLACEMENT_3D('',#5694,#5695,#5696);
#5694 = CARTESIAN_POINT('',(238.8,-77.6,0.));
#5695 = DIRECTION('',(-0.,-0.,-1.));
#5696 = DIRECTION('',(1.,0.,-0.));
#5697 = ADVANCED_FACE('',(#5698),#5725,.F.);
#5698 = FACE_BOUND('',#5699,.T.);
#5699 = EDGE_LOOP('',(#5700,#5710,#5717,#5718));
#5700 = ORIENTED_EDGE('',*,*,#5701,.T.);
#5701 = EDGE_CURVE('',#5702,#5704,#5706,.T.);
#5702 = VERTEX_POINT('',#5703);
#5703 = CARTESIAN_POINT('',(277.8,-78.26,0.));
#5704 = VERTEX_POINT('',#5705);
#5705 = CARTESIAN_POINT('',(277.8,-78.26,0.31));
#5706 = LINE('',#5707,#5708);
#5707 = CARTESIAN_POINT('',(277.8,-78.26,0.));
#5708 = VECTOR('',#5709,1.);
#5709 = DIRECTION('',(0.,0.,1.));
#5710 = ORIENTED_EDGE('',*,*,#5711,.T.);
#5711 = EDGE_CURVE('',#5704,#5704,#5712,.T.);
#5712 = CIRCLE('',#5713,0.8);
#5713 = AXIS2_PLACEMENT_3D('',#5714,#5715,#5716);
#5714 = CARTESIAN_POINT('',(277.,-78.26,0.31));
#5715 = DIRECTION('',(0.,0.,1.));
#5716 = DIRECTION('',(1.,0.,-0.));
#5717 = ORIENTED_EDGE('',*,*,#5701,.F.);
#5718 = ORIENTED_EDGE('',*,*,#5719,.F.);
#5719 = EDGE_CURVE('',#5702,#5702,#5720,.T.);
#5720 = CIRCLE('',#5721,0.8);
#5721 = AXIS2_PLACEMENT_3D('',#5722,#5723,#5724);
#5722 = CARTESIAN_POINT('',(277.,-78.26,0.));
#5723 = DIRECTION('',(0.,0.,1.));
#5724 = DIRECTION('',(1.,0.,-0.));
#5725 = CYLINDRICAL_SURFACE('',#5726,0.8);
#5726 = AXIS2_PLACEMENT_3D('',#5727,#5728,#5729);
#5727 = CARTESIAN_POINT('',(277.,-78.26,0.));
#5728 = DIRECTION('',(-0.,-0.,-1.));
#5729 = DIRECTION('',(1.,0.,-0.));
#5730 = ADVANCED_FACE('',(#5731),#5758,.F.);
#5731 = FACE_BOUND('',#5732,.T.);
#5732 = EDGE_LOOP('',(#5733,#5743,#5750,#5751));
#5733 = ORIENTED_EDGE('',*,*,#5734,.T.);
#5734 = EDGE_CURVE('',#5735,#5737,#5739,.T.);
#5735 = VERTEX_POINT('',#5736);
#5736 = CARTESIAN_POINT('',(261.,-77.95,0.));
#5737 = VERTEX_POINT('',#5738);
#5738 = CARTESIAN_POINT('',(261.,-77.95,0.31));
#5739 = LINE('',#5740,#5741);
#5740 = CARTESIAN_POINT('',(261.,-77.95,0.));
#5741 = VECTOR('',#5742,1.);
#5742 = DIRECTION('',(0.,0.,1.));
#5743 = ORIENTED_EDGE('',*,*,#5744,.T.);
#5744 = EDGE_CURVE('',#5737,#5737,#5745,.T.);
#5745 = CIRCLE('',#5746,0.6);
#5746 = AXIS2_PLACEMENT_3D('',#5747,#5748,#5749);
#5747 = CARTESIAN_POINT('',(260.4,-77.95,0.31));
#5748 = DIRECTION('',(0.,0.,1.));
#5749 = DIRECTION('',(1.,0.,-0.));
#5750 = ORIENTED_EDGE('',*,*,#5734,.F.);
#5751 = ORIENTED_EDGE('',*,*,#5752,.F.);
#5752 = EDGE_CURVE('',#5735,#5735,#5753,.T.);
#5753 = CIRCLE('',#5754,0.6);
#5754 = AXIS2_PLACEMENT_3D('',#5755,#5756,#5757);
#5755 = CARTESIAN_POINT('',(260.4,-77.95,0.));
#5756 = DIRECTION('',(0.,0.,1.));
#5757 = DIRECTION('',(1.,0.,-0.));
#5758 = CYLINDRICAL_SURFACE('',#5759,0.6);
#5759 = AXIS2_PLACEMENT_3D('',#5760,#5761,#5762);
#5760 = CARTESIAN_POINT('',(260.4,-77.95,0.));
#5761 = DIRECTION('',(-0.,-0.,-1.));
#5762 = DIRECTION('',(1.,0.,-0.));
#5763 = ADVANCED_FACE('',(#5764),#5791,.F.);
#5764 = FACE_BOUND('',#5765,.T.);
#5765 = EDGE_LOOP('',(#5766,#5776,#5783,#5784));
#5766 = ORIENTED_EDGE('',*,*,#5767,.T.);
#5767 = EDGE_CURVE('',#5768,#5770,#5772,.T.);
#5768 = VERTEX_POINT('',#5769);
#5769 = CARTESIAN_POINT('',(224.725,-75.11,0.));
#5770 = VERTEX_POINT('',#5771);
#5771 = CARTESIAN_POINT('',(224.725,-75.11,0.31));
#5772 = LINE('',#5773,#5774);
#5773 = CARTESIAN_POINT('',(224.725,-75.11,0.));
#5774 = VECTOR('',#5775,1.);
#5775 = DIRECTION('',(0.,0.,1.));
#5776 = ORIENTED_EDGE('',*,*,#5777,.T.);
#5777 = EDGE_CURVE('',#5770,#5770,#5778,.T.);
#5778 = CIRCLE('',#5779,2.525);
#5779 = AXIS2_PLACEMENT_3D('',#5780,#5781,#5782);
#5780 = CARTESIAN_POINT('',(222.2,-75.11,0.31));
#5781 = DIRECTION('',(0.,0.,1.));
#5782 = DIRECTION('',(1.,0.,-0.));
#5783 = ORIENTED_EDGE('',*,*,#5767,.F.);
#5784 = ORIENTED_EDGE('',*,*,#5785,.F.);
#5785 = EDGE_CURVE('',#5768,#5768,#5786,.T.);
#5786 = CIRCLE('',#5787,2.525);
#5787 = AXIS2_PLACEMENT_3D('',#5788,#5789,#5790);
#5788 = CARTESIAN_POINT('',(222.2,-75.11,0.));
#5789 = DIRECTION('',(0.,0.,1.));
#5790 = DIRECTION('',(1.,0.,-0.));
#5791 = CYLINDRICAL_SURFACE('',#5792,2.525);
#5792 = AXIS2_PLACEMENT_3D('',#5793,#5794,#5795);
#5793 = CARTESIAN_POINT('',(222.2,-75.11,0.));
#5794 = DIRECTION('',(-0.,-0.,-1.));
#5795 = DIRECTION('',(1.,0.,-0.));
#5796 = ADVANCED_FACE('',(#5797),#5824,.F.);
#5797 = FACE_BOUND('',#5798,.T.);
#5798 = EDGE_LOOP('',(#5799,#5809,#5816,#5817));
#5799 = ORIENTED_EDGE('',*,*,#5800,.T.);
#5800 = EDGE_CURVE('',#5801,#5803,#5805,.T.);
#5801 = VERTEX_POINT('',#5802);
#5802 = CARTESIAN_POINT('',(194.6,-76.29,0.));
#5803 = VERTEX_POINT('',#5804);
#5804 = CARTESIAN_POINT('',(194.6,-76.29,0.31));
#5805 = LINE('',#5806,#5807);
#5806 = CARTESIAN_POINT('',(194.6,-76.29,0.));
#5807 = VECTOR('',#5808,1.);
#5808 = DIRECTION('',(0.,0.,1.));
#5809 = ORIENTED_EDGE('',*,*,#5810,.T.);
#5810 = EDGE_CURVE('',#5803,#5803,#5811,.T.);
#5811 = CIRCLE('',#5812,0.6);
#5812 = AXIS2_PLACEMENT_3D('',#5813,#5814,#5815);
#5813 = CARTESIAN_POINT('',(194.,-76.29,0.31));
#5814 = DIRECTION('',(0.,0.,1.));
#5815 = DIRECTION('',(1.,0.,-0.));
#5816 = ORIENTED_EDGE('',*,*,#5800,.F.);
#5817 = ORIENTED_EDGE('',*,*,#5818,.F.);
#5818 = EDGE_CURVE('',#5801,#5801,#5819,.T.);
#5819 = CIRCLE('',#5820,0.6);
#5820 = AXIS2_PLACEMENT_3D('',#5821,#5822,#5823);
#5821 = CARTESIAN_POINT('',(194.,-76.29,0.));
#5822 = DIRECTION('',(0.,0.,1.));
#5823 = DIRECTION('',(1.,0.,-0.));
#5824 = CYLINDRICAL_SURFACE('',#5825,0.6);
#5825 = AXIS2_PLACEMENT_3D('',#5826,#5827,#5828);
#5826 = CARTESIAN_POINT('',(194.,-76.29,0.));
#5827 = DIRECTION('',(-0.,-0.,-1.));
#5828 = DIRECTION('',(1.,0.,-0.));
#5829 = ADVANCED_FACE('',(#5830),#5857,.F.);
#5830 = FACE_BOUND('',#5831,.T.);
#5831 = EDGE_LOOP('',(#5832,#5842,#5849,#5850));
#5832 = ORIENTED_EDGE('',*,*,#5833,.T.);
#5833 = EDGE_CURVE('',#5834,#5836,#5838,.T.);
#5834 = VERTEX_POINT('',#5835);
#5835 = CARTESIAN_POINT('',(256.05,-75.85,0.));
#5836 = VERTEX_POINT('',#5837);
#5837 = CARTESIAN_POINT('',(256.05,-75.85,0.31));
#5838 = LINE('',#5839,#5840);
#5839 = CARTESIAN_POINT('',(256.05,-75.85,0.));
#5840 = VECTOR('',#5841,1.);
#5841 = DIRECTION('',(0.,0.,1.));
#5842 = ORIENTED_EDGE('',*,*,#5843,.T.);
#5843 = EDGE_CURVE('',#5836,#5836,#5844,.T.);
#5844 = CIRCLE('',#5845,0.6);
#5845 = AXIS2_PLACEMENT_3D('',#5846,#5847,#5848);
#5846 = CARTESIAN_POINT('',(255.45,-75.85,0.31));
#5847 = DIRECTION('',(0.,0.,1.));
#5848 = DIRECTION('',(1.,0.,-0.));
#5849 = ORIENTED_EDGE('',*,*,#5833,.F.);
#5850 = ORIENTED_EDGE('',*,*,#5851,.F.);
#5851 = EDGE_CURVE('',#5834,#5834,#5852,.T.);
#5852 = CIRCLE('',#5853,0.6);
#5853 = AXIS2_PLACEMENT_3D('',#5854,#5855,#5856);
#5854 = CARTESIAN_POINT('',(255.45,-75.85,0.));
#5855 = DIRECTION('',(0.,0.,1.));
#5856 = DIRECTION('',(1.,0.,-0.));
#5857 = CYLINDRICAL_SURFACE('',#5858,0.6);
#5858 = AXIS2_PLACEMENT_3D('',#5859,#5860,#5861);
#5859 = CARTESIAN_POINT('',(255.45,-75.85,0.));
#5860 = DIRECTION('',(-0.,-0.,-1.));
#5861 = DIRECTION('',(1.,0.,-0.));
#5862 = ADVANCED_FACE('',(#5863),#5890,.F.);
#5863 = FACE_BOUND('',#5864,.T.);
#5864 = EDGE_LOOP('',(#5865,#5875,#5882,#5883));
#5865 = ORIENTED_EDGE('',*,*,#5866,.T.);
#5866 = EDGE_CURVE('',#5867,#5869,#5871,.T.);
#5867 = VERTEX_POINT('',#5868);
#5868 = CARTESIAN_POINT('',(189.65,-74.19,0.));
#5869 = VERTEX_POINT('',#5870);
#5870 = CARTESIAN_POINT('',(189.65,-74.19,0.31));
#5871 = LINE('',#5872,#5873);
#5872 = CARTESIAN_POINT('',(189.65,-74.19,0.));
#5873 = VECTOR('',#5874,1.);
#5874 = DIRECTION('',(0.,0.,1.));
#5875 = ORIENTED_EDGE('',*,*,#5876,.T.);
#5876 = EDGE_CURVE('',#5869,#5869,#5877,.T.);
#5877 = CIRCLE('',#5878,0.6);
#5878 = AXIS2_PLACEMENT_3D('',#5879,#5880,#5881);
#5879 = CARTESIAN_POINT('',(189.05,-74.19,0.31));
#5880 = DIRECTION('',(0.,0.,1.));
#5881 = DIRECTION('',(1.,0.,-0.));
#5882 = ORIENTED_EDGE('',*,*,#5866,.F.);
#5883 = ORIENTED_EDGE('',*,*,#5884,.F.);
#5884 = EDGE_CURVE('',#5867,#5867,#5885,.T.);
#5885 = CIRCLE('',#5886,0.6);
#5886 = AXIS2_PLACEMENT_3D('',#5887,#5888,#5889);
#5887 = CARTESIAN_POINT('',(189.05,-74.19,0.));
#5888 = DIRECTION('',(0.,0.,1.));
#5889 = DIRECTION('',(1.,0.,-0.));
#5890 = CYLINDRICAL_SURFACE('',#5891,0.6);
#5891 = AXIS2_PLACEMENT_3D('',#5892,#5893,#5894);
#5892 = CARTESIAN_POINT('',(189.05,-74.19,0.));
#5893 = DIRECTION('',(-0.,-0.,-1.));
#5894 = DIRECTION('',(1.,0.,-0.));
#5895 = ADVANCED_FACE('',(#5896),#5923,.F.);
#5896 = FACE_BOUND('',#5897,.T.);
#5897 = EDGE_LOOP('',(#5898,#5908,#5915,#5916));
#5898 = ORIENTED_EDGE('',*,*,#5899,.T.);
#5899 = EDGE_CURVE('',#5900,#5902,#5904,.T.);
#5900 = VERTEX_POINT('',#5901);
#5901 = CARTESIAN_POINT('',(211.2,-73.8,0.));
#5902 = VERTEX_POINT('',#5903);
#5903 = CARTESIAN_POINT('',(211.2,-73.8,0.31));
#5904 = LINE('',#5905,#5906);
#5905 = CARTESIAN_POINT('',(211.2,-73.8,0.));
#5906 = VECTOR('',#5907,1.);
#5907 = DIRECTION('',(0.,0.,1.));
#5908 = ORIENTED_EDGE('',*,*,#5909,.T.);
#5909 = EDGE_CURVE('',#5902,#5902,#5910,.T.);
#5910 = CIRCLE('',#5911,0.6);
#5911 = AXIS2_PLACEMENT_3D('',#5912,#5913,#5914);
#5912 = CARTESIAN_POINT('',(210.6,-73.8,0.31));
#5913 = DIRECTION('',(0.,0.,1.));
#5914 = DIRECTION('',(1.,0.,-0.));
#5915 = ORIENTED_EDGE('',*,*,#5899,.F.);
#5916 = ORIENTED_EDGE('',*,*,#5917,.F.);
#5917 = EDGE_CURVE('',#5900,#5900,#5918,.T.);
#5918 = CIRCLE('',#5919,0.6);
#5919 = AXIS2_PLACEMENT_3D('',#5920,#5921,#5922);
#5920 = CARTESIAN_POINT('',(210.6,-73.8,0.));
#5921 = DIRECTION('',(0.,0.,1.));
#5922 = DIRECTION('',(1.,0.,-0.));
#5923 = CYLINDRICAL_SURFACE('',#5924,0.6);
#5924 = AXIS2_PLACEMENT_3D('',#5925,#5926,#5927);
#5925 = CARTESIAN_POINT('',(210.6,-73.8,0.));
#5926 = DIRECTION('',(-0.,-0.,-1.));
#5927 = DIRECTION('',(1.,0.,-0.));
#5928 = ADVANCED_FACE('',(#5929),#5956,.F.);
#5929 = FACE_BOUND('',#5930,.T.);
#5930 = EDGE_LOOP('',(#5931,#5941,#5948,#5949));
#5931 = ORIENTED_EDGE('',*,*,#5932,.T.);
#5932 = EDGE_CURVE('',#5933,#5935,#5937,.T.);
#5933 = VERTEX_POINT('',#5934);
#5934 = CARTESIAN_POINT('',(244.4,-73.8,0.));
#5935 = VERTEX_POINT('',#5936);
#5936 = CARTESIAN_POINT('',(244.4,-73.8,0.31));
#5937 = LINE('',#5938,#5939);
#5938 = CARTESIAN_POINT('',(244.4,-73.8,0.));
#5939 = VECTOR('',#5940,1.);
#5940 = DIRECTION('',(0.,0.,1.));
#5941 = ORIENTED_EDGE('',*,*,#5942,.T.);
#5942 = EDGE_CURVE('',#5935,#5935,#5943,.T.);
#5943 = CIRCLE('',#5944,0.6);
#5944 = AXIS2_PLACEMENT_3D('',#5945,#5946,#5947);
#5945 = CARTESIAN_POINT('',(243.8,-73.8,0.31));
#5946 = DIRECTION('',(0.,0.,1.));
#5947 = DIRECTION('',(1.,0.,-0.));
#5948 = ORIENTED_EDGE('',*,*,#5932,.F.);
#5949 = ORIENTED_EDGE('',*,*,#5950,.F.);
#5950 = EDGE_CURVE('',#5933,#5933,#5951,.T.);
#5951 = CIRCLE('',#5952,0.6);
#5952 = AXIS2_PLACEMENT_3D('',#5953,#5954,#5955);
#5953 = CARTESIAN_POINT('',(243.8,-73.8,0.));
#5954 = DIRECTION('',(0.,0.,1.));
#5955 = DIRECTION('',(1.,0.,-0.));
#5956 = CYLINDRICAL_SURFACE('',#5957,0.6);
#5957 = AXIS2_PLACEMENT_3D('',#5958,#5959,#5960);
#5958 = CARTESIAN_POINT('',(243.8,-73.8,0.));
#5959 = DIRECTION('',(-0.,-0.,-1.));
#5960 = DIRECTION('',(1.,0.,-0.));
#5961 = ADVANCED_FACE('',(#5962),#5989,.F.);
#5962 = FACE_BOUND('',#5963,.T.);
#5963 = EDGE_LOOP('',(#5964,#5974,#5981,#5982));
#5964 = ORIENTED_EDGE('',*,*,#5965,.T.);
#5965 = EDGE_CURVE('',#5966,#5968,#5970,.T.);
#5966 = VERTEX_POINT('',#5967);
#5967 = CARTESIAN_POINT('',(272.55,-72.71,0.));
#5968 = VERTEX_POINT('',#5969);
#5969 = CARTESIAN_POINT('',(272.55,-72.71,0.31));
#5970 = LINE('',#5971,#5972);
#5971 = CARTESIAN_POINT('',(272.55,-72.71,0.));
#5972 = VECTOR('',#5973,1.);
#5973 = DIRECTION('',(0.,0.,1.));
#5974 = ORIENTED_EDGE('',*,*,#5975,.T.);
#5975 = EDGE_CURVE('',#5968,#5968,#5976,.T.);
#5976 = CIRCLE('',#5977,0.6);
#5977 = AXIS2_PLACEMENT_3D('',#5978,#5979,#5980);
#5978 = CARTESIAN_POINT('',(271.95,-72.71,0.31));
#5979 = DIRECTION('',(0.,0.,1.));
#5980 = DIRECTION('',(1.,0.,-0.));
#5981 = ORIENTED_EDGE('',*,*,#5965,.F.);
#5982 = ORIENTED_EDGE('',*,*,#5983,.F.);
#5983 = EDGE_CURVE('',#5966,#5966,#5984,.T.);
#5984 = CIRCLE('',#5985,0.6);
#5985 = AXIS2_PLACEMENT_3D('',#5986,#5987,#5988);
#5986 = CARTESIAN_POINT('',(271.95,-72.71,0.));
#5987 = DIRECTION('',(0.,0.,1.));
#5988 = DIRECTION('',(1.,0.,-0.));
#5989 = CYLINDRICAL_SURFACE('',#5990,0.6);
#5990 = AXIS2_PLACEMENT_3D('',#5991,#5992,#5993);
#5991 = CARTESIAN_POINT('',(271.95,-72.71,0.));
#5992 = DIRECTION('',(-0.,-0.,-1.));
#5993 = DIRECTION('',(1.,0.,-0.));
#5994 = ADVANCED_FACE('',(#5995),#6022,.F.);
#5995 = FACE_BOUND('',#5996,.T.);
#5996 = EDGE_LOOP('',(#5997,#6007,#6014,#6015));
#5997 = ORIENTED_EDGE('',*,*,#5998,.T.);
#5998 = EDGE_CURVE('',#5999,#6001,#6003,.T.);
#5999 = VERTEX_POINT('',#6000);
#6000 = CARTESIAN_POINT('',(206.25,-71.7,0.));
#6001 = VERTEX_POINT('',#6002);
#6002 = CARTESIAN_POINT('',(206.25,-71.7,0.31));
#6003 = LINE('',#6004,#6005);
#6004 = CARTESIAN_POINT('',(206.25,-71.7,0.));
#6005 = VECTOR('',#6006,1.);
#6006 = DIRECTION('',(0.,0.,1.));
#6007 = ORIENTED_EDGE('',*,*,#6008,.T.);
#6008 = EDGE_CURVE('',#6001,#6001,#6009,.T.);
#6009 = CIRCLE('',#6010,0.6);
#6010 = AXIS2_PLACEMENT_3D('',#6011,#6012,#6013);
#6011 = CARTESIAN_POINT('',(205.65,-71.7,0.31));
#6012 = DIRECTION('',(0.,0.,1.));
#6013 = DIRECTION('',(1.,0.,-0.));
#6014 = ORIENTED_EDGE('',*,*,#5998,.F.);
#6015 = ORIENTED_EDGE('',*,*,#6016,.F.);
#6016 = EDGE_CURVE('',#5999,#5999,#6017,.T.);
#6017 = CIRCLE('',#6018,0.6);
#6018 = AXIS2_PLACEMENT_3D('',#6019,#6020,#6021);
#6019 = CARTESIAN_POINT('',(205.65,-71.7,0.));
#6020 = DIRECTION('',(0.,0.,1.));
#6021 = DIRECTION('',(1.,0.,-0.));
#6022 = CYLINDRICAL_SURFACE('',#6023,0.6);
#6023 = AXIS2_PLACEMENT_3D('',#6024,#6025,#6026);
#6024 = CARTESIAN_POINT('',(205.65,-71.7,0.));
#6025 = DIRECTION('',(-0.,-0.,-1.));
#6026 = DIRECTION('',(1.,0.,-0.));
#6027 = ADVANCED_FACE('',(#6028),#6055,.F.);
#6028 = FACE_BOUND('',#6029,.T.);
#6029 = EDGE_LOOP('',(#6030,#6040,#6047,#6048));
#6030 = ORIENTED_EDGE('',*,*,#6031,.T.);
#6031 = EDGE_CURVE('',#6032,#6034,#6036,.T.);
#6032 = VERTEX_POINT('',#6033);
#6033 = CARTESIAN_POINT('',(239.45,-71.7,0.));
#6034 = VERTEX_POINT('',#6035);
#6035 = CARTESIAN_POINT('',(239.45,-71.7,0.31));
#6036 = LINE('',#6037,#6038);
#6037 = CARTESIAN_POINT('',(239.45,-71.7,0.));
#6038 = VECTOR('',#6039,1.);
#6039 = DIRECTION('',(0.,0.,1.));
#6040 = ORIENTED_EDGE('',*,*,#6041,.T.);
#6041 = EDGE_CURVE('',#6034,#6034,#6042,.T.);
#6042 = CIRCLE('',#6043,0.6);
#6043 = AXIS2_PLACEMENT_3D('',#6044,#6045,#6046);
#6044 = CARTESIAN_POINT('',(238.85,-71.7,0.31));
#6045 = DIRECTION('',(0.,0.,1.));
#6046 = DIRECTION('',(1.,0.,-0.));
#6047 = ORIENTED_EDGE('',*,*,#6031,.F.);
#6048 = ORIENTED_EDGE('',*,*,#6049,.F.);
#6049 = EDGE_CURVE('',#6032,#6032,#6050,.T.);
#6050 = CIRCLE('',#6051,0.6);
#6051 = AXIS2_PLACEMENT_3D('',#6052,#6053,#6054);
#6052 = CARTESIAN_POINT('',(238.85,-71.7,0.));
#6053 = DIRECTION('',(0.,0.,1.));
#6054 = DIRECTION('',(1.,0.,-0.));
#6055 = CYLINDRICAL_SURFACE('',#6056,0.6);
#6056 = AXIS2_PLACEMENT_3D('',#6057,#6058,#6059);
#6057 = CARTESIAN_POINT('',(238.85,-71.7,0.));
#6058 = DIRECTION('',(-0.,-0.,-1.));
#6059 = DIRECTION('',(1.,0.,-0.));
#6060 = ADVANCED_FACE('',(#6061),#6088,.F.);
#6061 = FACE_BOUND('',#6062,.T.);
#6062 = EDGE_LOOP('',(#6063,#6073,#6080,#6081));
#6063 = ORIENTED_EDGE('',*,*,#6064,.T.);
#6064 = EDGE_CURVE('',#6065,#6067,#6069,.T.);
#6065 = VERTEX_POINT('',#6066);
#6066 = CARTESIAN_POINT('',(227.8,-71.31,0.));
#6067 = VERTEX_POINT('',#6068);
#6068 = CARTESIAN_POINT('',(227.8,-71.31,0.31));
#6069 = LINE('',#6070,#6071);
#6070 = CARTESIAN_POINT('',(227.8,-71.31,0.));
#6071 = VECTOR('',#6072,1.);
#6072 = DIRECTION('',(0.,0.,1.));
#6073 = ORIENTED_EDGE('',*,*,#6074,.T.);
#6074 = EDGE_CURVE('',#6067,#6067,#6075,.T.);
#6075 = CIRCLE('',#6076,0.6);
#6076 = AXIS2_PLACEMENT_3D('',#6077,#6078,#6079);
#6077 = CARTESIAN_POINT('',(227.2,-71.31,0.31));
#6078 = DIRECTION('',(0.,0.,1.));
#6079 = DIRECTION('',(1.,0.,-0.));
#6080 = ORIENTED_EDGE('',*,*,#6064,.F.);
#6081 = ORIENTED_EDGE('',*,*,#6082,.F.);
#6082 = EDGE_CURVE('',#6065,#6065,#6083,.T.);
#6083 = CIRCLE('',#6084,0.6);
#6084 = AXIS2_PLACEMENT_3D('',#6085,#6086,#6087);
#6085 = CARTESIAN_POINT('',(227.2,-71.31,0.));
#6086 = DIRECTION('',(0.,0.,1.));
#6087 = DIRECTION('',(1.,0.,-0.));
#6088 = CYLINDRICAL_SURFACE('',#6089,0.6);
#6089 = AXIS2_PLACEMENT_3D('',#6090,#6091,#6092);
#6090 = CARTESIAN_POINT('',(227.2,-71.31,0.));
#6091 = DIRECTION('',(-0.,-0.,-1.));
#6092 = DIRECTION('',(1.,0.,-0.));
#6093 = ADVANCED_FACE('',(#6094),#6121,.F.);
#6094 = FACE_BOUND('',#6095,.T.);
#6095 = EDGE_LOOP('',(#6096,#6106,#6113,#6114));
#6096 = ORIENTED_EDGE('',*,*,#6097,.T.);
#6097 = EDGE_CURVE('',#6098,#6100,#6102,.T.);
#6098 = VERTEX_POINT('',#6099);
#6099 = CARTESIAN_POINT('',(267.6,-70.61,0.));
#6100 = VERTEX_POINT('',#6101);
#6101 = CARTESIAN_POINT('',(267.6,-70.61,0.31));
#6102 = LINE('',#6103,#6104);
#6103 = CARTESIAN_POINT('',(267.6,-70.61,0.));
#6104 = VECTOR('',#6105,1.);
#6105 = DIRECTION('',(0.,0.,1.));
#6106 = ORIENTED_EDGE('',*,*,#6107,.T.);
#6107 = EDGE_CURVE('',#6100,#6100,#6108,.T.);
#6108 = CIRCLE('',#6109,0.6);
#6109 = AXIS2_PLACEMENT_3D('',#6110,#6111,#6112);
#6110 = CARTESIAN_POINT('',(267.,-70.61,0.31));
#6111 = DIRECTION('',(0.,0.,1.));
#6112 = DIRECTION('',(1.,0.,-0.));
#6113 = ORIENTED_EDGE('',*,*,#6097,.F.);
#6114 = ORIENTED_EDGE('',*,*,#6115,.F.);
#6115 = EDGE_CURVE('',#6098,#6098,#6116,.T.);
#6116 = CIRCLE('',#6117,0.6);
#6117 = AXIS2_PLACEMENT_3D('',#6118,#6119,#6120);
#6118 = CARTESIAN_POINT('',(267.,-70.61,0.));
#6119 = DIRECTION('',(0.,0.,1.));
#6120 = DIRECTION('',(1.,0.,-0.));
#6121 = CYLINDRICAL_SURFACE('',#6122,0.6);
#6122 = AXIS2_PLACEMENT_3D('',#6123,#6124,#6125);
#6123 = CARTESIAN_POINT('',(267.,-70.61,0.));
#6124 = DIRECTION('',(-0.,-0.,-1.));
#6125 = DIRECTION('',(1.,0.,-0.));
#6126 = ADVANCED_FACE('',(#6127),#6154,.F.);
#6127 = FACE_BOUND('',#6128,.T.);
#6128 = EDGE_LOOP('',(#6129,#6139,#6146,#6147));
#6129 = ORIENTED_EDGE('',*,*,#6130,.T.);
#6130 = EDGE_CURVE('',#6131,#6133,#6135,.T.);
#6131 = VERTEX_POINT('',#6132);
#6132 = CARTESIAN_POINT('',(251.2,-70.3,0.));
#6133 = VERTEX_POINT('',#6134);
#6134 = CARTESIAN_POINT('',(251.2,-70.3,0.31));
#6135 = LINE('',#6136,#6137);
#6136 = CARTESIAN_POINT('',(251.2,-70.3,0.));
#6137 = VECTOR('',#6138,1.);
#6138 = DIRECTION('',(0.,0.,1.));
#6139 = ORIENTED_EDGE('',*,*,#6140,.T.);
#6140 = EDGE_CURVE('',#6133,#6133,#6141,.T.);
#6141 = CIRCLE('',#6142,0.8);
#6142 = AXIS2_PLACEMENT_3D('',#6143,#6144,#6145);
#6143 = CARTESIAN_POINT('',(250.4,-70.3,0.31));
#6144 = DIRECTION('',(0.,0.,1.));
#6145 = DIRECTION('',(1.,0.,-0.));
#6146 = ORIENTED_EDGE('',*,*,#6130,.F.);
#6147 = ORIENTED_EDGE('',*,*,#6148,.F.);
#6148 = EDGE_CURVE('',#6131,#6131,#6149,.T.);
#6149 = CIRCLE('',#6150,0.8);
#6150 = AXIS2_PLACEMENT_3D('',#6151,#6152,#6153);
#6151 = CARTESIAN_POINT('',(250.4,-70.3,0.));
#6152 = DIRECTION('',(0.,0.,1.));
#6153 = DIRECTION('',(1.,0.,-0.));
#6154 = CYLINDRICAL_SURFACE('',#6155,0.8);
#6155 = AXIS2_PLACEMENT_3D('',#6156,#6157,#6158);
#6156 = CARTESIAN_POINT('',(250.4,-70.3,0.));
#6157 = DIRECTION('',(-0.,-0.,-1.));
#6158 = DIRECTION('',(1.,0.,-0.));
#6159 = ADVANCED_FACE('',(#6160),#6187,.F.);
#6160 = FACE_BOUND('',#6161,.T.);
#6161 = EDGE_LOOP('',(#6162,#6172,#6179,#6180));
#6162 = ORIENTED_EDGE('',*,*,#6163,.T.);
#6163 = EDGE_CURVE('',#6164,#6166,#6168,.T.);
#6164 = VERTEX_POINT('',#6165);
#6165 = CARTESIAN_POINT('',(222.85,-69.21,0.));
#6166 = VERTEX_POINT('',#6167);
#6167 = CARTESIAN_POINT('',(222.85,-69.21,0.31));
#6168 = LINE('',#6169,#6170);
#6169 = CARTESIAN_POINT('',(222.85,-69.21,0.));
#6170 = VECTOR('',#6171,1.);
#6171 = DIRECTION('',(0.,0.,1.));
#6172 = ORIENTED_EDGE('',*,*,#6173,.T.);
#6173 = EDGE_CURVE('',#6166,#6166,#6174,.T.);
#6174 = CIRCLE('',#6175,0.6);
#6175 = AXIS2_PLACEMENT_3D('',#6176,#6177,#6178);
#6176 = CARTESIAN_POINT('',(222.25,-69.21,0.31));
#6177 = DIRECTION('',(0.,0.,1.));
#6178 = DIRECTION('',(1.,0.,-0.));
#6179 = ORIENTED_EDGE('',*,*,#6163,.F.);
#6180 = ORIENTED_EDGE('',*,*,#6181,.F.);
#6181 = EDGE_CURVE('',#6164,#6164,#6182,.T.);
#6182 = CIRCLE('',#6183,0.6);
#6183 = AXIS2_PLACEMENT_3D('',#6184,#6185,#6186);
#6184 = CARTESIAN_POINT('',(222.25,-69.21,0.));
#6185 = DIRECTION('',(0.,0.,1.));
#6186 = DIRECTION('',(1.,0.,-0.));
#6187 = CYLINDRICAL_SURFACE('',#6188,0.6);
#6188 = AXIS2_PLACEMENT_3D('',#6189,#6190,#6191);
#6189 = CARTESIAN_POINT('',(222.25,-69.21,0.));
#6190 = DIRECTION('',(-0.,-0.,-1.));
#6191 = DIRECTION('',(1.,0.,-0.));
#6192 = ADVANCED_FACE('',(#6193),#6220,.F.);
#6193 = FACE_BOUND('',#6194,.T.);
#6194 = EDGE_LOOP('',(#6195,#6205,#6212,#6213));
#6195 = ORIENTED_EDGE('',*,*,#6196,.T.);
#6196 = EDGE_CURVE('',#6197,#6199,#6201,.T.);
#6197 = VERTEX_POINT('',#6198);
#6198 = CARTESIAN_POINT('',(184.8,-68.64,0.));
#6199 = VERTEX_POINT('',#6200);
#6200 = CARTESIAN_POINT('',(184.8,-68.64,0.31));
#6201 = LINE('',#6202,#6203);
#6202 = CARTESIAN_POINT('',(184.8,-68.64,0.));
#6203 = VECTOR('',#6204,1.);
#6204 = DIRECTION('',(0.,0.,1.));
#6205 = ORIENTED_EDGE('',*,*,#6206,.T.);
#6206 = EDGE_CURVE('',#6199,#6199,#6207,.T.);
#6207 = CIRCLE('',#6208,0.8);
#6208 = AXIS2_PLACEMENT_3D('',#6209,#6210,#6211);
#6209 = CARTESIAN_POINT('',(184.,-68.64,0.31));
#6210 = DIRECTION('',(0.,0.,1.));
#6211 = DIRECTION('',(1.,0.,-0.));
#6212 = ORIENTED_EDGE('',*,*,#6196,.F.);
#6213 = ORIENTED_EDGE('',*,*,#6214,.F.);
#6214 = EDGE_CURVE('',#6197,#6197,#6215,.T.);
#6215 = CIRCLE('',#6216,0.8);
#6216 = AXIS2_PLACEMENT_3D('',#6217,#6218,#6219);
#6217 = CARTESIAN_POINT('',(184.,-68.64,0.));
#6218 = DIRECTION('',(0.,0.,1.));
#6219 = DIRECTION('',(1.,0.,-0.));
#6220 = CYLINDRICAL_SURFACE('',#6221,0.8);
#6221 = AXIS2_PLACEMENT_3D('',#6222,#6223,#6224);
#6222 = CARTESIAN_POINT('',(184.,-68.64,0.));
#6223 = DIRECTION('',(-0.,-0.,-1.));
#6224 = DIRECTION('',(1.,0.,-0.));
#6225 = ADVANCED_FACE('',(#6226),#6253,.F.);
#6226 = FACE_BOUND('',#6227,.T.);
#6227 = EDGE_LOOP('',(#6228,#6238,#6245,#6246));
#6228 = ORIENTED_EDGE('',*,*,#6229,.T.);
#6229 = EDGE_CURVE('',#6230,#6232,#6234,.T.);
#6230 = VERTEX_POINT('',#6231);
#6231 = CARTESIAN_POINT('',(274.525,-66.81,0.));
#6232 = VERTEX_POINT('',#6233);
#6233 = CARTESIAN_POINT('',(274.525,-66.81,0.31));
#6234 = LINE('',#6235,#6236);
#6235 = CARTESIAN_POINT('',(274.525,-66.81,0.));
#6236 = VECTOR('',#6237,1.);
#6237 = DIRECTION('',(0.,0.,1.));
#6238 = ORIENTED_EDGE('',*,*,#6239,.T.);
#6239 = EDGE_CURVE('',#6232,#6232,#6240,.T.);
#6240 = CIRCLE('',#6241,2.525);
#6241 = AXIS2_PLACEMENT_3D('',#6242,#6243,#6244);
#6242 = CARTESIAN_POINT('',(272.,-66.81,0.31));
#6243 = DIRECTION('',(0.,0.,1.));
#6244 = DIRECTION('',(1.,0.,-0.));
#6245 = ORIENTED_EDGE('',*,*,#6229,.F.);
#6246 = ORIENTED_EDGE('',*,*,#6247,.F.);
#6247 = EDGE_CURVE('',#6230,#6230,#6248,.T.);
#6248 = CIRCLE('',#6249,2.525);
#6249 = AXIS2_PLACEMENT_3D('',#6250,#6251,#6252);
#6250 = CARTESIAN_POINT('',(272.,-66.81,0.));
#6251 = DIRECTION('',(0.,0.,1.));
#6252 = DIRECTION('',(1.,0.,-0.));
#6253 = CYLINDRICAL_SURFACE('',#6254,2.525);
#6254 = AXIS2_PLACEMENT_3D('',#6255,#6256,#6257);
#6255 = CARTESIAN_POINT('',(272.,-66.81,0.));
#6256 = DIRECTION('',(-0.,-0.,-1.));
#6257 = DIRECTION('',(1.,0.,-0.));
#6258 = ADVANCED_FACE('',(#6259),#6286,.F.);
#6259 = FACE_BOUND('',#6260,.T.);
#6260 = EDGE_LOOP('',(#6261,#6271,#6278,#6279));
#6261 = ORIENTED_EDGE('',*,*,#6262,.T.);
#6262 = EDGE_CURVE('',#6263,#6265,#6267,.T.);
#6263 = VERTEX_POINT('',#6264);
#6264 = CARTESIAN_POINT('',(257.925,-65.15,0.));
#6265 = VERTEX_POINT('',#6266);
#6266 = CARTESIAN_POINT('',(257.925,-65.15,0.31));
#6267 = LINE('',#6268,#6269);
#6268 = CARTESIAN_POINT('',(257.925,-65.15,0.));
#6269 = VECTOR('',#6270,1.);
#6270 = DIRECTION('',(0.,0.,1.));
#6271 = ORIENTED_EDGE('',*,*,#6272,.T.);
#6272 = EDGE_CURVE('',#6265,#6265,#6273,.T.);
#6273 = CIRCLE('',#6274,2.525);
#6274 = AXIS2_PLACEMENT_3D('',#6275,#6276,#6277);
#6275 = CARTESIAN_POINT('',(255.4,-65.15,0.31));
#6276 = DIRECTION('',(0.,0.,1.));
#6277 = DIRECTION('',(1.,0.,-0.));
#6278 = ORIENTED_EDGE('',*,*,#6262,.F.);
#6279 = ORIENTED_EDGE('',*,*,#6280,.F.);
#6280 = EDGE_CURVE('',#6263,#6263,#6281,.T.);
#6281 = CIRCLE('',#6282,2.525);
#6282 = AXIS2_PLACEMENT_3D('',#6283,#6284,#6285);
#6283 = CARTESIAN_POINT('',(255.4,-65.15,0.));
#6284 = DIRECTION('',(0.,0.,1.));
#6285 = DIRECTION('',(1.,0.,-0.));
#6286 = CYLINDRICAL_SURFACE('',#6287,2.525);
#6287 = AXIS2_PLACEMENT_3D('',#6288,#6289,#6290);
#6288 = CARTESIAN_POINT('',(255.4,-65.15,0.));
#6289 = DIRECTION('',(-0.,-0.,-1.));
#6290 = DIRECTION('',(1.,0.,-0.));
#6291 = ADVANCED_FACE('',(#6292),#6319,.F.);
#6292 = FACE_BOUND('',#6293,.T.);
#6293 = EDGE_LOOP('',(#6294,#6304,#6311,#6312));
#6294 = ORIENTED_EDGE('',*,*,#6295,.T.);
#6295 = EDGE_CURVE('',#6296,#6298,#6300,.T.);
#6296 = VERTEX_POINT('',#6297);
#6297 = CARTESIAN_POINT('',(201.4,-66.15,0.));
#6298 = VERTEX_POINT('',#6299);
#6299 = CARTESIAN_POINT('',(201.4,-66.15,0.31));
#6300 = LINE('',#6301,#6302);
#6301 = CARTESIAN_POINT('',(201.4,-66.15,0.));
#6302 = VECTOR('',#6303,1.);
#6303 = DIRECTION('',(0.,0.,1.));
#6304 = ORIENTED_EDGE('',*,*,#6305,.T.);
#6305 = EDGE_CURVE('',#6298,#6298,#6306,.T.);
#6306 = CIRCLE('',#6307,0.8);
#6307 = AXIS2_PLACEMENT_3D('',#6308,#6309,#6310);
#6308 = CARTESIAN_POINT('',(200.6,-66.15,0.31));
#6309 = DIRECTION('',(0.,0.,1.));
#6310 = DIRECTION('',(1.,0.,-0.));
#6311 = ORIENTED_EDGE('',*,*,#6295,.F.);
#6312 = ORIENTED_EDGE('',*,*,#6313,.F.);
#6313 = EDGE_CURVE('',#6296,#6296,#6314,.T.);
#6314 = CIRCLE('',#6315,0.8);
#6315 = AXIS2_PLACEMENT_3D('',#6316,#6317,#6318);
#6316 = CARTESIAN_POINT('',(200.6,-66.15,0.));
#6317 = DIRECTION('',(0.,0.,1.));
#6318 = DIRECTION('',(1.,0.,-0.));
#6319 = CYLINDRICAL_SURFACE('',#6320,0.8);
#6320 = AXIS2_PLACEMENT_3D('',#6321,#6322,#6323);
#6321 = CARTESIAN_POINT('',(200.6,-66.15,0.));
#6322 = DIRECTION('',(-0.,-0.,-1.));
#6323 = DIRECTION('',(1.,0.,-0.));
#6324 = ADVANCED_FACE('',(#6325),#6352,.F.);
#6325 = FACE_BOUND('',#6326,.T.);
#6326 = EDGE_LOOP('',(#6327,#6337,#6344,#6345));
#6327 = ORIENTED_EDGE('',*,*,#6328,.T.);
#6328 = EDGE_CURVE('',#6329,#6331,#6333,.T.);
#6329 = VERTEX_POINT('',#6330);
#6330 = CARTESIAN_POINT('',(234.6,-66.15,0.));
#6331 = VERTEX_POINT('',#6332);
#6332 = CARTESIAN_POINT('',(234.6,-66.15,0.31));
#6333 = LINE('',#6334,#6335);
#6334 = CARTESIAN_POINT('',(234.6,-66.15,0.));
#6335 = VECTOR('',#6336,1.);
#6336 = DIRECTION('',(0.,0.,1.));
#6337 = ORIENTED_EDGE('',*,*,#6338,.T.);
#6338 = EDGE_CURVE('',#6331,#6331,#6339,.T.);
#6339 = CIRCLE('',#6340,0.8);
#6340 = AXIS2_PLACEMENT_3D('',#6341,#6342,#6343);
#6341 = CARTESIAN_POINT('',(233.8,-66.15,0.31));
#6342 = DIRECTION('',(0.,0.,1.));
#6343 = DIRECTION('',(1.,0.,-0.));
#6344 = ORIENTED_EDGE('',*,*,#6328,.F.);
#6345 = ORIENTED_EDGE('',*,*,#6346,.F.);
#6346 = EDGE_CURVE('',#6329,#6329,#6347,.T.);
#6347 = CIRCLE('',#6348,0.8);
#6348 = AXIS2_PLACEMENT_3D('',#6349,#6350,#6351);
#6349 = CARTESIAN_POINT('',(233.8,-66.15,0.));
#6350 = DIRECTION('',(0.,0.,1.));
#6351 = DIRECTION('',(1.,0.,-0.));
#6352 = CYLINDRICAL_SURFACE('',#6353,0.8);
#6353 = AXIS2_PLACEMENT_3D('',#6354,#6355,#6356);
#6354 = CARTESIAN_POINT('',(233.8,-66.15,0.));
#6355 = DIRECTION('',(-0.,-0.,-1.));
#6356 = DIRECTION('',(1.,0.,-0.));
#6357 = ADVANCED_FACE('',(#6358),#6385,.F.);
#6358 = FACE_BOUND('',#6359,.T.);
#6359 = EDGE_LOOP('',(#6360,#6370,#6377,#6378));
#6360 = ORIENTED_EDGE('',*,*,#6361,.T.);
#6361 = EDGE_CURVE('',#6362,#6364,#6366,.T.);
#6362 = VERTEX_POINT('',#6363);
#6363 = CARTESIAN_POINT('',(191.525,-63.49,0.));
#6364 = VERTEX_POINT('',#6365);
#6365 = CARTESIAN_POINT('',(191.525,-63.49,0.31));
#6366 = LINE('',#6367,#6368);
#6367 = CARTESIAN_POINT('',(191.525,-63.49,0.));
#6368 = VECTOR('',#6369,1.);
#6369 = DIRECTION('',(0.,0.,1.));
#6370 = ORIENTED_EDGE('',*,*,#6371,.T.);
#6371 = EDGE_CURVE('',#6364,#6364,#6372,.T.);
#6372 = CIRCLE('',#6373,2.525);
#6373 = AXIS2_PLACEMENT_3D('',#6374,#6375,#6376);
#6374 = CARTESIAN_POINT('',(189.,-63.49,0.31));
#6375 = DIRECTION('',(0.,0.,1.));
#6376 = DIRECTION('',(1.,0.,-0.));
#6377 = ORIENTED_EDGE('',*,*,#6361,.F.);
#6378 = ORIENTED_EDGE('',*,*,#6379,.F.);
#6379 = EDGE_CURVE('',#6362,#6362,#6380,.T.);
#6380 = CIRCLE('',#6381,2.525);
#6381 = AXIS2_PLACEMENT_3D('',#6382,#6383,#6384);
#6382 = CARTESIAN_POINT('',(189.,-63.49,0.));
#6383 = DIRECTION('',(0.,0.,1.));
#6384 = DIRECTION('',(1.,0.,-0.));
#6385 = CYLINDRICAL_SURFACE('',#6386,2.525);
#6386 = AXIS2_PLACEMENT_3D('',#6387,#6388,#6389);
#6387 = CARTESIAN_POINT('',(189.,-63.49,0.));
#6388 = DIRECTION('',(-0.,-0.,-1.));
#6389 = DIRECTION('',(1.,0.,-0.));
#6390 = ADVANCED_FACE('',(#6391),#6418,.F.);
#6391 = FACE_BOUND('',#6392,.T.);
#6392 = EDGE_LOOP('',(#6393,#6403,#6410,#6411));
#6393 = ORIENTED_EDGE('',*,*,#6394,.T.);
#6394 = EDGE_CURVE('',#6395,#6397,#6399,.T.);
#6395 = VERTEX_POINT('',#6396);
#6396 = CARTESIAN_POINT('',(218.,-63.66,0.));
#6397 = VERTEX_POINT('',#6398);
#6398 = CARTESIAN_POINT('',(218.,-63.66,0.31));
#6399 = LINE('',#6400,#6401);
#6400 = CARTESIAN_POINT('',(218.,-63.66,0.));
#6401 = VECTOR('',#6402,1.);
#6402 = DIRECTION('',(0.,0.,1.));
#6403 = ORIENTED_EDGE('',*,*,#6404,.T.);
#6404 = EDGE_CURVE('',#6397,#6397,#6405,.T.);
#6405 = CIRCLE('',#6406,0.8);
#6406 = AXIS2_PLACEMENT_3D('',#6407,#6408,#6409);
#6407 = CARTESIAN_POINT('',(217.2,-63.66,0.31));
#6408 = DIRECTION('',(0.,0.,1.));
#6409 = DIRECTION('',(1.,0.,-0.));
#6410 = ORIENTED_EDGE('',*,*,#6394,.F.);
#6411 = ORIENTED_EDGE('',*,*,#6412,.F.);
#6412 = EDGE_CURVE('',#6395,#6395,#6413,.T.);
#6413 = CIRCLE('',#6414,0.8);
#6414 = AXIS2_PLACEMENT_3D('',#6415,#6416,#6417);
#6415 = CARTESIAN_POINT('',(217.2,-63.66,0.));
#6416 = DIRECTION('',(0.,0.,1.));
#6417 = DIRECTION('',(1.,0.,-0.));
#6418 = CYLINDRICAL_SURFACE('',#6419,0.8);
#6419 = AXIS2_PLACEMENT_3D('',#6420,#6421,#6422);
#6420 = CARTESIAN_POINT('',(217.2,-63.66,0.));
#6421 = DIRECTION('',(-0.,-0.,-1.));
#6422 = DIRECTION('',(1.,0.,-0.));
#6423 = ADVANCED_FACE('',(#6424),#6451,.F.);
#6424 = FACE_BOUND('',#6425,.T.);
#6425 = EDGE_LOOP('',(#6426,#6436,#6443,#6444));
#6426 = ORIENTED_EDGE('',*,*,#6427,.T.);
#6427 = EDGE_CURVE('',#6428,#6430,#6432,.T.);
#6428 = VERTEX_POINT('',#6429);
#6429 = CARTESIAN_POINT('',(208.125,-61.,0.));
#6430 = VERTEX_POINT('',#6431);
#6431 = CARTESIAN_POINT('',(208.125,-61.,0.31));
#6432 = LINE('',#6433,#6434);
#6433 = CARTESIAN_POINT('',(208.125,-61.,0.));
#6434 = VECTOR('',#6435,1.);
#6435 = DIRECTION('',(0.,0.,1.));
#6436 = ORIENTED_EDGE('',*,*,#6437,.T.);
#6437 = EDGE_CURVE('',#6430,#6430,#6438,.T.);
#6438 = CIRCLE('',#6439,2.525);
#6439 = AXIS2_PLACEMENT_3D('',#6440,#6441,#6442);
#6440 = CARTESIAN_POINT('',(205.6,-61.,0.31));
#6441 = DIRECTION('',(0.,0.,1.));
#6442 = DIRECTION('',(1.,0.,-0.));
#6443 = ORIENTED_EDGE('',*,*,#6427,.F.);
#6444 = ORIENTED_EDGE('',*,*,#6445,.F.);
#6445 = EDGE_CURVE('',#6428,#6428,#6446,.T.);
#6446 = CIRCLE('',#6447,2.525);
#6447 = AXIS2_PLACEMENT_3D('',#6448,#6449,#6450);
#6448 = CARTESIAN_POINT('',(205.6,-61.,0.));
#6449 = DIRECTION('',(0.,0.,1.));
#6450 = DIRECTION('',(1.,0.,-0.));
#6451 = CYLINDRICAL_SURFACE('',#6452,2.525);
#6452 = AXIS2_PLACEMENT_3D('',#6453,#6454,#6455);
#6453 = CARTESIAN_POINT('',(205.6,-61.,0.));
#6454 = DIRECTION('',(-0.,-0.,-1.));
#6455 = DIRECTION('',(1.,0.,-0.));
#6456 = ADVANCED_FACE('',(#6457),#6484,.F.);
#6457 = FACE_BOUND('',#6458,.T.);
#6458 = EDGE_LOOP('',(#6459,#6469,#6476,#6477));
#6459 = ORIENTED_EDGE('',*,*,#6460,.T.);
#6460 = EDGE_CURVE('',#6461,#6463,#6465,.T.);
#6461 = VERTEX_POINT('',#6462);
#6462 = CARTESIAN_POINT('',(241.325,-61.,0.));
#6463 = VERTEX_POINT('',#6464);
#6464 = CARTESIAN_POINT('',(241.325,-61.,0.31));
#6465 = LINE('',#6466,#6467);
#6466 = CARTESIAN_POINT('',(241.325,-61.,0.));
#6467 = VECTOR('',#6468,1.);
#6468 = DIRECTION('',(0.,0.,1.));
#6469 = ORIENTED_EDGE('',*,*,#6470,.T.);
#6470 = EDGE_CURVE('',#6463,#6463,#6471,.T.);
#6471 = CIRCLE('',#6472,2.525);
#6472 = AXIS2_PLACEMENT_3D('',#6473,#6474,#6475);
#6473 = CARTESIAN_POINT('',(238.8,-61.,0.31));
#6474 = DIRECTION('',(0.,0.,1.));
#6475 = DIRECTION('',(1.,0.,-0.));
#6476 = ORIENTED_EDGE('',*,*,#6460,.F.);
#6477 = ORIENTED_EDGE('',*,*,#6478,.F.);
#6478 = EDGE_CURVE('',#6461,#6461,#6479,.T.);
#6479 = CIRCLE('',#6480,2.525);
#6480 = AXIS2_PLACEMENT_3D('',#6481,#6482,#6483);
#6481 = CARTESIAN_POINT('',(238.8,-61.,0.));
#6482 = DIRECTION('',(0.,0.,1.));
#6483 = DIRECTION('',(1.,0.,-0.));
#6484 = CYLINDRICAL_SURFACE('',#6485,2.525);
#6485 = AXIS2_PLACEMENT_3D('',#6486,#6487,#6488);
#6486 = CARTESIAN_POINT('',(238.8,-61.,0.));
#6487 = DIRECTION('',(-0.,-0.,-1.));
#6488 = DIRECTION('',(1.,0.,-0.));
#6489 = ADVANCED_FACE('',(#6490),#6517,.F.);
#6490 = FACE_BOUND('',#6491,.T.);
#6491 = EDGE_LOOP('',(#6492,#6502,#6509,#6510));
#6492 = ORIENTED_EDGE('',*,*,#6493,.T.);
#6493 = EDGE_CURVE('',#6494,#6496,#6498,.T.);
#6494 = VERTEX_POINT('',#6495);
#6495 = CARTESIAN_POINT('',(277.8,-61.66,0.));
#6496 = VERTEX_POINT('',#6497);
#6497 = CARTESIAN_POINT('',(277.8,-61.66,0.31));
#6498 = LINE('',#6499,#6500);
#6499 = CARTESIAN_POINT('',(277.8,-61.66,0.));
#6500 = VECTOR('',#6501,1.);
#6501 = DIRECTION('',(0.,0.,1.));
#6502 = ORIENTED_EDGE('',*,*,#6503,.T.);
#6503 = EDGE_CURVE('',#6496,#6496,#6504,.T.);
#6504 = CIRCLE('',#6505,0.8);
#6505 = AXIS2_PLACEMENT_3D('',#6506,#6507,#6508);
#6506 = CARTESIAN_POINT('',(277.,-61.66,0.31));
#6507 = DIRECTION('',(0.,0.,1.));
#6508 = DIRECTION('',(1.,0.,-0.));
#6509 = ORIENTED_EDGE('',*,*,#6493,.F.);
#6510 = ORIENTED_EDGE('',*,*,#6511,.F.);
#6511 = EDGE_CURVE('',#6494,#6494,#6512,.T.);
#6512 = CIRCLE('',#6513,0.8);
#6513 = AXIS2_PLACEMENT_3D('',#6514,#6515,#6516);
#6514 = CARTESIAN_POINT('',(277.,-61.66,0.));
#6515 = DIRECTION('',(0.,0.,1.));
#6516 = DIRECTION('',(1.,0.,-0.));
#6517 = CYLINDRICAL_SURFACE('',#6518,0.8);
#6518 = AXIS2_PLACEMENT_3D('',#6519,#6520,#6521);
#6519 = CARTESIAN_POINT('',(277.,-61.66,0.));
#6520 = DIRECTION('',(-0.,-0.,-1.));
#6521 = DIRECTION('',(1.,0.,-0.));
#6522 = ADVANCED_FACE('',(#6523),#6550,.F.);
#6523 = FACE_BOUND('',#6524,.T.);
#6524 = EDGE_LOOP('',(#6525,#6535,#6542,#6543));
#6525 = ORIENTED_EDGE('',*,*,#6526,.T.);
#6526 = EDGE_CURVE('',#6527,#6529,#6531,.T.);
#6527 = VERTEX_POINT('',#6528);
#6528 = CARTESIAN_POINT('',(261.,-61.35,0.));
#6529 = VERTEX_POINT('',#6530);
#6530 = CARTESIAN_POINT('',(261.,-61.35,0.31));
#6531 = LINE('',#6532,#6533);
#6532 = CARTESIAN_POINT('',(261.,-61.35,0.));
#6533 = VECTOR('',#6534,1.);
#6534 = DIRECTION('',(0.,0.,1.));
#6535 = ORIENTED_EDGE('',*,*,#6536,.T.);
#6536 = EDGE_CURVE('',#6529,#6529,#6537,.T.);
#6537 = CIRCLE('',#6538,0.6);
#6538 = AXIS2_PLACEMENT_3D('',#6539,#6540,#6541);
#6539 = CARTESIAN_POINT('',(260.4,-61.35,0.31));
#6540 = DIRECTION('',(0.,0.,1.));
#6541 = DIRECTION('',(1.,0.,-0.));
#6542 = ORIENTED_EDGE('',*,*,#6526,.F.);
#6543 = ORIENTED_EDGE('',*,*,#6544,.F.);
#6544 = EDGE_CURVE('',#6527,#6527,#6545,.T.);
#6545 = CIRCLE('',#6546,0.6);
#6546 = AXIS2_PLACEMENT_3D('',#6547,#6548,#6549);
#6547 = CARTESIAN_POINT('',(260.4,-61.35,0.));
#6548 = DIRECTION('',(0.,0.,1.));
#6549 = DIRECTION('',(1.,0.,-0.));
#6550 = CYLINDRICAL_SURFACE('',#6551,0.6);
#6551 = AXIS2_PLACEMENT_3D('',#6552,#6553,#6554);
#6552 = CARTESIAN_POINT('',(260.4,-61.35,0.));
#6553 = DIRECTION('',(-0.,-0.,-1.));
#6554 = DIRECTION('',(1.,0.,-0.));
#6555 = ADVANCED_FACE('',(#6556),#6583,.F.);
#6556 = FACE_BOUND('',#6557,.T.);
#6557 = EDGE_LOOP('',(#6558,#6568,#6575,#6576));
#6558 = ORIENTED_EDGE('',*,*,#6559,.T.);
#6559 = EDGE_CURVE('',#6560,#6562,#6564,.T.);
#6560 = VERTEX_POINT('',#6561);
#6561 = CARTESIAN_POINT('',(224.725,-58.51,0.));
#6562 = VERTEX_POINT('',#6563);
#6563 = CARTESIAN_POINT('',(224.725,-58.51,0.31));
#6564 = LINE('',#6565,#6566);
#6565 = CARTESIAN_POINT('',(224.725,-58.51,0.));
#6566 = VECTOR('',#6567,1.);
#6567 = DIRECTION('',(0.,0.,1.));
#6568 = ORIENTED_EDGE('',*,*,#6569,.T.);
#6569 = EDGE_CURVE('',#6562,#6562,#6570,.T.);
#6570 = CIRCLE('',#6571,2.525);
#6571 = AXIS2_PLACEMENT_3D('',#6572,#6573,#6574);
#6572 = CARTESIAN_POINT('',(222.2,-58.51,0.31));
#6573 = DIRECTION('',(0.,0.,1.));
#6574 = DIRECTION('',(1.,0.,-0.));
#6575 = ORIENTED_EDGE('',*,*,#6559,.F.);
#6576 = ORIENTED_EDGE('',*,*,#6577,.F.);
#6577 = EDGE_CURVE('',#6560,#6560,#6578,.T.);
#6578 = CIRCLE('',#6579,2.525);
#6579 = AXIS2_PLACEMENT_3D('',#6580,#6581,#6582);
#6580 = CARTESIAN_POINT('',(222.2,-58.51,0.));
#6581 = DIRECTION('',(0.,0.,1.));
#6582 = DIRECTION('',(1.,0.,-0.));
#6583 = CYLINDRICAL_SURFACE('',#6584,2.525);
#6584 = AXIS2_PLACEMENT_3D('',#6585,#6586,#6587);
#6585 = CARTESIAN_POINT('',(222.2,-58.51,0.));
#6586 = DIRECTION('',(-0.,-0.,-1.));
#6587 = DIRECTION('',(1.,0.,-0.));
#6588 = ADVANCED_FACE('',(#6589),#6616,.F.);
#6589 = FACE_BOUND('',#6590,.T.);
#6590 = EDGE_LOOP('',(#6591,#6601,#6608,#6609));
#6591 = ORIENTED_EDGE('',*,*,#6592,.T.);
#6592 = EDGE_CURVE('',#6593,#6595,#6597,.T.);
#6593 = VERTEX_POINT('',#6594);
#6594 = CARTESIAN_POINT('',(194.6,-59.69,0.));
#6595 = VERTEX_POINT('',#6596);
#6596 = CARTESIAN_POINT('',(194.6,-59.69,0.31));
#6597 = LINE('',#6598,#6599);
#6598 = CARTESIAN_POINT('',(194.6,-59.69,0.));
#6599 = VECTOR('',#6600,1.);
#6600 = DIRECTION('',(0.,0.,1.));
#6601 = ORIENTED_EDGE('',*,*,#6602,.T.);
#6602 = EDGE_CURVE('',#6595,#6595,#6603,.T.);
#6603 = CIRCLE('',#6604,0.6);
#6604 = AXIS2_PLACEMENT_3D('',#6605,#6606,#6607);
#6605 = CARTESIAN_POINT('',(194.,-59.69,0.31));
#6606 = DIRECTION('',(0.,0.,1.));
#6607 = DIRECTION('',(1.,0.,-0.));
#6608 = ORIENTED_EDGE('',*,*,#6592,.F.);
#6609 = ORIENTED_EDGE('',*,*,#6610,.F.);
#6610 = EDGE_CURVE('',#6593,#6593,#6611,.T.);
#6611 = CIRCLE('',#6612,0.6);
#6612 = AXIS2_PLACEMENT_3D('',#6613,#6614,#6615);
#6613 = CARTESIAN_POINT('',(194.,-59.69,0.));
#6614 = DIRECTION('',(0.,0.,1.));
#6615 = DIRECTION('',(1.,0.,-0.));
#6616 = CYLINDRICAL_SURFACE('',#6617,0.6);
#6617 = AXIS2_PLACEMENT_3D('',#6618,#6619,#6620);
#6618 = CARTESIAN_POINT('',(194.,-59.69,0.));
#6619 = DIRECTION('',(-0.,-0.,-1.));
#6620 = DIRECTION('',(1.,0.,-0.));
#6621 = ADVANCED_FACE('',(#6622),#6649,.F.);
#6622 = FACE_BOUND('',#6623,.T.);
#6623 = EDGE_LOOP('',(#6624,#6634,#6641,#6642));
#6624 = ORIENTED_EDGE('',*,*,#6625,.T.);
#6625 = EDGE_CURVE('',#6626,#6628,#6630,.T.);
#6626 = VERTEX_POINT('',#6627);
#6627 = CARTESIAN_POINT('',(256.05,-59.25,0.));
#6628 = VERTEX_POINT('',#6629);
#6629 = CARTESIAN_POINT('',(256.05,-59.25,0.31));
#6630 = LINE('',#6631,#6632);
#6631 = CARTESIAN_POINT('',(256.05,-59.25,0.));
#6632 = VECTOR('',#6633,1.);
#6633 = DIRECTION('',(0.,0.,1.));
#6634 = ORIENTED_EDGE('',*,*,#6635,.T.);
#6635 = EDGE_CURVE('',#6628,#6628,#6636,.T.);
#6636 = CIRCLE('',#6637,0.6);
#6637 = AXIS2_PLACEMENT_3D('',#6638,#6639,#6640);
#6638 = CARTESIAN_POINT('',(255.45,-59.25,0.31));
#6639 = DIRECTION('',(0.,0.,1.));
#6640 = DIRECTION('',(1.,0.,-0.));
#6641 = ORIENTED_EDGE('',*,*,#6625,.F.);
#6642 = ORIENTED_EDGE('',*,*,#6643,.F.);
#6643 = EDGE_CURVE('',#6626,#6626,#6644,.T.);
#6644 = CIRCLE('',#6645,0.6);
#6645 = AXIS2_PLACEMENT_3D('',#6646,#6647,#6648);
#6646 = CARTESIAN_POINT('',(255.45,-59.25,0.));
#6647 = DIRECTION('',(0.,0.,1.));
#6648 = DIRECTION('',(1.,0.,-0.));
#6649 = CYLINDRICAL_SURFACE('',#6650,0.6);
#6650 = AXIS2_PLACEMENT_3D('',#6651,#6652,#6653);
#6651 = CARTESIAN_POINT('',(255.45,-59.25,0.));
#6652 = DIRECTION('',(-0.,-0.,-1.));
#6653 = DIRECTION('',(1.,0.,-0.));
#6654 = ADVANCED_FACE('',(#6655),#6682,.F.);
#6655 = FACE_BOUND('',#6656,.T.);
#6656 = EDGE_LOOP('',(#6657,#6667,#6674,#6675));
#6657 = ORIENTED_EDGE('',*,*,#6658,.T.);
#6658 = EDGE_CURVE('',#6659,#6661,#6663,.T.);
#6659 = VERTEX_POINT('',#6660);
#6660 = CARTESIAN_POINT('',(189.65,-57.59,0.));
#6661 = VERTEX_POINT('',#6662);
#6662 = CARTESIAN_POINT('',(189.65,-57.59,0.31));
#6663 = LINE('',#6664,#6665);
#6664 = CARTESIAN_POINT('',(189.65,-57.59,0.));
#6665 = VECTOR('',#6666,1.);
#6666 = DIRECTION('',(0.,0.,1.));
#6667 = ORIENTED_EDGE('',*,*,#6668,.T.);
#6668 = EDGE_CURVE('',#6661,#6661,#6669,.T.);
#6669 = CIRCLE('',#6670,0.6);
#6670 = AXIS2_PLACEMENT_3D('',#6671,#6672,#6673);
#6671 = CARTESIAN_POINT('',(189.05,-57.59,0.31));
#6672 = DIRECTION('',(0.,0.,1.));
#6673 = DIRECTION('',(1.,0.,-0.));
#6674 = ORIENTED_EDGE('',*,*,#6658,.F.);
#6675 = ORIENTED_EDGE('',*,*,#6676,.F.);
#6676 = EDGE_CURVE('',#6659,#6659,#6677,.T.);
#6677 = CIRCLE('',#6678,0.6);
#6678 = AXIS2_PLACEMENT_3D('',#6679,#6680,#6681);
#6679 = CARTESIAN_POINT('',(189.05,-57.59,0.));
#6680 = DIRECTION('',(0.,0.,1.));
#6681 = DIRECTION('',(1.,0.,-0.));
#6682 = CYLINDRICAL_SURFACE('',#6683,0.6);
#6683 = AXIS2_PLACEMENT_3D('',#6684,#6685,#6686);
#6684 = CARTESIAN_POINT('',(189.05,-57.59,0.));
#6685 = DIRECTION('',(-0.,-0.,-1.));
#6686 = DIRECTION('',(1.,0.,-0.));
#6687 = ADVANCED_FACE('',(#6688),#6715,.F.);
#6688 = FACE_BOUND('',#6689,.T.);
#6689 = EDGE_LOOP('',(#6690,#6700,#6707,#6708));
#6690 = ORIENTED_EDGE('',*,*,#6691,.T.);
#6691 = EDGE_CURVE('',#6692,#6694,#6696,.T.);
#6692 = VERTEX_POINT('',#6693);
#6693 = CARTESIAN_POINT('',(211.2,-57.2,0.));
#6694 = VERTEX_POINT('',#6695);
#6695 = CARTESIAN_POINT('',(211.2,-57.2,0.31));
#6696 = LINE('',#6697,#6698);
#6697 = CARTESIAN_POINT('',(211.2,-57.2,0.));
#6698 = VECTOR('',#6699,1.);
#6699 = DIRECTION('',(0.,0.,1.));
#6700 = ORIENTED_EDGE('',*,*,#6701,.T.);
#6701 = EDGE_CURVE('',#6694,#6694,#6702,.T.);
#6702 = CIRCLE('',#6703,0.6);
#6703 = AXIS2_PLACEMENT_3D('',#6704,#6705,#6706);
#6704 = CARTESIAN_POINT('',(210.6,-57.2,0.31));
#6705 = DIRECTION('',(0.,0.,1.));
#6706 = DIRECTION('',(1.,0.,-0.));
#6707 = ORIENTED_EDGE('',*,*,#6691,.F.);
#6708 = ORIENTED_EDGE('',*,*,#6709,.F.);
#6709 = EDGE_CURVE('',#6692,#6692,#6710,.T.);
#6710 = CIRCLE('',#6711,0.6);
#6711 = AXIS2_PLACEMENT_3D('',#6712,#6713,#6714);
#6712 = CARTESIAN_POINT('',(210.6,-57.2,0.));
#6713 = DIRECTION('',(0.,0.,1.));
#6714 = DIRECTION('',(1.,0.,-0.));
#6715 = CYLINDRICAL_SURFACE('',#6716,0.6);
#6716 = AXIS2_PLACEMENT_3D('',#6717,#6718,#6719);
#6717 = CARTESIAN_POINT('',(210.6,-57.2,0.));
#6718 = DIRECTION('',(-0.,-0.,-1.));
#6719 = DIRECTION('',(1.,0.,-0.));
#6720 = ADVANCED_FACE('',(#6721),#6748,.F.);
#6721 = FACE_BOUND('',#6722,.T.);
#6722 = EDGE_LOOP('',(#6723,#6733,#6740,#6741));
#6723 = ORIENTED_EDGE('',*,*,#6724,.T.);
#6724 = EDGE_CURVE('',#6725,#6727,#6729,.T.);
#6725 = VERTEX_POINT('',#6726);
#6726 = CARTESIAN_POINT('',(244.4,-57.2,0.));
#6727 = VERTEX_POINT('',#6728);
#6728 = CARTESIAN_POINT('',(244.4,-57.2,0.31));
#6729 = LINE('',#6730,#6731);
#6730 = CARTESIAN_POINT('',(244.4,-57.2,0.));
#6731 = VECTOR('',#6732,1.);
#6732 = DIRECTION('',(0.,0.,1.));
#6733 = ORIENTED_EDGE('',*,*,#6734,.T.);
#6734 = EDGE_CURVE('',#6727,#6727,#6735,.T.);
#6735 = CIRCLE('',#6736,0.6);
#6736 = AXIS2_PLACEMENT_3D('',#6737,#6738,#6739);
#6737 = CARTESIAN_POINT('',(243.8,-57.2,0.31));
#6738 = DIRECTION('',(0.,0.,1.));
#6739 = DIRECTION('',(1.,0.,-0.));
#6740 = ORIENTED_EDGE('',*,*,#6724,.F.);
#6741 = ORIENTED_EDGE('',*,*,#6742,.F.);
#6742 = EDGE_CURVE('',#6725,#6725,#6743,.T.);
#6743 = CIRCLE('',#6744,0.6);
#6744 = AXIS2_PLACEMENT_3D('',#6745,#6746,#6747);
#6745 = CARTESIAN_POINT('',(243.8,-57.2,0.));
#6746 = DIRECTION('',(0.,0.,1.));
#6747 = DIRECTION('',(1.,0.,-0.));
#6748 = CYLINDRICAL_SURFACE('',#6749,0.6);
#6749 = AXIS2_PLACEMENT_3D('',#6750,#6751,#6752);
#6750 = CARTESIAN_POINT('',(243.8,-57.2,0.));
#6751 = DIRECTION('',(-0.,-0.,-1.));
#6752 = DIRECTION('',(1.,0.,-0.));
#6753 = ADVANCED_FACE('',(#6754),#6781,.F.);
#6754 = FACE_BOUND('',#6755,.T.);
#6755 = EDGE_LOOP('',(#6756,#6766,#6773,#6774));
#6756 = ORIENTED_EDGE('',*,*,#6757,.T.);
#6757 = EDGE_CURVE('',#6758,#6760,#6762,.T.);
#6758 = VERTEX_POINT('',#6759);
#6759 = CARTESIAN_POINT('',(206.25,-55.1,0.));
#6760 = VERTEX_POINT('',#6761);
#6761 = CARTESIAN_POINT('',(206.25,-55.1,0.31));
#6762 = LINE('',#6763,#6764);
#6763 = CARTESIAN_POINT('',(206.25,-55.1,0.));
#6764 = VECTOR('',#6765,1.);
#6765 = DIRECTION('',(0.,0.,1.));
#6766 = ORIENTED_EDGE('',*,*,#6767,.T.);
#6767 = EDGE_CURVE('',#6760,#6760,#6768,.T.);
#6768 = CIRCLE('',#6769,0.6);
#6769 = AXIS2_PLACEMENT_3D('',#6770,#6771,#6772);
#6770 = CARTESIAN_POINT('',(205.65,-55.1,0.31));
#6771 = DIRECTION('',(0.,0.,1.));
#6772 = DIRECTION('',(1.,0.,-0.));
#6773 = ORIENTED_EDGE('',*,*,#6757,.F.);
#6774 = ORIENTED_EDGE('',*,*,#6775,.F.);
#6775 = EDGE_CURVE('',#6758,#6758,#6776,.T.);
#6776 = CIRCLE('',#6777,0.6);
#6777 = AXIS2_PLACEMENT_3D('',#6778,#6779,#6780);
#6778 = CARTESIAN_POINT('',(205.65,-55.1,0.));
#6779 = DIRECTION('',(0.,0.,1.));
#6780 = DIRECTION('',(1.,0.,-0.));
#6781 = CYLINDRICAL_SURFACE('',#6782,0.6);
#6782 = AXIS2_PLACEMENT_3D('',#6783,#6784,#6785);
#6783 = CARTESIAN_POINT('',(205.65,-55.1,0.));
#6784 = DIRECTION('',(-0.,-0.,-1.));
#6785 = DIRECTION('',(1.,0.,-0.));
#6786 = ADVANCED_FACE('',(#6787),#6814,.F.);
#6787 = FACE_BOUND('',#6788,.T.);
#6788 = EDGE_LOOP('',(#6789,#6799,#6806,#6807));
#6789 = ORIENTED_EDGE('',*,*,#6790,.T.);
#6790 = EDGE_CURVE('',#6791,#6793,#6795,.T.);
#6791 = VERTEX_POINT('',#6792);
#6792 = CARTESIAN_POINT('',(239.45,-55.1,0.));
#6793 = VERTEX_POINT('',#6794);
#6794 = CARTESIAN_POINT('',(239.45,-55.1,0.31));
#6795 = LINE('',#6796,#6797);
#6796 = CARTESIAN_POINT('',(239.45,-55.1,0.));
#6797 = VECTOR('',#6798,1.);
#6798 = DIRECTION('',(0.,0.,1.));
#6799 = ORIENTED_EDGE('',*,*,#6800,.T.);
#6800 = EDGE_CURVE('',#6793,#6793,#6801,.T.);
#6801 = CIRCLE('',#6802,0.6);
#6802 = AXIS2_PLACEMENT_3D('',#6803,#6804,#6805);
#6803 = CARTESIAN_POINT('',(238.85,-55.1,0.31));
#6804 = DIRECTION('',(0.,0.,1.));
#6805 = DIRECTION('',(1.,0.,-0.));
#6806 = ORIENTED_EDGE('',*,*,#6790,.F.);
#6807 = ORIENTED_EDGE('',*,*,#6808,.F.);
#6808 = EDGE_CURVE('',#6791,#6791,#6809,.T.);
#6809 = CIRCLE('',#6810,0.6);
#6810 = AXIS2_PLACEMENT_3D('',#6811,#6812,#6813);
#6811 = CARTESIAN_POINT('',(238.85,-55.1,0.));
#6812 = DIRECTION('',(0.,0.,1.));
#6813 = DIRECTION('',(1.,0.,-0.));
#6814 = CYLINDRICAL_SURFACE('',#6815,0.6);
#6815 = AXIS2_PLACEMENT_3D('',#6816,#6817,#6818);
#6816 = CARTESIAN_POINT('',(238.85,-55.1,0.));
#6817 = DIRECTION('',(-0.,-0.,-1.));
#6818 = DIRECTION('',(1.,0.,-0.));
#6819 = ADVANCED_FACE('',(#6820),#6847,.F.);
#6820 = FACE_BOUND('',#6821,.T.);
#6821 = EDGE_LOOP('',(#6822,#6832,#6839,#6840));
#6822 = ORIENTED_EDGE('',*,*,#6823,.T.);
#6823 = EDGE_CURVE('',#6824,#6826,#6828,.T.);
#6824 = VERTEX_POINT('',#6825);
#6825 = CARTESIAN_POINT('',(227.8,-54.71,0.));
#6826 = VERTEX_POINT('',#6827);
#6827 = CARTESIAN_POINT('',(227.8,-54.71,0.31));
#6828 = LINE('',#6829,#6830);
#6829 = CARTESIAN_POINT('',(227.8,-54.71,0.));
#6830 = VECTOR('',#6831,1.);
#6831 = DIRECTION('',(0.,0.,1.));
#6832 = ORIENTED_EDGE('',*,*,#6833,.T.);
#6833 = EDGE_CURVE('',#6826,#6826,#6834,.T.);
#6834 = CIRCLE('',#6835,0.6);
#6835 = AXIS2_PLACEMENT_3D('',#6836,#6837,#6838);
#6836 = CARTESIAN_POINT('',(227.2,-54.71,0.31));
#6837 = DIRECTION('',(0.,0.,1.));
#6838 = DIRECTION('',(1.,0.,-0.));
#6839 = ORIENTED_EDGE('',*,*,#6823,.F.);
#6840 = ORIENTED_EDGE('',*,*,#6841,.F.);
#6841 = EDGE_CURVE('',#6824,#6824,#6842,.T.);
#6842 = CIRCLE('',#6843,0.6);
#6843 = AXIS2_PLACEMENT_3D('',#6844,#6845,#6846);
#6844 = CARTESIAN_POINT('',(227.2,-54.71,0.));
#6845 = DIRECTION('',(0.,0.,1.));
#6846 = DIRECTION('',(1.,0.,-0.));
#6847 = CYLINDRICAL_SURFACE('',#6848,0.6);
#6848 = AXIS2_PLACEMENT_3D('',#6849,#6850,#6851);
#6849 = CARTESIAN_POINT('',(227.2,-54.71,0.));
#6850 = DIRECTION('',(-0.,-0.,-1.));
#6851 = DIRECTION('',(1.,0.,-0.));
#6852 = ADVANCED_FACE('',(#6853),#6880,.F.);
#6853 = FACE_BOUND('',#6854,.T.);
#6854 = EDGE_LOOP('',(#6855,#6865,#6872,#6873));
#6855 = ORIENTED_EDGE('',*,*,#6856,.T.);
#6856 = EDGE_CURVE('',#6857,#6859,#6861,.T.);
#6857 = VERTEX_POINT('',#6858);
#6858 = CARTESIAN_POINT('',(222.85,-52.61,0.));
#6859 = VERTEX_POINT('',#6860);
#6860 = CARTESIAN_POINT('',(222.85,-52.61,0.31));
#6861 = LINE('',#6862,#6863);
#6862 = CARTESIAN_POINT('',(222.85,-52.61,0.));
#6863 = VECTOR('',#6864,1.);
#6864 = DIRECTION('',(0.,0.,1.));
#6865 = ORIENTED_EDGE('',*,*,#6866,.T.);
#6866 = EDGE_CURVE('',#6859,#6859,#6867,.T.);
#6867 = CIRCLE('',#6868,0.6);
#6868 = AXIS2_PLACEMENT_3D('',#6869,#6870,#6871);
#6869 = CARTESIAN_POINT('',(222.25,-52.61,0.31));
#6870 = DIRECTION('',(0.,0.,1.));
#6871 = DIRECTION('',(1.,0.,-0.));
#6872 = ORIENTED_EDGE('',*,*,#6856,.F.);
#6873 = ORIENTED_EDGE('',*,*,#6874,.F.);
#6874 = EDGE_CURVE('',#6857,#6857,#6875,.T.);
#6875 = CIRCLE('',#6876,0.6);
#6876 = AXIS2_PLACEMENT_3D('',#6877,#6878,#6879);
#6877 = CARTESIAN_POINT('',(222.25,-52.61,0.));
#6878 = DIRECTION('',(0.,0.,1.));
#6879 = DIRECTION('',(1.,0.,-0.));
#6880 = CYLINDRICAL_SURFACE('',#6881,0.6);
#6881 = AXIS2_PLACEMENT_3D('',#6882,#6883,#6884);
#6882 = CARTESIAN_POINT('',(222.25,-52.61,0.));
#6883 = DIRECTION('',(-0.,-0.,-1.));
#6884 = DIRECTION('',(1.,0.,-0.));
#6885 = ADVANCED_FACE('',(#6886,#6900,#6903,#6906,#6909,#6912,#6915,
    #6918,#6921,#6924,#6927,#6930,#6933,#6936,#6939,#6942,#6945,#6948,
    #6951,#6954,#6957,#6960,#6963,#6966,#6969,#6972,#6975,#6978,#6981,
    #6984,#6987,#6990,#6993,#6996,#6999,#7002,#7005,#7008,#7011,#7014,
    #7017,#7020,#7023,#7026,#7029,#7032,#7035,#7038,#7041,#7044,#7047,
    #7050,#7053,#7056,#7059,#7062,#7065,#7068,#7071,#7074,#7077,#7080,
    #7083,#7086,#7089,#7092,#7095,#7098,#7101,#7104,#7107,#7110,#7113,
    #7116,#7119,#7122,#7125,#7128,#7131,#7134,#7137,#7140,#7143,#7146,
    #7149),#7152,.F.);
#6886 = FACE_BOUND('',#6887,.T.);
#6887 = EDGE_LOOP('',(#6888,#6889,#6890,#6891,#6892,#6893,#6894,#6895,
    #6896,#6897,#6898,#6899));
#6888 = ORIENTED_EDGE('',*,*,#3771,.T.);
#6889 = ORIENTED_EDGE('',*,*,#3802,.T.);
#6890 = ORIENTED_EDGE('',*,*,#3833,.T.);
#6891 = ORIENTED_EDGE('',*,*,#3864,.T.);
#6892 = ORIENTED_EDGE('',*,*,#3895,.T.);
#6893 = ORIENTED_EDGE('',*,*,#3926,.T.);
#6894 = ORIENTED_EDGE('',*,*,#3957,.T.);
#6895 = ORIENTED_EDGE('',*,*,#3988,.T.);
#6896 = ORIENTED_EDGE('',*,*,#4019,.T.);
#6897 = ORIENTED_EDGE('',*,*,#4050,.T.);
#6898 = ORIENTED_EDGE('',*,*,#4081,.T.);
#6899 = ORIENTED_EDGE('',*,*,#4103,.T.);
#6900 = FACE_BOUND('',#6901,.T.);
#6901 = EDGE_LOOP('',(#6902));
#6902 = ORIENTED_EDGE('',*,*,#4135,.T.);
#6903 = FACE_BOUND('',#6904,.T.);
#6904 = EDGE_LOOP('',(#6905));
#6905 = ORIENTED_EDGE('',*,*,#4168,.T.);
#6906 = FACE_BOUND('',#6907,.T.);
#6907 = EDGE_LOOP('',(#6908));
#6908 = ORIENTED_EDGE('',*,*,#4201,.T.);
#6909 = FACE_BOUND('',#6910,.T.);
#6910 = EDGE_LOOP('',(#6911));
#6911 = ORIENTED_EDGE('',*,*,#4234,.T.);
#6912 = FACE_BOUND('',#6913,.T.);
#6913 = EDGE_LOOP('',(#6914));
#6914 = ORIENTED_EDGE('',*,*,#4267,.T.);
#6915 = FACE_BOUND('',#6916,.T.);
#6916 = EDGE_LOOP('',(#6917));
#6917 = ORIENTED_EDGE('',*,*,#4300,.T.);
#6918 = FACE_BOUND('',#6919,.T.);
#6919 = EDGE_LOOP('',(#6920));
#6920 = ORIENTED_EDGE('',*,*,#4333,.T.);
#6921 = FACE_BOUND('',#6922,.T.);
#6922 = EDGE_LOOP('',(#6923));
#6923 = ORIENTED_EDGE('',*,*,#4366,.T.);
#6924 = FACE_BOUND('',#6925,.T.);
#6925 = EDGE_LOOP('',(#6926));
#6926 = ORIENTED_EDGE('',*,*,#4399,.T.);
#6927 = FACE_BOUND('',#6928,.T.);
#6928 = EDGE_LOOP('',(#6929));
#6929 = ORIENTED_EDGE('',*,*,#4432,.T.);
#6930 = FACE_BOUND('',#6931,.T.);
#6931 = EDGE_LOOP('',(#6932));
#6932 = ORIENTED_EDGE('',*,*,#4465,.T.);
#6933 = FACE_BOUND('',#6934,.T.);
#6934 = EDGE_LOOP('',(#6935));
#6935 = ORIENTED_EDGE('',*,*,#4498,.T.);
#6936 = FACE_BOUND('',#6937,.T.);
#6937 = EDGE_LOOP('',(#6938));
#6938 = ORIENTED_EDGE('',*,*,#4531,.T.);
#6939 = FACE_BOUND('',#6940,.T.);
#6940 = EDGE_LOOP('',(#6941));
#6941 = ORIENTED_EDGE('',*,*,#4564,.T.);
#6942 = FACE_BOUND('',#6943,.T.);
#6943 = EDGE_LOOP('',(#6944));
#6944 = ORIENTED_EDGE('',*,*,#4597,.T.);
#6945 = FACE_BOUND('',#6946,.T.);
#6946 = EDGE_LOOP('',(#6947));
#6947 = ORIENTED_EDGE('',*,*,#4630,.T.);
#6948 = FACE_BOUND('',#6949,.T.);
#6949 = EDGE_LOOP('',(#6950));
#6950 = ORIENTED_EDGE('',*,*,#4663,.T.);
#6951 = FACE_BOUND('',#6952,.T.);
#6952 = EDGE_LOOP('',(#6953));
#6953 = ORIENTED_EDGE('',*,*,#4696,.T.);
#6954 = FACE_BOUND('',#6955,.T.);
#6955 = EDGE_LOOP('',(#6956));
#6956 = ORIENTED_EDGE('',*,*,#4729,.T.);
#6957 = FACE_BOUND('',#6958,.T.);
#6958 = EDGE_LOOP('',(#6959));
#6959 = ORIENTED_EDGE('',*,*,#4762,.T.);
#6960 = FACE_BOUND('',#6961,.T.);
#6961 = EDGE_LOOP('',(#6962));
#6962 = ORIENTED_EDGE('',*,*,#4795,.T.);
#6963 = FACE_BOUND('',#6964,.T.);
#6964 = EDGE_LOOP('',(#6965));
#6965 = ORIENTED_EDGE('',*,*,#4828,.T.);
#6966 = FACE_BOUND('',#6967,.T.);
#6967 = EDGE_LOOP('',(#6968));
#6968 = ORIENTED_EDGE('',*,*,#4861,.T.);
#6969 = FACE_BOUND('',#6970,.T.);
#6970 = EDGE_LOOP('',(#6971));
#6971 = ORIENTED_EDGE('',*,*,#4894,.T.);
#6972 = FACE_BOUND('',#6973,.T.);
#6973 = EDGE_LOOP('',(#6974));
#6974 = ORIENTED_EDGE('',*,*,#4927,.T.);
#6975 = FACE_BOUND('',#6976,.T.);
#6976 = EDGE_LOOP('',(#6977));
#6977 = ORIENTED_EDGE('',*,*,#4960,.T.);
#6978 = FACE_BOUND('',#6979,.T.);
#6979 = EDGE_LOOP('',(#6980));
#6980 = ORIENTED_EDGE('',*,*,#4993,.T.);
#6981 = FACE_BOUND('',#6982,.T.);
#6982 = EDGE_LOOP('',(#6983));
#6983 = ORIENTED_EDGE('',*,*,#5026,.T.);
#6984 = FACE_BOUND('',#6985,.T.);
#6985 = EDGE_LOOP('',(#6986));
#6986 = ORIENTED_EDGE('',*,*,#5059,.T.);
#6987 = FACE_BOUND('',#6988,.T.);
#6988 = EDGE_LOOP('',(#6989));
#6989 = ORIENTED_EDGE('',*,*,#5092,.T.);
#6990 = FACE_BOUND('',#6991,.T.);
#6991 = EDGE_LOOP('',(#6992));
#6992 = ORIENTED_EDGE('',*,*,#5125,.T.);
#6993 = FACE_BOUND('',#6994,.T.);
#6994 = EDGE_LOOP('',(#6995));
#6995 = ORIENTED_EDGE('',*,*,#5158,.T.);
#6996 = FACE_BOUND('',#6997,.T.);
#6997 = EDGE_LOOP('',(#6998));
#6998 = ORIENTED_EDGE('',*,*,#5191,.T.);
#6999 = FACE_BOUND('',#7000,.T.);
#7000 = EDGE_LOOP('',(#7001));
#7001 = ORIENTED_EDGE('',*,*,#5224,.T.);
#7002 = FACE_BOUND('',#7003,.T.);
#7003 = EDGE_LOOP('',(#7004));
#7004 = ORIENTED_EDGE('',*,*,#5257,.T.);
#7005 = FACE_BOUND('',#7006,.T.);
#7006 = EDGE_LOOP('',(#7007));
#7007 = ORIENTED_EDGE('',*,*,#5290,.T.);
#7008 = FACE_BOUND('',#7009,.T.);
#7009 = EDGE_LOOP('',(#7010));
#7010 = ORIENTED_EDGE('',*,*,#5323,.T.);
#7011 = FACE_BOUND('',#7012,.T.);
#7012 = EDGE_LOOP('',(#7013));
#7013 = ORIENTED_EDGE('',*,*,#5356,.T.);
#7014 = FACE_BOUND('',#7015,.T.);
#7015 = EDGE_LOOP('',(#7016));
#7016 = ORIENTED_EDGE('',*,*,#5389,.T.);
#7017 = FACE_BOUND('',#7018,.T.);
#7018 = EDGE_LOOP('',(#7019));
#7019 = ORIENTED_EDGE('',*,*,#5422,.T.);
#7020 = FACE_BOUND('',#7021,.T.);
#7021 = EDGE_LOOP('',(#7022));
#7022 = ORIENTED_EDGE('',*,*,#5455,.T.);
#7023 = FACE_BOUND('',#7024,.T.);
#7024 = EDGE_LOOP('',(#7025));
#7025 = ORIENTED_EDGE('',*,*,#5488,.T.);
#7026 = FACE_BOUND('',#7027,.T.);
#7027 = EDGE_LOOP('',(#7028));
#7028 = ORIENTED_EDGE('',*,*,#5521,.T.);
#7029 = FACE_BOUND('',#7030,.T.);
#7030 = EDGE_LOOP('',(#7031));
#7031 = ORIENTED_EDGE('',*,*,#5554,.T.);
#7032 = FACE_BOUND('',#7033,.T.);
#7033 = EDGE_LOOP('',(#7034));
#7034 = ORIENTED_EDGE('',*,*,#5587,.T.);
#7035 = FACE_BOUND('',#7036,.T.);
#7036 = EDGE_LOOP('',(#7037));
#7037 = ORIENTED_EDGE('',*,*,#5620,.T.);
#7038 = FACE_BOUND('',#7039,.T.);
#7039 = EDGE_LOOP('',(#7040));
#7040 = ORIENTED_EDGE('',*,*,#5653,.T.);
#7041 = FACE_BOUND('',#7042,.T.);
#7042 = EDGE_LOOP('',(#7043));
#7043 = ORIENTED_EDGE('',*,*,#5686,.T.);
#7044 = FACE_BOUND('',#7045,.T.);
#7045 = EDGE_LOOP('',(#7046));
#7046 = ORIENTED_EDGE('',*,*,#5719,.T.);
#7047 = FACE_BOUND('',#7048,.T.);
#7048 = EDGE_LOOP('',(#7049));
#7049 = ORIENTED_EDGE('',*,*,#5752,.T.);
#7050 = FACE_BOUND('',#7051,.T.);
#7051 = EDGE_LOOP('',(#7052));
#7052 = ORIENTED_EDGE('',*,*,#5785,.T.);
#7053 = FACE_BOUND('',#7054,.T.);
#7054 = EDGE_LOOP('',(#7055));
#7055 = ORIENTED_EDGE('',*,*,#5818,.T.);
#7056 = FACE_BOUND('',#7057,.T.);
#7057 = EDGE_LOOP('',(#7058));
#7058 = ORIENTED_EDGE('',*,*,#5851,.T.);
#7059 = FACE_BOUND('',#7060,.T.);
#7060 = EDGE_LOOP('',(#7061));
#7061 = ORIENTED_EDGE('',*,*,#5884,.T.);
#7062 = FACE_BOUND('',#7063,.T.);
#7063 = EDGE_LOOP('',(#7064));
#7064 = ORIENTED_EDGE('',*,*,#5917,.T.);
#7065 = FACE_BOUND('',#7066,.T.);
#7066 = EDGE_LOOP('',(#7067));
#7067 = ORIENTED_EDGE('',*,*,#5950,.T.);
#7068 = FACE_BOUND('',#7069,.T.);
#7069 = EDGE_LOOP('',(#7070));
#7070 = ORIENTED_EDGE('',*,*,#5983,.T.);
#7071 = FACE_BOUND('',#7072,.T.);
#7072 = EDGE_LOOP('',(#7073));
#7073 = ORIENTED_EDGE('',*,*,#6016,.T.);
#7074 = FACE_BOUND('',#7075,.T.);
#7075 = EDGE_LOOP('',(#7076));
#7076 = ORIENTED_EDGE('',*,*,#6049,.T.);
#7077 = FACE_BOUND('',#7078,.T.);
#7078 = EDGE_LOOP('',(#7079));
#7079 = ORIENTED_EDGE('',*,*,#6082,.T.);
#7080 = FACE_BOUND('',#7081,.T.);
#7081 = EDGE_LOOP('',(#7082));
#7082 = ORIENTED_EDGE('',*,*,#6115,.T.);
#7083 = FACE_BOUND('',#7084,.T.);
#7084 = EDGE_LOOP('',(#7085));
#7085 = ORIENTED_EDGE('',*,*,#6148,.T.);
#7086 = FACE_BOUND('',#7087,.T.);
#7087 = EDGE_LOOP('',(#7088));
#7088 = ORIENTED_EDGE('',*,*,#6181,.T.);
#7089 = FACE_BOUND('',#7090,.T.);
#7090 = EDGE_LOOP('',(#7091));
#7091 = ORIENTED_EDGE('',*,*,#6214,.T.);
#7092 = FACE_BOUND('',#7093,.T.);
#7093 = EDGE_LOOP('',(#7094));
#7094 = ORIENTED_EDGE('',*,*,#6247,.T.);
#7095 = FACE_BOUND('',#7096,.T.);
#7096 = EDGE_LOOP('',(#7097));
#7097 = ORIENTED_EDGE('',*,*,#6280,.T.);
#7098 = FACE_BOUND('',#7099,.T.);
#7099 = EDGE_LOOP('',(#7100));
#7100 = ORIENTED_EDGE('',*,*,#6313,.T.);
#7101 = FACE_BOUND('',#7102,.T.);
#7102 = EDGE_LOOP('',(#7103));
#7103 = ORIENTED_EDGE('',*,*,#6346,.T.);
#7104 = FACE_BOUND('',#7105,.T.);
#7105 = EDGE_LOOP('',(#7106));
#7106 = ORIENTED_EDGE('',*,*,#6379,.T.);
#7107 = FACE_BOUND('',#7108,.T.);
#7108 = EDGE_LOOP('',(#7109));
#7109 = ORIENTED_EDGE('',*,*,#6412,.T.);
#7110 = FACE_BOUND('',#7111,.T.);
#7111 = EDGE_LOOP('',(#7112));
#7112 = ORIENTED_EDGE('',*,*,#6445,.T.);
#7113 = FACE_BOUND('',#7114,.T.);
#7114 = EDGE_LOOP('',(#7115));
#7115 = ORIENTED_EDGE('',*,*,#6478,.T.);
#7116 = FACE_BOUND('',#7117,.T.);
#7117 = EDGE_LOOP('',(#7118));
#7118 = ORIENTED_EDGE('',*,*,#6511,.T.);
#7119 = FACE_BOUND('',#7120,.T.);
#7120 = EDGE_LOOP('',(#7121));
#7121 = ORIENTED_EDGE('',*,*,#6544,.T.);
#7122 = FACE_BOUND('',#7123,.T.);
#7123 = EDGE_LOOP('',(#7124));
#7124 = ORIENTED_EDGE('',*,*,#6577,.T.);
#7125 = FACE_BOUND('',#7126,.T.);
#7126 = EDGE_LOOP('',(#7127));
#7127 = ORIENTED_EDGE('',*,*,#6610,.T.);
#7128 = FACE_BOUND('',#7129,.T.);
#7129 = EDGE_LOOP('',(#7130));
#7130 = ORIENTED_EDGE('',*,*,#6643,.T.);
#7131 = FACE_BOUND('',#7132,.T.);
#7132 = EDGE_LOOP('',(#7133));
#7133 = ORIENTED_EDGE('',*,*,#6676,.T.);
#7134 = FACE_BOUND('',#7135,.T.);
#7135 = EDGE_LOOP('',(#7136));
#7136 = ORIENTED_EDGE('',*,*,#6709,.T.);
#7137 = FACE_BOUND('',#7138,.T.);
#7138 = EDGE_LOOP('',(#7139));
#7139 = ORIENTED_EDGE('',*,*,#6742,.T.);
#7140 = FACE_BOUND('',#7141,.T.);
#7141 = EDGE_LOOP('',(#7142));
#7142 = ORIENTED_EDGE('',*,*,#6775,.T.);
#7143 = FACE_BOUND('',#7144,.T.);
#7144 = EDGE_LOOP('',(#7145));
#7145 = ORIENTED_EDGE('',*,*,#6808,.T.);
#7146 = FACE_BOUND('',#7147,.T.);
#7147 = EDGE_LOOP('',(#7148));
#7148 = ORIENTED_EDGE('',*,*,#6841,.T.);
#7149 = FACE_BOUND('',#7150,.T.);
#7150 = EDGE_LOOP('',(#7151));
#7151 = ORIENTED_EDGE('',*,*,#6874,.T.);
#7152 = PLANE('',#7153);
#7153 = AXIS2_PLACEMENT_3D('',#7154,#7155,#7156);
#7154 = CARTESIAN_POINT('',(0.,0.,0.));
#7155 = DIRECTION('',(0.,0.,1.));
#7156 = DIRECTION('',(1.,0.,-0.));
#7157 = ADVANCED_FACE('',(#7158,#7172,#7175,#7178,#7181,#7184,#7187,
    #7190,#7193,#7196,#7199,#7202,#7205,#7208,#7211,#7214,#7217,#7220,
    #7223,#7226,#7229,#7232,#7235,#7238,#7241,#7244,#7247,#7250,#7253,
    #7256,#7259,#7262,#7265,#7268,#7271,#7274,#7277,#7280,#7283,#7286,
    #7289,#7292,#7295,#7298,#7301,#7304,#7307,#7310,#7313,#7316,#7319,
    #7322,#7325,#7328,#7331,#7334,#7337,#7340,#7343,#7346,#7349,#7352,
    #7355,#7358,#7361,#7364,#7367,#7370,#7373,#7376,#7379,#7382,#7385,
    #7388,#7391,#7394,#7397,#7400,#7403,#7406,#7409,#7412,#7415,#7418,
    #7421),#7424,.T.);
#7158 = FACE_BOUND('',#7159,.F.);
#7159 = EDGE_LOOP('',(#7160,#7161,#7162,#7163,#7164,#7165,#7166,#7167,
    #7168,#7169,#7170,#7171));
#7160 = ORIENTED_EDGE('',*,*,#3755,.T.);
#7161 = ORIENTED_EDGE('',*,*,#3786,.T.);
#7162 = ORIENTED_EDGE('',*,*,#3817,.T.);
#7163 = ORIENTED_EDGE('',*,*,#3848,.T.);
#7164 = ORIENTED_EDGE('',*,*,#3879,.T.);
#7165 = ORIENTED_EDGE('',*,*,#3910,.T.);
#7166 = ORIENTED_EDGE('',*,*,#3941,.T.);
#7167 = ORIENTED_EDGE('',*,*,#3972,.T.);
#7168 = ORIENTED_EDGE('',*,*,#4003,.T.);
#7169 = ORIENTED_EDGE('',*,*,#4034,.T.);
#7170 = ORIENTED_EDGE('',*,*,#4065,.T.);
#7171 = ORIENTED_EDGE('',*,*,#4096,.T.);
#7172 = FACE_BOUND('',#7173,.F.);
#7173 = EDGE_LOOP('',(#7174));
#7174 = ORIENTED_EDGE('',*,*,#4127,.T.);
#7175 = FACE_BOUND('',#7176,.F.);
#7176 = EDGE_LOOP('',(#7177));
#7177 = ORIENTED_EDGE('',*,*,#4160,.T.);
#7178 = FACE_BOUND('',#7179,.F.);
#7179 = EDGE_LOOP('',(#7180));
#7180 = ORIENTED_EDGE('',*,*,#4193,.T.);
#7181 = FACE_BOUND('',#7182,.F.);
#7182 = EDGE_LOOP('',(#7183));
#7183 = ORIENTED_EDGE('',*,*,#4226,.T.);
#7184 = FACE_BOUND('',#7185,.F.);
#7185 = EDGE_LOOP('',(#7186));
#7186 = ORIENTED_EDGE('',*,*,#4259,.T.);
#7187 = FACE_BOUND('',#7188,.F.);
#7188 = EDGE_LOOP('',(#7189));
#7189 = ORIENTED_EDGE('',*,*,#4292,.T.);
#7190 = FACE_BOUND('',#7191,.F.);
#7191 = EDGE_LOOP('',(#7192));
#7192 = ORIENTED_EDGE('',*,*,#4325,.T.);
#7193 = FACE_BOUND('',#7194,.F.);
#7194 = EDGE_LOOP('',(#7195));
#7195 = ORIENTED_EDGE('',*,*,#4358,.T.);
#7196 = FACE_BOUND('',#7197,.F.);
#7197 = EDGE_LOOP('',(#7198));
#7198 = ORIENTED_EDGE('',*,*,#4391,.T.);
#7199 = FACE_BOUND('',#7200,.F.);
#7200 = EDGE_LOOP('',(#7201));
#7201 = ORIENTED_EDGE('',*,*,#4424,.T.);
#7202 = FACE_BOUND('',#7203,.F.);
#7203 = EDGE_LOOP('',(#7204));
#7204 = ORIENTED_EDGE('',*,*,#4457,.T.);
#7205 = FACE_BOUND('',#7206,.F.);
#7206 = EDGE_LOOP('',(#7207));
#7207 = ORIENTED_EDGE('',*,*,#4490,.T.);
#7208 = FACE_BOUND('',#7209,.F.);
#7209 = EDGE_LOOP('',(#7210));
#7210 = ORIENTED_EDGE('',*,*,#4523,.T.);
#7211 = FACE_BOUND('',#7212,.F.);
#7212 = EDGE_LOOP('',(#7213));
#7213 = ORIENTED_EDGE('',*,*,#4556,.T.);
#7214 = FACE_BOUND('',#7215,.F.);
#7215 = EDGE_LOOP('',(#7216));
#7216 = ORIENTED_EDGE('',*,*,#4589,.T.);
#7217 = FACE_BOUND('',#7218,.F.);
#7218 = EDGE_LOOP('',(#7219));
#7219 = ORIENTED_EDGE('',*,*,#4622,.T.);
#7220 = FACE_BOUND('',#7221,.F.);
#7221 = EDGE_LOOP('',(#7222));
#7222 = ORIENTED_EDGE('',*,*,#4655,.T.);
#7223 = FACE_BOUND('',#7224,.F.);
#7224 = EDGE_LOOP('',(#7225));
#7225 = ORIENTED_EDGE('',*,*,#4688,.T.);
#7226 = FACE_BOUND('',#7227,.F.);
#7227 = EDGE_LOOP('',(#7228));
#7228 = ORIENTED_EDGE('',*,*,#4721,.T.);
#7229 = FACE_BOUND('',#7230,.F.);
#7230 = EDGE_LOOP('',(#7231));
#7231 = ORIENTED_EDGE('',*,*,#4754,.T.);
#7232 = FACE_BOUND('',#7233,.F.);
#7233 = EDGE_LOOP('',(#7234));
#7234 = ORIENTED_EDGE('',*,*,#4787,.T.);
#7235 = FACE_BOUND('',#7236,.F.);
#7236 = EDGE_LOOP('',(#7237));
#7237 = ORIENTED_EDGE('',*,*,#4820,.T.);
#7238 = FACE_BOUND('',#7239,.F.);
#7239 = EDGE_LOOP('',(#7240));
#7240 = ORIENTED_EDGE('',*,*,#4853,.T.);
#7241 = FACE_BOUND('',#7242,.F.);
#7242 = EDGE_LOOP('',(#7243));
#7243 = ORIENTED_EDGE('',*,*,#4886,.T.);
#7244 = FACE_BOUND('',#7245,.F.);
#7245 = EDGE_LOOP('',(#7246));
#7246 = ORIENTED_EDGE('',*,*,#4919,.T.);
#7247 = FACE_BOUND('',#7248,.F.);
#7248 = EDGE_LOOP('',(#7249));
#7249 = ORIENTED_EDGE('',*,*,#4952,.T.);
#7250 = FACE_BOUND('',#7251,.F.);
#7251 = EDGE_LOOP('',(#7252));
#7252 = ORIENTED_EDGE('',*,*,#4985,.T.);
#7253 = FACE_BOUND('',#7254,.F.);
#7254 = EDGE_LOOP('',(#7255));
#7255 = ORIENTED_EDGE('',*,*,#5018,.T.);
#7256 = FACE_BOUND('',#7257,.F.);
#7257 = EDGE_LOOP('',(#7258));
#7258 = ORIENTED_EDGE('',*,*,#5051,.T.);
#7259 = FACE_BOUND('',#7260,.F.);
#7260 = EDGE_LOOP('',(#7261));
#7261 = ORIENTED_EDGE('',*,*,#5084,.T.);
#7262 = FACE_BOUND('',#7263,.F.);
#7263 = EDGE_LOOP('',(#7264));
#7264 = ORIENTED_EDGE('',*,*,#5117,.T.);
#7265 = FACE_BOUND('',#7266,.F.);
#7266 = EDGE_LOOP('',(#7267));
#7267 = ORIENTED_EDGE('',*,*,#5150,.T.);
#7268 = FACE_BOUND('',#7269,.F.);
#7269 = EDGE_LOOP('',(#7270));
#7270 = ORIENTED_EDGE('',*,*,#5183,.T.);
#7271 = FACE_BOUND('',#7272,.F.);
#7272 = EDGE_LOOP('',(#7273));
#7273 = ORIENTED_EDGE('',*,*,#5216,.T.);
#7274 = FACE_BOUND('',#7275,.F.);
#7275 = EDGE_LOOP('',(#7276));
#7276 = ORIENTED_EDGE('',*,*,#5249,.T.);
#7277 = FACE_BOUND('',#7278,.F.);
#7278 = EDGE_LOOP('',(#7279));
#7279 = ORIENTED_EDGE('',*,*,#5282,.T.);
#7280 = FACE_BOUND('',#7281,.F.);
#7281 = EDGE_LOOP('',(#7282));
#7282 = ORIENTED_EDGE('',*,*,#5315,.T.);
#7283 = FACE_BOUND('',#7284,.F.);
#7284 = EDGE_LOOP('',(#7285));
#7285 = ORIENTED_EDGE('',*,*,#5348,.T.);
#7286 = FACE_BOUND('',#7287,.F.);
#7287 = EDGE_LOOP('',(#7288));
#7288 = ORIENTED_EDGE('',*,*,#5381,.T.);
#7289 = FACE_BOUND('',#7290,.F.);
#7290 = EDGE_LOOP('',(#7291));
#7291 = ORIENTED_EDGE('',*,*,#5414,.T.);
#7292 = FACE_BOUND('',#7293,.F.);
#7293 = EDGE_LOOP('',(#7294));
#7294 = ORIENTED_EDGE('',*,*,#5447,.T.);
#7295 = FACE_BOUND('',#7296,.F.);
#7296 = EDGE_LOOP('',(#7297));
#7297 = ORIENTED_EDGE('',*,*,#5480,.T.);
#7298 = FACE_BOUND('',#7299,.F.);
#7299 = EDGE_LOOP('',(#7300));
#7300 = ORIENTED_EDGE('',*,*,#5513,.T.);
#7301 = FACE_BOUND('',#7302,.F.);
#7302 = EDGE_LOOP('',(#7303));
#7303 = ORIENTED_EDGE('',*,*,#5546,.T.);
#7304 = FACE_BOUND('',#7305,.F.);
#7305 = EDGE_LOOP('',(#7306));
#7306 = ORIENTED_EDGE('',*,*,#5579,.T.);
#7307 = FACE_BOUND('',#7308,.F.);
#7308 = EDGE_LOOP('',(#7309));
#7309 = ORIENTED_EDGE('',*,*,#5612,.T.);
#7310 = FACE_BOUND('',#7311,.F.);
#7311 = EDGE_LOOP('',(#7312));
#7312 = ORIENTED_EDGE('',*,*,#5645,.T.);
#7313 = FACE_BOUND('',#7314,.F.);
#7314 = EDGE_LOOP('',(#7315));
#7315 = ORIENTED_EDGE('',*,*,#5678,.T.);
#7316 = FACE_BOUND('',#7317,.F.);
#7317 = EDGE_LOOP('',(#7318));
#7318 = ORIENTED_EDGE('',*,*,#5711,.T.);
#7319 = FACE_BOUND('',#7320,.F.);
#7320 = EDGE_LOOP('',(#7321));
#7321 = ORIENTED_EDGE('',*,*,#5744,.T.);
#7322 = FACE_BOUND('',#7323,.F.);
#7323 = EDGE_LOOP('',(#7324));
#7324 = ORIENTED_EDGE('',*,*,#5777,.T.);
#7325 = FACE_BOUND('',#7326,.F.);
#7326 = EDGE_LOOP('',(#7327));
#7327 = ORIENTED_EDGE('',*,*,#5810,.T.);
#7328 = FACE_BOUND('',#7329,.F.);
#7329 = EDGE_LOOP('',(#7330));
#7330 = ORIENTED_EDGE('',*,*,#5843,.T.);
#7331 = FACE_BOUND('',#7332,.F.);
#7332 = EDGE_LOOP('',(#7333));
#7333 = ORIENTED_EDGE('',*,*,#5876,.T.);
#7334 = FACE_BOUND('',#7335,.F.);
#7335 = EDGE_LOOP('',(#7336));
#7336 = ORIENTED_EDGE('',*,*,#5909,.T.);
#7337 = FACE_BOUND('',#7338,.F.);
#7338 = EDGE_LOOP('',(#7339));
#7339 = ORIENTED_EDGE('',*,*,#5942,.T.);
#7340 = FACE_BOUND('',#7341,.F.);
#7341 = EDGE_LOOP('',(#7342));
#7342 = ORIENTED_EDGE('',*,*,#5975,.T.);
#7343 = FACE_BOUND('',#7344,.F.);
#7344 = EDGE_LOOP('',(#7345));
#7345 = ORIENTED_EDGE('',*,*,#6008,.T.);
#7346 = FACE_BOUND('',#7347,.F.);
#7347 = EDGE_LOOP('',(#7348));
#7348 = ORIENTED_EDGE('',*,*,#6041,.T.);
#7349 = FACE_BOUND('',#7350,.F.);
#7350 = EDGE_LOOP('',(#7351));
#7351 = ORIENTED_EDGE('',*,*,#6074,.T.);
#7352 = FACE_BOUND('',#7353,.F.);
#7353 = EDGE_LOOP('',(#7354));
#7354 = ORIENTED_EDGE('',*,*,#6107,.T.);
#7355 = FACE_BOUND('',#7356,.F.);
#7356 = EDGE_LOOP('',(#7357));
#7357 = ORIENTED_EDGE('',*,*,#6140,.T.);
#7358 = FACE_BOUND('',#7359,.F.);
#7359 = EDGE_LOOP('',(#7360));
#7360 = ORIENTED_EDGE('',*,*,#6173,.T.);
#7361 = FACE_BOUND('',#7362,.F.);
#7362 = EDGE_LOOP('',(#7363));
#7363 = ORIENTED_EDGE('',*,*,#6206,.T.);
#7364 = FACE_BOUND('',#7365,.F.);
#7365 = EDGE_LOOP('',(#7366));
#7366 = ORIENTED_EDGE('',*,*,#6239,.T.);
#7367 = FACE_BOUND('',#7368,.F.);
#7368 = EDGE_LOOP('',(#7369));
#7369 = ORIENTED_EDGE('',*,*,#6272,.T.);
#7370 = FACE_BOUND('',#7371,.F.);
#7371 = EDGE_LOOP('',(#7372));
#7372 = ORIENTED_EDGE('',*,*,#6305,.T.);
#7373 = FACE_BOUND('',#7374,.F.);
#7374 = EDGE_LOOP('',(#7375));
#7375 = ORIENTED_EDGE('',*,*,#6338,.T.);
#7376 = FACE_BOUND('',#7377,.F.);
#7377 = EDGE_LOOP('',(#7378));
#7378 = ORIENTED_EDGE('',*,*,#6371,.T.);
#7379 = FACE_BOUND('',#7380,.F.);
#7380 = EDGE_LOOP('',(#7381));
#7381 = ORIENTED_EDGE('',*,*,#6404,.T.);
#7382 = FACE_BOUND('',#7383,.F.);
#7383 = EDGE_LOOP('',(#7384));
#7384 = ORIENTED_EDGE('',*,*,#6437,.T.);
#7385 = FACE_BOUND('',#7386,.F.);
#7386 = EDGE_LOOP('',(#7387));
#7387 = ORIENTED_EDGE('',*,*,#6470,.T.);
#7388 = FACE_BOUND('',#7389,.F.);
#7389 = EDGE_LOOP('',(#7390));
#7390 = ORIENTED_EDGE('',*,*,#6503,.T.);
#7391 = FACE_BOUND('',#7392,.F.);
#7392 = EDGE_LOOP('',(#7393));
#7393 = ORIENTED_EDGE('',*,*,#6536,.T.);
#7394 = FACE_BOUND('',#7395,.F.);
#7395 = EDGE_LOOP('',(#7396));
#7396 = ORIENTED_EDGE('',*,*,#6569,.T.);
#7397 = FACE_BOUND('',#7398,.F.);
#7398 = EDGE_LOOP('',(#7399));
#7399 = ORIENTED_EDGE('',*,*,#6602,.T.);
#7400 = FACE_BOUND('',#7401,.F.);
#7401 = EDGE_LOOP('',(#7402));
#7402 = ORIENTED_EDGE('',*,*,#6635,.T.);
#7403 = FACE_BOUND('',#7404,.F.);
#7404 = EDGE_LOOP('',(#7405));
#7405 = ORIENTED_EDGE('',*,*,#6668,.T.);
#7406 = FACE_BOUND('',#7407,.F.);
#7407 = EDGE_LOOP('',(#7408));
#7408 = ORIENTED_EDGE('',*,*,#6701,.T.);
#7409 = FACE_BOUND('',#7410,.F.);
#7410 = EDGE_LOOP('',(#7411));
#7411 = ORIENTED_EDGE('',*,*,#6734,.T.);
#7412 = FACE_BOUND('',#7413,.F.);
#7413 = EDGE_LOOP('',(#7414));
#7414 = ORIENTED_EDGE('',*,*,#6767,.T.);
#7415 = FACE_BOUND('',#7416,.F.);
#7416 = EDGE_LOOP('',(#7417));
#7417 = ORIENTED_EDGE('',*,*,#6800,.T.);
#7418 = FACE_BOUND('',#7419,.F.);
#7419 = EDGE_LOOP('',(#7420));
#7420 = ORIENTED_EDGE('',*,*,#6833,.T.);
#7421 = FACE_BOUND('',#7422,.F.);
#7422 = EDGE_LOOP('',(#7423));
#7423 = ORIENTED_EDGE('',*,*,#6866,.T.);
#7424 = PLANE('',#7425);
#7425 = AXIS2_PLACEMENT_3D('',#7426,#7427,#7428);
#7426 = CARTESIAN_POINT('',(0.,0.,0.31));
#7427 = DIRECTION('',(0.,0.,1.));
#7428 = DIRECTION('',(1.,0.,-0.));
#7429 = ( GEOMETRIC_REPRESENTATION_CONTEXT(3) 
GLOBAL_UNCERTAINTY_ASSIGNED_CONTEXT((#7433)) 
GLOBAL_UNIT_ASSIGNED_CONTEXT((#7430,#7431,#7432)) REPRESENTATION_CONTEXT
('Context #1','3D Context with UNIT and UNCERTAINTY') );
#7430 = ( LENGTH_UNIT() NAMED_UNIT(*) SI_UNIT(.MILLI.,.METRE.) );
#7431 = ( NAMED_UNIT(*) PLANE_ANGLE_UNIT() SI_UNIT($,.RADIAN.) );
#7432 = ( NAMED_UNIT(*) SI_UNIT($,.STERADIAN.) SOLID_ANGLE_UNIT() );
#7433 = UNCERTAINTY_MEASURE_WITH_UNIT(LENGTH_MEASURE(1.E-07),#7430,
  'distance_accuracy_value','confusion accuracy');
#7434 = SHAPE_DEFINITION_REPRESENTATION(#7435,#3738);
#7435 = PRODUCT_DEFINITION_SHAPE('','',#7436);
#7436 = PRODUCT_DEFINITION('design','',#7437,#7440);
#7437 = PRODUCT_DEFINITION_FORMATION('','',#7438);
#7438 = PRODUCT('switch-foam_PCB_2','switch-foam_PCB_2','',(#7439));
#7439 = PRODUCT_CONTEXT('',#2,'mechanical');
#7440 = PRODUCT_DEFINITION_CONTEXT('part definition',#2,'design');
#7441 = CONTEXT_DEPENDENT_SHAPE_REPRESENTATION(#7442,#7444);
#7442 = ( REPRESENTATION_RELATIONSHIP('','',#3738,#10) 
REPRESENTATION_RELATIONSHIP_WITH_TRANSFORMATION(#7443) 
SHAPE_REPRESENTATION_RELATIONSHIP() );
#7443 = ITEM_DEFINED_TRANSFORMATION('','',#11,#19);
#7444 = PRODUCT_DEFINITION_SHAPE('Placement','Placement of an item',
  #7445);
#7445 = NEXT_ASSEMBLY_USAGE_OCCURRENCE('2','','',#5,#7436,$);
#7446 = PRODUCT_RELATED_PRODUCT_CATEGORY('part',$,(#7438));
#7447 = MECHANICAL_DESIGN_GEOMETRIC_PRESENTATION_REPRESENTATION('',(
    #7448),#7429);
#7448 = STYLED_ITEM('color',(#7449),#3739);
#7449 = PRESENTATION_STYLE_ASSIGNMENT((#7450));
#7450 = SURFACE_STYLE_USAGE(.BOTH.,#7451);
#7451 = SURFACE_SIDE_STYLE('',(#7452));
#7452 = SURFACE_STYLE_FILL_AREA(#7453);
#7453 = FILL_AREA_STYLE('',(#7454));
#7454 = FILL_AREA_STYLE_COLOUR('',#7455);
#7455 = COLOUR_RGB('',0.313304153717,0.484529207832,0.410020903123);
#7456 = MECHANICAL_DESIGN_GEOMETRIC_PRESENTATION_REPRESENTATION('',(
    #7457),#3720);
#7457 = STYLED_ITEM('color',(#7458),#30);
#7458 = PRESENTATION_STYLE_ASSIGNMENT((#7459));
#7459 = SURFACE_STYLE_USAGE(.BOTH.,#7460);
#7460 = SURFACE_SIDE_STYLE('',(#7461));
#7461 = SURFACE_STYLE_FILL_AREA(#7462);
#7462 = FILL_AREA_STYLE('',(#7463));
#7463 = FILL_AREA_STYLE_COLOUR('',#7455);
ENDSEC;
END-ISO-10303-21;
