ISO-10303-21;
HEADER;
FILE_DESCRIPTION(('KiCad electronic assembly'),'2;1');
FILE_NAME('base.step','2026-05-24T13:30:26',('Pcbnew'),('Kicad'),
  'Open CASCADE STEP processor 7.6','KiCad to STEP converter','Unknown'
  );
FILE_SCHEMA(('AUTOMOTIVE_DESIGN { 1 0 10303 214 1 1 1 1 }'));
ENDSEC;
DATA;
#1 = APPLICATION_PROTOCOL_DEFINITION('international standard',
  'automotive_design',2000,#2);
#2 = APPLICATION_CONTEXT(
  'core data for automotive mechanical design processes');
#3 = SHAPE_DEFINITION_REPRESENTATION(#4,#10);
#4 = PRODUCT_DEFINITION_SHAPE('','',#5);
#5 = PRODUCT_DEFINITION('design','',#6,#9);
#6 = PRODUCT_DEFINITION_FORMATION('','',#7);
#7 = PRODUCT('base 1','base 1','',(#8));
#8 = PRODUCT_CONTEXT('',#2,'mechanical');
#9 = PRODUCT_DEFINITION_CONTEXT('part definition',#2,'design');
#10 = SHAPE_REPRESENTATION('',(#11,#15,#19,#23,#27),#31);
#11 = AXIS2_PLACEMENT_3D('',#12,#13,#14);
#12 = CARTESIAN_POINT('',(0.,0.,0.));
#13 = DIRECTION('',(0.,0.,1.));
#14 = DIRECTION('',(1.,0.,-0.));
#15 = AXIS2_PLACEMENT_3D('',#16,#17,#18);
#16 = CARTESIAN_POINT('',(0.,0.,0.));
#17 = DIRECTION('',(0.,0.,1.));
#18 = DIRECTION('',(1.,0.,-0.));
#19 = AXIS2_PLACEMENT_3D('',#20,#21,#22);
#20 = CARTESIAN_POINT('',(0.,0.,0.));
#21 = DIRECTION('',(0.,0.,1.));
#22 = DIRECTION('',(1.,0.,-0.));
#23 = AXIS2_PLACEMENT_3D('',#24,#25,#26);
#24 = CARTESIAN_POINT('',(0.,0.,0.));
#25 = DIRECTION('',(0.,0.,1.));
#26 = DIRECTION('',(1.,0.,-0.));
#27 = AXIS2_PLACEMENT_3D('',#28,#29,#30);
#28 = CARTESIAN_POINT('',(0.,0.,0.));
#29 = DIRECTION('',(0.,0.,1.));
#30 = DIRECTION('',(1.,0.,-0.));
#31 = ( GEOMETRIC_REPRESENTATION_CONTEXT(3) 
GLOBAL_UNCERTAINTY_ASSIGNED_CONTEXT((#35)) GLOBAL_UNIT_ASSIGNED_CONTEXT(
(#32,#33,#34)) REPRESENTATION_CONTEXT('Context #1',
  '3D Context with UNIT and UNCERTAINTY') );
#32 = ( LENGTH_UNIT() NAMED_UNIT(*) SI_UNIT(.MILLI.,.METRE.) );
#33 = ( NAMED_UNIT(*) PLANE_ANGLE_UNIT() SI_UNIT($,.RADIAN.) );
#34 = ( NAMED_UNIT(*) SI_UNIT($,.STERADIAN.) SOLID_ANGLE_UNIT() );
#35 = UNCERTAINTY_MEASURE_WITH_UNIT(LENGTH_MEASURE(1.E-07),#32,
  'distance_accuracy_value','confusion accuracy');
#36 = PRODUCT_RELATED_PRODUCT_CATEGORY('part',$,(#7));
#37 = ADVANCED_BREP_SHAPE_REPRESENTATION('',(#11,#38),#4122);
#38 = MANIFOLD_SOLID_BREP('',#39);
#39 = CLOSED_SHELL('',(#40,#80,#111,#142,#1259,#2376,#2393,#2410,#2422,
    #2439,#2456,#2473,#2490,#2507,#2524,#2541,#2558,#2575,#2592,#2609,
    #2626,#2643,#2660,#2677,#2694,#2711,#2728,#2745,#2762,#2779,#2796,
    #2813,#2830,#2847,#2864,#2881,#2898,#2915,#2932,#2949,#2966,#2983,
    #3000,#3017,#3034,#3051,#3068,#3085,#3107,#3124,#3141,#3153,#3175,
    #3192,#3209,#3221,#3238,#3255,#3272,#3289,#3306,#3323,#3340,#3357,
    #3374,#3391,#3408,#3425,#3442,#3459,#3476,#3493,#3510,#3527,#3544,
    #3561,#3578,#3595,#3612,#3629,#3646,#3663,#3680,#3697,#3714,#3731,
    #3748,#3765,#3782,#3799,#3816,#3833,#3850,#3867,#3884,#3901,#3918,
    #3935,#3952,#3969,#3986,#4003,#4020,#4037,#4054,#4071,#4088,#4105));
#40 = ADVANCED_FACE('',(#41),#75,.T.);
#41 = FACE_BOUND('',#42,.T.);
#42 = EDGE_LOOP('',(#43,#53,#61,#69));
#43 = ORIENTED_EDGE('',*,*,#44,.T.);
#44 = EDGE_CURVE('',#45,#47,#49,.T.);
#45 = VERTEX_POINT('',#46);
#46 = CARTESIAN_POINT('',(149.9,-110.,0.));
#47 = VERTEX_POINT('',#48);
#48 = CARTESIAN_POINT('',(149.9,-110.,1.51));
#49 = LINE('',#50,#51);
#50 = CARTESIAN_POINT('',(149.9,-110.,0.));
#51 = VECTOR('',#52,1.);
#52 = DIRECTION('',(0.,0.,1.));
#53 = ORIENTED_EDGE('',*,*,#54,.T.);
#54 = EDGE_CURVE('',#47,#55,#57,.T.);
#55 = VERTEX_POINT('',#56);
#56 = CARTESIAN_POINT('',(137.4,-131.5,1.51));
#57 = LINE('',#58,#59);
#58 = CARTESIAN_POINT('',(149.9,-110.,1.51));
#59 = VECTOR('',#60,1.);
#60 = DIRECTION('',(-0.502620457375,-0.864507186684,0.));
#61 = ORIENTED_EDGE('',*,*,#62,.F.);
#62 = EDGE_CURVE('',#63,#55,#65,.T.);
#63 = VERTEX_POINT('',#64);
#64 = CARTESIAN_POINT('',(137.4,-131.5,0.));
#65 = LINE('',#66,#67);
#66 = CARTESIAN_POINT('',(137.4,-131.5,0.));
#67 = VECTOR('',#68,1.);
#68 = DIRECTION('',(0.,0.,1.));
#69 = ORIENTED_EDGE('',*,*,#70,.F.);
#70 = EDGE_CURVE('',#45,#63,#71,.T.);
#71 = LINE('',#72,#73);
#72 = CARTESIAN_POINT('',(149.9,-110.,0.));
#73 = VECTOR('',#74,1.);
#74 = DIRECTION('',(-0.502620457375,-0.864507186684,0.));
#75 = PLANE('',#76);
#76 = AXIS2_PLACEMENT_3D('',#77,#78,#79);
#77 = CARTESIAN_POINT('',(149.9,-110.,0.));
#78 = DIRECTION('',(0.864507186684,-0.502620457375,0.));
#79 = DIRECTION('',(-0.502620457375,-0.864507186684,0.));
#80 = ADVANCED_FACE('',(#81),#106,.T.);
#81 = FACE_BOUND('',#82,.T.);
#82 = EDGE_LOOP('',(#83,#93,#99,#100));
#83 = ORIENTED_EDGE('',*,*,#84,.T.);
#84 = EDGE_CURVE('',#85,#87,#89,.T.);
#85 = VERTEX_POINT('',#86);
#86 = CARTESIAN_POINT('',(149.9,-50.7,0.));
#87 = VERTEX_POINT('',#88);
#88 = CARTESIAN_POINT('',(149.9,-50.7,1.51));
#89 = LINE('',#90,#91);
#90 = CARTESIAN_POINT('',(149.9,-50.7,0.));
#91 = VECTOR('',#92,1.);
#92 = DIRECTION('',(0.,0.,1.));
#93 = ORIENTED_EDGE('',*,*,#94,.T.);
#94 = EDGE_CURVE('',#87,#47,#95,.T.);
#95 = LINE('',#96,#97);
#96 = CARTESIAN_POINT('',(149.9,-50.7,1.51));
#97 = VECTOR('',#98,1.);
#98 = DIRECTION('',(0.,-1.,0.));
#99 = ORIENTED_EDGE('',*,*,#44,.F.);
#100 = ORIENTED_EDGE('',*,*,#101,.F.);
#101 = EDGE_CURVE('',#85,#45,#102,.T.);
#102 = LINE('',#103,#104);
#103 = CARTESIAN_POINT('',(149.9,-50.7,0.));
#104 = VECTOR('',#105,1.);
#105 = DIRECTION('',(0.,-1.,0.));
#106 = PLANE('',#107);
#107 = AXIS2_PLACEMENT_3D('',#108,#109,#110);
#108 = CARTESIAN_POINT('',(149.9,-50.7,0.));
#109 = DIRECTION('',(1.,0.,-0.));
#110 = DIRECTION('',(0.,-1.,0.));
#111 = ADVANCED_FACE('',(#112),#137,.T.);
#112 = FACE_BOUND('',#113,.T.);
#113 = EDGE_LOOP('',(#114,#115,#123,#131));
#114 = ORIENTED_EDGE('',*,*,#62,.T.);
#115 = ORIENTED_EDGE('',*,*,#116,.T.);
#116 = EDGE_CURVE('',#55,#117,#119,.T.);
#117 = VERTEX_POINT('',#118);
#118 = CARTESIAN_POINT('',(42.5,-114.4,1.51));
#119 = LINE('',#120,#121);
#120 = CARTESIAN_POINT('',(137.4,-131.5,1.51));
#121 = VECTOR('',#122,1.);
#122 = DIRECTION('',(-0.984150761754,0.177333804278,0.));
#123 = ORIENTED_EDGE('',*,*,#124,.F.);
#124 = EDGE_CURVE('',#125,#117,#127,.T.);
#125 = VERTEX_POINT('',#126);
#126 = CARTESIAN_POINT('',(42.5,-114.4,0.));
#127 = LINE('',#128,#129);
#128 = CARTESIAN_POINT('',(42.5,-114.4,0.));
#129 = VECTOR('',#130,1.);
#130 = DIRECTION('',(0.,0.,1.));
#131 = ORIENTED_EDGE('',*,*,#132,.F.);
#132 = EDGE_CURVE('',#63,#125,#133,.T.);
#133 = LINE('',#134,#135);
#134 = CARTESIAN_POINT('',(137.4,-131.5,0.));
#135 = VECTOR('',#136,1.);
#136 = DIRECTION('',(-0.984150761754,0.177333804278,0.));
#137 = PLANE('',#138);
#138 = AXIS2_PLACEMENT_3D('',#139,#140,#141);
#139 = CARTESIAN_POINT('',(137.4,-131.5,0.));
#140 = DIRECTION('',(-0.177333804278,-0.984150761754,0.));
#141 = DIRECTION('',(-0.984150761754,0.177333804278,0.));
#142 = ADVANCED_FACE('',(#143,#170,#181,#192,#203,#214,#225,#236,#247,
    #258,#269,#280,#291,#302,#313,#324,#335,#346,#357,#368,#379,#390,
    #401,#412,#423,#434,#445,#456,#467,#478,#489,#500,#511,#522,#533,
    #544,#555,#566,#577,#588,#599,#635,#671,#682,#693,#704,#715,#726,
    #737,#748,#759,#770,#781,#792,#803,#814,#825,#836,#847,#858,#869,
    #880,#891,#902,#913,#924,#935,#946,#957,#968,#979,#990,#1001,#1012,
    #1023,#1034,#1045,#1056,#1067,#1078,#1089,#1100,#1111,#1122,#1133,
    #1144,#1155,#1166,#1177,#1188,#1199,#1210,#1221,#1232,#1243),#1254,
  .F.);
#143 = FACE_BOUND('',#144,.F.);
#144 = EDGE_LOOP('',(#145,#146,#147,#155,#163,#169));
#145 = ORIENTED_EDGE('',*,*,#70,.F.);
#146 = ORIENTED_EDGE('',*,*,#101,.F.);
#147 = ORIENTED_EDGE('',*,*,#148,.F.);
#148 = EDGE_CURVE('',#149,#85,#151,.T.);
#149 = VERTEX_POINT('',#150);
#150 = CARTESIAN_POINT('',(25.9,-50.7,0.));
#151 = LINE('',#152,#153);
#152 = CARTESIAN_POINT('',(25.9,-50.7,0.));
#153 = VECTOR('',#154,1.);
#154 = DIRECTION('',(1.,0.,0.));
#155 = ORIENTED_EDGE('',*,*,#156,.F.);
#156 = EDGE_CURVE('',#157,#149,#159,.T.);
#157 = VERTEX_POINT('',#158);
#158 = CARTESIAN_POINT('',(25.9,-114.4,0.));
#159 = LINE('',#160,#161);
#160 = CARTESIAN_POINT('',(25.9,-114.4,0.));
#161 = VECTOR('',#162,1.);
#162 = DIRECTION('',(0.,1.,0.));
#163 = ORIENTED_EDGE('',*,*,#164,.F.);
#164 = EDGE_CURVE('',#125,#157,#165,.T.);
#165 = LINE('',#166,#167);
#166 = CARTESIAN_POINT('',(42.5,-114.4,0.));
#167 = VECTOR('',#168,1.);
#168 = DIRECTION('',(-1.,0.,0.));
#169 = ORIENTED_EDGE('',*,*,#132,.F.);
#170 = FACE_BOUND('',#171,.F.);
#171 = EDGE_LOOP('',(#172));
#172 = ORIENTED_EDGE('',*,*,#173,.T.);
#173 = EDGE_CURVE('',#174,#174,#176,.T.);
#174 = VERTEX_POINT('',#175);
#175 = CARTESIAN_POINT('',(30.,-108.135,0.));
#176 = CIRCLE('',#177,0.5);
#177 = AXIS2_PLACEMENT_3D('',#178,#179,#180);
#178 = CARTESIAN_POINT('',(30.,-107.635,0.));
#179 = DIRECTION('',(-0.,0.,-1.));
#180 = DIRECTION('',(-0.,-1.,0.));
#181 = FACE_BOUND('',#182,.F.);
#182 = EDGE_LOOP('',(#183));
#183 = ORIENTED_EDGE('',*,*,#184,.T.);
#184 = EDGE_CURVE('',#185,#185,#187,.T.);
#185 = VERTEX_POINT('',#186);
#186 = CARTESIAN_POINT('',(88.1,-118.075,0.));
#187 = CIRCLE('',#188,1.5);
#188 = AXIS2_PLACEMENT_3D('',#189,#190,#191);
#189 = CARTESIAN_POINT('',(88.1,-116.575,0.));
#190 = DIRECTION('',(-0.,0.,-1.));
#191 = DIRECTION('',(-0.,-1.,0.));
#192 = FACE_BOUND('',#193,.F.);
#193 = EDGE_LOOP('',(#194));
#194 = ORIENTED_EDGE('',*,*,#195,.T.);
#195 = EDGE_CURVE('',#196,#196,#198,.T.);
#196 = VERTEX_POINT('',#197);
#197 = CARTESIAN_POINT('',(35.,-104.485,0.));
#198 = CIRCLE('',#199,2.4);
#199 = AXIS2_PLACEMENT_3D('',#200,#201,#202);
#200 = CARTESIAN_POINT('',(35.,-102.085,0.));
#201 = DIRECTION('',(-0.,0.,-1.));
#202 = DIRECTION('',(-0.,-1.,0.));
#203 = FACE_BOUND('',#204,.F.);
#204 = EDGE_LOOP('',(#205));
#205 = ORIENTED_EDGE('',*,*,#206,.T.);
#206 = EDGE_CURVE('',#207,#207,#209,.T.);
#207 = VERTEX_POINT('',#208);
#208 = CARTESIAN_POINT('',(40.,-99.885,0.));
#209 = CIRCLE('',#210,1.5);
#210 = AXIS2_PLACEMENT_3D('',#211,#212,#213);
#211 = CARTESIAN_POINT('',(40.,-98.385,0.));
#212 = DIRECTION('',(-0.,0.,-1.));
#213 = DIRECTION('',(-0.,-1.,0.));
#214 = FACE_BOUND('',#215,.F.);
#215 = EDGE_LOOP('',(#216));
#216 = ORIENTED_EDGE('',*,*,#217,.T.);
#217 = EDGE_CURVE('',#218,#218,#220,.T.);
#218 = VERTEX_POINT('',#219);
#219 = CARTESIAN_POINT('',(46.6,-106.475,0.));
#220 = CIRCLE('',#221,0.5);
#221 = AXIS2_PLACEMENT_3D('',#222,#223,#224);
#222 = CARTESIAN_POINT('',(46.6,-105.975,0.));
#223 = DIRECTION('',(-0.,0.,-1.));
#224 = DIRECTION('',(-0.,-1.,0.));
#225 = FACE_BOUND('',#226,.F.);
#226 = EDGE_LOOP('',(#227));
#227 = ORIENTED_EDGE('',*,*,#228,.T.);
#228 = EDGE_CURVE('',#229,#229,#231,.T.);
#229 = VERTEX_POINT('',#230);
#230 = CARTESIAN_POINT('',(51.6,-102.825,0.));
#231 = CIRCLE('',#232,2.4);
#232 = AXIS2_PLACEMENT_3D('',#233,#234,#235);
#233 = CARTESIAN_POINT('',(51.6,-100.425,0.));
#234 = DIRECTION('',(-0.,0.,-1.));
#235 = DIRECTION('',(-0.,-1.,0.));
#236 = FACE_BOUND('',#237,.F.);
#237 = EDGE_LOOP('',(#238));
#238 = ORIENTED_EDGE('',*,*,#239,.T.);
#239 = EDGE_CURVE('',#240,#240,#242,.T.);
#240 = VERTEX_POINT('',#241);
#241 = CARTESIAN_POINT('',(35.,-97.685,0.));
#242 = CIRCLE('',#243,1.5);
#243 = AXIS2_PLACEMENT_3D('',#244,#245,#246);
#244 = CARTESIAN_POINT('',(35.,-96.185,0.));
#245 = DIRECTION('',(-0.,0.,-1.));
#246 = DIRECTION('',(-0.,-1.,0.));
#247 = FACE_BOUND('',#248,.F.);
#248 = EDGE_LOOP('',(#249));
#249 = ORIENTED_EDGE('',*,*,#250,.T.);
#250 = EDGE_CURVE('',#251,#251,#253,.T.);
#251 = VERTEX_POINT('',#252);
#252 = CARTESIAN_POINT('',(30.,-91.535,0.));
#253 = CIRCLE('',#254,0.5);
#254 = AXIS2_PLACEMENT_3D('',#255,#256,#257);
#255 = CARTESIAN_POINT('',(30.,-91.035,0.));
#256 = DIRECTION('',(-0.,0.,-1.));
#257 = DIRECTION('',(-0.,-1.,0.));
#258 = FACE_BOUND('',#259,.F.);
#259 = EDGE_LOOP('',(#260));
#260 = ORIENTED_EDGE('',*,*,#261,.T.);
#261 = EDGE_CURVE('',#262,#262,#264,.T.);
#262 = VERTEX_POINT('',#263);
#263 = CARTESIAN_POINT('',(56.6,-98.225,0.));
#264 = CIRCLE('',#265,1.5);
#265 = AXIS2_PLACEMENT_3D('',#266,#267,#268);
#266 = CARTESIAN_POINT('',(56.6,-96.725,0.));
#267 = DIRECTION('',(-0.,0.,-1.));
#268 = DIRECTION('',(-0.,-1.,0.));
#269 = FACE_BOUND('',#270,.F.);
#270 = EDGE_LOOP('',(#271));
#271 = ORIENTED_EDGE('',*,*,#272,.T.);
#272 = EDGE_CURVE('',#273,#273,#275,.T.);
#273 = VERTEX_POINT('',#274);
#274 = CARTESIAN_POINT('',(51.6,-96.025,0.));
#275 = CIRCLE('',#276,1.5);
#276 = AXIS2_PLACEMENT_3D('',#277,#278,#279);
#277 = CARTESIAN_POINT('',(51.6,-94.525,0.));
#278 = DIRECTION('',(-0.,0.,-1.));
#279 = DIRECTION('',(-0.,-1.,0.));
#280 = FACE_BOUND('',#281,.F.);
#281 = EDGE_LOOP('',(#282));
#282 = ORIENTED_EDGE('',*,*,#283,.T.);
#283 = EDGE_CURVE('',#284,#284,#286,.T.);
#284 = VERTEX_POINT('',#285);
#285 = CARTESIAN_POINT('',(46.6,-89.875,0.));
#286 = CIRCLE('',#287,0.5);
#287 = AXIS2_PLACEMENT_3D('',#288,#289,#290);
#288 = CARTESIAN_POINT('',(46.6,-89.375,0.));
#289 = DIRECTION('',(-0.,0.,-1.));
#290 = DIRECTION('',(-0.,-1.,0.));
#291 = FACE_BOUND('',#292,.F.);
#292 = EDGE_LOOP('',(#293));
#293 = ORIENTED_EDGE('',*,*,#294,.T.);
#294 = EDGE_CURVE('',#295,#295,#297,.T.);
#295 = VERTEX_POINT('',#296);
#296 = CARTESIAN_POINT('',(63.2,-102.325,0.));
#297 = CIRCLE('',#298,0.5);
#298 = AXIS2_PLACEMENT_3D('',#299,#300,#301);
#299 = CARTESIAN_POINT('',(63.2,-101.825,0.));
#300 = DIRECTION('',(-0.,0.,-1.));
#301 = DIRECTION('',(-0.,-1.,0.));
#302 = FACE_BOUND('',#303,.F.);
#303 = EDGE_LOOP('',(#304));
#304 = ORIENTED_EDGE('',*,*,#305,.T.);
#305 = EDGE_CURVE('',#306,#306,#308,.T.);
#306 = VERTEX_POINT('',#307);
#307 = CARTESIAN_POINT('',(79.8,-100.25,0.));
#308 = CIRCLE('',#309,0.5);
#309 = AXIS2_PLACEMENT_3D('',#310,#311,#312);
#310 = CARTESIAN_POINT('',(79.8,-99.75,0.));
#311 = DIRECTION('',(-0.,0.,-1.));
#312 = DIRECTION('',(-0.,-1.,0.));
#313 = FACE_BOUND('',#314,.F.);
#314 = EDGE_LOOP('',(#315));
#315 = ORIENTED_EDGE('',*,*,#316,.T.);
#316 = EDGE_CURVE('',#317,#317,#319,.T.);
#317 = VERTEX_POINT('',#318);
#318 = CARTESIAN_POINT('',(68.2,-98.675,0.));
#319 = CIRCLE('',#320,2.4);
#320 = AXIS2_PLACEMENT_3D('',#321,#322,#323);
#321 = CARTESIAN_POINT('',(68.2,-96.275,0.));
#322 = DIRECTION('',(-0.,0.,-1.));
#323 = DIRECTION('',(5.921189464667E-15,-1.,-0.));
#324 = FACE_BOUND('',#325,.F.);
#325 = EDGE_LOOP('',(#326));
#326 = ORIENTED_EDGE('',*,*,#327,.T.);
#327 = EDGE_CURVE('',#328,#328,#330,.T.);
#328 = VERTEX_POINT('',#329);
#329 = CARTESIAN_POINT('',(73.2,-94.075,0.));
#330 = CIRCLE('',#331,1.5);
#331 = AXIS2_PLACEMENT_3D('',#332,#333,#334);
#332 = CARTESIAN_POINT('',(73.2,-92.575,0.));
#333 = DIRECTION('',(-0.,0.,-1.));
#334 = DIRECTION('',(-0.,-1.,0.));
#335 = FACE_BOUND('',#336,.F.);
#336 = EDGE_LOOP('',(#337));
#337 = ORIENTED_EDGE('',*,*,#338,.T.);
#338 = EDGE_CURVE('',#339,#339,#341,.T.);
#339 = VERTEX_POINT('',#340);
#340 = CARTESIAN_POINT('',(68.2,-91.875,0.));
#341 = CIRCLE('',#342,1.5);
#342 = AXIS2_PLACEMENT_3D('',#343,#344,#345);
#343 = CARTESIAN_POINT('',(68.2,-90.375,0.));
#344 = DIRECTION('',(-0.,0.,-1.));
#345 = DIRECTION('',(-0.,-1.,0.));
#346 = FACE_BOUND('',#347,.F.);
#347 = EDGE_LOOP('',(#348));
#348 = ORIENTED_EDGE('',*,*,#349,.T.);
#349 = EDGE_CURVE('',#350,#350,#352,.T.);
#350 = VERTEX_POINT('',#351);
#351 = CARTESIAN_POINT('',(84.8,-96.6,0.));
#352 = CIRCLE('',#353,2.4);
#353 = AXIS2_PLACEMENT_3D('',#354,#355,#356);
#354 = CARTESIAN_POINT('',(84.8,-94.2,0.));
#355 = DIRECTION('',(-0.,0.,-1.));
#356 = DIRECTION('',(-5.921189464668E-15,-1.,0.));
#357 = FACE_BOUND('',#358,.F.);
#358 = EDGE_LOOP('',(#359));
#359 = ORIENTED_EDGE('',*,*,#360,.T.);
#360 = EDGE_CURVE('',#361,#361,#363,.T.);
#361 = VERTEX_POINT('',#362);
#362 = CARTESIAN_POINT('',(93.1,-120.275,0.));
#363 = CIRCLE('',#364,1.5);
#364 = AXIS2_PLACEMENT_3D('',#365,#366,#367);
#365 = CARTESIAN_POINT('',(93.1,-118.775,0.));
#366 = DIRECTION('',(-0.,0.,-1.));
#367 = DIRECTION('',(-0.,-1.,0.));
#368 = FACE_BOUND('',#369,.F.);
#369 = EDGE_LOOP('',(#370));
#370 = ORIENTED_EDGE('',*,*,#371,.T.);
#371 = EDGE_CURVE('',#372,#372,#374,.T.);
#372 = VERTEX_POINT('',#373);
#373 = CARTESIAN_POINT('',(109.7,-122.35,0.));
#374 = CIRCLE('',#375,1.5);
#375 = AXIS2_PLACEMENT_3D('',#376,#377,#378);
#376 = CARTESIAN_POINT('',(109.7,-120.85,0.));
#377 = DIRECTION('',(-0.,0.,-1.));
#378 = DIRECTION('',(-0.,-1.,0.));
#379 = FACE_BOUND('',#380,.F.);
#380 = EDGE_LOOP('',(#381));
#381 = ORIENTED_EDGE('',*,*,#382,.T.);
#382 = EDGE_CURVE('',#383,#383,#385,.T.);
#383 = VERTEX_POINT('',#384);
#384 = CARTESIAN_POINT('',(104.7,-120.15,0.));
#385 = CIRCLE('',#386,1.5);
#386 = AXIS2_PLACEMENT_3D('',#387,#388,#389);
#387 = CARTESIAN_POINT('',(104.7,-118.65,0.));
#388 = DIRECTION('',(-0.,0.,-1.));
#389 = DIRECTION('',(-0.,-1.,0.));
#390 = FACE_BOUND('',#391,.F.);
#391 = EDGE_LOOP('',(#392));
#392 = ORIENTED_EDGE('',*,*,#393,.T.);
#393 = EDGE_CURVE('',#394,#394,#396,.T.);
#394 = VERTEX_POINT('',#395);
#395 = CARTESIAN_POINT('',(93.1,-115.275,0.));
#396 = CIRCLE('',#397,2.4);
#397 = AXIS2_PLACEMENT_3D('',#398,#399,#400);
#398 = CARTESIAN_POINT('',(93.1,-112.875,0.));
#399 = DIRECTION('',(-0.,0.,-1.));
#400 = DIRECTION('',(-0.,-1.,0.));
#401 = FACE_BOUND('',#402,.F.);
#402 = EDGE_LOOP('',(#403));
#403 = ORIENTED_EDGE('',*,*,#404,.T.);
#404 = EDGE_CURVE('',#405,#405,#407,.T.);
#405 = VERTEX_POINT('',#406);
#406 = CARTESIAN_POINT('',(98.1,-107.825,0.));
#407 = CIRCLE('',#408,0.5);
#408 = AXIS2_PLACEMENT_3D('',#409,#410,#411);
#409 = CARTESIAN_POINT('',(98.1,-107.325,0.));
#410 = DIRECTION('',(-0.,0.,-1.));
#411 = DIRECTION('',(-0.,-1.,0.));
#412 = FACE_BOUND('',#413,.F.);
#413 = EDGE_LOOP('',(#414));
#414 = ORIENTED_EDGE('',*,*,#415,.T.);
#415 = EDGE_CURVE('',#416,#416,#418,.T.);
#416 = VERTEX_POINT('',#417);
#417 = CARTESIAN_POINT('',(109.7,-117.35,0.));
#418 = CIRCLE('',#419,2.4);
#419 = AXIS2_PLACEMENT_3D('',#420,#421,#422);
#420 = CARTESIAN_POINT('',(109.7,-114.95,0.));
#421 = DIRECTION('',(-0.,0.,-1.));
#422 = DIRECTION('',(5.921189464667E-15,-1.,-0.));
#423 = FACE_BOUND('',#424,.F.);
#424 = EDGE_LOOP('',(#425));
#425 = ORIENTED_EDGE('',*,*,#426,.T.);
#426 = EDGE_CURVE('',#427,#427,#429,.T.);
#427 = VERTEX_POINT('',#428);
#428 = CARTESIAN_POINT('',(114.7,-109.9,0.));
#429 = CIRCLE('',#430,0.5);
#430 = AXIS2_PLACEMENT_3D('',#431,#432,#433);
#431 = CARTESIAN_POINT('',(114.7,-109.4,0.));
#432 = DIRECTION('',(-0.,0.,-1.));
#433 = DIRECTION('',(-0.,-1.,0.));
#434 = FACE_BOUND('',#435,.F.);
#435 = EDGE_LOOP('',(#436));
#436 = ORIENTED_EDGE('',*,*,#437,.T.);
#437 = EDGE_CURVE('',#438,#438,#440,.T.);
#438 = VERTEX_POINT('',#439);
#439 = CARTESIAN_POINT('',(134.781441,-124.580127,0.));
#440 = CIRCLE('',#441,0.5);
#441 = AXIS2_PLACEMENT_3D('',#442,#443,#444);
#442 = CARTESIAN_POINT('',(134.781441,-124.080127,0.));
#443 = DIRECTION('',(-0.,0.,-1.));
#444 = DIRECTION('',(-0.,-1.,0.));
#445 = FACE_BOUND('',#446,.F.);
#446 = EDGE_LOOP('',(#447));
#447 = ORIENTED_EDGE('',*,*,#448,.T.);
#448 = EDGE_CURVE('',#449,#449,#451,.T.);
#449 = VERTEX_POINT('',#450);
#450 = CARTESIAN_POINT('',(132.475,-119.375,0.));
#451 = CIRCLE('',#452,2.4);
#452 = AXIS2_PLACEMENT_3D('',#453,#454,#455);
#453 = CARTESIAN_POINT('',(132.475,-116.975,0.));
#454 = DIRECTION('',(-0.,0.,-1.));
#455 = DIRECTION('',(-0.,-1.,0.));
#456 = FACE_BOUND('',#457,.F.);
#457 = EDGE_LOOP('',(#458));
#458 = ORIENTED_EDGE('',*,*,#459,.T.);
#459 = EDGE_CURVE('',#460,#460,#462,.T.);
#460 = VERTEX_POINT('',#461);
#461 = CARTESIAN_POINT('',(127.36545,-115.525,0.));
#462 = CIRCLE('',#463,1.5);
#463 = AXIS2_PLACEMENT_3D('',#464,#465,#466);
#464 = CARTESIAN_POINT('',(127.36545,-114.025,0.));
#465 = DIRECTION('',(-0.,0.,-1.));
#466 = DIRECTION('',(-9.473903143468E-15,-1.,0.));
#467 = FACE_BOUND('',#468,.F.);
#468 = EDGE_LOOP('',(#469));
#469 = ORIENTED_EDGE('',*,*,#470,.T.);
#470 = EDGE_CURVE('',#471,#471,#473,.T.);
#471 = VERTEX_POINT('',#472);
#472 = CARTESIAN_POINT('',(131.770706,-112.294873,0.));
#473 = CIRCLE('',#474,1.5);
#474 = AXIS2_PLACEMENT_3D('',#475,#476,#477);
#475 = CARTESIAN_POINT('',(131.770706,-110.794873,0.));
#476 = DIRECTION('',(-0.,0.,-1.));
#477 = DIRECTION('',(-0.,-1.,0.));
#478 = FACE_BOUND('',#479,.F.);
#479 = EDGE_LOOP('',(#480));
#480 = ORIENTED_EDGE('',*,*,#481,.T.);
#481 = EDGE_CURVE('',#482,#482,#484,.T.);
#482 = VERTEX_POINT('',#483);
#483 = CARTESIAN_POINT('',(101.4,-103.675,0.));
#484 = CIRCLE('',#485,1.5);
#485 = AXIS2_PLACEMENT_3D('',#486,#487,#488);
#486 = CARTESIAN_POINT('',(101.4,-102.175,0.));
#487 = DIRECTION('',(-0.,0.,-1.));
#488 = DIRECTION('',(-0.,-1.,0.));
#489 = FACE_BOUND('',#490,.F.);
#490 = EDGE_LOOP('',(#491));
#491 = ORIENTED_EDGE('',*,*,#492,.T.);
#492 = EDGE_CURVE('',#493,#493,#495,.T.);
#493 = VERTEX_POINT('',#494);
#494 = CARTESIAN_POINT('',(96.4,-101.475,0.));
#495 = CIRCLE('',#496,1.5);
#496 = AXIS2_PLACEMENT_3D('',#497,#498,#499);
#497 = CARTESIAN_POINT('',(96.4,-99.975,0.));
#498 = DIRECTION('',(-0.,0.,-1.));
#499 = DIRECTION('',(-0.,-1.,0.));
#500 = FACE_BOUND('',#501,.F.);
#501 = EDGE_LOOP('',(#502));
#502 = ORIENTED_EDGE('',*,*,#503,.T.);
#503 = EDGE_CURVE('',#504,#504,#506,.T.);
#504 = VERTEX_POINT('',#505);
#505 = CARTESIAN_POINT('',(113.,-103.55,0.));
#506 = CIRCLE('',#507,1.5);
#507 = AXIS2_PLACEMENT_3D('',#508,#509,#510);
#508 = CARTESIAN_POINT('',(113.,-102.05,0.));
#509 = DIRECTION('',(-0.,0.,-1.));
#510 = DIRECTION('',(-0.,-1.,0.));
#511 = FACE_BOUND('',#512,.F.);
#512 = EDGE_LOOP('',(#513));
#513 = ORIENTED_EDGE('',*,*,#514,.T.);
#514 = EDGE_CURVE('',#515,#515,#517,.T.);
#515 = VERTEX_POINT('',#516);
#516 = CARTESIAN_POINT('',(101.4,-98.675,0.));
#517 = CIRCLE('',#518,2.4);
#518 = AXIS2_PLACEMENT_3D('',#519,#520,#521);
#519 = CARTESIAN_POINT('',(101.4,-96.275,0.));
#520 = DIRECTION('',(-0.,0.,-1.));
#521 = DIRECTION('',(-0.,-1.,0.));
#522 = FACE_BOUND('',#523,.F.);
#523 = EDGE_LOOP('',(#524));
#524 = ORIENTED_EDGE('',*,*,#525,.T.);
#525 = EDGE_CURVE('',#526,#526,#528,.T.);
#526 = VERTEX_POINT('',#527);
#527 = CARTESIAN_POINT('',(89.8,-92.,0.));
#528 = CIRCLE('',#529,1.5);
#529 = AXIS2_PLACEMENT_3D('',#530,#531,#532);
#530 = CARTESIAN_POINT('',(89.8,-90.5,0.));
#531 = DIRECTION('',(-0.,0.,-1.));
#532 = DIRECTION('',(-0.,-1.,0.));
#533 = FACE_BOUND('',#534,.F.);
#534 = EDGE_LOOP('',(#535));
#535 = ORIENTED_EDGE('',*,*,#536,.T.);
#536 = EDGE_CURVE('',#537,#537,#539,.T.);
#537 = VERTEX_POINT('',#538);
#538 = CARTESIAN_POINT('',(106.4,-91.225,0.));
#539 = CIRCLE('',#540,0.5);
#540 = AXIS2_PLACEMENT_3D('',#541,#542,#543);
#541 = CARTESIAN_POINT('',(106.4,-90.725,0.));
#542 = DIRECTION('',(-0.,0.,-1.));
#543 = DIRECTION('',(-0.,-1.,0.));
#544 = FACE_BOUND('',#545,.F.);
#545 = EDGE_LOOP('',(#546));
#546 = ORIENTED_EDGE('',*,*,#547,.T.);
#547 = EDGE_CURVE('',#548,#548,#550,.T.);
#548 = VERTEX_POINT('',#549);
#549 = CARTESIAN_POINT('',(118.,-105.75,0.));
#550 = CIRCLE('',#551,1.5);
#551 = AXIS2_PLACEMENT_3D('',#552,#553,#554);
#552 = CARTESIAN_POINT('',(118.,-104.25,0.));
#553 = DIRECTION('',(-0.,0.,-1.));
#554 = DIRECTION('',(-0.,-1.,0.));
#555 = FACE_BOUND('',#556,.F.);
#556 = EDGE_LOOP('',(#557));
#557 = ORIENTED_EDGE('',*,*,#558,.T.);
#558 = EDGE_CURVE('',#559,#559,#561,.T.);
#559 = VERTEX_POINT('',#560);
#560 = CARTESIAN_POINT('',(118.,-100.75,0.));
#561 = CIRCLE('',#562,2.4);
#562 = AXIS2_PLACEMENT_3D('',#563,#564,#565);
#563 = CARTESIAN_POINT('',(118.,-98.35,0.));
#564 = DIRECTION('',(-0.,0.,-1.));
#565 = DIRECTION('',(-0.,-1.,0.));
#566 = FACE_BOUND('',#567,.F.);
#567 = EDGE_LOOP('',(#568));
#568 = ORIENTED_EDGE('',*,*,#569,.T.);
#569 = EDGE_CURVE('',#570,#570,#572,.T.);
#570 = VERTEX_POINT('',#571);
#571 = CARTESIAN_POINT('',(137.8,-99.4,0.));
#572 = CIRCLE('',#573,0.5);
#573 = AXIS2_PLACEMENT_3D('',#574,#575,#576);
#574 = CARTESIAN_POINT('',(137.8,-98.9,0.));
#575 = DIRECTION('',(-0.,0.,-1.));
#576 = DIRECTION('',(-0.,-1.,0.));
#577 = FACE_BOUND('',#578,.F.);
#578 = EDGE_LOOP('',(#579));
#579 = ORIENTED_EDGE('',*,*,#580,.T.);
#580 = EDGE_CURVE('',#581,#581,#583,.T.);
#581 = VERTEX_POINT('',#582);
#582 = CARTESIAN_POINT('',(142.8,-99.4,0.));
#583 = CIRCLE('',#584,0.5);
#584 = AXIS2_PLACEMENT_3D('',#585,#586,#587);
#585 = CARTESIAN_POINT('',(142.8,-98.9,0.));
#586 = DIRECTION('',(-0.,0.,-1.));
#587 = DIRECTION('',(-0.,-1.,0.));
#588 = FACE_BOUND('',#589,.F.);
#589 = EDGE_LOOP('',(#590));
#590 = ORIENTED_EDGE('',*,*,#591,.T.);
#591 = EDGE_CURVE('',#592,#592,#594,.T.);
#592 = VERTEX_POINT('',#593);
#593 = CARTESIAN_POINT('',(123.,-93.3,0.));
#594 = CIRCLE('',#595,0.5);
#595 = AXIS2_PLACEMENT_3D('',#596,#597,#598);
#596 = CARTESIAN_POINT('',(123.,-92.8,0.));
#597 = DIRECTION('',(-0.,0.,-1.));
#598 = DIRECTION('',(-0.,-1.,0.));
#599 = FACE_BOUND('',#600,.F.);
#600 = EDGE_LOOP('',(#601,#612,#620,#629));
#601 = ORIENTED_EDGE('',*,*,#602,.T.);
#602 = EDGE_CURVE('',#603,#605,#607,.T.);
#603 = VERTEX_POINT('',#604);
#604 = CARTESIAN_POINT('',(135.7,-92.3,0.));
#605 = VERTEX_POINT('',#606);
#606 = CARTESIAN_POINT('',(133.7,-92.3,0.));
#607 = CIRCLE('',#608,1.);
#608 = AXIS2_PLACEMENT_3D('',#609,#610,#611);
#609 = CARTESIAN_POINT('',(134.7,-92.3,0.));
#610 = DIRECTION('',(-0.,0.,-1.));
#611 = DIRECTION('',(-1.,0.,0.));
#612 = ORIENTED_EDGE('',*,*,#613,.T.);
#613 = EDGE_CURVE('',#605,#614,#616,.T.);
#614 = VERTEX_POINT('',#615);
#615 = CARTESIAN_POINT('',(133.7,-91.5,0.));
#616 = LINE('',#617,#618);
#617 = CARTESIAN_POINT('',(133.7,-45.75,0.));
#618 = VECTOR('',#619,1.);
#619 = DIRECTION('',(-0.,1.,0.));
#620 = ORIENTED_EDGE('',*,*,#621,.T.);
#621 = EDGE_CURVE('',#614,#622,#624,.T.);
#622 = VERTEX_POINT('',#623);
#623 = CARTESIAN_POINT('',(135.7,-91.5,0.));
#624 = CIRCLE('',#625,1.);
#625 = AXIS2_PLACEMENT_3D('',#626,#627,#628);
#626 = CARTESIAN_POINT('',(134.7,-91.5,0.));
#627 = DIRECTION('',(0.,-0.,-1.));
#628 = DIRECTION('',(1.,0.,-0.));
#629 = ORIENTED_EDGE('',*,*,#630,.T.);
#630 = EDGE_CURVE('',#622,#603,#631,.T.);
#631 = LINE('',#632,#633);
#632 = CARTESIAN_POINT('',(135.7,-46.15,0.));
#633 = VECTOR('',#634,1.);
#634 = DIRECTION('',(0.,-1.,0.));
#635 = FACE_BOUND('',#636,.F.);
#636 = EDGE_LOOP('',(#637,#648,#656,#665));
#637 = ORIENTED_EDGE('',*,*,#638,.T.);
#638 = EDGE_CURVE('',#639,#641,#643,.T.);
#639 = VERTEX_POINT('',#640);
#640 = CARTESIAN_POINT('',(146.9,-92.3,0.));
#641 = VERTEX_POINT('',#642);
#642 = CARTESIAN_POINT('',(144.9,-92.3,0.));
#643 = CIRCLE('',#644,1.);
#644 = AXIS2_PLACEMENT_3D('',#645,#646,#647);
#645 = CARTESIAN_POINT('',(145.9,-92.3,0.));
#646 = DIRECTION('',(-0.,0.,-1.));
#647 = DIRECTION('',(-1.,0.,0.));
#648 = ORIENTED_EDGE('',*,*,#649,.T.);
#649 = EDGE_CURVE('',#641,#650,#652,.T.);
#650 = VERTEX_POINT('',#651);
#651 = CARTESIAN_POINT('',(144.9,-91.5,0.));
#652 = LINE('',#653,#654);
#653 = CARTESIAN_POINT('',(144.9,-45.75,0.));
#654 = VECTOR('',#655,1.);
#655 = DIRECTION('',(-0.,1.,0.));
#656 = ORIENTED_EDGE('',*,*,#657,.T.);
#657 = EDGE_CURVE('',#650,#658,#660,.T.);
#658 = VERTEX_POINT('',#659);
#659 = CARTESIAN_POINT('',(146.9,-91.5,0.));
#660 = CIRCLE('',#661,1.);
#661 = AXIS2_PLACEMENT_3D('',#662,#663,#664);
#662 = CARTESIAN_POINT('',(145.9,-91.5,0.));
#663 = DIRECTION('',(0.,-0.,-1.));
#664 = DIRECTION('',(1.,0.,-0.));
#665 = ORIENTED_EDGE('',*,*,#666,.T.);
#666 = EDGE_CURVE('',#658,#639,#667,.T.);
#667 = LINE('',#668,#669);
#668 = CARTESIAN_POINT('',(146.9,-46.15,0.));
#669 = VECTOR('',#670,1.);
#670 = DIRECTION('',(0.,-1.,0.));
#671 = FACE_BOUND('',#672,.F.);
#672 = EDGE_LOOP('',(#673));
#673 = ORIENTED_EDGE('',*,*,#674,.T.);
#674 = EDGE_CURVE('',#675,#675,#677,.T.);
#675 = VERTEX_POINT('',#676);
#676 = CARTESIAN_POINT('',(35.,-87.885,0.));
#677 = CIRCLE('',#678,2.4);
#678 = AXIS2_PLACEMENT_3D('',#679,#680,#681);
#679 = CARTESIAN_POINT('',(35.,-85.485,0.));
#680 = DIRECTION('',(-0.,0.,-1.));
#681 = DIRECTION('',(-0.,-1.,0.));
#682 = FACE_BOUND('',#683,.F.);
#683 = EDGE_LOOP('',(#684));
#684 = ORIENTED_EDGE('',*,*,#685,.T.);
#685 = EDGE_CURVE('',#686,#686,#688,.T.);
#686 = VERTEX_POINT('',#687);
#687 = CARTESIAN_POINT('',(40.,-83.285,0.));
#688 = CIRCLE('',#689,1.5);
#689 = AXIS2_PLACEMENT_3D('',#690,#691,#692);
#690 = CARTESIAN_POINT('',(40.,-81.785,0.));
#691 = DIRECTION('',(-0.,0.,-1.));
#692 = DIRECTION('',(-0.,-1.,0.));
#693 = FACE_BOUND('',#694,.F.);
#694 = EDGE_LOOP('',(#695));
#695 = ORIENTED_EDGE('',*,*,#696,.T.);
#696 = EDGE_CURVE('',#697,#697,#699,.T.);
#697 = VERTEX_POINT('',#698);
#698 = CARTESIAN_POINT('',(51.6,-86.225,0.));
#699 = CIRCLE('',#700,2.4);
#700 = AXIS2_PLACEMENT_3D('',#701,#702,#703);
#701 = CARTESIAN_POINT('',(51.6,-83.825,0.));
#702 = DIRECTION('',(-0.,0.,-1.));
#703 = DIRECTION('',(-0.,-1.,0.));
#704 = FACE_BOUND('',#705,.F.);
#705 = EDGE_LOOP('',(#706));
#706 = ORIENTED_EDGE('',*,*,#707,.T.);
#707 = EDGE_CURVE('',#708,#708,#710,.T.);
#708 = VERTEX_POINT('',#709);
#709 = CARTESIAN_POINT('',(35.,-81.085,0.));
#710 = CIRCLE('',#711,1.5);
#711 = AXIS2_PLACEMENT_3D('',#712,#713,#714);
#712 = CARTESIAN_POINT('',(35.,-79.585,0.));
#713 = DIRECTION('',(-0.,0.,-1.));
#714 = DIRECTION('',(-0.,-1.,0.));
#715 = FACE_BOUND('',#716,.F.);
#716 = EDGE_LOOP('',(#717));
#717 = ORIENTED_EDGE('',*,*,#718,.T.);
#718 = EDGE_CURVE('',#719,#719,#721,.T.);
#719 = VERTEX_POINT('',#720);
#720 = CARTESIAN_POINT('',(30.,-74.935,0.));
#721 = CIRCLE('',#722,0.5);
#722 = AXIS2_PLACEMENT_3D('',#723,#724,#725);
#723 = CARTESIAN_POINT('',(30.,-74.435,0.));
#724 = DIRECTION('',(-0.,0.,-1.));
#725 = DIRECTION('',(-0.,-1.,0.));
#726 = FACE_BOUND('',#727,.F.);
#727 = EDGE_LOOP('',(#728));
#728 = ORIENTED_EDGE('',*,*,#729,.T.);
#729 = EDGE_CURVE('',#730,#730,#732,.T.);
#730 = VERTEX_POINT('',#731);
#731 = CARTESIAN_POINT('',(56.6,-81.625,0.));
#732 = CIRCLE('',#733,1.5);
#733 = AXIS2_PLACEMENT_3D('',#734,#735,#736);
#734 = CARTESIAN_POINT('',(56.6,-80.125,0.));
#735 = DIRECTION('',(-0.,0.,-1.));
#736 = DIRECTION('',(-0.,-1.,0.));
#737 = FACE_BOUND('',#738,.F.);
#738 = EDGE_LOOP('',(#739));
#739 = ORIENTED_EDGE('',*,*,#740,.T.);
#740 = EDGE_CURVE('',#741,#741,#743,.T.);
#741 = VERTEX_POINT('',#742);
#742 = CARTESIAN_POINT('',(51.6,-79.425,0.));
#743 = CIRCLE('',#744,1.5);
#744 = AXIS2_PLACEMENT_3D('',#745,#746,#747);
#745 = CARTESIAN_POINT('',(51.6,-77.925,0.));
#746 = DIRECTION('',(-0.,0.,-1.));
#747 = DIRECTION('',(-0.,-1.,0.));
#748 = FACE_BOUND('',#749,.F.);
#749 = EDGE_LOOP('',(#750));
#750 = ORIENTED_EDGE('',*,*,#751,.T.);
#751 = EDGE_CURVE('',#752,#752,#754,.T.);
#752 = VERTEX_POINT('',#753);
#753 = CARTESIAN_POINT('',(46.6,-73.275,0.));
#754 = CIRCLE('',#755,0.5);
#755 = AXIS2_PLACEMENT_3D('',#756,#757,#758);
#756 = CARTESIAN_POINT('',(46.6,-72.775,0.));
#757 = DIRECTION('',(-0.,0.,-1.));
#758 = DIRECTION('',(-0.,-1.,0.));
#759 = FACE_BOUND('',#760,.F.);
#760 = EDGE_LOOP('',(#761));
#761 = ORIENTED_EDGE('',*,*,#762,.T.);
#762 = EDGE_CURVE('',#763,#763,#765,.T.);
#763 = VERTEX_POINT('',#764);
#764 = CARTESIAN_POINT('',(63.2,-85.725,0.));
#765 = CIRCLE('',#766,0.5);
#766 = AXIS2_PLACEMENT_3D('',#767,#768,#769);
#767 = CARTESIAN_POINT('',(63.2,-85.225,0.));
#768 = DIRECTION('',(-0.,0.,-1.));
#769 = DIRECTION('',(-0.,-1.,0.));
#770 = FACE_BOUND('',#771,.F.);
#771 = EDGE_LOOP('',(#772));
#772 = ORIENTED_EDGE('',*,*,#773,.T.);
#773 = EDGE_CURVE('',#774,#774,#776,.T.);
#774 = VERTEX_POINT('',#775);
#775 = CARTESIAN_POINT('',(84.8,-89.8,0.));
#776 = CIRCLE('',#777,1.5);
#777 = AXIS2_PLACEMENT_3D('',#778,#779,#780);
#778 = CARTESIAN_POINT('',(84.8,-88.3,0.));
#779 = DIRECTION('',(-0.,0.,-1.));
#780 = DIRECTION('',(-0.,-1.,0.));
#781 = FACE_BOUND('',#782,.F.);
#782 = EDGE_LOOP('',(#783));
#783 = ORIENTED_EDGE('',*,*,#784,.T.);
#784 = EDGE_CURVE('',#785,#785,#787,.T.);
#785 = VERTEX_POINT('',#786);
#786 = CARTESIAN_POINT('',(79.8,-83.65,0.));
#787 = CIRCLE('',#788,0.5);
#788 = AXIS2_PLACEMENT_3D('',#789,#790,#791);
#789 = CARTESIAN_POINT('',(79.8,-83.15,0.));
#790 = DIRECTION('',(-0.,0.,-1.));
#791 = DIRECTION('',(-0.,-1.,0.));
#792 = FACE_BOUND('',#793,.F.);
#793 = EDGE_LOOP('',(#794));
#794 = ORIENTED_EDGE('',*,*,#795,.T.);
#795 = EDGE_CURVE('',#796,#796,#798,.T.);
#796 = VERTEX_POINT('',#797);
#797 = CARTESIAN_POINT('',(68.2,-82.075,0.));
#798 = CIRCLE('',#799,2.4);
#799 = AXIS2_PLACEMENT_3D('',#800,#801,#802);
#800 = CARTESIAN_POINT('',(68.2,-79.675,0.));
#801 = DIRECTION('',(-0.,0.,-1.));
#802 = DIRECTION('',(5.921189464667E-15,-1.,-0.));
#803 = FACE_BOUND('',#804,.F.);
#804 = EDGE_LOOP('',(#805));
#805 = ORIENTED_EDGE('',*,*,#806,.T.);
#806 = EDGE_CURVE('',#807,#807,#809,.T.);
#807 = VERTEX_POINT('',#808);
#808 = CARTESIAN_POINT('',(73.2,-77.475,0.));
#809 = CIRCLE('',#810,1.5);
#810 = AXIS2_PLACEMENT_3D('',#811,#812,#813);
#811 = CARTESIAN_POINT('',(73.2,-75.975,0.));
#812 = DIRECTION('',(-0.,0.,-1.));
#813 = DIRECTION('',(-0.,-1.,0.));
#814 = FACE_BOUND('',#815,.F.);
#815 = EDGE_LOOP('',(#816));
#816 = ORIENTED_EDGE('',*,*,#817,.T.);
#817 = EDGE_CURVE('',#818,#818,#820,.T.);
#818 = VERTEX_POINT('',#819);
#819 = CARTESIAN_POINT('',(68.2,-75.275,0.));
#820 = CIRCLE('',#821,1.5);
#821 = AXIS2_PLACEMENT_3D('',#822,#823,#824);
#822 = CARTESIAN_POINT('',(68.2,-73.775,0.));
#823 = DIRECTION('',(-0.,0.,-1.));
#824 = DIRECTION('',(-0.,-1.,0.));
#825 = FACE_BOUND('',#826,.F.);
#826 = EDGE_LOOP('',(#827));
#827 = ORIENTED_EDGE('',*,*,#828,.T.);
#828 = EDGE_CURVE('',#829,#829,#831,.T.);
#829 = VERTEX_POINT('',#830);
#830 = CARTESIAN_POINT('',(84.8,-80.,0.));
#831 = CIRCLE('',#832,2.4);
#832 = AXIS2_PLACEMENT_3D('',#833,#834,#835);
#833 = CARTESIAN_POINT('',(84.8,-77.6,0.));
#834 = DIRECTION('',(-0.,0.,-1.));
#835 = DIRECTION('',(-5.921189464668E-15,-1.,0.));
#836 = FACE_BOUND('',#837,.F.);
#837 = EDGE_LOOP('',(#838));
#838 = ORIENTED_EDGE('',*,*,#839,.T.);
#839 = EDGE_CURVE('',#840,#840,#842,.T.);
#840 = VERTEX_POINT('',#841);
#841 = CARTESIAN_POINT('',(84.8,-73.2,0.));
#842 = CIRCLE('',#843,1.5);
#843 = AXIS2_PLACEMENT_3D('',#844,#845,#846);
#844 = CARTESIAN_POINT('',(84.8,-71.7,0.));
#845 = DIRECTION('',(-0.,0.,-1.));
#846 = DIRECTION('',(-0.,-1.,0.));
#847 = FACE_BOUND('',#848,.F.);
#848 = EDGE_LOOP('',(#849));
#849 = ORIENTED_EDGE('',*,*,#850,.T.);
#850 = EDGE_CURVE('',#851,#851,#853,.T.);
#851 = VERTEX_POINT('',#852);
#852 = CARTESIAN_POINT('',(35.,-71.285,0.));
#853 = CIRCLE('',#854,2.4);
#854 = AXIS2_PLACEMENT_3D('',#855,#856,#857);
#855 = CARTESIAN_POINT('',(35.,-68.885,0.));
#856 = DIRECTION('',(-0.,0.,-1.));
#857 = DIRECTION('',(-0.,-1.,0.));
#858 = FACE_BOUND('',#859,.F.);
#859 = EDGE_LOOP('',(#860));
#860 = ORIENTED_EDGE('',*,*,#861,.T.);
#861 = EDGE_CURVE('',#862,#862,#864,.T.);
#862 = VERTEX_POINT('',#863);
#863 = CARTESIAN_POINT('',(35.,-64.485,0.));
#864 = CIRCLE('',#865,1.5);
#865 = AXIS2_PLACEMENT_3D('',#866,#867,#868);
#866 = CARTESIAN_POINT('',(35.,-62.985,0.));
#867 = DIRECTION('',(-0.,0.,-1.));
#868 = DIRECTION('',(-0.,-1.,0.));
#869 = FACE_BOUND('',#870,.F.);
#870 = EDGE_LOOP('',(#871));
#871 = ORIENTED_EDGE('',*,*,#872,.T.);
#872 = EDGE_CURVE('',#873,#873,#875,.T.);
#873 = VERTEX_POINT('',#874);
#874 = CARTESIAN_POINT('',(40.,-66.685,0.));
#875 = CIRCLE('',#876,1.5);
#876 = AXIS2_PLACEMENT_3D('',#877,#878,#879);
#877 = CARTESIAN_POINT('',(40.,-65.185,0.));
#878 = DIRECTION('',(-0.,0.,-1.));
#879 = DIRECTION('',(-0.,-1.,0.));
#880 = FACE_BOUND('',#881,.F.);
#881 = EDGE_LOOP('',(#882));
#882 = ORIENTED_EDGE('',*,*,#883,.T.);
#883 = EDGE_CURVE('',#884,#884,#886,.T.);
#884 = VERTEX_POINT('',#885);
#885 = CARTESIAN_POINT('',(51.6,-69.625,0.));
#886 = CIRCLE('',#887,2.4);
#887 = AXIS2_PLACEMENT_3D('',#888,#889,#890);
#888 = CARTESIAN_POINT('',(51.6,-67.225,0.));
#889 = DIRECTION('',(-0.,0.,-1.));
#890 = DIRECTION('',(-0.,-1.,0.));
#891 = FACE_BOUND('',#892,.F.);
#892 = EDGE_LOOP('',(#893));
#893 = ORIENTED_EDGE('',*,*,#894,.T.);
#894 = EDGE_CURVE('',#895,#895,#897,.T.);
#895 = VERTEX_POINT('',#896);
#896 = CARTESIAN_POINT('',(56.6,-65.025,0.));
#897 = CIRCLE('',#898,1.5);
#898 = AXIS2_PLACEMENT_3D('',#899,#900,#901);
#899 = CARTESIAN_POINT('',(56.6,-63.525,0.));
#900 = DIRECTION('',(-0.,0.,-1.));
#901 = DIRECTION('',(-0.,-1.,0.));
#902 = FACE_BOUND('',#903,.F.);
#903 = EDGE_LOOP('',(#904));
#904 = ORIENTED_EDGE('',*,*,#905,.T.);
#905 = EDGE_CURVE('',#906,#906,#908,.T.);
#906 = VERTEX_POINT('',#907);
#907 = CARTESIAN_POINT('',(51.6,-62.825,0.));
#908 = CIRCLE('',#909,1.5);
#909 = AXIS2_PLACEMENT_3D('',#910,#911,#912);
#910 = CARTESIAN_POINT('',(51.6,-61.325,0.));
#911 = DIRECTION('',(-0.,0.,-1.));
#912 = DIRECTION('',(-0.,-1.,0.));
#913 = FACE_BOUND('',#914,.F.);
#914 = EDGE_LOOP('',(#915));
#915 = ORIENTED_EDGE('',*,*,#916,.T.);
#916 = EDGE_CURVE('',#917,#917,#919,.T.);
#917 = VERTEX_POINT('',#918);
#918 = CARTESIAN_POINT('',(63.2,-69.125,0.));
#919 = CIRCLE('',#920,0.5);
#920 = AXIS2_PLACEMENT_3D('',#921,#922,#923);
#921 = CARTESIAN_POINT('',(63.2,-68.625,0.));
#922 = DIRECTION('',(-0.,0.,-1.));
#923 = DIRECTION('',(-0.,-1.,0.));
#924 = FACE_BOUND('',#925,.F.);
#925 = EDGE_LOOP('',(#926));
#926 = ORIENTED_EDGE('',*,*,#927,.T.);
#927 = EDGE_CURVE('',#928,#928,#930,.T.);
#928 = VERTEX_POINT('',#929);
#929 = CARTESIAN_POINT('',(68.2,-65.475,0.));
#930 = CIRCLE('',#931,2.4);
#931 = AXIS2_PLACEMENT_3D('',#932,#933,#934);
#932 = CARTESIAN_POINT('',(68.2,-63.075,0.));
#933 = DIRECTION('',(-0.,0.,-1.));
#934 = DIRECTION('',(5.921189464667E-15,-1.,-0.));
#935 = FACE_BOUND('',#936,.F.);
#936 = EDGE_LOOP('',(#937));
#937 = ORIENTED_EDGE('',*,*,#938,.T.);
#938 = EDGE_CURVE('',#939,#939,#941,.T.);
#939 = VERTEX_POINT('',#940);
#940 = CARTESIAN_POINT('',(79.8,-67.05,0.));
#941 = CIRCLE('',#942,0.5);
#942 = AXIS2_PLACEMENT_3D('',#943,#944,#945);
#943 = CARTESIAN_POINT('',(79.8,-66.55,0.));
#944 = DIRECTION('',(-0.,0.,-1.));
#945 = DIRECTION('',(-0.,-1.,0.));
#946 = FACE_BOUND('',#947,.F.);
#947 = EDGE_LOOP('',(#948));
#948 = ORIENTED_EDGE('',*,*,#949,.T.);
#949 = EDGE_CURVE('',#950,#950,#952,.T.);
#950 = VERTEX_POINT('',#951);
#951 = CARTESIAN_POINT('',(73.2,-60.875,0.));
#952 = CIRCLE('',#953,1.5);
#953 = AXIS2_PLACEMENT_3D('',#954,#955,#956);
#954 = CARTESIAN_POINT('',(73.2,-59.375,0.));
#955 = DIRECTION('',(-0.,0.,-1.));
#956 = DIRECTION('',(-0.,-1.,0.));
#957 = FACE_BOUND('',#958,.F.);
#958 = EDGE_LOOP('',(#959));
#959 = ORIENTED_EDGE('',*,*,#960,.T.);
#960 = EDGE_CURVE('',#961,#961,#963,.T.);
#961 = VERTEX_POINT('',#962);
#962 = CARTESIAN_POINT('',(68.2,-58.675,0.));
#963 = CIRCLE('',#964,1.5);
#964 = AXIS2_PLACEMENT_3D('',#965,#966,#967);
#965 = CARTESIAN_POINT('',(68.2,-57.175,0.));
#966 = DIRECTION('',(-0.,0.,-1.));
#967 = DIRECTION('',(-0.,-1.,0.));
#968 = FACE_BOUND('',#969,.F.);
#969 = EDGE_LOOP('',(#970));
#970 = ORIENTED_EDGE('',*,*,#971,.T.);
#971 = EDGE_CURVE('',#972,#972,#974,.T.);
#972 = VERTEX_POINT('',#973);
#973 = CARTESIAN_POINT('',(84.8,-63.4,0.));
#974 = CIRCLE('',#975,2.4);
#975 = AXIS2_PLACEMENT_3D('',#976,#977,#978);
#976 = CARTESIAN_POINT('',(84.8,-61.,0.));
#977 = DIRECTION('',(-0.,0.,-1.));
#978 = DIRECTION('',(-5.921189464668E-15,-1.,0.));
#979 = FACE_BOUND('',#980,.F.);
#980 = EDGE_LOOP('',(#981));
#981 = ORIENTED_EDGE('',*,*,#982,.T.);
#982 = EDGE_CURVE('',#983,#983,#985,.T.);
#983 = VERTEX_POINT('',#984);
#984 = CARTESIAN_POINT('',(84.8,-56.6,0.));
#985 = CIRCLE('',#986,1.5);
#986 = AXIS2_PLACEMENT_3D('',#987,#988,#989);
#987 = CARTESIAN_POINT('',(84.8,-55.1,0.));
#988 = DIRECTION('',(-0.,0.,-1.));
#989 = DIRECTION('',(-0.,-1.,0.));
#990 = FACE_BOUND('',#991,.F.);
#991 = EDGE_LOOP('',(#992));
#992 = ORIENTED_EDGE('',*,*,#993,.T.);
#993 = EDGE_CURVE('',#994,#994,#996,.T.);
#994 = VERTEX_POINT('',#995);
#995 = CARTESIAN_POINT('',(101.4,-87.075,0.));
#996 = CIRCLE('',#997,1.5);
#997 = AXIS2_PLACEMENT_3D('',#998,#999,#1000);
#998 = CARTESIAN_POINT('',(101.4,-85.575,0.));
#999 = DIRECTION('',(-0.,0.,-1.));
#1000 = DIRECTION('',(-0.,-1.,0.));
#1001 = FACE_BOUND('',#1002,.F.);
#1002 = EDGE_LOOP('',(#1003));
#1003 = ORIENTED_EDGE('',*,*,#1004,.T.);
#1004 = EDGE_CURVE('',#1005,#1005,#1007,.T.);
#1005 = VERTEX_POINT('',#1006);
#1006 = CARTESIAN_POINT('',(96.4,-84.875,0.));
#1007 = CIRCLE('',#1008,1.5);
#1008 = AXIS2_PLACEMENT_3D('',#1009,#1010,#1011);
#1009 = CARTESIAN_POINT('',(96.4,-83.375,0.));
#1010 = DIRECTION('',(-0.,0.,-1.));
#1011 = DIRECTION('',(-0.,-1.,0.));
#1012 = FACE_BOUND('',#1013,.F.);
#1013 = EDGE_LOOP('',(#1014));
#1014 = ORIENTED_EDGE('',*,*,#1015,.T.);
#1015 = EDGE_CURVE('',#1016,#1016,#1018,.T.);
#1016 = VERTEX_POINT('',#1017);
#1017 = CARTESIAN_POINT('',(113.,-86.95,0.));
#1018 = CIRCLE('',#1019,1.5);
#1019 = AXIS2_PLACEMENT_3D('',#1020,#1021,#1022);
#1020 = CARTESIAN_POINT('',(113.,-85.45,0.));
#1021 = DIRECTION('',(-0.,0.,-1.));
#1022 = DIRECTION('',(-0.,-1.,0.));
#1023 = FACE_BOUND('',#1024,.F.);
#1024 = EDGE_LOOP('',(#1025));
#1025 = ORIENTED_EDGE('',*,*,#1026,.T.);
#1026 = EDGE_CURVE('',#1027,#1027,#1029,.T.);
#1027 = VERTEX_POINT('',#1028);
#1028 = CARTESIAN_POINT('',(101.4,-82.075,0.));
#1029 = CIRCLE('',#1030,2.4);
#1030 = AXIS2_PLACEMENT_3D('',#1031,#1032,#1033);
#1031 = CARTESIAN_POINT('',(101.4,-79.675,0.));
#1032 = DIRECTION('',(-0.,0.,-1.));
#1033 = DIRECTION('',(-0.,-1.,0.));
#1034 = FACE_BOUND('',#1035,.F.);
#1035 = EDGE_LOOP('',(#1036));
#1036 = ORIENTED_EDGE('',*,*,#1037,.T.);
#1037 = EDGE_CURVE('',#1038,#1038,#1040,.T.);
#1038 = VERTEX_POINT('',#1039);
#1039 = CARTESIAN_POINT('',(89.8,-75.4,0.));
#1040 = CIRCLE('',#1041,1.5);
#1041 = AXIS2_PLACEMENT_3D('',#1042,#1043,#1044);
#1042 = CARTESIAN_POINT('',(89.8,-73.9,0.));
#1043 = DIRECTION('',(-0.,0.,-1.));
#1044 = DIRECTION('',(-0.,-1.,0.));
#1045 = FACE_BOUND('',#1046,.F.);
#1046 = EDGE_LOOP('',(#1047));
#1047 = ORIENTED_EDGE('',*,*,#1048,.T.);
#1048 = EDGE_CURVE('',#1049,#1049,#1051,.T.);
#1049 = VERTEX_POINT('',#1050);
#1050 = CARTESIAN_POINT('',(106.4,-74.625,0.));
#1051 = CIRCLE('',#1052,0.5);
#1052 = AXIS2_PLACEMENT_3D('',#1053,#1054,#1055);
#1053 = CARTESIAN_POINT('',(106.4,-74.125,0.));
#1054 = DIRECTION('',(-0.,0.,-1.));
#1055 = DIRECTION('',(-0.,-1.,0.));
#1056 = FACE_BOUND('',#1057,.F.);
#1057 = EDGE_LOOP('',(#1058));
#1058 = ORIENTED_EDGE('',*,*,#1059,.T.);
#1059 = EDGE_CURVE('',#1060,#1060,#1062,.T.);
#1060 = VERTEX_POINT('',#1061);
#1061 = CARTESIAN_POINT('',(118.,-89.15,0.));
#1062 = CIRCLE('',#1063,1.5);
#1063 = AXIS2_PLACEMENT_3D('',#1064,#1065,#1066);
#1064 = CARTESIAN_POINT('',(118.,-87.65,0.));
#1065 = DIRECTION('',(-0.,0.,-1.));
#1066 = DIRECTION('',(-0.,-1.,0.));
#1067 = FACE_BOUND('',#1068,.F.);
#1068 = EDGE_LOOP('',(#1069));
#1069 = ORIENTED_EDGE('',*,*,#1070,.T.);
#1070 = EDGE_CURVE('',#1071,#1071,#1073,.T.);
#1071 = VERTEX_POINT('',#1072);
#1072 = CARTESIAN_POINT('',(118.,-84.15,0.));
#1073 = CIRCLE('',#1074,2.4);
#1074 = AXIS2_PLACEMENT_3D('',#1075,#1076,#1077);
#1075 = CARTESIAN_POINT('',(118.,-81.75,0.));
#1076 = DIRECTION('',(-0.,0.,-1.));
#1077 = DIRECTION('',(-0.,-1.,0.));
#1078 = FACE_BOUND('',#1079,.F.);
#1079 = EDGE_LOOP('',(#1080));
#1080 = ORIENTED_EDGE('',*,*,#1081,.T.);
#1081 = EDGE_CURVE('',#1082,#1082,#1084,.T.);
#1082 = VERTEX_POINT('',#1083);
#1083 = CARTESIAN_POINT('',(137.8,-84.9,0.));
#1084 = CIRCLE('',#1085,0.5);
#1085 = AXIS2_PLACEMENT_3D('',#1086,#1087,#1088);
#1086 = CARTESIAN_POINT('',(137.8,-84.4,0.));
#1087 = DIRECTION('',(-0.,0.,-1.));
#1088 = DIRECTION('',(-0.,-1.,0.));
#1089 = FACE_BOUND('',#1090,.F.);
#1090 = EDGE_LOOP('',(#1091));
#1091 = ORIENTED_EDGE('',*,*,#1092,.T.);
#1092 = EDGE_CURVE('',#1093,#1093,#1095,.T.);
#1093 = VERTEX_POINT('',#1094);
#1094 = CARTESIAN_POINT('',(140.3,-84.9,0.));
#1095 = CIRCLE('',#1096,0.5);
#1096 = AXIS2_PLACEMENT_3D('',#1097,#1098,#1099);
#1097 = CARTESIAN_POINT('',(140.3,-84.4,0.));
#1098 = DIRECTION('',(-0.,0.,-1.));
#1099 = DIRECTION('',(-0.,-1.,0.));
#1100 = FACE_BOUND('',#1101,.F.);
#1101 = EDGE_LOOP('',(#1102));
#1102 = ORIENTED_EDGE('',*,*,#1103,.T.);
#1103 = EDGE_CURVE('',#1104,#1104,#1106,.T.);
#1104 = VERTEX_POINT('',#1105);
#1105 = CARTESIAN_POINT('',(142.8,-84.9,0.));
#1106 = CIRCLE('',#1107,0.5);
#1107 = AXIS2_PLACEMENT_3D('',#1108,#1109,#1110);
#1108 = CARTESIAN_POINT('',(142.8,-84.4,0.));
#1109 = DIRECTION('',(-0.,0.,-1.));
#1110 = DIRECTION('',(-0.,-1.,0.));
#1111 = FACE_BOUND('',#1112,.F.);
#1112 = EDGE_LOOP('',(#1113));
#1113 = ORIENTED_EDGE('',*,*,#1114,.T.);
#1114 = EDGE_CURVE('',#1115,#1115,#1117,.T.);
#1115 = VERTEX_POINT('',#1116);
#1116 = CARTESIAN_POINT('',(123.,-76.7,0.));
#1117 = CIRCLE('',#1118,0.5);
#1118 = AXIS2_PLACEMENT_3D('',#1119,#1120,#1121);
#1119 = CARTESIAN_POINT('',(123.,-76.2,0.));
#1120 = DIRECTION('',(-0.,0.,-1.));
#1121 = DIRECTION('',(-0.,-1.,0.));
#1122 = FACE_BOUND('',#1123,.F.);
#1123 = EDGE_LOOP('',(#1124));
#1124 = ORIENTED_EDGE('',*,*,#1125,.T.);
#1125 = EDGE_CURVE('',#1126,#1126,#1128,.T.);
#1126 = VERTEX_POINT('',#1127);
#1127 = CARTESIAN_POINT('',(140.9,-75.565,0.));
#1128 = CIRCLE('',#1129,0.365);
#1129 = AXIS2_PLACEMENT_3D('',#1130,#1131,#1132);
#1130 = CARTESIAN_POINT('',(140.9,-75.2,0.));
#1131 = DIRECTION('',(-0.,0.,-1.));
#1132 = DIRECTION('',(7.78676970696E-14,-1.,-0.));
#1133 = FACE_BOUND('',#1134,.F.);
#1134 = EDGE_LOOP('',(#1135));
#1135 = ORIENTED_EDGE('',*,*,#1136,.T.);
#1136 = EDGE_CURVE('',#1137,#1137,#1139,.T.);
#1137 = VERTEX_POINT('',#1138);
#1138 = CARTESIAN_POINT('',(142.4,-75.565,0.));
#1139 = CIRCLE('',#1140,0.365);
#1140 = AXIS2_PLACEMENT_3D('',#1141,#1142,#1143);
#1141 = CARTESIAN_POINT('',(142.4,-75.2,0.));
#1142 = DIRECTION('',(-0.,0.,-1.));
#1143 = DIRECTION('',(7.78676970696E-14,-1.,-0.));
#1144 = FACE_BOUND('',#1145,.F.);
#1145 = EDGE_LOOP('',(#1146));
#1146 = ORIENTED_EDGE('',*,*,#1147,.T.);
#1147 = EDGE_CURVE('',#1148,#1148,#1150,.T.);
#1148 = VERTEX_POINT('',#1149);
#1149 = CARTESIAN_POINT('',(143.9,-75.565,0.));
#1150 = CIRCLE('',#1151,0.365);
#1151 = AXIS2_PLACEMENT_3D('',#1152,#1153,#1154);
#1152 = CARTESIAN_POINT('',(143.9,-75.2,0.));
#1153 = DIRECTION('',(-0.,0.,-1.));
#1154 = DIRECTION('',(7.78676970696E-14,-1.,-0.));
#1155 = FACE_BOUND('',#1156,.F.);
#1156 = EDGE_LOOP('',(#1157));
#1157 = ORIENTED_EDGE('',*,*,#1158,.T.);
#1158 = EDGE_CURVE('',#1159,#1159,#1161,.T.);
#1159 = VERTEX_POINT('',#1160);
#1160 = CARTESIAN_POINT('',(101.4,-70.475,0.));
#1161 = CIRCLE('',#1162,1.5);
#1162 = AXIS2_PLACEMENT_3D('',#1163,#1164,#1165);
#1163 = CARTESIAN_POINT('',(101.4,-68.975,0.));
#1164 = DIRECTION('',(-0.,0.,-1.));
#1165 = DIRECTION('',(-0.,-1.,0.));
#1166 = FACE_BOUND('',#1167,.F.);
#1167 = EDGE_LOOP('',(#1168));
#1168 = ORIENTED_EDGE('',*,*,#1169,.T.);
#1169 = EDGE_CURVE('',#1170,#1170,#1172,.T.);
#1170 = VERTEX_POINT('',#1171);
#1171 = CARTESIAN_POINT('',(96.4,-68.275,0.));
#1172 = CIRCLE('',#1173,1.5);
#1173 = AXIS2_PLACEMENT_3D('',#1174,#1175,#1176);
#1174 = CARTESIAN_POINT('',(96.4,-66.775,0.));
#1175 = DIRECTION('',(-0.,0.,-1.));
#1176 = DIRECTION('',(-0.,-1.,0.));
#1177 = FACE_BOUND('',#1178,.F.);
#1178 = EDGE_LOOP('',(#1179));
#1179 = ORIENTED_EDGE('',*,*,#1180,.T.);
#1180 = EDGE_CURVE('',#1181,#1181,#1183,.T.);
#1181 = VERTEX_POINT('',#1182);
#1182 = CARTESIAN_POINT('',(101.4,-65.475,0.));
#1183 = CIRCLE('',#1184,2.4);
#1184 = AXIS2_PLACEMENT_3D('',#1185,#1186,#1187);
#1185 = CARTESIAN_POINT('',(101.4,-63.075,0.));
#1186 = DIRECTION('',(-0.,0.,-1.));
#1187 = DIRECTION('',(-0.,-1.,0.));
#1188 = FACE_BOUND('',#1189,.F.);
#1189 = EDGE_LOOP('',(#1190));
#1190 = ORIENTED_EDGE('',*,*,#1191,.T.);
#1191 = EDGE_CURVE('',#1192,#1192,#1194,.T.);
#1192 = VERTEX_POINT('',#1193);
#1193 = CARTESIAN_POINT('',(113.,-70.35,0.));
#1194 = CIRCLE('',#1195,1.5);
#1195 = AXIS2_PLACEMENT_3D('',#1196,#1197,#1198);
#1196 = CARTESIAN_POINT('',(113.,-68.85,0.));
#1197 = DIRECTION('',(-0.,0.,-1.));
#1198 = DIRECTION('',(-0.,-1.,0.));
#1199 = FACE_BOUND('',#1200,.F.);
#1200 = EDGE_LOOP('',(#1201));
#1201 = ORIENTED_EDGE('',*,*,#1202,.T.);
#1202 = EDGE_CURVE('',#1203,#1203,#1205,.T.);
#1203 = VERTEX_POINT('',#1204);
#1204 = CARTESIAN_POINT('',(89.8,-58.8,0.));
#1205 = CIRCLE('',#1206,1.5);
#1206 = AXIS2_PLACEMENT_3D('',#1207,#1208,#1209);
#1207 = CARTESIAN_POINT('',(89.8,-57.3,0.));
#1208 = DIRECTION('',(-0.,0.,-1.));
#1209 = DIRECTION('',(-0.,-1.,0.));
#1210 = FACE_BOUND('',#1211,.F.);
#1211 = EDGE_LOOP('',(#1212));
#1212 = ORIENTED_EDGE('',*,*,#1213,.T.);
#1213 = EDGE_CURVE('',#1214,#1214,#1216,.T.);
#1214 = VERTEX_POINT('',#1215);
#1215 = CARTESIAN_POINT('',(106.4,-58.025,0.));
#1216 = CIRCLE('',#1217,0.5);
#1217 = AXIS2_PLACEMENT_3D('',#1218,#1219,#1220);
#1218 = CARTESIAN_POINT('',(106.4,-57.525,0.));
#1219 = DIRECTION('',(-0.,0.,-1.));
#1220 = DIRECTION('',(-0.,-1.,0.));
#1221 = FACE_BOUND('',#1222,.F.);
#1222 = EDGE_LOOP('',(#1223));
#1223 = ORIENTED_EDGE('',*,*,#1224,.T.);
#1224 = EDGE_CURVE('',#1225,#1225,#1227,.T.);
#1225 = VERTEX_POINT('',#1226);
#1226 = CARTESIAN_POINT('',(118.,-72.55,0.));
#1227 = CIRCLE('',#1228,1.5);
#1228 = AXIS2_PLACEMENT_3D('',#1229,#1230,#1231);
#1229 = CARTESIAN_POINT('',(118.,-71.05,0.));
#1230 = DIRECTION('',(-0.,0.,-1.));
#1231 = DIRECTION('',(-0.,-1.,0.));
#1232 = FACE_BOUND('',#1233,.F.);
#1233 = EDGE_LOOP('',(#1234));
#1234 = ORIENTED_EDGE('',*,*,#1235,.T.);
#1235 = EDGE_CURVE('',#1236,#1236,#1238,.T.);
#1236 = VERTEX_POINT('',#1237);
#1237 = CARTESIAN_POINT('',(118.,-67.55,0.));
#1238 = CIRCLE('',#1239,2.4);
#1239 = AXIS2_PLACEMENT_3D('',#1240,#1241,#1242);
#1240 = CARTESIAN_POINT('',(118.,-65.15,0.));
#1241 = DIRECTION('',(-0.,0.,-1.));
#1242 = DIRECTION('',(-0.,-1.,0.));
#1243 = FACE_BOUND('',#1244,.F.);
#1244 = EDGE_LOOP('',(#1245));
#1245 = ORIENTED_EDGE('',*,*,#1246,.T.);
#1246 = EDGE_CURVE('',#1247,#1247,#1249,.T.);
#1247 = VERTEX_POINT('',#1248);
#1248 = CARTESIAN_POINT('',(123.,-60.1,0.));
#1249 = CIRCLE('',#1250,0.5);
#1250 = AXIS2_PLACEMENT_3D('',#1251,#1252,#1253);
#1251 = CARTESIAN_POINT('',(123.,-59.6,0.));
#1252 = DIRECTION('',(-0.,0.,-1.));
#1253 = DIRECTION('',(-0.,-1.,0.));
#1254 = PLANE('',#1255);
#1255 = AXIS2_PLACEMENT_3D('',#1256,#1257,#1258);
#1256 = CARTESIAN_POINT('',(0.,0.,0.));
#1257 = DIRECTION('',(0.,0.,1.));
#1258 = DIRECTION('',(1.,0.,-0.));
#1259 = ADVANCED_FACE('',(#1260,#1287,#1298,#1309,#1320,#1331,#1342,
    #1353,#1364,#1375,#1386,#1397,#1408,#1419,#1430,#1441,#1452,#1463,
    #1474,#1485,#1496,#1507,#1518,#1529,#1540,#1551,#1562,#1573,#1584,
    #1595,#1606,#1617,#1628,#1639,#1650,#1661,#1672,#1683,#1694,#1705,
    #1716,#1752,#1788,#1799,#1810,#1821,#1832,#1843,#1854,#1865,#1876,
    #1887,#1898,#1909,#1920,#1931,#1942,#1953,#1964,#1975,#1986,#1997,
    #2008,#2019,#2030,#2041,#2052,#2063,#2074,#2085,#2096,#2107,#2118,
    #2129,#2140,#2151,#2162,#2173,#2184,#2195,#2206,#2217,#2228,#2239,
    #2250,#2261,#2272,#2283,#2294,#2305,#2316,#2327,#2338,#2349,#2360),
  #2371,.T.);
#1260 = FACE_BOUND('',#1261,.T.);
#1261 = EDGE_LOOP('',(#1262,#1263,#1264,#1272,#1280,#1286));
#1262 = ORIENTED_EDGE('',*,*,#54,.F.);
#1263 = ORIENTED_EDGE('',*,*,#94,.F.);
#1264 = ORIENTED_EDGE('',*,*,#1265,.F.);
#1265 = EDGE_CURVE('',#1266,#87,#1268,.T.);
#1266 = VERTEX_POINT('',#1267);
#1267 = CARTESIAN_POINT('',(25.9,-50.7,1.51));
#1268 = LINE('',#1269,#1270);
#1269 = CARTESIAN_POINT('',(25.9,-50.7,1.51));
#1270 = VECTOR('',#1271,1.);
#1271 = DIRECTION('',(1.,0.,0.));
#1272 = ORIENTED_EDGE('',*,*,#1273,.F.);
#1273 = EDGE_CURVE('',#1274,#1266,#1276,.T.);
#1274 = VERTEX_POINT('',#1275);
#1275 = CARTESIAN_POINT('',(25.9,-114.4,1.51));
#1276 = LINE('',#1277,#1278);
#1277 = CARTESIAN_POINT('',(25.9,-114.4,1.51));
#1278 = VECTOR('',#1279,1.);
#1279 = DIRECTION('',(0.,1.,0.));
#1280 = ORIENTED_EDGE('',*,*,#1281,.F.);
#1281 = EDGE_CURVE('',#117,#1274,#1282,.T.);
#1282 = LINE('',#1283,#1284);
#1283 = CARTESIAN_POINT('',(42.5,-114.4,1.51));
#1284 = VECTOR('',#1285,1.);
#1285 = DIRECTION('',(-1.,0.,0.));
#1286 = ORIENTED_EDGE('',*,*,#116,.F.);
#1287 = FACE_BOUND('',#1288,.T.);
#1288 = EDGE_LOOP('',(#1289));
#1289 = ORIENTED_EDGE('',*,*,#1290,.T.);
#1290 = EDGE_CURVE('',#1291,#1291,#1293,.T.);
#1291 = VERTEX_POINT('',#1292);
#1292 = CARTESIAN_POINT('',(30.,-108.135,1.51));
#1293 = CIRCLE('',#1294,0.5);
#1294 = AXIS2_PLACEMENT_3D('',#1295,#1296,#1297);
#1295 = CARTESIAN_POINT('',(30.,-107.635,1.51));
#1296 = DIRECTION('',(-0.,0.,-1.));
#1297 = DIRECTION('',(-0.,-1.,0.));
#1298 = FACE_BOUND('',#1299,.T.);
#1299 = EDGE_LOOP('',(#1300));
#1300 = ORIENTED_EDGE('',*,*,#1301,.T.);
#1301 = EDGE_CURVE('',#1302,#1302,#1304,.T.);
#1302 = VERTEX_POINT('',#1303);
#1303 = CARTESIAN_POINT('',(88.1,-118.075,1.51));
#1304 = CIRCLE('',#1305,1.5);
#1305 = AXIS2_PLACEMENT_3D('',#1306,#1307,#1308);
#1306 = CARTESIAN_POINT('',(88.1,-116.575,1.51));
#1307 = DIRECTION('',(-0.,0.,-1.));
#1308 = DIRECTION('',(-0.,-1.,0.));
#1309 = FACE_BOUND('',#1310,.T.);
#1310 = EDGE_LOOP('',(#1311));
#1311 = ORIENTED_EDGE('',*,*,#1312,.T.);
#1312 = EDGE_CURVE('',#1313,#1313,#1315,.T.);
#1313 = VERTEX_POINT('',#1314);
#1314 = CARTESIAN_POINT('',(35.,-104.485,1.51));
#1315 = CIRCLE('',#1316,2.4);
#1316 = AXIS2_PLACEMENT_3D('',#1317,#1318,#1319);
#1317 = CARTESIAN_POINT('',(35.,-102.085,1.51));
#1318 = DIRECTION('',(-0.,0.,-1.));
#1319 = DIRECTION('',(-0.,-1.,0.));
#1320 = FACE_BOUND('',#1321,.T.);
#1321 = EDGE_LOOP('',(#1322));
#1322 = ORIENTED_EDGE('',*,*,#1323,.T.);
#1323 = EDGE_CURVE('',#1324,#1324,#1326,.T.);
#1324 = VERTEX_POINT('',#1325);
#1325 = CARTESIAN_POINT('',(40.,-99.885,1.51));
#1326 = CIRCLE('',#1327,1.5);
#1327 = AXIS2_PLACEMENT_3D('',#1328,#1329,#1330);
#1328 = CARTESIAN_POINT('',(40.,-98.385,1.51));
#1329 = DIRECTION('',(-0.,0.,-1.));
#1330 = DIRECTION('',(-0.,-1.,0.));
#1331 = FACE_BOUND('',#1332,.T.);
#1332 = EDGE_LOOP('',(#1333));
#1333 = ORIENTED_EDGE('',*,*,#1334,.T.);
#1334 = EDGE_CURVE('',#1335,#1335,#1337,.T.);
#1335 = VERTEX_POINT('',#1336);
#1336 = CARTESIAN_POINT('',(46.6,-106.475,1.51));
#1337 = CIRCLE('',#1338,0.5);
#1338 = AXIS2_PLACEMENT_3D('',#1339,#1340,#1341);
#1339 = CARTESIAN_POINT('',(46.6,-105.975,1.51));
#1340 = DIRECTION('',(-0.,0.,-1.));
#1341 = DIRECTION('',(-0.,-1.,0.));
#1342 = FACE_BOUND('',#1343,.T.);
#1343 = EDGE_LOOP('',(#1344));
#1344 = ORIENTED_EDGE('',*,*,#1345,.T.);
#1345 = EDGE_CURVE('',#1346,#1346,#1348,.T.);
#1346 = VERTEX_POINT('',#1347);
#1347 = CARTESIAN_POINT('',(51.6,-102.825,1.51));
#1348 = CIRCLE('',#1349,2.4);
#1349 = AXIS2_PLACEMENT_3D('',#1350,#1351,#1352);
#1350 = CARTESIAN_POINT('',(51.6,-100.425,1.51));
#1351 = DIRECTION('',(-0.,0.,-1.));
#1352 = DIRECTION('',(-0.,-1.,0.));
#1353 = FACE_BOUND('',#1354,.T.);
#1354 = EDGE_LOOP('',(#1355));
#1355 = ORIENTED_EDGE('',*,*,#1356,.T.);
#1356 = EDGE_CURVE('',#1357,#1357,#1359,.T.);
#1357 = VERTEX_POINT('',#1358);
#1358 = CARTESIAN_POINT('',(35.,-97.685,1.51));
#1359 = CIRCLE('',#1360,1.5);
#1360 = AXIS2_PLACEMENT_3D('',#1361,#1362,#1363);
#1361 = CARTESIAN_POINT('',(35.,-96.185,1.51));
#1362 = DIRECTION('',(-0.,0.,-1.));
#1363 = DIRECTION('',(-0.,-1.,0.));
#1364 = FACE_BOUND('',#1365,.T.);
#1365 = EDGE_LOOP('',(#1366));
#1366 = ORIENTED_EDGE('',*,*,#1367,.T.);
#1367 = EDGE_CURVE('',#1368,#1368,#1370,.T.);
#1368 = VERTEX_POINT('',#1369);
#1369 = CARTESIAN_POINT('',(30.,-91.535,1.51));
#1370 = CIRCLE('',#1371,0.5);
#1371 = AXIS2_PLACEMENT_3D('',#1372,#1373,#1374);
#1372 = CARTESIAN_POINT('',(30.,-91.035,1.51));
#1373 = DIRECTION('',(-0.,0.,-1.));
#1374 = DIRECTION('',(-0.,-1.,0.));
#1375 = FACE_BOUND('',#1376,.T.);
#1376 = EDGE_LOOP('',(#1377));
#1377 = ORIENTED_EDGE('',*,*,#1378,.T.);
#1378 = EDGE_CURVE('',#1379,#1379,#1381,.T.);
#1379 = VERTEX_POINT('',#1380);
#1380 = CARTESIAN_POINT('',(56.6,-98.225,1.51));
#1381 = CIRCLE('',#1382,1.5);
#1382 = AXIS2_PLACEMENT_3D('',#1383,#1384,#1385);
#1383 = CARTESIAN_POINT('',(56.6,-96.725,1.51));
#1384 = DIRECTION('',(-0.,0.,-1.));
#1385 = DIRECTION('',(-0.,-1.,0.));
#1386 = FACE_BOUND('',#1387,.T.);
#1387 = EDGE_LOOP('',(#1388));
#1388 = ORIENTED_EDGE('',*,*,#1389,.T.);
#1389 = EDGE_CURVE('',#1390,#1390,#1392,.T.);
#1390 = VERTEX_POINT('',#1391);
#1391 = CARTESIAN_POINT('',(51.6,-96.025,1.51));
#1392 = CIRCLE('',#1393,1.5);
#1393 = AXIS2_PLACEMENT_3D('',#1394,#1395,#1396);
#1394 = CARTESIAN_POINT('',(51.6,-94.525,1.51));
#1395 = DIRECTION('',(-0.,0.,-1.));
#1396 = DIRECTION('',(-0.,-1.,0.));
#1397 = FACE_BOUND('',#1398,.T.);
#1398 = EDGE_LOOP('',(#1399));
#1399 = ORIENTED_EDGE('',*,*,#1400,.T.);
#1400 = EDGE_CURVE('',#1401,#1401,#1403,.T.);
#1401 = VERTEX_POINT('',#1402);
#1402 = CARTESIAN_POINT('',(46.6,-89.875,1.51));
#1403 = CIRCLE('',#1404,0.5);
#1404 = AXIS2_PLACEMENT_3D('',#1405,#1406,#1407);
#1405 = CARTESIAN_POINT('',(46.6,-89.375,1.51));
#1406 = DIRECTION('',(-0.,0.,-1.));
#1407 = DIRECTION('',(-0.,-1.,0.));
#1408 = FACE_BOUND('',#1409,.T.);
#1409 = EDGE_LOOP('',(#1410));
#1410 = ORIENTED_EDGE('',*,*,#1411,.T.);
#1411 = EDGE_CURVE('',#1412,#1412,#1414,.T.);
#1412 = VERTEX_POINT('',#1413);
#1413 = CARTESIAN_POINT('',(63.2,-102.325,1.51));
#1414 = CIRCLE('',#1415,0.5);
#1415 = AXIS2_PLACEMENT_3D('',#1416,#1417,#1418);
#1416 = CARTESIAN_POINT('',(63.2,-101.825,1.51));
#1417 = DIRECTION('',(-0.,0.,-1.));
#1418 = DIRECTION('',(-0.,-1.,0.));
#1419 = FACE_BOUND('',#1420,.T.);
#1420 = EDGE_LOOP('',(#1421));
#1421 = ORIENTED_EDGE('',*,*,#1422,.T.);
#1422 = EDGE_CURVE('',#1423,#1423,#1425,.T.);
#1423 = VERTEX_POINT('',#1424);
#1424 = CARTESIAN_POINT('',(79.8,-100.25,1.51));
#1425 = CIRCLE('',#1426,0.5);
#1426 = AXIS2_PLACEMENT_3D('',#1427,#1428,#1429);
#1427 = CARTESIAN_POINT('',(79.8,-99.75,1.51));
#1428 = DIRECTION('',(-0.,0.,-1.));
#1429 = DIRECTION('',(-0.,-1.,0.));
#1430 = FACE_BOUND('',#1431,.T.);
#1431 = EDGE_LOOP('',(#1432));
#1432 = ORIENTED_EDGE('',*,*,#1433,.T.);
#1433 = EDGE_CURVE('',#1434,#1434,#1436,.T.);
#1434 = VERTEX_POINT('',#1435);
#1435 = CARTESIAN_POINT('',(68.2,-98.675,1.51));
#1436 = CIRCLE('',#1437,2.4);
#1437 = AXIS2_PLACEMENT_3D('',#1438,#1439,#1440);
#1438 = CARTESIAN_POINT('',(68.2,-96.275,1.51));
#1439 = DIRECTION('',(-0.,0.,-1.));
#1440 = DIRECTION('',(5.921189464667E-15,-1.,-0.));
#1441 = FACE_BOUND('',#1442,.T.);
#1442 = EDGE_LOOP('',(#1443));
#1443 = ORIENTED_EDGE('',*,*,#1444,.T.);
#1444 = EDGE_CURVE('',#1445,#1445,#1447,.T.);
#1445 = VERTEX_POINT('',#1446);
#1446 = CARTESIAN_POINT('',(73.2,-94.075,1.51));
#1447 = CIRCLE('',#1448,1.5);
#1448 = AXIS2_PLACEMENT_3D('',#1449,#1450,#1451);
#1449 = CARTESIAN_POINT('',(73.2,-92.575,1.51));
#1450 = DIRECTION('',(-0.,0.,-1.));
#1451 = DIRECTION('',(-0.,-1.,0.));
#1452 = FACE_BOUND('',#1453,.T.);
#1453 = EDGE_LOOP('',(#1454));
#1454 = ORIENTED_EDGE('',*,*,#1455,.T.);
#1455 = EDGE_CURVE('',#1456,#1456,#1458,.T.);
#1456 = VERTEX_POINT('',#1457);
#1457 = CARTESIAN_POINT('',(68.2,-91.875,1.51));
#1458 = CIRCLE('',#1459,1.5);
#1459 = AXIS2_PLACEMENT_3D('',#1460,#1461,#1462);
#1460 = CARTESIAN_POINT('',(68.2,-90.375,1.51));
#1461 = DIRECTION('',(-0.,0.,-1.));
#1462 = DIRECTION('',(-0.,-1.,0.));
#1463 = FACE_BOUND('',#1464,.T.);
#1464 = EDGE_LOOP('',(#1465));
#1465 = ORIENTED_EDGE('',*,*,#1466,.T.);
#1466 = EDGE_CURVE('',#1467,#1467,#1469,.T.);
#1467 = VERTEX_POINT('',#1468);
#1468 = CARTESIAN_POINT('',(84.8,-96.6,1.51));
#1469 = CIRCLE('',#1470,2.4);
#1470 = AXIS2_PLACEMENT_3D('',#1471,#1472,#1473);
#1471 = CARTESIAN_POINT('',(84.8,-94.2,1.51));
#1472 = DIRECTION('',(-0.,0.,-1.));
#1473 = DIRECTION('',(-5.921189464668E-15,-1.,0.));
#1474 = FACE_BOUND('',#1475,.T.);
#1475 = EDGE_LOOP('',(#1476));
#1476 = ORIENTED_EDGE('',*,*,#1477,.T.);
#1477 = EDGE_CURVE('',#1478,#1478,#1480,.T.);
#1478 = VERTEX_POINT('',#1479);
#1479 = CARTESIAN_POINT('',(93.1,-120.275,1.51));
#1480 = CIRCLE('',#1481,1.5);
#1481 = AXIS2_PLACEMENT_3D('',#1482,#1483,#1484);
#1482 = CARTESIAN_POINT('',(93.1,-118.775,1.51));
#1483 = DIRECTION('',(-0.,0.,-1.));
#1484 = DIRECTION('',(-0.,-1.,0.));
#1485 = FACE_BOUND('',#1486,.T.);
#1486 = EDGE_LOOP('',(#1487));
#1487 = ORIENTED_EDGE('',*,*,#1488,.T.);
#1488 = EDGE_CURVE('',#1489,#1489,#1491,.T.);
#1489 = VERTEX_POINT('',#1490);
#1490 = CARTESIAN_POINT('',(109.7,-122.35,1.51));
#1491 = CIRCLE('',#1492,1.5);
#1492 = AXIS2_PLACEMENT_3D('',#1493,#1494,#1495);
#1493 = CARTESIAN_POINT('',(109.7,-120.85,1.51));
#1494 = DIRECTION('',(-0.,0.,-1.));
#1495 = DIRECTION('',(-0.,-1.,0.));
#1496 = FACE_BOUND('',#1497,.T.);
#1497 = EDGE_LOOP('',(#1498));
#1498 = ORIENTED_EDGE('',*,*,#1499,.T.);
#1499 = EDGE_CURVE('',#1500,#1500,#1502,.T.);
#1500 = VERTEX_POINT('',#1501);
#1501 = CARTESIAN_POINT('',(104.7,-120.15,1.51));
#1502 = CIRCLE('',#1503,1.5);
#1503 = AXIS2_PLACEMENT_3D('',#1504,#1505,#1506);
#1504 = CARTESIAN_POINT('',(104.7,-118.65,1.51));
#1505 = DIRECTION('',(-0.,0.,-1.));
#1506 = DIRECTION('',(-0.,-1.,0.));
#1507 = FACE_BOUND('',#1508,.T.);
#1508 = EDGE_LOOP('',(#1509));
#1509 = ORIENTED_EDGE('',*,*,#1510,.T.);
#1510 = EDGE_CURVE('',#1511,#1511,#1513,.T.);
#1511 = VERTEX_POINT('',#1512);
#1512 = CARTESIAN_POINT('',(93.1,-115.275,1.51));
#1513 = CIRCLE('',#1514,2.4);
#1514 = AXIS2_PLACEMENT_3D('',#1515,#1516,#1517);
#1515 = CARTESIAN_POINT('',(93.1,-112.875,1.51));
#1516 = DIRECTION('',(-0.,0.,-1.));
#1517 = DIRECTION('',(-0.,-1.,0.));
#1518 = FACE_BOUND('',#1519,.T.);
#1519 = EDGE_LOOP('',(#1520));
#1520 = ORIENTED_EDGE('',*,*,#1521,.T.);
#1521 = EDGE_CURVE('',#1522,#1522,#1524,.T.);
#1522 = VERTEX_POINT('',#1523);
#1523 = CARTESIAN_POINT('',(98.1,-107.825,1.51));
#1524 = CIRCLE('',#1525,0.5);
#1525 = AXIS2_PLACEMENT_3D('',#1526,#1527,#1528);
#1526 = CARTESIAN_POINT('',(98.1,-107.325,1.51));
#1527 = DIRECTION('',(-0.,0.,-1.));
#1528 = DIRECTION('',(-0.,-1.,0.));
#1529 = FACE_BOUND('',#1530,.T.);
#1530 = EDGE_LOOP('',(#1531));
#1531 = ORIENTED_EDGE('',*,*,#1532,.T.);
#1532 = EDGE_CURVE('',#1533,#1533,#1535,.T.);
#1533 = VERTEX_POINT('',#1534);
#1534 = CARTESIAN_POINT('',(109.7,-117.35,1.51));
#1535 = CIRCLE('',#1536,2.4);
#1536 = AXIS2_PLACEMENT_3D('',#1537,#1538,#1539);
#1537 = CARTESIAN_POINT('',(109.7,-114.95,1.51));
#1538 = DIRECTION('',(-0.,0.,-1.));
#1539 = DIRECTION('',(5.921189464667E-15,-1.,-0.));
#1540 = FACE_BOUND('',#1541,.T.);
#1541 = EDGE_LOOP('',(#1542));
#1542 = ORIENTED_EDGE('',*,*,#1543,.T.);
#1543 = EDGE_CURVE('',#1544,#1544,#1546,.T.);
#1544 = VERTEX_POINT('',#1545);
#1545 = CARTESIAN_POINT('',(114.7,-109.9,1.51));
#1546 = CIRCLE('',#1547,0.5);
#1547 = AXIS2_PLACEMENT_3D('',#1548,#1549,#1550);
#1548 = CARTESIAN_POINT('',(114.7,-109.4,1.51));
#1549 = DIRECTION('',(-0.,0.,-1.));
#1550 = DIRECTION('',(-0.,-1.,0.));
#1551 = FACE_BOUND('',#1552,.T.);
#1552 = EDGE_LOOP('',(#1553));
#1553 = ORIENTED_EDGE('',*,*,#1554,.T.);
#1554 = EDGE_CURVE('',#1555,#1555,#1557,.T.);
#1555 = VERTEX_POINT('',#1556);
#1556 = CARTESIAN_POINT('',(134.781441,-124.580127,1.51));
#1557 = CIRCLE('',#1558,0.5);
#1558 = AXIS2_PLACEMENT_3D('',#1559,#1560,#1561);
#1559 = CARTESIAN_POINT('',(134.781441,-124.080127,1.51));
#1560 = DIRECTION('',(-0.,0.,-1.));
#1561 = DIRECTION('',(-0.,-1.,0.));
#1562 = FACE_BOUND('',#1563,.T.);
#1563 = EDGE_LOOP('',(#1564));
#1564 = ORIENTED_EDGE('',*,*,#1565,.T.);
#1565 = EDGE_CURVE('',#1566,#1566,#1568,.T.);
#1566 = VERTEX_POINT('',#1567);
#1567 = CARTESIAN_POINT('',(132.475,-119.375,1.51));
#1568 = CIRCLE('',#1569,2.4);
#1569 = AXIS2_PLACEMENT_3D('',#1570,#1571,#1572);
#1570 = CARTESIAN_POINT('',(132.475,-116.975,1.51));
#1571 = DIRECTION('',(-0.,0.,-1.));
#1572 = DIRECTION('',(-0.,-1.,0.));
#1573 = FACE_BOUND('',#1574,.T.);
#1574 = EDGE_LOOP('',(#1575));
#1575 = ORIENTED_EDGE('',*,*,#1576,.T.);
#1576 = EDGE_CURVE('',#1577,#1577,#1579,.T.);
#1577 = VERTEX_POINT('',#1578);
#1578 = CARTESIAN_POINT('',(127.36545,-115.525,1.51));
#1579 = CIRCLE('',#1580,1.5);
#1580 = AXIS2_PLACEMENT_3D('',#1581,#1582,#1583);
#1581 = CARTESIAN_POINT('',(127.36545,-114.025,1.51));
#1582 = DIRECTION('',(-0.,0.,-1.));
#1583 = DIRECTION('',(-9.473903143468E-15,-1.,0.));
#1584 = FACE_BOUND('',#1585,.T.);
#1585 = EDGE_LOOP('',(#1586));
#1586 = ORIENTED_EDGE('',*,*,#1587,.T.);
#1587 = EDGE_CURVE('',#1588,#1588,#1590,.T.);
#1588 = VERTEX_POINT('',#1589);
#1589 = CARTESIAN_POINT('',(131.770706,-112.294873,1.51));
#1590 = CIRCLE('',#1591,1.5);
#1591 = AXIS2_PLACEMENT_3D('',#1592,#1593,#1594);
#1592 = CARTESIAN_POINT('',(131.770706,-110.794873,1.51));
#1593 = DIRECTION('',(-0.,0.,-1.));
#1594 = DIRECTION('',(-0.,-1.,0.));
#1595 = FACE_BOUND('',#1596,.T.);
#1596 = EDGE_LOOP('',(#1597));
#1597 = ORIENTED_EDGE('',*,*,#1598,.T.);
#1598 = EDGE_CURVE('',#1599,#1599,#1601,.T.);
#1599 = VERTEX_POINT('',#1600);
#1600 = CARTESIAN_POINT('',(101.4,-103.675,1.51));
#1601 = CIRCLE('',#1602,1.5);
#1602 = AXIS2_PLACEMENT_3D('',#1603,#1604,#1605);
#1603 = CARTESIAN_POINT('',(101.4,-102.175,1.51));
#1604 = DIRECTION('',(-0.,0.,-1.));
#1605 = DIRECTION('',(-0.,-1.,0.));
#1606 = FACE_BOUND('',#1607,.T.);
#1607 = EDGE_LOOP('',(#1608));
#1608 = ORIENTED_EDGE('',*,*,#1609,.T.);
#1609 = EDGE_CURVE('',#1610,#1610,#1612,.T.);
#1610 = VERTEX_POINT('',#1611);
#1611 = CARTESIAN_POINT('',(96.4,-101.475,1.51));
#1612 = CIRCLE('',#1613,1.5);
#1613 = AXIS2_PLACEMENT_3D('',#1614,#1615,#1616);
#1614 = CARTESIAN_POINT('',(96.4,-99.975,1.51));
#1615 = DIRECTION('',(-0.,0.,-1.));
#1616 = DIRECTION('',(-0.,-1.,0.));
#1617 = FACE_BOUND('',#1618,.T.);
#1618 = EDGE_LOOP('',(#1619));
#1619 = ORIENTED_EDGE('',*,*,#1620,.T.);
#1620 = EDGE_CURVE('',#1621,#1621,#1623,.T.);
#1621 = VERTEX_POINT('',#1622);
#1622 = CARTESIAN_POINT('',(113.,-103.55,1.51));
#1623 = CIRCLE('',#1624,1.5);
#1624 = AXIS2_PLACEMENT_3D('',#1625,#1626,#1627);
#1625 = CARTESIAN_POINT('',(113.,-102.05,1.51));
#1626 = DIRECTION('',(-0.,0.,-1.));
#1627 = DIRECTION('',(-0.,-1.,0.));
#1628 = FACE_BOUND('',#1629,.T.);
#1629 = EDGE_LOOP('',(#1630));
#1630 = ORIENTED_EDGE('',*,*,#1631,.T.);
#1631 = EDGE_CURVE('',#1632,#1632,#1634,.T.);
#1632 = VERTEX_POINT('',#1633);
#1633 = CARTESIAN_POINT('',(101.4,-98.675,1.51));
#1634 = CIRCLE('',#1635,2.4);
#1635 = AXIS2_PLACEMENT_3D('',#1636,#1637,#1638);
#1636 = CARTESIAN_POINT('',(101.4,-96.275,1.51));
#1637 = DIRECTION('',(-0.,0.,-1.));
#1638 = DIRECTION('',(-0.,-1.,0.));
#1639 = FACE_BOUND('',#1640,.T.);
#1640 = EDGE_LOOP('',(#1641));
#1641 = ORIENTED_EDGE('',*,*,#1642,.T.);
#1642 = EDGE_CURVE('',#1643,#1643,#1645,.T.);
#1643 = VERTEX_POINT('',#1644);
#1644 = CARTESIAN_POINT('',(89.8,-92.,1.51));
#1645 = CIRCLE('',#1646,1.5);
#1646 = AXIS2_PLACEMENT_3D('',#1647,#1648,#1649);
#1647 = CARTESIAN_POINT('',(89.8,-90.5,1.51));
#1648 = DIRECTION('',(-0.,0.,-1.));
#1649 = DIRECTION('',(-0.,-1.,0.));
#1650 = FACE_BOUND('',#1651,.T.);
#1651 = EDGE_LOOP('',(#1652));
#1652 = ORIENTED_EDGE('',*,*,#1653,.T.);
#1653 = EDGE_CURVE('',#1654,#1654,#1656,.T.);
#1654 = VERTEX_POINT('',#1655);
#1655 = CARTESIAN_POINT('',(106.4,-91.225,1.51));
#1656 = CIRCLE('',#1657,0.5);
#1657 = AXIS2_PLACEMENT_3D('',#1658,#1659,#1660);
#1658 = CARTESIAN_POINT('',(106.4,-90.725,1.51));
#1659 = DIRECTION('',(-0.,0.,-1.));
#1660 = DIRECTION('',(-0.,-1.,0.));
#1661 = FACE_BOUND('',#1662,.T.);
#1662 = EDGE_LOOP('',(#1663));
#1663 = ORIENTED_EDGE('',*,*,#1664,.T.);
#1664 = EDGE_CURVE('',#1665,#1665,#1667,.T.);
#1665 = VERTEX_POINT('',#1666);
#1666 = CARTESIAN_POINT('',(118.,-105.75,1.51));
#1667 = CIRCLE('',#1668,1.5);
#1668 = AXIS2_PLACEMENT_3D('',#1669,#1670,#1671);
#1669 = CARTESIAN_POINT('',(118.,-104.25,1.51));
#1670 = DIRECTION('',(-0.,0.,-1.));
#1671 = DIRECTION('',(-0.,-1.,0.));
#1672 = FACE_BOUND('',#1673,.T.);
#1673 = EDGE_LOOP('',(#1674));
#1674 = ORIENTED_EDGE('',*,*,#1675,.T.);
#1675 = EDGE_CURVE('',#1676,#1676,#1678,.T.);
#1676 = VERTEX_POINT('',#1677);
#1677 = CARTESIAN_POINT('',(118.,-100.75,1.51));
#1678 = CIRCLE('',#1679,2.4);
#1679 = AXIS2_PLACEMENT_3D('',#1680,#1681,#1682);
#1680 = CARTESIAN_POINT('',(118.,-98.35,1.51));
#1681 = DIRECTION('',(-0.,0.,-1.));
#1682 = DIRECTION('',(-0.,-1.,0.));
#1683 = FACE_BOUND('',#1684,.T.);
#1684 = EDGE_LOOP('',(#1685));
#1685 = ORIENTED_EDGE('',*,*,#1686,.T.);
#1686 = EDGE_CURVE('',#1687,#1687,#1689,.T.);
#1687 = VERTEX_POINT('',#1688);
#1688 = CARTESIAN_POINT('',(137.8,-99.4,1.51));
#1689 = CIRCLE('',#1690,0.5);
#1690 = AXIS2_PLACEMENT_3D('',#1691,#1692,#1693);
#1691 = CARTESIAN_POINT('',(137.8,-98.9,1.51));
#1692 = DIRECTION('',(-0.,0.,-1.));
#1693 = DIRECTION('',(-0.,-1.,0.));
#1694 = FACE_BOUND('',#1695,.T.);
#1695 = EDGE_LOOP('',(#1696));
#1696 = ORIENTED_EDGE('',*,*,#1697,.T.);
#1697 = EDGE_CURVE('',#1698,#1698,#1700,.T.);
#1698 = VERTEX_POINT('',#1699);
#1699 = CARTESIAN_POINT('',(142.8,-99.4,1.51));
#1700 = CIRCLE('',#1701,0.5);
#1701 = AXIS2_PLACEMENT_3D('',#1702,#1703,#1704);
#1702 = CARTESIAN_POINT('',(142.8,-98.9,1.51));
#1703 = DIRECTION('',(-0.,0.,-1.));
#1704 = DIRECTION('',(-0.,-1.,0.));
#1705 = FACE_BOUND('',#1706,.T.);
#1706 = EDGE_LOOP('',(#1707));
#1707 = ORIENTED_EDGE('',*,*,#1708,.T.);
#1708 = EDGE_CURVE('',#1709,#1709,#1711,.T.);
#1709 = VERTEX_POINT('',#1710);
#1710 = CARTESIAN_POINT('',(123.,-93.3,1.51));
#1711 = CIRCLE('',#1712,0.5);
#1712 = AXIS2_PLACEMENT_3D('',#1713,#1714,#1715);
#1713 = CARTESIAN_POINT('',(123.,-92.8,1.51));
#1714 = DIRECTION('',(-0.,0.,-1.));
#1715 = DIRECTION('',(-0.,-1.,0.));
#1716 = FACE_BOUND('',#1717,.T.);
#1717 = EDGE_LOOP('',(#1718,#1729,#1737,#1746));
#1718 = ORIENTED_EDGE('',*,*,#1719,.T.);
#1719 = EDGE_CURVE('',#1720,#1722,#1724,.T.);
#1720 = VERTEX_POINT('',#1721);
#1721 = CARTESIAN_POINT('',(135.7,-92.3,1.51));
#1722 = VERTEX_POINT('',#1723);
#1723 = CARTESIAN_POINT('',(133.7,-92.3,1.51));
#1724 = CIRCLE('',#1725,1.);
#1725 = AXIS2_PLACEMENT_3D('',#1726,#1727,#1728);
#1726 = CARTESIAN_POINT('',(134.7,-92.3,1.51));
#1727 = DIRECTION('',(-0.,0.,-1.));
#1728 = DIRECTION('',(-1.,0.,0.));
#1729 = ORIENTED_EDGE('',*,*,#1730,.T.);
#1730 = EDGE_CURVE('',#1722,#1731,#1733,.T.);
#1731 = VERTEX_POINT('',#1732);
#1732 = CARTESIAN_POINT('',(133.7,-91.5,1.51));
#1733 = LINE('',#1734,#1735);
#1734 = CARTESIAN_POINT('',(133.7,-45.75,1.51));
#1735 = VECTOR('',#1736,1.);
#1736 = DIRECTION('',(-0.,1.,0.));
#1737 = ORIENTED_EDGE('',*,*,#1738,.T.);
#1738 = EDGE_CURVE('',#1731,#1739,#1741,.T.);
#1739 = VERTEX_POINT('',#1740);
#1740 = CARTESIAN_POINT('',(135.7,-91.5,1.51));
#1741 = CIRCLE('',#1742,1.);
#1742 = AXIS2_PLACEMENT_3D('',#1743,#1744,#1745);
#1743 = CARTESIAN_POINT('',(134.7,-91.5,1.51));
#1744 = DIRECTION('',(0.,-0.,-1.));
#1745 = DIRECTION('',(1.,0.,-0.));
#1746 = ORIENTED_EDGE('',*,*,#1747,.T.);
#1747 = EDGE_CURVE('',#1739,#1720,#1748,.T.);
#1748 = LINE('',#1749,#1750);
#1749 = CARTESIAN_POINT('',(135.7,-46.15,1.51));
#1750 = VECTOR('',#1751,1.);
#1751 = DIRECTION('',(0.,-1.,0.));
#1752 = FACE_BOUND('',#1753,.T.);
#1753 = EDGE_LOOP('',(#1754,#1765,#1773,#1782));
#1754 = ORIENTED_EDGE('',*,*,#1755,.T.);
#1755 = EDGE_CURVE('',#1756,#1758,#1760,.T.);
#1756 = VERTEX_POINT('',#1757);
#1757 = CARTESIAN_POINT('',(146.9,-92.3,1.51));
#1758 = VERTEX_POINT('',#1759);
#1759 = CARTESIAN_POINT('',(144.9,-92.3,1.51));
#1760 = CIRCLE('',#1761,1.);
#1761 = AXIS2_PLACEMENT_3D('',#1762,#1763,#1764);
#1762 = CARTESIAN_POINT('',(145.9,-92.3,1.51));
#1763 = DIRECTION('',(-0.,0.,-1.));
#1764 = DIRECTION('',(-1.,0.,0.));
#1765 = ORIENTED_EDGE('',*,*,#1766,.T.);
#1766 = EDGE_CURVE('',#1758,#1767,#1769,.T.);
#1767 = VERTEX_POINT('',#1768);
#1768 = CARTESIAN_POINT('',(144.9,-91.5,1.51));
#1769 = LINE('',#1770,#1771);
#1770 = CARTESIAN_POINT('',(144.9,-45.75,1.51));
#1771 = VECTOR('',#1772,1.);
#1772 = DIRECTION('',(-0.,1.,0.));
#1773 = ORIENTED_EDGE('',*,*,#1774,.T.);
#1774 = EDGE_CURVE('',#1767,#1775,#1777,.T.);
#1775 = VERTEX_POINT('',#1776);
#1776 = CARTESIAN_POINT('',(146.9,-91.5,1.51));
#1777 = CIRCLE('',#1778,1.);
#1778 = AXIS2_PLACEMENT_3D('',#1779,#1780,#1781);
#1779 = CARTESIAN_POINT('',(145.9,-91.5,1.51));
#1780 = DIRECTION('',(0.,-0.,-1.));
#1781 = DIRECTION('',(1.,0.,-0.));
#1782 = ORIENTED_EDGE('',*,*,#1783,.T.);
#1783 = EDGE_CURVE('',#1775,#1756,#1784,.T.);
#1784 = LINE('',#1785,#1786);
#1785 = CARTESIAN_POINT('',(146.9,-46.15,1.51));
#1786 = VECTOR('',#1787,1.);
#1787 = DIRECTION('',(0.,-1.,0.));
#1788 = FACE_BOUND('',#1789,.T.);
#1789 = EDGE_LOOP('',(#1790));
#1790 = ORIENTED_EDGE('',*,*,#1791,.T.);
#1791 = EDGE_CURVE('',#1792,#1792,#1794,.T.);
#1792 = VERTEX_POINT('',#1793);
#1793 = CARTESIAN_POINT('',(35.,-87.885,1.51));
#1794 = CIRCLE('',#1795,2.4);
#1795 = AXIS2_PLACEMENT_3D('',#1796,#1797,#1798);
#1796 = CARTESIAN_POINT('',(35.,-85.485,1.51));
#1797 = DIRECTION('',(-0.,0.,-1.));
#1798 = DIRECTION('',(-0.,-1.,0.));
#1799 = FACE_BOUND('',#1800,.T.);
#1800 = EDGE_LOOP('',(#1801));
#1801 = ORIENTED_EDGE('',*,*,#1802,.T.);
#1802 = EDGE_CURVE('',#1803,#1803,#1805,.T.);
#1803 = VERTEX_POINT('',#1804);
#1804 = CARTESIAN_POINT('',(40.,-83.285,1.51));
#1805 = CIRCLE('',#1806,1.5);
#1806 = AXIS2_PLACEMENT_3D('',#1807,#1808,#1809);
#1807 = CARTESIAN_POINT('',(40.,-81.785,1.51));
#1808 = DIRECTION('',(-0.,0.,-1.));
#1809 = DIRECTION('',(-0.,-1.,0.));
#1810 = FACE_BOUND('',#1811,.T.);
#1811 = EDGE_LOOP('',(#1812));
#1812 = ORIENTED_EDGE('',*,*,#1813,.T.);
#1813 = EDGE_CURVE('',#1814,#1814,#1816,.T.);
#1814 = VERTEX_POINT('',#1815);
#1815 = CARTESIAN_POINT('',(51.6,-86.225,1.51));
#1816 = CIRCLE('',#1817,2.4);
#1817 = AXIS2_PLACEMENT_3D('',#1818,#1819,#1820);
#1818 = CARTESIAN_POINT('',(51.6,-83.825,1.51));
#1819 = DIRECTION('',(-0.,0.,-1.));
#1820 = DIRECTION('',(-0.,-1.,0.));
#1821 = FACE_BOUND('',#1822,.T.);
#1822 = EDGE_LOOP('',(#1823));
#1823 = ORIENTED_EDGE('',*,*,#1824,.T.);
#1824 = EDGE_CURVE('',#1825,#1825,#1827,.T.);
#1825 = VERTEX_POINT('',#1826);
#1826 = CARTESIAN_POINT('',(35.,-81.085,1.51));
#1827 = CIRCLE('',#1828,1.5);
#1828 = AXIS2_PLACEMENT_3D('',#1829,#1830,#1831);
#1829 = CARTESIAN_POINT('',(35.,-79.585,1.51));
#1830 = DIRECTION('',(-0.,0.,-1.));
#1831 = DIRECTION('',(-0.,-1.,0.));
#1832 = FACE_BOUND('',#1833,.T.);
#1833 = EDGE_LOOP('',(#1834));
#1834 = ORIENTED_EDGE('',*,*,#1835,.T.);
#1835 = EDGE_CURVE('',#1836,#1836,#1838,.T.);
#1836 = VERTEX_POINT('',#1837);
#1837 = CARTESIAN_POINT('',(30.,-74.935,1.51));
#1838 = CIRCLE('',#1839,0.5);
#1839 = AXIS2_PLACEMENT_3D('',#1840,#1841,#1842);
#1840 = CARTESIAN_POINT('',(30.,-74.435,1.51));
#1841 = DIRECTION('',(-0.,0.,-1.));
#1842 = DIRECTION('',(-0.,-1.,0.));
#1843 = FACE_BOUND('',#1844,.T.);
#1844 = EDGE_LOOP('',(#1845));
#1845 = ORIENTED_EDGE('',*,*,#1846,.T.);
#1846 = EDGE_CURVE('',#1847,#1847,#1849,.T.);
#1847 = VERTEX_POINT('',#1848);
#1848 = CARTESIAN_POINT('',(56.6,-81.625,1.51));
#1849 = CIRCLE('',#1850,1.5);
#1850 = AXIS2_PLACEMENT_3D('',#1851,#1852,#1853);
#1851 = CARTESIAN_POINT('',(56.6,-80.125,1.51));
#1852 = DIRECTION('',(-0.,0.,-1.));
#1853 = DIRECTION('',(-0.,-1.,0.));
#1854 = FACE_BOUND('',#1855,.T.);
#1855 = EDGE_LOOP('',(#1856));
#1856 = ORIENTED_EDGE('',*,*,#1857,.T.);
#1857 = EDGE_CURVE('',#1858,#1858,#1860,.T.);
#1858 = VERTEX_POINT('',#1859);
#1859 = CARTESIAN_POINT('',(51.6,-79.425,1.51));
#1860 = CIRCLE('',#1861,1.5);
#1861 = AXIS2_PLACEMENT_3D('',#1862,#1863,#1864);
#1862 = CARTESIAN_POINT('',(51.6,-77.925,1.51));
#1863 = DIRECTION('',(-0.,0.,-1.));
#1864 = DIRECTION('',(-0.,-1.,0.));
#1865 = FACE_BOUND('',#1866,.T.);
#1866 = EDGE_LOOP('',(#1867));
#1867 = ORIENTED_EDGE('',*,*,#1868,.T.);
#1868 = EDGE_CURVE('',#1869,#1869,#1871,.T.);
#1869 = VERTEX_POINT('',#1870);
#1870 = CARTESIAN_POINT('',(46.6,-73.275,1.51));
#1871 = CIRCLE('',#1872,0.5);
#1872 = AXIS2_PLACEMENT_3D('',#1873,#1874,#1875);
#1873 = CARTESIAN_POINT('',(46.6,-72.775,1.51));
#1874 = DIRECTION('',(-0.,0.,-1.));
#1875 = DIRECTION('',(-0.,-1.,0.));
#1876 = FACE_BOUND('',#1877,.T.);
#1877 = EDGE_LOOP('',(#1878));
#1878 = ORIENTED_EDGE('',*,*,#1879,.T.);
#1879 = EDGE_CURVE('',#1880,#1880,#1882,.T.);
#1880 = VERTEX_POINT('',#1881);
#1881 = CARTESIAN_POINT('',(63.2,-85.725,1.51));
#1882 = CIRCLE('',#1883,0.5);
#1883 = AXIS2_PLACEMENT_3D('',#1884,#1885,#1886);
#1884 = CARTESIAN_POINT('',(63.2,-85.225,1.51));
#1885 = DIRECTION('',(-0.,0.,-1.));
#1886 = DIRECTION('',(-0.,-1.,0.));
#1887 = FACE_BOUND('',#1888,.T.);
#1888 = EDGE_LOOP('',(#1889));
#1889 = ORIENTED_EDGE('',*,*,#1890,.T.);
#1890 = EDGE_CURVE('',#1891,#1891,#1893,.T.);
#1891 = VERTEX_POINT('',#1892);
#1892 = CARTESIAN_POINT('',(84.8,-89.8,1.51));
#1893 = CIRCLE('',#1894,1.5);
#1894 = AXIS2_PLACEMENT_3D('',#1895,#1896,#1897);
#1895 = CARTESIAN_POINT('',(84.8,-88.3,1.51));
#1896 = DIRECTION('',(-0.,0.,-1.));
#1897 = DIRECTION('',(-0.,-1.,0.));
#1898 = FACE_BOUND('',#1899,.T.);
#1899 = EDGE_LOOP('',(#1900));
#1900 = ORIENTED_EDGE('',*,*,#1901,.T.);
#1901 = EDGE_CURVE('',#1902,#1902,#1904,.T.);
#1902 = VERTEX_POINT('',#1903);
#1903 = CARTESIAN_POINT('',(79.8,-83.65,1.51));
#1904 = CIRCLE('',#1905,0.5);
#1905 = AXIS2_PLACEMENT_3D('',#1906,#1907,#1908);
#1906 = CARTESIAN_POINT('',(79.8,-83.15,1.51));
#1907 = DIRECTION('',(-0.,0.,-1.));
#1908 = DIRECTION('',(-0.,-1.,0.));
#1909 = FACE_BOUND('',#1910,.T.);
#1910 = EDGE_LOOP('',(#1911));
#1911 = ORIENTED_EDGE('',*,*,#1912,.T.);
#1912 = EDGE_CURVE('',#1913,#1913,#1915,.T.);
#1913 = VERTEX_POINT('',#1914);
#1914 = CARTESIAN_POINT('',(68.2,-82.075,1.51));
#1915 = CIRCLE('',#1916,2.4);
#1916 = AXIS2_PLACEMENT_3D('',#1917,#1918,#1919);
#1917 = CARTESIAN_POINT('',(68.2,-79.675,1.51));
#1918 = DIRECTION('',(-0.,0.,-1.));
#1919 = DIRECTION('',(5.921189464667E-15,-1.,-0.));
#1920 = FACE_BOUND('',#1921,.T.);
#1921 = EDGE_LOOP('',(#1922));
#1922 = ORIENTED_EDGE('',*,*,#1923,.T.);
#1923 = EDGE_CURVE('',#1924,#1924,#1926,.T.);
#1924 = VERTEX_POINT('',#1925);
#1925 = CARTESIAN_POINT('',(73.2,-77.475,1.51));
#1926 = CIRCLE('',#1927,1.5);
#1927 = AXIS2_PLACEMENT_3D('',#1928,#1929,#1930);
#1928 = CARTESIAN_POINT('',(73.2,-75.975,1.51));
#1929 = DIRECTION('',(-0.,0.,-1.));
#1930 = DIRECTION('',(-0.,-1.,0.));
#1931 = FACE_BOUND('',#1932,.T.);
#1932 = EDGE_LOOP('',(#1933));
#1933 = ORIENTED_EDGE('',*,*,#1934,.T.);
#1934 = EDGE_CURVE('',#1935,#1935,#1937,.T.);
#1935 = VERTEX_POINT('',#1936);
#1936 = CARTESIAN_POINT('',(68.2,-75.275,1.51));
#1937 = CIRCLE('',#1938,1.5);
#1938 = AXIS2_PLACEMENT_3D('',#1939,#1940,#1941);
#1939 = CARTESIAN_POINT('',(68.2,-73.775,1.51));
#1940 = DIRECTION('',(-0.,0.,-1.));
#1941 = DIRECTION('',(-0.,-1.,0.));
#1942 = FACE_BOUND('',#1943,.T.);
#1943 = EDGE_LOOP('',(#1944));
#1944 = ORIENTED_EDGE('',*,*,#1945,.T.);
#1945 = EDGE_CURVE('',#1946,#1946,#1948,.T.);
#1946 = VERTEX_POINT('',#1947);
#1947 = CARTESIAN_POINT('',(84.8,-80.,1.51));
#1948 = CIRCLE('',#1949,2.4);
#1949 = AXIS2_PLACEMENT_3D('',#1950,#1951,#1952);
#1950 = CARTESIAN_POINT('',(84.8,-77.6,1.51));
#1951 = DIRECTION('',(-0.,0.,-1.));
#1952 = DIRECTION('',(-5.921189464668E-15,-1.,0.));
#1953 = FACE_BOUND('',#1954,.T.);
#1954 = EDGE_LOOP('',(#1955));
#1955 = ORIENTED_EDGE('',*,*,#1956,.T.);
#1956 = EDGE_CURVE('',#1957,#1957,#1959,.T.);
#1957 = VERTEX_POINT('',#1958);
#1958 = CARTESIAN_POINT('',(84.8,-73.2,1.51));
#1959 = CIRCLE('',#1960,1.5);
#1960 = AXIS2_PLACEMENT_3D('',#1961,#1962,#1963);
#1961 = CARTESIAN_POINT('',(84.8,-71.7,1.51));
#1962 = DIRECTION('',(-0.,0.,-1.));
#1963 = DIRECTION('',(-0.,-1.,0.));
#1964 = FACE_BOUND('',#1965,.T.);
#1965 = EDGE_LOOP('',(#1966));
#1966 = ORIENTED_EDGE('',*,*,#1967,.T.);
#1967 = EDGE_CURVE('',#1968,#1968,#1970,.T.);
#1968 = VERTEX_POINT('',#1969);
#1969 = CARTESIAN_POINT('',(35.,-71.285,1.51));
#1970 = CIRCLE('',#1971,2.4);
#1971 = AXIS2_PLACEMENT_3D('',#1972,#1973,#1974);
#1972 = CARTESIAN_POINT('',(35.,-68.885,1.51));
#1973 = DIRECTION('',(-0.,0.,-1.));
#1974 = DIRECTION('',(-0.,-1.,0.));
#1975 = FACE_BOUND('',#1976,.T.);
#1976 = EDGE_LOOP('',(#1977));
#1977 = ORIENTED_EDGE('',*,*,#1978,.T.);
#1978 = EDGE_CURVE('',#1979,#1979,#1981,.T.);
#1979 = VERTEX_POINT('',#1980);
#1980 = CARTESIAN_POINT('',(35.,-64.485,1.51));
#1981 = CIRCLE('',#1982,1.5);
#1982 = AXIS2_PLACEMENT_3D('',#1983,#1984,#1985);
#1983 = CARTESIAN_POINT('',(35.,-62.985,1.51));
#1984 = DIRECTION('',(-0.,0.,-1.));
#1985 = DIRECTION('',(-0.,-1.,0.));
#1986 = FACE_BOUND('',#1987,.T.);
#1987 = EDGE_LOOP('',(#1988));
#1988 = ORIENTED_EDGE('',*,*,#1989,.T.);
#1989 = EDGE_CURVE('',#1990,#1990,#1992,.T.);
#1990 = VERTEX_POINT('',#1991);
#1991 = CARTESIAN_POINT('',(40.,-66.685,1.51));
#1992 = CIRCLE('',#1993,1.5);
#1993 = AXIS2_PLACEMENT_3D('',#1994,#1995,#1996);
#1994 = CARTESIAN_POINT('',(40.,-65.185,1.51));
#1995 = DIRECTION('',(-0.,0.,-1.));
#1996 = DIRECTION('',(-0.,-1.,0.));
#1997 = FACE_BOUND('',#1998,.T.);
#1998 = EDGE_LOOP('',(#1999));
#1999 = ORIENTED_EDGE('',*,*,#2000,.T.);
#2000 = EDGE_CURVE('',#2001,#2001,#2003,.T.);
#2001 = VERTEX_POINT('',#2002);
#2002 = CARTESIAN_POINT('',(51.6,-69.625,1.51));
#2003 = CIRCLE('',#2004,2.4);
#2004 = AXIS2_PLACEMENT_3D('',#2005,#2006,#2007);
#2005 = CARTESIAN_POINT('',(51.6,-67.225,1.51));
#2006 = DIRECTION('',(-0.,0.,-1.));
#2007 = DIRECTION('',(-0.,-1.,0.));
#2008 = FACE_BOUND('',#2009,.T.);
#2009 = EDGE_LOOP('',(#2010));
#2010 = ORIENTED_EDGE('',*,*,#2011,.T.);
#2011 = EDGE_CURVE('',#2012,#2012,#2014,.T.);
#2012 = VERTEX_POINT('',#2013);
#2013 = CARTESIAN_POINT('',(56.6,-65.025,1.51));
#2014 = CIRCLE('',#2015,1.5);
#2015 = AXIS2_PLACEMENT_3D('',#2016,#2017,#2018);
#2016 = CARTESIAN_POINT('',(56.6,-63.525,1.51));
#2017 = DIRECTION('',(-0.,0.,-1.));
#2018 = DIRECTION('',(-0.,-1.,0.));
#2019 = FACE_BOUND('',#2020,.T.);
#2020 = EDGE_LOOP('',(#2021));
#2021 = ORIENTED_EDGE('',*,*,#2022,.T.);
#2022 = EDGE_CURVE('',#2023,#2023,#2025,.T.);
#2023 = VERTEX_POINT('',#2024);
#2024 = CARTESIAN_POINT('',(51.6,-62.825,1.51));
#2025 = CIRCLE('',#2026,1.5);
#2026 = AXIS2_PLACEMENT_3D('',#2027,#2028,#2029);
#2027 = CARTESIAN_POINT('',(51.6,-61.325,1.51));
#2028 = DIRECTION('',(-0.,0.,-1.));
#2029 = DIRECTION('',(-0.,-1.,0.));
#2030 = FACE_BOUND('',#2031,.T.);
#2031 = EDGE_LOOP('',(#2032));
#2032 = ORIENTED_EDGE('',*,*,#2033,.T.);
#2033 = EDGE_CURVE('',#2034,#2034,#2036,.T.);
#2034 = VERTEX_POINT('',#2035);
#2035 = CARTESIAN_POINT('',(63.2,-69.125,1.51));
#2036 = CIRCLE('',#2037,0.5);
#2037 = AXIS2_PLACEMENT_3D('',#2038,#2039,#2040);
#2038 = CARTESIAN_POINT('',(63.2,-68.625,1.51));
#2039 = DIRECTION('',(-0.,0.,-1.));
#2040 = DIRECTION('',(-0.,-1.,0.));
#2041 = FACE_BOUND('',#2042,.T.);
#2042 = EDGE_LOOP('',(#2043));
#2043 = ORIENTED_EDGE('',*,*,#2044,.T.);
#2044 = EDGE_CURVE('',#2045,#2045,#2047,.T.);
#2045 = VERTEX_POINT('',#2046);
#2046 = CARTESIAN_POINT('',(68.2,-65.475,1.51));
#2047 = CIRCLE('',#2048,2.4);
#2048 = AXIS2_PLACEMENT_3D('',#2049,#2050,#2051);
#2049 = CARTESIAN_POINT('',(68.2,-63.075,1.51));
#2050 = DIRECTION('',(-0.,0.,-1.));
#2051 = DIRECTION('',(5.921189464667E-15,-1.,-0.));
#2052 = FACE_BOUND('',#2053,.T.);
#2053 = EDGE_LOOP('',(#2054));
#2054 = ORIENTED_EDGE('',*,*,#2055,.T.);
#2055 = EDGE_CURVE('',#2056,#2056,#2058,.T.);
#2056 = VERTEX_POINT('',#2057);
#2057 = CARTESIAN_POINT('',(79.8,-67.05,1.51));
#2058 = CIRCLE('',#2059,0.5);
#2059 = AXIS2_PLACEMENT_3D('',#2060,#2061,#2062);
#2060 = CARTESIAN_POINT('',(79.8,-66.55,1.51));
#2061 = DIRECTION('',(-0.,0.,-1.));
#2062 = DIRECTION('',(-0.,-1.,0.));
#2063 = FACE_BOUND('',#2064,.T.);
#2064 = EDGE_LOOP('',(#2065));
#2065 = ORIENTED_EDGE('',*,*,#2066,.T.);
#2066 = EDGE_CURVE('',#2067,#2067,#2069,.T.);
#2067 = VERTEX_POINT('',#2068);
#2068 = CARTESIAN_POINT('',(73.2,-60.875,1.51));
#2069 = CIRCLE('',#2070,1.5);
#2070 = AXIS2_PLACEMENT_3D('',#2071,#2072,#2073);
#2071 = CARTESIAN_POINT('',(73.2,-59.375,1.51));
#2072 = DIRECTION('',(-0.,0.,-1.));
#2073 = DIRECTION('',(-0.,-1.,0.));
#2074 = FACE_BOUND('',#2075,.T.);
#2075 = EDGE_LOOP('',(#2076));
#2076 = ORIENTED_EDGE('',*,*,#2077,.T.);
#2077 = EDGE_CURVE('',#2078,#2078,#2080,.T.);
#2078 = VERTEX_POINT('',#2079);
#2079 = CARTESIAN_POINT('',(68.2,-58.675,1.51));
#2080 = CIRCLE('',#2081,1.5);
#2081 = AXIS2_PLACEMENT_3D('',#2082,#2083,#2084);
#2082 = CARTESIAN_POINT('',(68.2,-57.175,1.51));
#2083 = DIRECTION('',(-0.,0.,-1.));
#2084 = DIRECTION('',(-0.,-1.,0.));
#2085 = FACE_BOUND('',#2086,.T.);
#2086 = EDGE_LOOP('',(#2087));
#2087 = ORIENTED_EDGE('',*,*,#2088,.T.);
#2088 = EDGE_CURVE('',#2089,#2089,#2091,.T.);
#2089 = VERTEX_POINT('',#2090);
#2090 = CARTESIAN_POINT('',(84.8,-63.4,1.51));
#2091 = CIRCLE('',#2092,2.4);
#2092 = AXIS2_PLACEMENT_3D('',#2093,#2094,#2095);
#2093 = CARTESIAN_POINT('',(84.8,-61.,1.51));
#2094 = DIRECTION('',(-0.,0.,-1.));
#2095 = DIRECTION('',(-5.921189464668E-15,-1.,0.));
#2096 = FACE_BOUND('',#2097,.T.);
#2097 = EDGE_LOOP('',(#2098));
#2098 = ORIENTED_EDGE('',*,*,#2099,.T.);
#2099 = EDGE_CURVE('',#2100,#2100,#2102,.T.);
#2100 = VERTEX_POINT('',#2101);
#2101 = CARTESIAN_POINT('',(84.8,-56.6,1.51));
#2102 = CIRCLE('',#2103,1.5);
#2103 = AXIS2_PLACEMENT_3D('',#2104,#2105,#2106);
#2104 = CARTESIAN_POINT('',(84.8,-55.1,1.51));
#2105 = DIRECTION('',(-0.,0.,-1.));
#2106 = DIRECTION('',(-0.,-1.,0.));
#2107 = FACE_BOUND('',#2108,.T.);
#2108 = EDGE_LOOP('',(#2109));
#2109 = ORIENTED_EDGE('',*,*,#2110,.T.);
#2110 = EDGE_CURVE('',#2111,#2111,#2113,.T.);
#2111 = VERTEX_POINT('',#2112);
#2112 = CARTESIAN_POINT('',(101.4,-87.075,1.51));
#2113 = CIRCLE('',#2114,1.5);
#2114 = AXIS2_PLACEMENT_3D('',#2115,#2116,#2117);
#2115 = CARTESIAN_POINT('',(101.4,-85.575,1.51));
#2116 = DIRECTION('',(-0.,0.,-1.));
#2117 = DIRECTION('',(-0.,-1.,0.));
#2118 = FACE_BOUND('',#2119,.T.);
#2119 = EDGE_LOOP('',(#2120));
#2120 = ORIENTED_EDGE('',*,*,#2121,.T.);
#2121 = EDGE_CURVE('',#2122,#2122,#2124,.T.);
#2122 = VERTEX_POINT('',#2123);
#2123 = CARTESIAN_POINT('',(96.4,-84.875,1.51));
#2124 = CIRCLE('',#2125,1.5);
#2125 = AXIS2_PLACEMENT_3D('',#2126,#2127,#2128);
#2126 = CARTESIAN_POINT('',(96.4,-83.375,1.51));
#2127 = DIRECTION('',(-0.,0.,-1.));
#2128 = DIRECTION('',(-0.,-1.,0.));
#2129 = FACE_BOUND('',#2130,.T.);
#2130 = EDGE_LOOP('',(#2131));
#2131 = ORIENTED_EDGE('',*,*,#2132,.T.);
#2132 = EDGE_CURVE('',#2133,#2133,#2135,.T.);
#2133 = VERTEX_POINT('',#2134);
#2134 = CARTESIAN_POINT('',(113.,-86.95,1.51));
#2135 = CIRCLE('',#2136,1.5);
#2136 = AXIS2_PLACEMENT_3D('',#2137,#2138,#2139);
#2137 = CARTESIAN_POINT('',(113.,-85.45,1.51));
#2138 = DIRECTION('',(-0.,0.,-1.));
#2139 = DIRECTION('',(-0.,-1.,0.));
#2140 = FACE_BOUND('',#2141,.T.);
#2141 = EDGE_LOOP('',(#2142));
#2142 = ORIENTED_EDGE('',*,*,#2143,.T.);
#2143 = EDGE_CURVE('',#2144,#2144,#2146,.T.);
#2144 = VERTEX_POINT('',#2145);
#2145 = CARTESIAN_POINT('',(101.4,-82.075,1.51));
#2146 = CIRCLE('',#2147,2.4);
#2147 = AXIS2_PLACEMENT_3D('',#2148,#2149,#2150);
#2148 = CARTESIAN_POINT('',(101.4,-79.675,1.51));
#2149 = DIRECTION('',(-0.,0.,-1.));
#2150 = DIRECTION('',(-0.,-1.,0.));
#2151 = FACE_BOUND('',#2152,.T.);
#2152 = EDGE_LOOP('',(#2153));
#2153 = ORIENTED_EDGE('',*,*,#2154,.T.);
#2154 = EDGE_CURVE('',#2155,#2155,#2157,.T.);
#2155 = VERTEX_POINT('',#2156);
#2156 = CARTESIAN_POINT('',(89.8,-75.4,1.51));
#2157 = CIRCLE('',#2158,1.5);
#2158 = AXIS2_PLACEMENT_3D('',#2159,#2160,#2161);
#2159 = CARTESIAN_POINT('',(89.8,-73.9,1.51));
#2160 = DIRECTION('',(-0.,0.,-1.));
#2161 = DIRECTION('',(-0.,-1.,0.));
#2162 = FACE_BOUND('',#2163,.T.);
#2163 = EDGE_LOOP('',(#2164));
#2164 = ORIENTED_EDGE('',*,*,#2165,.T.);
#2165 = EDGE_CURVE('',#2166,#2166,#2168,.T.);
#2166 = VERTEX_POINT('',#2167);
#2167 = CARTESIAN_POINT('',(106.4,-74.625,1.51));
#2168 = CIRCLE('',#2169,0.5);
#2169 = AXIS2_PLACEMENT_3D('',#2170,#2171,#2172);
#2170 = CARTESIAN_POINT('',(106.4,-74.125,1.51));
#2171 = DIRECTION('',(-0.,0.,-1.));
#2172 = DIRECTION('',(-0.,-1.,0.));
#2173 = FACE_BOUND('',#2174,.T.);
#2174 = EDGE_LOOP('',(#2175));
#2175 = ORIENTED_EDGE('',*,*,#2176,.T.);
#2176 = EDGE_CURVE('',#2177,#2177,#2179,.T.);
#2177 = VERTEX_POINT('',#2178);
#2178 = CARTESIAN_POINT('',(118.,-89.15,1.51));
#2179 = CIRCLE('',#2180,1.5);
#2180 = AXIS2_PLACEMENT_3D('',#2181,#2182,#2183);
#2181 = CARTESIAN_POINT('',(118.,-87.65,1.51));
#2182 = DIRECTION('',(-0.,0.,-1.));
#2183 = DIRECTION('',(-0.,-1.,0.));
#2184 = FACE_BOUND('',#2185,.T.);
#2185 = EDGE_LOOP('',(#2186));
#2186 = ORIENTED_EDGE('',*,*,#2187,.T.);
#2187 = EDGE_CURVE('',#2188,#2188,#2190,.T.);
#2188 = VERTEX_POINT('',#2189);
#2189 = CARTESIAN_POINT('',(118.,-84.15,1.51));
#2190 = CIRCLE('',#2191,2.4);
#2191 = AXIS2_PLACEMENT_3D('',#2192,#2193,#2194);
#2192 = CARTESIAN_POINT('',(118.,-81.75,1.51));
#2193 = DIRECTION('',(-0.,0.,-1.));
#2194 = DIRECTION('',(-0.,-1.,0.));
#2195 = FACE_BOUND('',#2196,.T.);
#2196 = EDGE_LOOP('',(#2197));
#2197 = ORIENTED_EDGE('',*,*,#2198,.T.);
#2198 = EDGE_CURVE('',#2199,#2199,#2201,.T.);
#2199 = VERTEX_POINT('',#2200);
#2200 = CARTESIAN_POINT('',(137.8,-84.9,1.51));
#2201 = CIRCLE('',#2202,0.5);
#2202 = AXIS2_PLACEMENT_3D('',#2203,#2204,#2205);
#2203 = CARTESIAN_POINT('',(137.8,-84.4,1.51));
#2204 = DIRECTION('',(-0.,0.,-1.));
#2205 = DIRECTION('',(-0.,-1.,0.));
#2206 = FACE_BOUND('',#2207,.T.);
#2207 = EDGE_LOOP('',(#2208));
#2208 = ORIENTED_EDGE('',*,*,#2209,.T.);
#2209 = EDGE_CURVE('',#2210,#2210,#2212,.T.);
#2210 = VERTEX_POINT('',#2211);
#2211 = CARTESIAN_POINT('',(140.3,-84.9,1.51));
#2212 = CIRCLE('',#2213,0.5);
#2213 = AXIS2_PLACEMENT_3D('',#2214,#2215,#2216);
#2214 = CARTESIAN_POINT('',(140.3,-84.4,1.51));
#2215 = DIRECTION('',(-0.,0.,-1.));
#2216 = DIRECTION('',(-0.,-1.,0.));
#2217 = FACE_BOUND('',#2218,.T.);
#2218 = EDGE_LOOP('',(#2219));
#2219 = ORIENTED_EDGE('',*,*,#2220,.T.);
#2220 = EDGE_CURVE('',#2221,#2221,#2223,.T.);
#2221 = VERTEX_POINT('',#2222);
#2222 = CARTESIAN_POINT('',(142.8,-84.9,1.51));
#2223 = CIRCLE('',#2224,0.5);
#2224 = AXIS2_PLACEMENT_3D('',#2225,#2226,#2227);
#2225 = CARTESIAN_POINT('',(142.8,-84.4,1.51));
#2226 = DIRECTION('',(-0.,0.,-1.));
#2227 = DIRECTION('',(-0.,-1.,0.));
#2228 = FACE_BOUND('',#2229,.T.);
#2229 = EDGE_LOOP('',(#2230));
#2230 = ORIENTED_EDGE('',*,*,#2231,.T.);
#2231 = EDGE_CURVE('',#2232,#2232,#2234,.T.);
#2232 = VERTEX_POINT('',#2233);
#2233 = CARTESIAN_POINT('',(123.,-76.7,1.51));
#2234 = CIRCLE('',#2235,0.5);
#2235 = AXIS2_PLACEMENT_3D('',#2236,#2237,#2238);
#2236 = CARTESIAN_POINT('',(123.,-76.2,1.51));
#2237 = DIRECTION('',(-0.,0.,-1.));
#2238 = DIRECTION('',(-0.,-1.,0.));
#2239 = FACE_BOUND('',#2240,.T.);
#2240 = EDGE_LOOP('',(#2241));
#2241 = ORIENTED_EDGE('',*,*,#2242,.T.);
#2242 = EDGE_CURVE('',#2243,#2243,#2245,.T.);
#2243 = VERTEX_POINT('',#2244);
#2244 = CARTESIAN_POINT('',(140.9,-75.565,1.51));
#2245 = CIRCLE('',#2246,0.365);
#2246 = AXIS2_PLACEMENT_3D('',#2247,#2248,#2249);
#2247 = CARTESIAN_POINT('',(140.9,-75.2,1.51));
#2248 = DIRECTION('',(-0.,0.,-1.));
#2249 = DIRECTION('',(7.78676970696E-14,-1.,-0.));
#2250 = FACE_BOUND('',#2251,.T.);
#2251 = EDGE_LOOP('',(#2252));
#2252 = ORIENTED_EDGE('',*,*,#2253,.T.);
#2253 = EDGE_CURVE('',#2254,#2254,#2256,.T.);
#2254 = VERTEX_POINT('',#2255);
#2255 = CARTESIAN_POINT('',(142.4,-75.565,1.51));
#2256 = CIRCLE('',#2257,0.365);
#2257 = AXIS2_PLACEMENT_3D('',#2258,#2259,#2260);
#2258 = CARTESIAN_POINT('',(142.4,-75.2,1.51));
#2259 = DIRECTION('',(-0.,0.,-1.));
#2260 = DIRECTION('',(7.78676970696E-14,-1.,-0.));
#2261 = FACE_BOUND('',#2262,.T.);
#2262 = EDGE_LOOP('',(#2263));
#2263 = ORIENTED_EDGE('',*,*,#2264,.T.);
#2264 = EDGE_CURVE('',#2265,#2265,#2267,.T.);
#2265 = VERTEX_POINT('',#2266);
#2266 = CARTESIAN_POINT('',(143.9,-75.565,1.51));
#2267 = CIRCLE('',#2268,0.365);
#2268 = AXIS2_PLACEMENT_3D('',#2269,#2270,#2271);
#2269 = CARTESIAN_POINT('',(143.9,-75.2,1.51));
#2270 = DIRECTION('',(-0.,0.,-1.));
#2271 = DIRECTION('',(7.78676970696E-14,-1.,-0.));
#2272 = FACE_BOUND('',#2273,.T.);
#2273 = EDGE_LOOP('',(#2274));
#2274 = ORIENTED_EDGE('',*,*,#2275,.T.);
#2275 = EDGE_CURVE('',#2276,#2276,#2278,.T.);
#2276 = VERTEX_POINT('',#2277);
#2277 = CARTESIAN_POINT('',(101.4,-70.475,1.51));
#2278 = CIRCLE('',#2279,1.5);
#2279 = AXIS2_PLACEMENT_3D('',#2280,#2281,#2282);
#2280 = CARTESIAN_POINT('',(101.4,-68.975,1.51));
#2281 = DIRECTION('',(-0.,0.,-1.));
#2282 = DIRECTION('',(-0.,-1.,0.));
#2283 = FACE_BOUND('',#2284,.T.);
#2284 = EDGE_LOOP('',(#2285));
#2285 = ORIENTED_EDGE('',*,*,#2286,.T.);
#2286 = EDGE_CURVE('',#2287,#2287,#2289,.T.);
#2287 = VERTEX_POINT('',#2288);
#2288 = CARTESIAN_POINT('',(96.4,-68.275,1.51));
#2289 = CIRCLE('',#2290,1.5);
#2290 = AXIS2_PLACEMENT_3D('',#2291,#2292,#2293);
#2291 = CARTESIAN_POINT('',(96.4,-66.775,1.51));
#2292 = DIRECTION('',(-0.,0.,-1.));
#2293 = DIRECTION('',(-0.,-1.,0.));
#2294 = FACE_BOUND('',#2295,.T.);
#2295 = EDGE_LOOP('',(#2296));
#2296 = ORIENTED_EDGE('',*,*,#2297,.T.);
#2297 = EDGE_CURVE('',#2298,#2298,#2300,.T.);
#2298 = VERTEX_POINT('',#2299);
#2299 = CARTESIAN_POINT('',(101.4,-65.475,1.51));
#2300 = CIRCLE('',#2301,2.4);
#2301 = AXIS2_PLACEMENT_3D('',#2302,#2303,#2304);
#2302 = CARTESIAN_POINT('',(101.4,-63.075,1.51));
#2303 = DIRECTION('',(-0.,0.,-1.));
#2304 = DIRECTION('',(-0.,-1.,0.));
#2305 = FACE_BOUND('',#2306,.T.);
#2306 = EDGE_LOOP('',(#2307));
#2307 = ORIENTED_EDGE('',*,*,#2308,.T.);
#2308 = EDGE_CURVE('',#2309,#2309,#2311,.T.);
#2309 = VERTEX_POINT('',#2310);
#2310 = CARTESIAN_POINT('',(113.,-70.35,1.51));
#2311 = CIRCLE('',#2312,1.5);
#2312 = AXIS2_PLACEMENT_3D('',#2313,#2314,#2315);
#2313 = CARTESIAN_POINT('',(113.,-68.85,1.51));
#2314 = DIRECTION('',(-0.,0.,-1.));
#2315 = DIRECTION('',(-0.,-1.,0.));
#2316 = FACE_BOUND('',#2317,.T.);
#2317 = EDGE_LOOP('',(#2318));
#2318 = ORIENTED_EDGE('',*,*,#2319,.T.);
#2319 = EDGE_CURVE('',#2320,#2320,#2322,.T.);
#2320 = VERTEX_POINT('',#2321);
#2321 = CARTESIAN_POINT('',(89.8,-58.8,1.51));
#2322 = CIRCLE('',#2323,1.5);
#2323 = AXIS2_PLACEMENT_3D('',#2324,#2325,#2326);
#2324 = CARTESIAN_POINT('',(89.8,-57.3,1.51));
#2325 = DIRECTION('',(-0.,0.,-1.));
#2326 = DIRECTION('',(-0.,-1.,0.));
#2327 = FACE_BOUND('',#2328,.T.);
#2328 = EDGE_LOOP('',(#2329));
#2329 = ORIENTED_EDGE('',*,*,#2330,.T.);
#2330 = EDGE_CURVE('',#2331,#2331,#2333,.T.);
#2331 = VERTEX_POINT('',#2332);
#2332 = CARTESIAN_POINT('',(106.4,-58.025,1.51));
#2333 = CIRCLE('',#2334,0.5);
#2334 = AXIS2_PLACEMENT_3D('',#2335,#2336,#2337);
#2335 = CARTESIAN_POINT('',(106.4,-57.525,1.51));
#2336 = DIRECTION('',(-0.,0.,-1.));
#2337 = DIRECTION('',(-0.,-1.,0.));
#2338 = FACE_BOUND('',#2339,.T.);
#2339 = EDGE_LOOP('',(#2340));
#2340 = ORIENTED_EDGE('',*,*,#2341,.T.);
#2341 = EDGE_CURVE('',#2342,#2342,#2344,.T.);
#2342 = VERTEX_POINT('',#2343);
#2343 = CARTESIAN_POINT('',(118.,-72.55,1.51));
#2344 = CIRCLE('',#2345,1.5);
#2345 = AXIS2_PLACEMENT_3D('',#2346,#2347,#2348);
#2346 = CARTESIAN_POINT('',(118.,-71.05,1.51));
#2347 = DIRECTION('',(-0.,0.,-1.));
#2348 = DIRECTION('',(-0.,-1.,0.));
#2349 = FACE_BOUND('',#2350,.T.);
#2350 = EDGE_LOOP('',(#2351));
#2351 = ORIENTED_EDGE('',*,*,#2352,.T.);
#2352 = EDGE_CURVE('',#2353,#2353,#2355,.T.);
#2353 = VERTEX_POINT('',#2354);
#2354 = CARTESIAN_POINT('',(118.,-67.55,1.51));
#2355 = CIRCLE('',#2356,2.4);
#2356 = AXIS2_PLACEMENT_3D('',#2357,#2358,#2359);
#2357 = CARTESIAN_POINT('',(118.,-65.15,1.51));
#2358 = DIRECTION('',(-0.,0.,-1.));
#2359 = DIRECTION('',(-0.,-1.,0.));
#2360 = FACE_BOUND('',#2361,.T.);
#2361 = EDGE_LOOP('',(#2362));
#2362 = ORIENTED_EDGE('',*,*,#2363,.T.);
#2363 = EDGE_CURVE('',#2364,#2364,#2366,.T.);
#2364 = VERTEX_POINT('',#2365);
#2365 = CARTESIAN_POINT('',(123.,-60.1,1.51));
#2366 = CIRCLE('',#2367,0.5);
#2367 = AXIS2_PLACEMENT_3D('',#2368,#2369,#2370);
#2368 = CARTESIAN_POINT('',(123.,-59.6,1.51));
#2369 = DIRECTION('',(-0.,0.,-1.));
#2370 = DIRECTION('',(-0.,-1.,0.));
#2371 = PLANE('',#2372);
#2372 = AXIS2_PLACEMENT_3D('',#2373,#2374,#2375);
#2373 = CARTESIAN_POINT('',(0.,0.,1.51));
#2374 = DIRECTION('',(0.,0.,1.));
#2375 = DIRECTION('',(1.,0.,-0.));
#2376 = ADVANCED_FACE('',(#2377),#2388,.T.);
#2377 = FACE_BOUND('',#2378,.T.);
#2378 = EDGE_LOOP('',(#2379,#2385,#2386,#2387));
#2379 = ORIENTED_EDGE('',*,*,#2380,.T.);
#2380 = EDGE_CURVE('',#149,#1266,#2381,.T.);
#2381 = LINE('',#2382,#2383);
#2382 = CARTESIAN_POINT('',(25.9,-50.7,0.));
#2383 = VECTOR('',#2384,1.);
#2384 = DIRECTION('',(0.,0.,1.));
#2385 = ORIENTED_EDGE('',*,*,#1265,.T.);
#2386 = ORIENTED_EDGE('',*,*,#84,.F.);
#2387 = ORIENTED_EDGE('',*,*,#148,.F.);
#2388 = PLANE('',#2389);
#2389 = AXIS2_PLACEMENT_3D('',#2390,#2391,#2392);
#2390 = CARTESIAN_POINT('',(25.9,-50.7,0.));
#2391 = DIRECTION('',(0.,1.,0.));
#2392 = DIRECTION('',(1.,0.,0.));
#2393 = ADVANCED_FACE('',(#2394),#2405,.T.);
#2394 = FACE_BOUND('',#2395,.T.);
#2395 = EDGE_LOOP('',(#2396,#2397,#2398,#2404));
#2396 = ORIENTED_EDGE('',*,*,#124,.T.);
#2397 = ORIENTED_EDGE('',*,*,#1281,.T.);
#2398 = ORIENTED_EDGE('',*,*,#2399,.F.);
#2399 = EDGE_CURVE('',#157,#1274,#2400,.T.);
#2400 = LINE('',#2401,#2402);
#2401 = CARTESIAN_POINT('',(25.9,-114.4,0.));
#2402 = VECTOR('',#2403,1.);
#2403 = DIRECTION('',(0.,0.,1.));
#2404 = ORIENTED_EDGE('',*,*,#164,.F.);
#2405 = PLANE('',#2406);
#2406 = AXIS2_PLACEMENT_3D('',#2407,#2408,#2409);
#2407 = CARTESIAN_POINT('',(42.5,-114.4,0.));
#2408 = DIRECTION('',(0.,-1.,0.));
#2409 = DIRECTION('',(-1.,0.,0.));
#2410 = ADVANCED_FACE('',(#2411),#2417,.T.);
#2411 = FACE_BOUND('',#2412,.T.);
#2412 = EDGE_LOOP('',(#2413,#2414,#2415,#2416));
#2413 = ORIENTED_EDGE('',*,*,#2399,.T.);
#2414 = ORIENTED_EDGE('',*,*,#1273,.T.);
#2415 = ORIENTED_EDGE('',*,*,#2380,.F.);
#2416 = ORIENTED_EDGE('',*,*,#156,.F.);
#2417 = PLANE('',#2418);
#2418 = AXIS2_PLACEMENT_3D('',#2419,#2420,#2421);
#2419 = CARTESIAN_POINT('',(25.9,-114.4,0.));
#2420 = DIRECTION('',(-1.,0.,0.));
#2421 = DIRECTION('',(0.,1.,0.));
#2422 = ADVANCED_FACE('',(#2423),#2434,.F.);
#2423 = FACE_BOUND('',#2424,.T.);
#2424 = EDGE_LOOP('',(#2425,#2426,#2432,#2433));
#2425 = ORIENTED_EDGE('',*,*,#173,.T.);
#2426 = ORIENTED_EDGE('',*,*,#2427,.T.);
#2427 = EDGE_CURVE('',#174,#1291,#2428,.T.);
#2428 = LINE('',#2429,#2430);
#2429 = CARTESIAN_POINT('',(30.,-108.135,-4.6E-02));
#2430 = VECTOR('',#2431,1.);
#2431 = DIRECTION('',(0.,0.,1.));
#2432 = ORIENTED_EDGE('',*,*,#1290,.F.);
#2433 = ORIENTED_EDGE('',*,*,#2427,.F.);
#2434 = CYLINDRICAL_SURFACE('',#2435,0.5);
#2435 = AXIS2_PLACEMENT_3D('',#2436,#2437,#2438);
#2436 = CARTESIAN_POINT('',(30.,-107.635,-4.6E-02));
#2437 = DIRECTION('',(-0.,-0.,-1.));
#2438 = DIRECTION('',(-0.,-1.,0.));
#2439 = ADVANCED_FACE('',(#2440),#2451,.F.);
#2440 = FACE_BOUND('',#2441,.T.);
#2441 = EDGE_LOOP('',(#2442,#2443,#2449,#2450));
#2442 = ORIENTED_EDGE('',*,*,#184,.T.);
#2443 = ORIENTED_EDGE('',*,*,#2444,.T.);
#2444 = EDGE_CURVE('',#185,#1302,#2445,.T.);
#2445 = LINE('',#2446,#2447);
#2446 = CARTESIAN_POINT('',(88.1,-118.075,-4.6E-02));
#2447 = VECTOR('',#2448,1.);
#2448 = DIRECTION('',(0.,0.,1.));
#2449 = ORIENTED_EDGE('',*,*,#1301,.F.);
#2450 = ORIENTED_EDGE('',*,*,#2444,.F.);
#2451 = CYLINDRICAL_SURFACE('',#2452,1.5);
#2452 = AXIS2_PLACEMENT_3D('',#2453,#2454,#2455);
#2453 = CARTESIAN_POINT('',(88.1,-116.575,-4.6E-02));
#2454 = DIRECTION('',(-0.,-0.,-1.));
#2455 = DIRECTION('',(-0.,-1.,0.));
#2456 = ADVANCED_FACE('',(#2457),#2468,.F.);
#2457 = FACE_BOUND('',#2458,.T.);
#2458 = EDGE_LOOP('',(#2459,#2460,#2466,#2467));
#2459 = ORIENTED_EDGE('',*,*,#195,.T.);
#2460 = ORIENTED_EDGE('',*,*,#2461,.T.);
#2461 = EDGE_CURVE('',#196,#1313,#2462,.T.);
#2462 = LINE('',#2463,#2464);
#2463 = CARTESIAN_POINT('',(35.,-104.485,-4.6E-02));
#2464 = VECTOR('',#2465,1.);
#2465 = DIRECTION('',(0.,0.,1.));
#2466 = ORIENTED_EDGE('',*,*,#1312,.F.);
#2467 = ORIENTED_EDGE('',*,*,#2461,.F.);
#2468 = CYLINDRICAL_SURFACE('',#2469,2.4);
#2469 = AXIS2_PLACEMENT_3D('',#2470,#2471,#2472);
#2470 = CARTESIAN_POINT('',(35.,-102.085,-4.6E-02));
#2471 = DIRECTION('',(-0.,-0.,-1.));
#2472 = DIRECTION('',(-0.,-1.,0.));
#2473 = ADVANCED_FACE('',(#2474),#2485,.F.);
#2474 = FACE_BOUND('',#2475,.T.);
#2475 = EDGE_LOOP('',(#2476,#2477,#2483,#2484));
#2476 = ORIENTED_EDGE('',*,*,#206,.T.);
#2477 = ORIENTED_EDGE('',*,*,#2478,.T.);
#2478 = EDGE_CURVE('',#207,#1324,#2479,.T.);
#2479 = LINE('',#2480,#2481);
#2480 = CARTESIAN_POINT('',(40.,-99.885,-4.6E-02));
#2481 = VECTOR('',#2482,1.);
#2482 = DIRECTION('',(0.,0.,1.));
#2483 = ORIENTED_EDGE('',*,*,#1323,.F.);
#2484 = ORIENTED_EDGE('',*,*,#2478,.F.);
#2485 = CYLINDRICAL_SURFACE('',#2486,1.5);
#2486 = AXIS2_PLACEMENT_3D('',#2487,#2488,#2489);
#2487 = CARTESIAN_POINT('',(40.,-98.385,-4.6E-02));
#2488 = DIRECTION('',(-0.,-0.,-1.));
#2489 = DIRECTION('',(-0.,-1.,0.));
#2490 = ADVANCED_FACE('',(#2491),#2502,.F.);
#2491 = FACE_BOUND('',#2492,.T.);
#2492 = EDGE_LOOP('',(#2493,#2494,#2500,#2501));
#2493 = ORIENTED_EDGE('',*,*,#217,.T.);
#2494 = ORIENTED_EDGE('',*,*,#2495,.T.);
#2495 = EDGE_CURVE('',#218,#1335,#2496,.T.);
#2496 = LINE('',#2497,#2498);
#2497 = CARTESIAN_POINT('',(46.6,-106.475,-4.6E-02));
#2498 = VECTOR('',#2499,1.);
#2499 = DIRECTION('',(0.,0.,1.));
#2500 = ORIENTED_EDGE('',*,*,#1334,.F.);
#2501 = ORIENTED_EDGE('',*,*,#2495,.F.);
#2502 = CYLINDRICAL_SURFACE('',#2503,0.5);
#2503 = AXIS2_PLACEMENT_3D('',#2504,#2505,#2506);
#2504 = CARTESIAN_POINT('',(46.6,-105.975,-4.6E-02));
#2505 = DIRECTION('',(-0.,-0.,-1.));
#2506 = DIRECTION('',(-0.,-1.,0.));
#2507 = ADVANCED_FACE('',(#2508),#2519,.F.);
#2508 = FACE_BOUND('',#2509,.T.);
#2509 = EDGE_LOOP('',(#2510,#2511,#2517,#2518));
#2510 = ORIENTED_EDGE('',*,*,#228,.T.);
#2511 = ORIENTED_EDGE('',*,*,#2512,.T.);
#2512 = EDGE_CURVE('',#229,#1346,#2513,.T.);
#2513 = LINE('',#2514,#2515);
#2514 = CARTESIAN_POINT('',(51.6,-102.825,-4.6E-02));
#2515 = VECTOR('',#2516,1.);
#2516 = DIRECTION('',(0.,0.,1.));
#2517 = ORIENTED_EDGE('',*,*,#1345,.F.);
#2518 = ORIENTED_EDGE('',*,*,#2512,.F.);
#2519 = CYLINDRICAL_SURFACE('',#2520,2.4);
#2520 = AXIS2_PLACEMENT_3D('',#2521,#2522,#2523);
#2521 = CARTESIAN_POINT('',(51.6,-100.425,-4.6E-02));
#2522 = DIRECTION('',(-0.,-0.,-1.));
#2523 = DIRECTION('',(-0.,-1.,0.));
#2524 = ADVANCED_FACE('',(#2525),#2536,.F.);
#2525 = FACE_BOUND('',#2526,.T.);
#2526 = EDGE_LOOP('',(#2527,#2528,#2534,#2535));
#2527 = ORIENTED_EDGE('',*,*,#239,.T.);
#2528 = ORIENTED_EDGE('',*,*,#2529,.T.);
#2529 = EDGE_CURVE('',#240,#1357,#2530,.T.);
#2530 = LINE('',#2531,#2532);
#2531 = CARTESIAN_POINT('',(35.,-97.685,-4.6E-02));
#2532 = VECTOR('',#2533,1.);
#2533 = DIRECTION('',(0.,0.,1.));
#2534 = ORIENTED_EDGE('',*,*,#1356,.F.);
#2535 = ORIENTED_EDGE('',*,*,#2529,.F.);
#2536 = CYLINDRICAL_SURFACE('',#2537,1.5);
#2537 = AXIS2_PLACEMENT_3D('',#2538,#2539,#2540);
#2538 = CARTESIAN_POINT('',(35.,-96.185,-4.6E-02));
#2539 = DIRECTION('',(-0.,-0.,-1.));
#2540 = DIRECTION('',(-0.,-1.,0.));
#2541 = ADVANCED_FACE('',(#2542),#2553,.F.);
#2542 = FACE_BOUND('',#2543,.T.);
#2543 = EDGE_LOOP('',(#2544,#2545,#2551,#2552));
#2544 = ORIENTED_EDGE('',*,*,#250,.T.);
#2545 = ORIENTED_EDGE('',*,*,#2546,.T.);
#2546 = EDGE_CURVE('',#251,#1368,#2547,.T.);
#2547 = LINE('',#2548,#2549);
#2548 = CARTESIAN_POINT('',(30.,-91.535,-4.6E-02));
#2549 = VECTOR('',#2550,1.);
#2550 = DIRECTION('',(0.,0.,1.));
#2551 = ORIENTED_EDGE('',*,*,#1367,.F.);
#2552 = ORIENTED_EDGE('',*,*,#2546,.F.);
#2553 = CYLINDRICAL_SURFACE('',#2554,0.5);
#2554 = AXIS2_PLACEMENT_3D('',#2555,#2556,#2557);
#2555 = CARTESIAN_POINT('',(30.,-91.035,-4.6E-02));
#2556 = DIRECTION('',(-0.,-0.,-1.));
#2557 = DIRECTION('',(-0.,-1.,0.));
#2558 = ADVANCED_FACE('',(#2559),#2570,.F.);
#2559 = FACE_BOUND('',#2560,.T.);
#2560 = EDGE_LOOP('',(#2561,#2562,#2568,#2569));
#2561 = ORIENTED_EDGE('',*,*,#261,.T.);
#2562 = ORIENTED_EDGE('',*,*,#2563,.T.);
#2563 = EDGE_CURVE('',#262,#1379,#2564,.T.);
#2564 = LINE('',#2565,#2566);
#2565 = CARTESIAN_POINT('',(56.6,-98.225,-4.6E-02));
#2566 = VECTOR('',#2567,1.);
#2567 = DIRECTION('',(0.,0.,1.));
#2568 = ORIENTED_EDGE('',*,*,#1378,.F.);
#2569 = ORIENTED_EDGE('',*,*,#2563,.F.);
#2570 = CYLINDRICAL_SURFACE('',#2571,1.5);
#2571 = AXIS2_PLACEMENT_3D('',#2572,#2573,#2574);
#2572 = CARTESIAN_POINT('',(56.6,-96.725,-4.6E-02));
#2573 = DIRECTION('',(-0.,-0.,-1.));
#2574 = DIRECTION('',(-0.,-1.,0.));
#2575 = ADVANCED_FACE('',(#2576),#2587,.F.);
#2576 = FACE_BOUND('',#2577,.T.);
#2577 = EDGE_LOOP('',(#2578,#2579,#2585,#2586));
#2578 = ORIENTED_EDGE('',*,*,#272,.T.);
#2579 = ORIENTED_EDGE('',*,*,#2580,.T.);
#2580 = EDGE_CURVE('',#273,#1390,#2581,.T.);
#2581 = LINE('',#2582,#2583);
#2582 = CARTESIAN_POINT('',(51.6,-96.025,-4.6E-02));
#2583 = VECTOR('',#2584,1.);
#2584 = DIRECTION('',(0.,0.,1.));
#2585 = ORIENTED_EDGE('',*,*,#1389,.F.);
#2586 = ORIENTED_EDGE('',*,*,#2580,.F.);
#2587 = CYLINDRICAL_SURFACE('',#2588,1.5);
#2588 = AXIS2_PLACEMENT_3D('',#2589,#2590,#2591);
#2589 = CARTESIAN_POINT('',(51.6,-94.525,-4.6E-02));
#2590 = DIRECTION('',(-0.,-0.,-1.));
#2591 = DIRECTION('',(-0.,-1.,0.));
#2592 = ADVANCED_FACE('',(#2593),#2604,.F.);
#2593 = FACE_BOUND('',#2594,.T.);
#2594 = EDGE_LOOP('',(#2595,#2596,#2602,#2603));
#2595 = ORIENTED_EDGE('',*,*,#283,.T.);
#2596 = ORIENTED_EDGE('',*,*,#2597,.T.);
#2597 = EDGE_CURVE('',#284,#1401,#2598,.T.);
#2598 = LINE('',#2599,#2600);
#2599 = CARTESIAN_POINT('',(46.6,-89.875,-4.6E-02));
#2600 = VECTOR('',#2601,1.);
#2601 = DIRECTION('',(0.,0.,1.));
#2602 = ORIENTED_EDGE('',*,*,#1400,.F.);
#2603 = ORIENTED_EDGE('',*,*,#2597,.F.);
#2604 = CYLINDRICAL_SURFACE('',#2605,0.5);
#2605 = AXIS2_PLACEMENT_3D('',#2606,#2607,#2608);
#2606 = CARTESIAN_POINT('',(46.6,-89.375,-4.6E-02));
#2607 = DIRECTION('',(-0.,-0.,-1.));
#2608 = DIRECTION('',(-0.,-1.,0.));
#2609 = ADVANCED_FACE('',(#2610),#2621,.F.);
#2610 = FACE_BOUND('',#2611,.T.);
#2611 = EDGE_LOOP('',(#2612,#2613,#2619,#2620));
#2612 = ORIENTED_EDGE('',*,*,#294,.T.);
#2613 = ORIENTED_EDGE('',*,*,#2614,.T.);
#2614 = EDGE_CURVE('',#295,#1412,#2615,.T.);
#2615 = LINE('',#2616,#2617);
#2616 = CARTESIAN_POINT('',(63.2,-102.325,-4.6E-02));
#2617 = VECTOR('',#2618,1.);
#2618 = DIRECTION('',(0.,0.,1.));
#2619 = ORIENTED_EDGE('',*,*,#1411,.F.);
#2620 = ORIENTED_EDGE('',*,*,#2614,.F.);
#2621 = CYLINDRICAL_SURFACE('',#2622,0.5);
#2622 = AXIS2_PLACEMENT_3D('',#2623,#2624,#2625);
#2623 = CARTESIAN_POINT('',(63.2,-101.825,-4.6E-02));
#2624 = DIRECTION('',(-0.,-0.,-1.));
#2625 = DIRECTION('',(-0.,-1.,0.));
#2626 = ADVANCED_FACE('',(#2627),#2638,.F.);
#2627 = FACE_BOUND('',#2628,.T.);
#2628 = EDGE_LOOP('',(#2629,#2630,#2636,#2637));
#2629 = ORIENTED_EDGE('',*,*,#305,.T.);
#2630 = ORIENTED_EDGE('',*,*,#2631,.T.);
#2631 = EDGE_CURVE('',#306,#1423,#2632,.T.);
#2632 = LINE('',#2633,#2634);
#2633 = CARTESIAN_POINT('',(79.8,-100.25,-4.6E-02));
#2634 = VECTOR('',#2635,1.);
#2635 = DIRECTION('',(0.,0.,1.));
#2636 = ORIENTED_EDGE('',*,*,#1422,.F.);
#2637 = ORIENTED_EDGE('',*,*,#2631,.F.);
#2638 = CYLINDRICAL_SURFACE('',#2639,0.5);
#2639 = AXIS2_PLACEMENT_3D('',#2640,#2641,#2642);
#2640 = CARTESIAN_POINT('',(79.8,-99.75,-4.6E-02));
#2641 = DIRECTION('',(-0.,-0.,-1.));
#2642 = DIRECTION('',(-0.,-1.,0.));
#2643 = ADVANCED_FACE('',(#2644),#2655,.F.);
#2644 = FACE_BOUND('',#2645,.T.);
#2645 = EDGE_LOOP('',(#2646,#2647,#2653,#2654));
#2646 = ORIENTED_EDGE('',*,*,#316,.T.);
#2647 = ORIENTED_EDGE('',*,*,#2648,.T.);
#2648 = EDGE_CURVE('',#317,#1434,#2649,.T.);
#2649 = LINE('',#2650,#2651);
#2650 = CARTESIAN_POINT('',(68.2,-98.675,-4.6E-02));
#2651 = VECTOR('',#2652,1.);
#2652 = DIRECTION('',(0.,0.,1.));
#2653 = ORIENTED_EDGE('',*,*,#1433,.F.);
#2654 = ORIENTED_EDGE('',*,*,#2648,.F.);
#2655 = CYLINDRICAL_SURFACE('',#2656,2.4);
#2656 = AXIS2_PLACEMENT_3D('',#2657,#2658,#2659);
#2657 = CARTESIAN_POINT('',(68.2,-96.275,-4.6E-02));
#2658 = DIRECTION('',(-0.,0.,-1.));
#2659 = DIRECTION('',(5.921189464667E-15,-1.,-0.));
#2660 = ADVANCED_FACE('',(#2661),#2672,.F.);
#2661 = FACE_BOUND('',#2662,.T.);
#2662 = EDGE_LOOP('',(#2663,#2664,#2670,#2671));
#2663 = ORIENTED_EDGE('',*,*,#327,.T.);
#2664 = ORIENTED_EDGE('',*,*,#2665,.T.);
#2665 = EDGE_CURVE('',#328,#1445,#2666,.T.);
#2666 = LINE('',#2667,#2668);
#2667 = CARTESIAN_POINT('',(73.2,-94.075,-4.6E-02));
#2668 = VECTOR('',#2669,1.);
#2669 = DIRECTION('',(0.,0.,1.));
#2670 = ORIENTED_EDGE('',*,*,#1444,.F.);
#2671 = ORIENTED_EDGE('',*,*,#2665,.F.);
#2672 = CYLINDRICAL_SURFACE('',#2673,1.5);
#2673 = AXIS2_PLACEMENT_3D('',#2674,#2675,#2676);
#2674 = CARTESIAN_POINT('',(73.2,-92.575,-4.6E-02));
#2675 = DIRECTION('',(-0.,-0.,-1.));
#2676 = DIRECTION('',(-0.,-1.,0.));
#2677 = ADVANCED_FACE('',(#2678),#2689,.F.);
#2678 = FACE_BOUND('',#2679,.T.);
#2679 = EDGE_LOOP('',(#2680,#2681,#2687,#2688));
#2680 = ORIENTED_EDGE('',*,*,#338,.T.);
#2681 = ORIENTED_EDGE('',*,*,#2682,.T.);
#2682 = EDGE_CURVE('',#339,#1456,#2683,.T.);
#2683 = LINE('',#2684,#2685);
#2684 = CARTESIAN_POINT('',(68.2,-91.875,-4.6E-02));
#2685 = VECTOR('',#2686,1.);
#2686 = DIRECTION('',(0.,0.,1.));
#2687 = ORIENTED_EDGE('',*,*,#1455,.F.);
#2688 = ORIENTED_EDGE('',*,*,#2682,.F.);
#2689 = CYLINDRICAL_SURFACE('',#2690,1.5);
#2690 = AXIS2_PLACEMENT_3D('',#2691,#2692,#2693);
#2691 = CARTESIAN_POINT('',(68.2,-90.375,-4.6E-02));
#2692 = DIRECTION('',(-0.,-0.,-1.));
#2693 = DIRECTION('',(-0.,-1.,0.));
#2694 = ADVANCED_FACE('',(#2695),#2706,.F.);
#2695 = FACE_BOUND('',#2696,.T.);
#2696 = EDGE_LOOP('',(#2697,#2698,#2704,#2705));
#2697 = ORIENTED_EDGE('',*,*,#349,.T.);
#2698 = ORIENTED_EDGE('',*,*,#2699,.T.);
#2699 = EDGE_CURVE('',#350,#1467,#2700,.T.);
#2700 = LINE('',#2701,#2702);
#2701 = CARTESIAN_POINT('',(84.8,-96.6,-4.6E-02));
#2702 = VECTOR('',#2703,1.);
#2703 = DIRECTION('',(0.,0.,1.));
#2704 = ORIENTED_EDGE('',*,*,#1466,.F.);
#2705 = ORIENTED_EDGE('',*,*,#2699,.F.);
#2706 = CYLINDRICAL_SURFACE('',#2707,2.4);
#2707 = AXIS2_PLACEMENT_3D('',#2708,#2709,#2710);
#2708 = CARTESIAN_POINT('',(84.8,-94.2,-4.6E-02));
#2709 = DIRECTION('',(-0.,-0.,-1.));
#2710 = DIRECTION('',(-5.921189464668E-15,-1.,0.));
#2711 = ADVANCED_FACE('',(#2712),#2723,.F.);
#2712 = FACE_BOUND('',#2713,.T.);
#2713 = EDGE_LOOP('',(#2714,#2715,#2721,#2722));
#2714 = ORIENTED_EDGE('',*,*,#360,.T.);
#2715 = ORIENTED_EDGE('',*,*,#2716,.T.);
#2716 = EDGE_CURVE('',#361,#1478,#2717,.T.);
#2717 = LINE('',#2718,#2719);
#2718 = CARTESIAN_POINT('',(93.1,-120.275,-4.6E-02));
#2719 = VECTOR('',#2720,1.);
#2720 = DIRECTION('',(0.,0.,1.));
#2721 = ORIENTED_EDGE('',*,*,#1477,.F.);
#2722 = ORIENTED_EDGE('',*,*,#2716,.F.);
#2723 = CYLINDRICAL_SURFACE('',#2724,1.5);
#2724 = AXIS2_PLACEMENT_3D('',#2725,#2726,#2727);
#2725 = CARTESIAN_POINT('',(93.1,-118.775,-4.6E-02));
#2726 = DIRECTION('',(-0.,-0.,-1.));
#2727 = DIRECTION('',(-0.,-1.,0.));
#2728 = ADVANCED_FACE('',(#2729),#2740,.F.);
#2729 = FACE_BOUND('',#2730,.T.);
#2730 = EDGE_LOOP('',(#2731,#2732,#2738,#2739));
#2731 = ORIENTED_EDGE('',*,*,#371,.T.);
#2732 = ORIENTED_EDGE('',*,*,#2733,.T.);
#2733 = EDGE_CURVE('',#372,#1489,#2734,.T.);
#2734 = LINE('',#2735,#2736);
#2735 = CARTESIAN_POINT('',(109.7,-122.35,-4.6E-02));
#2736 = VECTOR('',#2737,1.);
#2737 = DIRECTION('',(0.,0.,1.));
#2738 = ORIENTED_EDGE('',*,*,#1488,.F.);
#2739 = ORIENTED_EDGE('',*,*,#2733,.F.);
#2740 = CYLINDRICAL_SURFACE('',#2741,1.5);
#2741 = AXIS2_PLACEMENT_3D('',#2742,#2743,#2744);
#2742 = CARTESIAN_POINT('',(109.7,-120.85,-4.6E-02));
#2743 = DIRECTION('',(-0.,-0.,-1.));
#2744 = DIRECTION('',(-0.,-1.,0.));
#2745 = ADVANCED_FACE('',(#2746),#2757,.F.);
#2746 = FACE_BOUND('',#2747,.T.);
#2747 = EDGE_LOOP('',(#2748,#2749,#2755,#2756));
#2748 = ORIENTED_EDGE('',*,*,#382,.T.);
#2749 = ORIENTED_EDGE('',*,*,#2750,.T.);
#2750 = EDGE_CURVE('',#383,#1500,#2751,.T.);
#2751 = LINE('',#2752,#2753);
#2752 = CARTESIAN_POINT('',(104.7,-120.15,-4.6E-02));
#2753 = VECTOR('',#2754,1.);
#2754 = DIRECTION('',(0.,0.,1.));
#2755 = ORIENTED_EDGE('',*,*,#1499,.F.);
#2756 = ORIENTED_EDGE('',*,*,#2750,.F.);
#2757 = CYLINDRICAL_SURFACE('',#2758,1.5);
#2758 = AXIS2_PLACEMENT_3D('',#2759,#2760,#2761);
#2759 = CARTESIAN_POINT('',(104.7,-118.65,-4.6E-02));
#2760 = DIRECTION('',(-0.,-0.,-1.));
#2761 = DIRECTION('',(-0.,-1.,0.));
#2762 = ADVANCED_FACE('',(#2763),#2774,.F.);
#2763 = FACE_BOUND('',#2764,.T.);
#2764 = EDGE_LOOP('',(#2765,#2766,#2772,#2773));
#2765 = ORIENTED_EDGE('',*,*,#393,.T.);
#2766 = ORIENTED_EDGE('',*,*,#2767,.T.);
#2767 = EDGE_CURVE('',#394,#1511,#2768,.T.);
#2768 = LINE('',#2769,#2770);
#2769 = CARTESIAN_POINT('',(93.1,-115.275,-4.6E-02));
#2770 = VECTOR('',#2771,1.);
#2771 = DIRECTION('',(0.,0.,1.));
#2772 = ORIENTED_EDGE('',*,*,#1510,.F.);
#2773 = ORIENTED_EDGE('',*,*,#2767,.F.);
#2774 = CYLINDRICAL_SURFACE('',#2775,2.4);
#2775 = AXIS2_PLACEMENT_3D('',#2776,#2777,#2778);
#2776 = CARTESIAN_POINT('',(93.1,-112.875,-4.6E-02));
#2777 = DIRECTION('',(-0.,-0.,-1.));
#2778 = DIRECTION('',(-0.,-1.,0.));
#2779 = ADVANCED_FACE('',(#2780),#2791,.F.);
#2780 = FACE_BOUND('',#2781,.T.);
#2781 = EDGE_LOOP('',(#2782,#2783,#2789,#2790));
#2782 = ORIENTED_EDGE('',*,*,#404,.T.);
#2783 = ORIENTED_EDGE('',*,*,#2784,.T.);
#2784 = EDGE_CURVE('',#405,#1522,#2785,.T.);
#2785 = LINE('',#2786,#2787);
#2786 = CARTESIAN_POINT('',(98.1,-107.825,-4.6E-02));
#2787 = VECTOR('',#2788,1.);
#2788 = DIRECTION('',(0.,0.,1.));
#2789 = ORIENTED_EDGE('',*,*,#1521,.F.);
#2790 = ORIENTED_EDGE('',*,*,#2784,.F.);
#2791 = CYLINDRICAL_SURFACE('',#2792,0.5);
#2792 = AXIS2_PLACEMENT_3D('',#2793,#2794,#2795);
#2793 = CARTESIAN_POINT('',(98.1,-107.325,-4.6E-02));
#2794 = DIRECTION('',(-0.,-0.,-1.));
#2795 = DIRECTION('',(-0.,-1.,0.));
#2796 = ADVANCED_FACE('',(#2797),#2808,.F.);
#2797 = FACE_BOUND('',#2798,.T.);
#2798 = EDGE_LOOP('',(#2799,#2800,#2806,#2807));
#2799 = ORIENTED_EDGE('',*,*,#415,.T.);
#2800 = ORIENTED_EDGE('',*,*,#2801,.T.);
#2801 = EDGE_CURVE('',#416,#1533,#2802,.T.);
#2802 = LINE('',#2803,#2804);
#2803 = CARTESIAN_POINT('',(109.7,-117.35,-4.6E-02));
#2804 = VECTOR('',#2805,1.);
#2805 = DIRECTION('',(0.,0.,1.));
#2806 = ORIENTED_EDGE('',*,*,#1532,.F.);
#2807 = ORIENTED_EDGE('',*,*,#2801,.F.);
#2808 = CYLINDRICAL_SURFACE('',#2809,2.4);
#2809 = AXIS2_PLACEMENT_3D('',#2810,#2811,#2812);
#2810 = CARTESIAN_POINT('',(109.7,-114.95,-4.6E-02));
#2811 = DIRECTION('',(-0.,0.,-1.));
#2812 = DIRECTION('',(5.921189464667E-15,-1.,-0.));
#2813 = ADVANCED_FACE('',(#2814),#2825,.F.);
#2814 = FACE_BOUND('',#2815,.T.);
#2815 = EDGE_LOOP('',(#2816,#2817,#2823,#2824));
#2816 = ORIENTED_EDGE('',*,*,#426,.T.);
#2817 = ORIENTED_EDGE('',*,*,#2818,.T.);
#2818 = EDGE_CURVE('',#427,#1544,#2819,.T.);
#2819 = LINE('',#2820,#2821);
#2820 = CARTESIAN_POINT('',(114.7,-109.9,-4.6E-02));
#2821 = VECTOR('',#2822,1.);
#2822 = DIRECTION('',(0.,0.,1.));
#2823 = ORIENTED_EDGE('',*,*,#1543,.F.);
#2824 = ORIENTED_EDGE('',*,*,#2818,.F.);
#2825 = CYLINDRICAL_SURFACE('',#2826,0.5);
#2826 = AXIS2_PLACEMENT_3D('',#2827,#2828,#2829);
#2827 = CARTESIAN_POINT('',(114.7,-109.4,-4.6E-02));
#2828 = DIRECTION('',(-0.,-0.,-1.));
#2829 = DIRECTION('',(-0.,-1.,0.));
#2830 = ADVANCED_FACE('',(#2831),#2842,.F.);
#2831 = FACE_BOUND('',#2832,.T.);
#2832 = EDGE_LOOP('',(#2833,#2834,#2840,#2841));
#2833 = ORIENTED_EDGE('',*,*,#437,.T.);
#2834 = ORIENTED_EDGE('',*,*,#2835,.T.);
#2835 = EDGE_CURVE('',#438,#1555,#2836,.T.);
#2836 = LINE('',#2837,#2838);
#2837 = CARTESIAN_POINT('',(134.781441,-124.580127,-4.6E-02));
#2838 = VECTOR('',#2839,1.);
#2839 = DIRECTION('',(0.,0.,1.));
#2840 = ORIENTED_EDGE('',*,*,#1554,.F.);
#2841 = ORIENTED_EDGE('',*,*,#2835,.F.);
#2842 = CYLINDRICAL_SURFACE('',#2843,0.5);
#2843 = AXIS2_PLACEMENT_3D('',#2844,#2845,#2846);
#2844 = CARTESIAN_POINT('',(134.781441,-124.080127,-4.6E-02));
#2845 = DIRECTION('',(-0.,-0.,-1.));
#2846 = DIRECTION('',(-0.,-1.,0.));
#2847 = ADVANCED_FACE('',(#2848),#2859,.F.);
#2848 = FACE_BOUND('',#2849,.T.);
#2849 = EDGE_LOOP('',(#2850,#2851,#2857,#2858));
#2850 = ORIENTED_EDGE('',*,*,#448,.T.);
#2851 = ORIENTED_EDGE('',*,*,#2852,.T.);
#2852 = EDGE_CURVE('',#449,#1566,#2853,.T.);
#2853 = LINE('',#2854,#2855);
#2854 = CARTESIAN_POINT('',(132.475,-119.375,-4.6E-02));
#2855 = VECTOR('',#2856,1.);
#2856 = DIRECTION('',(0.,0.,1.));
#2857 = ORIENTED_EDGE('',*,*,#1565,.F.);
#2858 = ORIENTED_EDGE('',*,*,#2852,.F.);
#2859 = CYLINDRICAL_SURFACE('',#2860,2.4);
#2860 = AXIS2_PLACEMENT_3D('',#2861,#2862,#2863);
#2861 = CARTESIAN_POINT('',(132.475,-116.975,-4.6E-02));
#2862 = DIRECTION('',(-0.,-0.,-1.));
#2863 = DIRECTION('',(-0.,-1.,0.));
#2864 = ADVANCED_FACE('',(#2865),#2876,.F.);
#2865 = FACE_BOUND('',#2866,.T.);
#2866 = EDGE_LOOP('',(#2867,#2868,#2874,#2875));
#2867 = ORIENTED_EDGE('',*,*,#459,.T.);
#2868 = ORIENTED_EDGE('',*,*,#2869,.T.);
#2869 = EDGE_CURVE('',#460,#1577,#2870,.T.);
#2870 = LINE('',#2871,#2872);
#2871 = CARTESIAN_POINT('',(127.36545,-115.525,-4.6E-02));
#2872 = VECTOR('',#2873,1.);
#2873 = DIRECTION('',(0.,0.,1.));
#2874 = ORIENTED_EDGE('',*,*,#1576,.F.);
#2875 = ORIENTED_EDGE('',*,*,#2869,.F.);
#2876 = CYLINDRICAL_SURFACE('',#2877,1.5);
#2877 = AXIS2_PLACEMENT_3D('',#2878,#2879,#2880);
#2878 = CARTESIAN_POINT('',(127.36545,-114.025,-4.6E-02));
#2879 = DIRECTION('',(-0.,-0.,-1.));
#2880 = DIRECTION('',(-9.473903143468E-15,-1.,0.));
#2881 = ADVANCED_FACE('',(#2882),#2893,.F.);
#2882 = FACE_BOUND('',#2883,.T.);
#2883 = EDGE_LOOP('',(#2884,#2885,#2891,#2892));
#2884 = ORIENTED_EDGE('',*,*,#470,.T.);
#2885 = ORIENTED_EDGE('',*,*,#2886,.T.);
#2886 = EDGE_CURVE('',#471,#1588,#2887,.T.);
#2887 = LINE('',#2888,#2889);
#2888 = CARTESIAN_POINT('',(131.770706,-112.294873,-4.6E-02));
#2889 = VECTOR('',#2890,1.);
#2890 = DIRECTION('',(0.,0.,1.));
#2891 = ORIENTED_EDGE('',*,*,#1587,.F.);
#2892 = ORIENTED_EDGE('',*,*,#2886,.F.);
#2893 = CYLINDRICAL_SURFACE('',#2894,1.5);
#2894 = AXIS2_PLACEMENT_3D('',#2895,#2896,#2897);
#2895 = CARTESIAN_POINT('',(131.770706,-110.794873,-4.6E-02));
#2896 = DIRECTION('',(-0.,-0.,-1.));
#2897 = DIRECTION('',(-0.,-1.,0.));
#2898 = ADVANCED_FACE('',(#2899),#2910,.F.);
#2899 = FACE_BOUND('',#2900,.T.);
#2900 = EDGE_LOOP('',(#2901,#2902,#2908,#2909));
#2901 = ORIENTED_EDGE('',*,*,#481,.T.);
#2902 = ORIENTED_EDGE('',*,*,#2903,.T.);
#2903 = EDGE_CURVE('',#482,#1599,#2904,.T.);
#2904 = LINE('',#2905,#2906);
#2905 = CARTESIAN_POINT('',(101.4,-103.675,-4.6E-02));
#2906 = VECTOR('',#2907,1.);
#2907 = DIRECTION('',(0.,0.,1.));
#2908 = ORIENTED_EDGE('',*,*,#1598,.F.);
#2909 = ORIENTED_EDGE('',*,*,#2903,.F.);
#2910 = CYLINDRICAL_SURFACE('',#2911,1.5);
#2911 = AXIS2_PLACEMENT_3D('',#2912,#2913,#2914);
#2912 = CARTESIAN_POINT('',(101.4,-102.175,-4.6E-02));
#2913 = DIRECTION('',(-0.,-0.,-1.));
#2914 = DIRECTION('',(-0.,-1.,0.));
#2915 = ADVANCED_FACE('',(#2916),#2927,.F.);
#2916 = FACE_BOUND('',#2917,.T.);
#2917 = EDGE_LOOP('',(#2918,#2919,#2925,#2926));
#2918 = ORIENTED_EDGE('',*,*,#492,.T.);
#2919 = ORIENTED_EDGE('',*,*,#2920,.T.);
#2920 = EDGE_CURVE('',#493,#1610,#2921,.T.);
#2921 = LINE('',#2922,#2923);
#2922 = CARTESIAN_POINT('',(96.4,-101.475,-4.6E-02));
#2923 = VECTOR('',#2924,1.);
#2924 = DIRECTION('',(0.,0.,1.));
#2925 = ORIENTED_EDGE('',*,*,#1609,.F.);
#2926 = ORIENTED_EDGE('',*,*,#2920,.F.);
#2927 = CYLINDRICAL_SURFACE('',#2928,1.5);
#2928 = AXIS2_PLACEMENT_3D('',#2929,#2930,#2931);
#2929 = CARTESIAN_POINT('',(96.4,-99.975,-4.6E-02));
#2930 = DIRECTION('',(-0.,-0.,-1.));
#2931 = DIRECTION('',(-0.,-1.,0.));
#2932 = ADVANCED_FACE('',(#2933),#2944,.F.);
#2933 = FACE_BOUND('',#2934,.T.);
#2934 = EDGE_LOOP('',(#2935,#2936,#2942,#2943));
#2935 = ORIENTED_EDGE('',*,*,#503,.T.);
#2936 = ORIENTED_EDGE('',*,*,#2937,.T.);
#2937 = EDGE_CURVE('',#504,#1621,#2938,.T.);
#2938 = LINE('',#2939,#2940);
#2939 = CARTESIAN_POINT('',(113.,-103.55,-4.6E-02));
#2940 = VECTOR('',#2941,1.);
#2941 = DIRECTION('',(0.,0.,1.));
#2942 = ORIENTED_EDGE('',*,*,#1620,.F.);
#2943 = ORIENTED_EDGE('',*,*,#2937,.F.);
#2944 = CYLINDRICAL_SURFACE('',#2945,1.5);
#2945 = AXIS2_PLACEMENT_3D('',#2946,#2947,#2948);
#2946 = CARTESIAN_POINT('',(113.,-102.05,-4.6E-02));
#2947 = DIRECTION('',(-0.,-0.,-1.));
#2948 = DIRECTION('',(-0.,-1.,0.));
#2949 = ADVANCED_FACE('',(#2950),#2961,.F.);
#2950 = FACE_BOUND('',#2951,.T.);
#2951 = EDGE_LOOP('',(#2952,#2953,#2959,#2960));
#2952 = ORIENTED_EDGE('',*,*,#514,.T.);
#2953 = ORIENTED_EDGE('',*,*,#2954,.T.);
#2954 = EDGE_CURVE('',#515,#1632,#2955,.T.);
#2955 = LINE('',#2956,#2957);
#2956 = CARTESIAN_POINT('',(101.4,-98.675,-4.6E-02));
#2957 = VECTOR('',#2958,1.);
#2958 = DIRECTION('',(0.,0.,1.));
#2959 = ORIENTED_EDGE('',*,*,#1631,.F.);
#2960 = ORIENTED_EDGE('',*,*,#2954,.F.);
#2961 = CYLINDRICAL_SURFACE('',#2962,2.4);
#2962 = AXIS2_PLACEMENT_3D('',#2963,#2964,#2965);
#2963 = CARTESIAN_POINT('',(101.4,-96.275,-4.6E-02));
#2964 = DIRECTION('',(-0.,-0.,-1.));
#2965 = DIRECTION('',(-0.,-1.,0.));
#2966 = ADVANCED_FACE('',(#2967),#2978,.F.);
#2967 = FACE_BOUND('',#2968,.T.);
#2968 = EDGE_LOOP('',(#2969,#2970,#2976,#2977));
#2969 = ORIENTED_EDGE('',*,*,#525,.T.);
#2970 = ORIENTED_EDGE('',*,*,#2971,.T.);
#2971 = EDGE_CURVE('',#526,#1643,#2972,.T.);
#2972 = LINE('',#2973,#2974);
#2973 = CARTESIAN_POINT('',(89.8,-92.,-4.6E-02));
#2974 = VECTOR('',#2975,1.);
#2975 = DIRECTION('',(0.,0.,1.));
#2976 = ORIENTED_EDGE('',*,*,#1642,.F.);
#2977 = ORIENTED_EDGE('',*,*,#2971,.F.);
#2978 = CYLINDRICAL_SURFACE('',#2979,1.5);
#2979 = AXIS2_PLACEMENT_3D('',#2980,#2981,#2982);
#2980 = CARTESIAN_POINT('',(89.8,-90.5,-4.6E-02));
#2981 = DIRECTION('',(-0.,-0.,-1.));
#2982 = DIRECTION('',(-0.,-1.,0.));
#2983 = ADVANCED_FACE('',(#2984),#2995,.F.);
#2984 = FACE_BOUND('',#2985,.T.);
#2985 = EDGE_LOOP('',(#2986,#2987,#2993,#2994));
#2986 = ORIENTED_EDGE('',*,*,#536,.T.);
#2987 = ORIENTED_EDGE('',*,*,#2988,.T.);
#2988 = EDGE_CURVE('',#537,#1654,#2989,.T.);
#2989 = LINE('',#2990,#2991);
#2990 = CARTESIAN_POINT('',(106.4,-91.225,-4.6E-02));
#2991 = VECTOR('',#2992,1.);
#2992 = DIRECTION('',(0.,0.,1.));
#2993 = ORIENTED_EDGE('',*,*,#1653,.F.);
#2994 = ORIENTED_EDGE('',*,*,#2988,.F.);
#2995 = CYLINDRICAL_SURFACE('',#2996,0.5);
#2996 = AXIS2_PLACEMENT_3D('',#2997,#2998,#2999);
#2997 = CARTESIAN_POINT('',(106.4,-90.725,-4.6E-02));
#2998 = DIRECTION('',(-0.,-0.,-1.));
#2999 = DIRECTION('',(-0.,-1.,0.));
#3000 = ADVANCED_FACE('',(#3001),#3012,.F.);
#3001 = FACE_BOUND('',#3002,.T.);
#3002 = EDGE_LOOP('',(#3003,#3004,#3010,#3011));
#3003 = ORIENTED_EDGE('',*,*,#547,.T.);
#3004 = ORIENTED_EDGE('',*,*,#3005,.T.);
#3005 = EDGE_CURVE('',#548,#1665,#3006,.T.);
#3006 = LINE('',#3007,#3008);
#3007 = CARTESIAN_POINT('',(118.,-105.75,-4.6E-02));
#3008 = VECTOR('',#3009,1.);
#3009 = DIRECTION('',(0.,0.,1.));
#3010 = ORIENTED_EDGE('',*,*,#1664,.F.);
#3011 = ORIENTED_EDGE('',*,*,#3005,.F.);
#3012 = CYLINDRICAL_SURFACE('',#3013,1.5);
#3013 = AXIS2_PLACEMENT_3D('',#3014,#3015,#3016);
#3014 = CARTESIAN_POINT('',(118.,-104.25,-4.6E-02));
#3015 = DIRECTION('',(-0.,-0.,-1.));
#3016 = DIRECTION('',(-0.,-1.,0.));
#3017 = ADVANCED_FACE('',(#3018),#3029,.F.);
#3018 = FACE_BOUND('',#3019,.T.);
#3019 = EDGE_LOOP('',(#3020,#3021,#3027,#3028));
#3020 = ORIENTED_EDGE('',*,*,#558,.T.);
#3021 = ORIENTED_EDGE('',*,*,#3022,.T.);
#3022 = EDGE_CURVE('',#559,#1676,#3023,.T.);
#3023 = LINE('',#3024,#3025);
#3024 = CARTESIAN_POINT('',(118.,-100.75,-4.6E-02));
#3025 = VECTOR('',#3026,1.);
#3026 = DIRECTION('',(0.,0.,1.));
#3027 = ORIENTED_EDGE('',*,*,#1675,.F.);
#3028 = ORIENTED_EDGE('',*,*,#3022,.F.);
#3029 = CYLINDRICAL_SURFACE('',#3030,2.4);
#3030 = AXIS2_PLACEMENT_3D('',#3031,#3032,#3033);
#3031 = CARTESIAN_POINT('',(118.,-98.35,-4.6E-02));
#3032 = DIRECTION('',(-0.,-0.,-1.));
#3033 = DIRECTION('',(-0.,-1.,0.));
#3034 = ADVANCED_FACE('',(#3035),#3046,.F.);
#3035 = FACE_BOUND('',#3036,.T.);
#3036 = EDGE_LOOP('',(#3037,#3038,#3044,#3045));
#3037 = ORIENTED_EDGE('',*,*,#569,.T.);
#3038 = ORIENTED_EDGE('',*,*,#3039,.T.);
#3039 = EDGE_CURVE('',#570,#1687,#3040,.T.);
#3040 = LINE('',#3041,#3042);
#3041 = CARTESIAN_POINT('',(137.8,-99.4,-4.6E-02));
#3042 = VECTOR('',#3043,1.);
#3043 = DIRECTION('',(0.,0.,1.));
#3044 = ORIENTED_EDGE('',*,*,#1686,.F.);
#3045 = ORIENTED_EDGE('',*,*,#3039,.F.);
#3046 = CYLINDRICAL_SURFACE('',#3047,0.5);
#3047 = AXIS2_PLACEMENT_3D('',#3048,#3049,#3050);
#3048 = CARTESIAN_POINT('',(137.8,-98.9,-4.6E-02));
#3049 = DIRECTION('',(-0.,-0.,-1.));
#3050 = DIRECTION('',(-0.,-1.,0.));
#3051 = ADVANCED_FACE('',(#3052),#3063,.F.);
#3052 = FACE_BOUND('',#3053,.T.);
#3053 = EDGE_LOOP('',(#3054,#3055,#3061,#3062));
#3054 = ORIENTED_EDGE('',*,*,#580,.T.);
#3055 = ORIENTED_EDGE('',*,*,#3056,.T.);
#3056 = EDGE_CURVE('',#581,#1698,#3057,.T.);
#3057 = LINE('',#3058,#3059);
#3058 = CARTESIAN_POINT('',(142.8,-99.4,-4.6E-02));
#3059 = VECTOR('',#3060,1.);
#3060 = DIRECTION('',(0.,0.,1.));
#3061 = ORIENTED_EDGE('',*,*,#1697,.F.);
#3062 = ORIENTED_EDGE('',*,*,#3056,.F.);
#3063 = CYLINDRICAL_SURFACE('',#3064,0.5);
#3064 = AXIS2_PLACEMENT_3D('',#3065,#3066,#3067);
#3065 = CARTESIAN_POINT('',(142.8,-98.9,-4.6E-02));
#3066 = DIRECTION('',(-0.,-0.,-1.));
#3067 = DIRECTION('',(-0.,-1.,0.));
#3068 = ADVANCED_FACE('',(#3069),#3080,.F.);
#3069 = FACE_BOUND('',#3070,.T.);
#3070 = EDGE_LOOP('',(#3071,#3072,#3078,#3079));
#3071 = ORIENTED_EDGE('',*,*,#591,.T.);
#3072 = ORIENTED_EDGE('',*,*,#3073,.T.);
#3073 = EDGE_CURVE('',#592,#1709,#3074,.T.);
#3074 = LINE('',#3075,#3076);
#3075 = CARTESIAN_POINT('',(123.,-93.3,-4.6E-02));
#3076 = VECTOR('',#3077,1.);
#3077 = DIRECTION('',(0.,0.,1.));
#3078 = ORIENTED_EDGE('',*,*,#1708,.F.);
#3079 = ORIENTED_EDGE('',*,*,#3073,.F.);
#3080 = CYLINDRICAL_SURFACE('',#3081,0.5);
#3081 = AXIS2_PLACEMENT_3D('',#3082,#3083,#3084);
#3082 = CARTESIAN_POINT('',(123.,-92.8,-4.6E-02));
#3083 = DIRECTION('',(-0.,-0.,-1.));
#3084 = DIRECTION('',(-0.,-1.,0.));
#3085 = ADVANCED_FACE('',(#3086),#3102,.F.);
#3086 = FACE_BOUND('',#3087,.T.);
#3087 = EDGE_LOOP('',(#3088,#3089,#3095,#3096));
#3088 = ORIENTED_EDGE('',*,*,#602,.T.);
#3089 = ORIENTED_EDGE('',*,*,#3090,.T.);
#3090 = EDGE_CURVE('',#605,#1722,#3091,.T.);
#3091 = LINE('',#3092,#3093);
#3092 = CARTESIAN_POINT('',(133.7,-92.3,-4.6E-02));
#3093 = VECTOR('',#3094,1.);
#3094 = DIRECTION('',(0.,0.,1.));
#3095 = ORIENTED_EDGE('',*,*,#1719,.F.);
#3096 = ORIENTED_EDGE('',*,*,#3097,.F.);
#3097 = EDGE_CURVE('',#603,#1720,#3098,.T.);
#3098 = LINE('',#3099,#3100);
#3099 = CARTESIAN_POINT('',(135.7,-92.3,-4.6E-02));
#3100 = VECTOR('',#3101,1.);
#3101 = DIRECTION('',(0.,0.,1.));
#3102 = CYLINDRICAL_SURFACE('',#3103,1.);
#3103 = AXIS2_PLACEMENT_3D('',#3104,#3105,#3106);
#3104 = CARTESIAN_POINT('',(134.7,-92.3,-4.6E-02));
#3105 = DIRECTION('',(-0.,-0.,-1.));
#3106 = DIRECTION('',(-1.,0.,-0.));
#3107 = ADVANCED_FACE('',(#3108),#3119,.T.);
#3108 = FACE_BOUND('',#3109,.T.);
#3109 = EDGE_LOOP('',(#3110,#3111,#3112,#3113));
#3110 = ORIENTED_EDGE('',*,*,#630,.T.);
#3111 = ORIENTED_EDGE('',*,*,#3097,.T.);
#3112 = ORIENTED_EDGE('',*,*,#1747,.F.);
#3113 = ORIENTED_EDGE('',*,*,#3114,.F.);
#3114 = EDGE_CURVE('',#622,#1739,#3115,.T.);
#3115 = LINE('',#3116,#3117);
#3116 = CARTESIAN_POINT('',(135.7,-91.5,-4.6E-02));
#3117 = VECTOR('',#3118,1.);
#3118 = DIRECTION('',(0.,0.,1.));
#3119 = PLANE('',#3120);
#3120 = AXIS2_PLACEMENT_3D('',#3121,#3122,#3123);
#3121 = CARTESIAN_POINT('',(135.7,-92.3,-4.6E-02));
#3122 = DIRECTION('',(-1.,0.,0.));
#3123 = DIRECTION('',(0.,1.,0.));
#3124 = ADVANCED_FACE('',(#3125),#3136,.F.);
#3125 = FACE_BOUND('',#3126,.T.);
#3126 = EDGE_LOOP('',(#3127,#3128,#3129,#3130));
#3127 = ORIENTED_EDGE('',*,*,#621,.T.);
#3128 = ORIENTED_EDGE('',*,*,#3114,.T.);
#3129 = ORIENTED_EDGE('',*,*,#1738,.F.);
#3130 = ORIENTED_EDGE('',*,*,#3131,.F.);
#3131 = EDGE_CURVE('',#614,#1731,#3132,.T.);
#3132 = LINE('',#3133,#3134);
#3133 = CARTESIAN_POINT('',(133.7,-91.5,-4.6E-02));
#3134 = VECTOR('',#3135,1.);
#3135 = DIRECTION('',(0.,0.,1.));
#3136 = CYLINDRICAL_SURFACE('',#3137,1.);
#3137 = AXIS2_PLACEMENT_3D('',#3138,#3139,#3140);
#3138 = CARTESIAN_POINT('',(134.7,-91.5,-4.6E-02));
#3139 = DIRECTION('',(-0.,-0.,-1.));
#3140 = DIRECTION('',(1.,0.,-0.));
#3141 = ADVANCED_FACE('',(#3142),#3148,.T.);
#3142 = FACE_BOUND('',#3143,.T.);
#3143 = EDGE_LOOP('',(#3144,#3145,#3146,#3147));
#3144 = ORIENTED_EDGE('',*,*,#613,.T.);
#3145 = ORIENTED_EDGE('',*,*,#3131,.T.);
#3146 = ORIENTED_EDGE('',*,*,#1730,.F.);
#3147 = ORIENTED_EDGE('',*,*,#3090,.F.);
#3148 = PLANE('',#3149);
#3149 = AXIS2_PLACEMENT_3D('',#3150,#3151,#3152);
#3150 = CARTESIAN_POINT('',(133.7,-91.5,-4.6E-02));
#3151 = DIRECTION('',(1.,0.,-0.));
#3152 = DIRECTION('',(0.,-1.,0.));
#3153 = ADVANCED_FACE('',(#3154),#3170,.F.);
#3154 = FACE_BOUND('',#3155,.T.);
#3155 = EDGE_LOOP('',(#3156,#3157,#3163,#3164));
#3156 = ORIENTED_EDGE('',*,*,#638,.T.);
#3157 = ORIENTED_EDGE('',*,*,#3158,.T.);
#3158 = EDGE_CURVE('',#641,#1758,#3159,.T.);
#3159 = LINE('',#3160,#3161);
#3160 = CARTESIAN_POINT('',(144.9,-92.3,-4.6E-02));
#3161 = VECTOR('',#3162,1.);
#3162 = DIRECTION('',(0.,0.,1.));
#3163 = ORIENTED_EDGE('',*,*,#1755,.F.);
#3164 = ORIENTED_EDGE('',*,*,#3165,.F.);
#3165 = EDGE_CURVE('',#639,#1756,#3166,.T.);
#3166 = LINE('',#3167,#3168);
#3167 = CARTESIAN_POINT('',(146.9,-92.3,-4.6E-02));
#3168 = VECTOR('',#3169,1.);
#3169 = DIRECTION('',(0.,0.,1.));
#3170 = CYLINDRICAL_SURFACE('',#3171,1.);
#3171 = AXIS2_PLACEMENT_3D('',#3172,#3173,#3174);
#3172 = CARTESIAN_POINT('',(145.9,-92.3,-4.6E-02));
#3173 = DIRECTION('',(-0.,-0.,-1.));
#3174 = DIRECTION('',(-1.,0.,-0.));
#3175 = ADVANCED_FACE('',(#3176),#3187,.T.);
#3176 = FACE_BOUND('',#3177,.T.);
#3177 = EDGE_LOOP('',(#3178,#3179,#3180,#3181));
#3178 = ORIENTED_EDGE('',*,*,#666,.T.);
#3179 = ORIENTED_EDGE('',*,*,#3165,.T.);
#3180 = ORIENTED_EDGE('',*,*,#1783,.F.);
#3181 = ORIENTED_EDGE('',*,*,#3182,.F.);
#3182 = EDGE_CURVE('',#658,#1775,#3183,.T.);
#3183 = LINE('',#3184,#3185);
#3184 = CARTESIAN_POINT('',(146.9,-91.5,-4.6E-02));
#3185 = VECTOR('',#3186,1.);
#3186 = DIRECTION('',(0.,0.,1.));
#3187 = PLANE('',#3188);
#3188 = AXIS2_PLACEMENT_3D('',#3189,#3190,#3191);
#3189 = CARTESIAN_POINT('',(146.9,-92.3,-4.6E-02));
#3190 = DIRECTION('',(-1.,0.,0.));
#3191 = DIRECTION('',(0.,1.,0.));
#3192 = ADVANCED_FACE('',(#3193),#3204,.F.);
#3193 = FACE_BOUND('',#3194,.T.);
#3194 = EDGE_LOOP('',(#3195,#3196,#3197,#3198));
#3195 = ORIENTED_EDGE('',*,*,#657,.T.);
#3196 = ORIENTED_EDGE('',*,*,#3182,.T.);
#3197 = ORIENTED_EDGE('',*,*,#1774,.F.);
#3198 = ORIENTED_EDGE('',*,*,#3199,.F.);
#3199 = EDGE_CURVE('',#650,#1767,#3200,.T.);
#3200 = LINE('',#3201,#3202);
#3201 = CARTESIAN_POINT('',(144.9,-91.5,-4.6E-02));
#3202 = VECTOR('',#3203,1.);
#3203 = DIRECTION('',(0.,0.,1.));
#3204 = CYLINDRICAL_SURFACE('',#3205,1.);
#3205 = AXIS2_PLACEMENT_3D('',#3206,#3207,#3208);
#3206 = CARTESIAN_POINT('',(145.9,-91.5,-4.6E-02));
#3207 = DIRECTION('',(-0.,-0.,-1.));
#3208 = DIRECTION('',(1.,0.,-0.));
#3209 = ADVANCED_FACE('',(#3210),#3216,.T.);
#3210 = FACE_BOUND('',#3211,.T.);
#3211 = EDGE_LOOP('',(#3212,#3213,#3214,#3215));
#3212 = ORIENTED_EDGE('',*,*,#649,.T.);
#3213 = ORIENTED_EDGE('',*,*,#3199,.T.);
#3214 = ORIENTED_EDGE('',*,*,#1766,.F.);
#3215 = ORIENTED_EDGE('',*,*,#3158,.F.);
#3216 = PLANE('',#3217);
#3217 = AXIS2_PLACEMENT_3D('',#3218,#3219,#3220);
#3218 = CARTESIAN_POINT('',(144.9,-91.5,-4.6E-02));
#3219 = DIRECTION('',(1.,0.,-0.));
#3220 = DIRECTION('',(0.,-1.,0.));
#3221 = ADVANCED_FACE('',(#3222),#3233,.F.);
#3222 = FACE_BOUND('',#3223,.T.);
#3223 = EDGE_LOOP('',(#3224,#3225,#3231,#3232));
#3224 = ORIENTED_EDGE('',*,*,#674,.T.);
#3225 = ORIENTED_EDGE('',*,*,#3226,.T.);
#3226 = EDGE_CURVE('',#675,#1792,#3227,.T.);
#3227 = LINE('',#3228,#3229);
#3228 = CARTESIAN_POINT('',(35.,-87.885,-4.6E-02));
#3229 = VECTOR('',#3230,1.);
#3230 = DIRECTION('',(0.,0.,1.));
#3231 = ORIENTED_EDGE('',*,*,#1791,.F.);
#3232 = ORIENTED_EDGE('',*,*,#3226,.F.);
#3233 = CYLINDRICAL_SURFACE('',#3234,2.4);
#3234 = AXIS2_PLACEMENT_3D('',#3235,#3236,#3237);
#3235 = CARTESIAN_POINT('',(35.,-85.485,-4.6E-02));
#3236 = DIRECTION('',(-0.,-0.,-1.));
#3237 = DIRECTION('',(-0.,-1.,0.));
#3238 = ADVANCED_FACE('',(#3239),#3250,.F.);
#3239 = FACE_BOUND('',#3240,.T.);
#3240 = EDGE_LOOP('',(#3241,#3242,#3248,#3249));
#3241 = ORIENTED_EDGE('',*,*,#685,.T.);
#3242 = ORIENTED_EDGE('',*,*,#3243,.T.);
#3243 = EDGE_CURVE('',#686,#1803,#3244,.T.);
#3244 = LINE('',#3245,#3246);
#3245 = CARTESIAN_POINT('',(40.,-83.285,-4.6E-02));
#3246 = VECTOR('',#3247,1.);
#3247 = DIRECTION('',(0.,0.,1.));
#3248 = ORIENTED_EDGE('',*,*,#1802,.F.);
#3249 = ORIENTED_EDGE('',*,*,#3243,.F.);
#3250 = CYLINDRICAL_SURFACE('',#3251,1.5);
#3251 = AXIS2_PLACEMENT_3D('',#3252,#3253,#3254);
#3252 = CARTESIAN_POINT('',(40.,-81.785,-4.6E-02));
#3253 = DIRECTION('',(-0.,-0.,-1.));
#3254 = DIRECTION('',(-0.,-1.,0.));
#3255 = ADVANCED_FACE('',(#3256),#3267,.F.);
#3256 = FACE_BOUND('',#3257,.T.);
#3257 = EDGE_LOOP('',(#3258,#3259,#3265,#3266));
#3258 = ORIENTED_EDGE('',*,*,#696,.T.);
#3259 = ORIENTED_EDGE('',*,*,#3260,.T.);
#3260 = EDGE_CURVE('',#697,#1814,#3261,.T.);
#3261 = LINE('',#3262,#3263);
#3262 = CARTESIAN_POINT('',(51.6,-86.225,-4.6E-02));
#3263 = VECTOR('',#3264,1.);
#3264 = DIRECTION('',(0.,0.,1.));
#3265 = ORIENTED_EDGE('',*,*,#1813,.F.);
#3266 = ORIENTED_EDGE('',*,*,#3260,.F.);
#3267 = CYLINDRICAL_SURFACE('',#3268,2.4);
#3268 = AXIS2_PLACEMENT_3D('',#3269,#3270,#3271);
#3269 = CARTESIAN_POINT('',(51.6,-83.825,-4.6E-02));
#3270 = DIRECTION('',(-0.,-0.,-1.));
#3271 = DIRECTION('',(-0.,-1.,0.));
#3272 = ADVANCED_FACE('',(#3273),#3284,.F.);
#3273 = FACE_BOUND('',#3274,.T.);
#3274 = EDGE_LOOP('',(#3275,#3276,#3282,#3283));
#3275 = ORIENTED_EDGE('',*,*,#707,.T.);
#3276 = ORIENTED_EDGE('',*,*,#3277,.T.);
#3277 = EDGE_CURVE('',#708,#1825,#3278,.T.);
#3278 = LINE('',#3279,#3280);
#3279 = CARTESIAN_POINT('',(35.,-81.085,-4.6E-02));
#3280 = VECTOR('',#3281,1.);
#3281 = DIRECTION('',(0.,0.,1.));
#3282 = ORIENTED_EDGE('',*,*,#1824,.F.);
#3283 = ORIENTED_EDGE('',*,*,#3277,.F.);
#3284 = CYLINDRICAL_SURFACE('',#3285,1.5);
#3285 = AXIS2_PLACEMENT_3D('',#3286,#3287,#3288);
#3286 = CARTESIAN_POINT('',(35.,-79.585,-4.6E-02));
#3287 = DIRECTION('',(-0.,-0.,-1.));
#3288 = DIRECTION('',(-0.,-1.,0.));
#3289 = ADVANCED_FACE('',(#3290),#3301,.F.);
#3290 = FACE_BOUND('',#3291,.T.);
#3291 = EDGE_LOOP('',(#3292,#3293,#3299,#3300));
#3292 = ORIENTED_EDGE('',*,*,#718,.T.);
#3293 = ORIENTED_EDGE('',*,*,#3294,.T.);
#3294 = EDGE_CURVE('',#719,#1836,#3295,.T.);
#3295 = LINE('',#3296,#3297);
#3296 = CARTESIAN_POINT('',(30.,-74.935,-4.6E-02));
#3297 = VECTOR('',#3298,1.);
#3298 = DIRECTION('',(0.,0.,1.));
#3299 = ORIENTED_EDGE('',*,*,#1835,.F.);
#3300 = ORIENTED_EDGE('',*,*,#3294,.F.);
#3301 = CYLINDRICAL_SURFACE('',#3302,0.5);
#3302 = AXIS2_PLACEMENT_3D('',#3303,#3304,#3305);
#3303 = CARTESIAN_POINT('',(30.,-74.435,-4.6E-02));
#3304 = DIRECTION('',(-0.,-0.,-1.));
#3305 = DIRECTION('',(-0.,-1.,0.));
#3306 = ADVANCED_FACE('',(#3307),#3318,.F.);
#3307 = FACE_BOUND('',#3308,.T.);
#3308 = EDGE_LOOP('',(#3309,#3310,#3316,#3317));
#3309 = ORIENTED_EDGE('',*,*,#729,.T.);
#3310 = ORIENTED_EDGE('',*,*,#3311,.T.);
#3311 = EDGE_CURVE('',#730,#1847,#3312,.T.);
#3312 = LINE('',#3313,#3314);
#3313 = CARTESIAN_POINT('',(56.6,-81.625,-4.6E-02));
#3314 = VECTOR('',#3315,1.);
#3315 = DIRECTION('',(0.,0.,1.));
#3316 = ORIENTED_EDGE('',*,*,#1846,.F.);
#3317 = ORIENTED_EDGE('',*,*,#3311,.F.);
#3318 = CYLINDRICAL_SURFACE('',#3319,1.5);
#3319 = AXIS2_PLACEMENT_3D('',#3320,#3321,#3322);
#3320 = CARTESIAN_POINT('',(56.6,-80.125,-4.6E-02));
#3321 = DIRECTION('',(-0.,-0.,-1.));
#3322 = DIRECTION('',(-0.,-1.,0.));
#3323 = ADVANCED_FACE('',(#3324),#3335,.F.);
#3324 = FACE_BOUND('',#3325,.T.);
#3325 = EDGE_LOOP('',(#3326,#3327,#3333,#3334));
#3326 = ORIENTED_EDGE('',*,*,#740,.T.);
#3327 = ORIENTED_EDGE('',*,*,#3328,.T.);
#3328 = EDGE_CURVE('',#741,#1858,#3329,.T.);
#3329 = LINE('',#3330,#3331);
#3330 = CARTESIAN_POINT('',(51.6,-79.425,-4.6E-02));
#3331 = VECTOR('',#3332,1.);
#3332 = DIRECTION('',(0.,0.,1.));
#3333 = ORIENTED_EDGE('',*,*,#1857,.F.);
#3334 = ORIENTED_EDGE('',*,*,#3328,.F.);
#3335 = CYLINDRICAL_SURFACE('',#3336,1.5);
#3336 = AXIS2_PLACEMENT_3D('',#3337,#3338,#3339);
#3337 = CARTESIAN_POINT('',(51.6,-77.925,-4.6E-02));
#3338 = DIRECTION('',(-0.,-0.,-1.));
#3339 = DIRECTION('',(-0.,-1.,0.));
#3340 = ADVANCED_FACE('',(#3341),#3352,.F.);
#3341 = FACE_BOUND('',#3342,.T.);
#3342 = EDGE_LOOP('',(#3343,#3344,#3350,#3351));
#3343 = ORIENTED_EDGE('',*,*,#751,.T.);
#3344 = ORIENTED_EDGE('',*,*,#3345,.T.);
#3345 = EDGE_CURVE('',#752,#1869,#3346,.T.);
#3346 = LINE('',#3347,#3348);
#3347 = CARTESIAN_POINT('',(46.6,-73.275,-4.6E-02));
#3348 = VECTOR('',#3349,1.);
#3349 = DIRECTION('',(0.,0.,1.));
#3350 = ORIENTED_EDGE('',*,*,#1868,.F.);
#3351 = ORIENTED_EDGE('',*,*,#3345,.F.);
#3352 = CYLINDRICAL_SURFACE('',#3353,0.5);
#3353 = AXIS2_PLACEMENT_3D('',#3354,#3355,#3356);
#3354 = CARTESIAN_POINT('',(46.6,-72.775,-4.6E-02));
#3355 = DIRECTION('',(-0.,-0.,-1.));
#3356 = DIRECTION('',(-0.,-1.,0.));
#3357 = ADVANCED_FACE('',(#3358),#3369,.F.);
#3358 = FACE_BOUND('',#3359,.T.);
#3359 = EDGE_LOOP('',(#3360,#3361,#3367,#3368));
#3360 = ORIENTED_EDGE('',*,*,#762,.T.);
#3361 = ORIENTED_EDGE('',*,*,#3362,.T.);
#3362 = EDGE_CURVE('',#763,#1880,#3363,.T.);
#3363 = LINE('',#3364,#3365);
#3364 = CARTESIAN_POINT('',(63.2,-85.725,-4.6E-02));
#3365 = VECTOR('',#3366,1.);
#3366 = DIRECTION('',(0.,0.,1.));
#3367 = ORIENTED_EDGE('',*,*,#1879,.F.);
#3368 = ORIENTED_EDGE('',*,*,#3362,.F.);
#3369 = CYLINDRICAL_SURFACE('',#3370,0.5);
#3370 = AXIS2_PLACEMENT_3D('',#3371,#3372,#3373);
#3371 = CARTESIAN_POINT('',(63.2,-85.225,-4.6E-02));
#3372 = DIRECTION('',(-0.,-0.,-1.));
#3373 = DIRECTION('',(-0.,-1.,0.));
#3374 = ADVANCED_FACE('',(#3375),#3386,.F.);
#3375 = FACE_BOUND('',#3376,.T.);
#3376 = EDGE_LOOP('',(#3377,#3378,#3384,#3385));
#3377 = ORIENTED_EDGE('',*,*,#773,.T.);
#3378 = ORIENTED_EDGE('',*,*,#3379,.T.);
#3379 = EDGE_CURVE('',#774,#1891,#3380,.T.);
#3380 = LINE('',#3381,#3382);
#3381 = CARTESIAN_POINT('',(84.8,-89.8,-4.6E-02));
#3382 = VECTOR('',#3383,1.);
#3383 = DIRECTION('',(0.,0.,1.));
#3384 = ORIENTED_EDGE('',*,*,#1890,.F.);
#3385 = ORIENTED_EDGE('',*,*,#3379,.F.);
#3386 = CYLINDRICAL_SURFACE('',#3387,1.5);
#3387 = AXIS2_PLACEMENT_3D('',#3388,#3389,#3390);
#3388 = CARTESIAN_POINT('',(84.8,-88.3,-4.6E-02));
#3389 = DIRECTION('',(-0.,-0.,-1.));
#3390 = DIRECTION('',(-0.,-1.,0.));
#3391 = ADVANCED_FACE('',(#3392),#3403,.F.);
#3392 = FACE_BOUND('',#3393,.T.);
#3393 = EDGE_LOOP('',(#3394,#3395,#3401,#3402));
#3394 = ORIENTED_EDGE('',*,*,#784,.T.);
#3395 = ORIENTED_EDGE('',*,*,#3396,.T.);
#3396 = EDGE_CURVE('',#785,#1902,#3397,.T.);
#3397 = LINE('',#3398,#3399);
#3398 = CARTESIAN_POINT('',(79.8,-83.65,-4.6E-02));
#3399 = VECTOR('',#3400,1.);
#3400 = DIRECTION('',(0.,0.,1.));
#3401 = ORIENTED_EDGE('',*,*,#1901,.F.);
#3402 = ORIENTED_EDGE('',*,*,#3396,.F.);
#3403 = CYLINDRICAL_SURFACE('',#3404,0.5);
#3404 = AXIS2_PLACEMENT_3D('',#3405,#3406,#3407);
#3405 = CARTESIAN_POINT('',(79.8,-83.15,-4.6E-02));
#3406 = DIRECTION('',(-0.,-0.,-1.));
#3407 = DIRECTION('',(-0.,-1.,0.));
#3408 = ADVANCED_FACE('',(#3409),#3420,.F.);
#3409 = FACE_BOUND('',#3410,.T.);
#3410 = EDGE_LOOP('',(#3411,#3412,#3418,#3419));
#3411 = ORIENTED_EDGE('',*,*,#795,.T.);
#3412 = ORIENTED_EDGE('',*,*,#3413,.T.);
#3413 = EDGE_CURVE('',#796,#1913,#3414,.T.);
#3414 = LINE('',#3415,#3416);
#3415 = CARTESIAN_POINT('',(68.2,-82.075,-4.6E-02));
#3416 = VECTOR('',#3417,1.);
#3417 = DIRECTION('',(0.,0.,1.));
#3418 = ORIENTED_EDGE('',*,*,#1912,.F.);
#3419 = ORIENTED_EDGE('',*,*,#3413,.F.);
#3420 = CYLINDRICAL_SURFACE('',#3421,2.4);
#3421 = AXIS2_PLACEMENT_3D('',#3422,#3423,#3424);
#3422 = CARTESIAN_POINT('',(68.2,-79.675,-4.6E-02));
#3423 = DIRECTION('',(-0.,0.,-1.));
#3424 = DIRECTION('',(5.921189464667E-15,-1.,-0.));
#3425 = ADVANCED_FACE('',(#3426),#3437,.F.);
#3426 = FACE_BOUND('',#3427,.T.);
#3427 = EDGE_LOOP('',(#3428,#3429,#3435,#3436));
#3428 = ORIENTED_EDGE('',*,*,#806,.T.);
#3429 = ORIENTED_EDGE('',*,*,#3430,.T.);
#3430 = EDGE_CURVE('',#807,#1924,#3431,.T.);
#3431 = LINE('',#3432,#3433);
#3432 = CARTESIAN_POINT('',(73.2,-77.475,-4.6E-02));
#3433 = VECTOR('',#3434,1.);
#3434 = DIRECTION('',(0.,0.,1.));
#3435 = ORIENTED_EDGE('',*,*,#1923,.F.);
#3436 = ORIENTED_EDGE('',*,*,#3430,.F.);
#3437 = CYLINDRICAL_SURFACE('',#3438,1.5);
#3438 = AXIS2_PLACEMENT_3D('',#3439,#3440,#3441);
#3439 = CARTESIAN_POINT('',(73.2,-75.975,-4.6E-02));
#3440 = DIRECTION('',(-0.,-0.,-1.));
#3441 = DIRECTION('',(-0.,-1.,0.));
#3442 = ADVANCED_FACE('',(#3443),#3454,.F.);
#3443 = FACE_BOUND('',#3444,.T.);
#3444 = EDGE_LOOP('',(#3445,#3446,#3452,#3453));
#3445 = ORIENTED_EDGE('',*,*,#817,.T.);
#3446 = ORIENTED_EDGE('',*,*,#3447,.T.);
#3447 = EDGE_CURVE('',#818,#1935,#3448,.T.);
#3448 = LINE('',#3449,#3450);
#3449 = CARTESIAN_POINT('',(68.2,-75.275,-4.6E-02));
#3450 = VECTOR('',#3451,1.);
#3451 = DIRECTION('',(0.,0.,1.));
#3452 = ORIENTED_EDGE('',*,*,#1934,.F.);
#3453 = ORIENTED_EDGE('',*,*,#3447,.F.);
#3454 = CYLINDRICAL_SURFACE('',#3455,1.5);
#3455 = AXIS2_PLACEMENT_3D('',#3456,#3457,#3458);
#3456 = CARTESIAN_POINT('',(68.2,-73.775,-4.6E-02));
#3457 = DIRECTION('',(-0.,-0.,-1.));
#3458 = DIRECTION('',(-0.,-1.,0.));
#3459 = ADVANCED_FACE('',(#3460),#3471,.F.);
#3460 = FACE_BOUND('',#3461,.T.);
#3461 = EDGE_LOOP('',(#3462,#3463,#3469,#3470));
#3462 = ORIENTED_EDGE('',*,*,#828,.T.);
#3463 = ORIENTED_EDGE('',*,*,#3464,.T.);
#3464 = EDGE_CURVE('',#829,#1946,#3465,.T.);
#3465 = LINE('',#3466,#3467);
#3466 = CARTESIAN_POINT('',(84.8,-80.,-4.6E-02));
#3467 = VECTOR('',#3468,1.);
#3468 = DIRECTION('',(0.,0.,1.));
#3469 = ORIENTED_EDGE('',*,*,#1945,.F.);
#3470 = ORIENTED_EDGE('',*,*,#3464,.F.);
#3471 = CYLINDRICAL_SURFACE('',#3472,2.4);
#3472 = AXIS2_PLACEMENT_3D('',#3473,#3474,#3475);
#3473 = CARTESIAN_POINT('',(84.8,-77.6,-4.6E-02));
#3474 = DIRECTION('',(-0.,-0.,-1.));
#3475 = DIRECTION('',(-5.921189464668E-15,-1.,0.));
#3476 = ADVANCED_FACE('',(#3477),#3488,.F.);
#3477 = FACE_BOUND('',#3478,.T.);
#3478 = EDGE_LOOP('',(#3479,#3480,#3486,#3487));
#3479 = ORIENTED_EDGE('',*,*,#839,.T.);
#3480 = ORIENTED_EDGE('',*,*,#3481,.T.);
#3481 = EDGE_CURVE('',#840,#1957,#3482,.T.);
#3482 = LINE('',#3483,#3484);
#3483 = CARTESIAN_POINT('',(84.8,-73.2,-4.6E-02));
#3484 = VECTOR('',#3485,1.);
#3485 = DIRECTION('',(0.,0.,1.));
#3486 = ORIENTED_EDGE('',*,*,#1956,.F.);
#3487 = ORIENTED_EDGE('',*,*,#3481,.F.);
#3488 = CYLINDRICAL_SURFACE('',#3489,1.5);
#3489 = AXIS2_PLACEMENT_3D('',#3490,#3491,#3492);
#3490 = CARTESIAN_POINT('',(84.8,-71.7,-4.6E-02));
#3491 = DIRECTION('',(-0.,-0.,-1.));
#3492 = DIRECTION('',(-0.,-1.,0.));
#3493 = ADVANCED_FACE('',(#3494),#3505,.F.);
#3494 = FACE_BOUND('',#3495,.T.);
#3495 = EDGE_LOOP('',(#3496,#3497,#3503,#3504));
#3496 = ORIENTED_EDGE('',*,*,#850,.T.);
#3497 = ORIENTED_EDGE('',*,*,#3498,.T.);
#3498 = EDGE_CURVE('',#851,#1968,#3499,.T.);
#3499 = LINE('',#3500,#3501);
#3500 = CARTESIAN_POINT('',(35.,-71.285,-4.6E-02));
#3501 = VECTOR('',#3502,1.);
#3502 = DIRECTION('',(0.,0.,1.));
#3503 = ORIENTED_EDGE('',*,*,#1967,.F.);
#3504 = ORIENTED_EDGE('',*,*,#3498,.F.);
#3505 = CYLINDRICAL_SURFACE('',#3506,2.4);
#3506 = AXIS2_PLACEMENT_3D('',#3507,#3508,#3509);
#3507 = CARTESIAN_POINT('',(35.,-68.885,-4.6E-02));
#3508 = DIRECTION('',(-0.,-0.,-1.));
#3509 = DIRECTION('',(-0.,-1.,0.));
#3510 = ADVANCED_FACE('',(#3511),#3522,.F.);
#3511 = FACE_BOUND('',#3512,.T.);
#3512 = EDGE_LOOP('',(#3513,#3514,#3520,#3521));
#3513 = ORIENTED_EDGE('',*,*,#861,.T.);
#3514 = ORIENTED_EDGE('',*,*,#3515,.T.);
#3515 = EDGE_CURVE('',#862,#1979,#3516,.T.);
#3516 = LINE('',#3517,#3518);
#3517 = CARTESIAN_POINT('',(35.,-64.485,-4.6E-02));
#3518 = VECTOR('',#3519,1.);
#3519 = DIRECTION('',(0.,0.,1.));
#3520 = ORIENTED_EDGE('',*,*,#1978,.F.);
#3521 = ORIENTED_EDGE('',*,*,#3515,.F.);
#3522 = CYLINDRICAL_SURFACE('',#3523,1.5);
#3523 = AXIS2_PLACEMENT_3D('',#3524,#3525,#3526);
#3524 = CARTESIAN_POINT('',(35.,-62.985,-4.6E-02));
#3525 = DIRECTION('',(-0.,-0.,-1.));
#3526 = DIRECTION('',(-0.,-1.,0.));
#3527 = ADVANCED_FACE('',(#3528),#3539,.F.);
#3528 = FACE_BOUND('',#3529,.T.);
#3529 = EDGE_LOOP('',(#3530,#3531,#3537,#3538));
#3530 = ORIENTED_EDGE('',*,*,#872,.T.);
#3531 = ORIENTED_EDGE('',*,*,#3532,.T.);
#3532 = EDGE_CURVE('',#873,#1990,#3533,.T.);
#3533 = LINE('',#3534,#3535);
#3534 = CARTESIAN_POINT('',(40.,-66.685,-4.6E-02));
#3535 = VECTOR('',#3536,1.);
#3536 = DIRECTION('',(0.,0.,1.));
#3537 = ORIENTED_EDGE('',*,*,#1989,.F.);
#3538 = ORIENTED_EDGE('',*,*,#3532,.F.);
#3539 = CYLINDRICAL_SURFACE('',#3540,1.5);
#3540 = AXIS2_PLACEMENT_3D('',#3541,#3542,#3543);
#3541 = CARTESIAN_POINT('',(40.,-65.185,-4.6E-02));
#3542 = DIRECTION('',(-0.,-0.,-1.));
#3543 = DIRECTION('',(-0.,-1.,0.));
#3544 = ADVANCED_FACE('',(#3545),#3556,.F.);
#3545 = FACE_BOUND('',#3546,.T.);
#3546 = EDGE_LOOP('',(#3547,#3548,#3554,#3555));
#3547 = ORIENTED_EDGE('',*,*,#883,.T.);
#3548 = ORIENTED_EDGE('',*,*,#3549,.T.);
#3549 = EDGE_CURVE('',#884,#2001,#3550,.T.);
#3550 = LINE('',#3551,#3552);
#3551 = CARTESIAN_POINT('',(51.6,-69.625,-4.6E-02));
#3552 = VECTOR('',#3553,1.);
#3553 = DIRECTION('',(0.,0.,1.));
#3554 = ORIENTED_EDGE('',*,*,#2000,.F.);
#3555 = ORIENTED_EDGE('',*,*,#3549,.F.);
#3556 = CYLINDRICAL_SURFACE('',#3557,2.4);
#3557 = AXIS2_PLACEMENT_3D('',#3558,#3559,#3560);
#3558 = CARTESIAN_POINT('',(51.6,-67.225,-4.6E-02));
#3559 = DIRECTION('',(-0.,-0.,-1.));
#3560 = DIRECTION('',(-0.,-1.,0.));
#3561 = ADVANCED_FACE('',(#3562),#3573,.F.);
#3562 = FACE_BOUND('',#3563,.T.);
#3563 = EDGE_LOOP('',(#3564,#3565,#3571,#3572));
#3564 = ORIENTED_EDGE('',*,*,#894,.T.);
#3565 = ORIENTED_EDGE('',*,*,#3566,.T.);
#3566 = EDGE_CURVE('',#895,#2012,#3567,.T.);
#3567 = LINE('',#3568,#3569);
#3568 = CARTESIAN_POINT('',(56.6,-65.025,-4.6E-02));
#3569 = VECTOR('',#3570,1.);
#3570 = DIRECTION('',(0.,0.,1.));
#3571 = ORIENTED_EDGE('',*,*,#2011,.F.);
#3572 = ORIENTED_EDGE('',*,*,#3566,.F.);
#3573 = CYLINDRICAL_SURFACE('',#3574,1.5);
#3574 = AXIS2_PLACEMENT_3D('',#3575,#3576,#3577);
#3575 = CARTESIAN_POINT('',(56.6,-63.525,-4.6E-02));
#3576 = DIRECTION('',(-0.,-0.,-1.));
#3577 = DIRECTION('',(-0.,-1.,0.));
#3578 = ADVANCED_FACE('',(#3579),#3590,.F.);
#3579 = FACE_BOUND('',#3580,.T.);
#3580 = EDGE_LOOP('',(#3581,#3582,#3588,#3589));
#3581 = ORIENTED_EDGE('',*,*,#905,.T.);
#3582 = ORIENTED_EDGE('',*,*,#3583,.T.);
#3583 = EDGE_CURVE('',#906,#2023,#3584,.T.);
#3584 = LINE('',#3585,#3586);
#3585 = CARTESIAN_POINT('',(51.6,-62.825,-4.6E-02));
#3586 = VECTOR('',#3587,1.);
#3587 = DIRECTION('',(0.,0.,1.));
#3588 = ORIENTED_EDGE('',*,*,#2022,.F.);
#3589 = ORIENTED_EDGE('',*,*,#3583,.F.);
#3590 = CYLINDRICAL_SURFACE('',#3591,1.5);
#3591 = AXIS2_PLACEMENT_3D('',#3592,#3593,#3594);
#3592 = CARTESIAN_POINT('',(51.6,-61.325,-4.6E-02));
#3593 = DIRECTION('',(-0.,-0.,-1.));
#3594 = DIRECTION('',(-0.,-1.,0.));
#3595 = ADVANCED_FACE('',(#3596),#3607,.F.);
#3596 = FACE_BOUND('',#3597,.T.);
#3597 = EDGE_LOOP('',(#3598,#3599,#3605,#3606));
#3598 = ORIENTED_EDGE('',*,*,#916,.T.);
#3599 = ORIENTED_EDGE('',*,*,#3600,.T.);
#3600 = EDGE_CURVE('',#917,#2034,#3601,.T.);
#3601 = LINE('',#3602,#3603);
#3602 = CARTESIAN_POINT('',(63.2,-69.125,-4.6E-02));
#3603 = VECTOR('',#3604,1.);
#3604 = DIRECTION('',(0.,0.,1.));
#3605 = ORIENTED_EDGE('',*,*,#2033,.F.);
#3606 = ORIENTED_EDGE('',*,*,#3600,.F.);
#3607 = CYLINDRICAL_SURFACE('',#3608,0.5);
#3608 = AXIS2_PLACEMENT_3D('',#3609,#3610,#3611);
#3609 = CARTESIAN_POINT('',(63.2,-68.625,-4.6E-02));
#3610 = DIRECTION('',(-0.,-0.,-1.));
#3611 = DIRECTION('',(-0.,-1.,0.));
#3612 = ADVANCED_FACE('',(#3613),#3624,.F.);
#3613 = FACE_BOUND('',#3614,.T.);
#3614 = EDGE_LOOP('',(#3615,#3616,#3622,#3623));
#3615 = ORIENTED_EDGE('',*,*,#927,.T.);
#3616 = ORIENTED_EDGE('',*,*,#3617,.T.);
#3617 = EDGE_CURVE('',#928,#2045,#3618,.T.);
#3618 = LINE('',#3619,#3620);
#3619 = CARTESIAN_POINT('',(68.2,-65.475,-4.6E-02));
#3620 = VECTOR('',#3621,1.);
#3621 = DIRECTION('',(0.,0.,1.));
#3622 = ORIENTED_EDGE('',*,*,#2044,.F.);
#3623 = ORIENTED_EDGE('',*,*,#3617,.F.);
#3624 = CYLINDRICAL_SURFACE('',#3625,2.4);
#3625 = AXIS2_PLACEMENT_3D('',#3626,#3627,#3628);
#3626 = CARTESIAN_POINT('',(68.2,-63.075,-4.6E-02));
#3627 = DIRECTION('',(-0.,0.,-1.));
#3628 = DIRECTION('',(5.921189464667E-15,-1.,-0.));
#3629 = ADVANCED_FACE('',(#3630),#3641,.F.);
#3630 = FACE_BOUND('',#3631,.T.);
#3631 = EDGE_LOOP('',(#3632,#3633,#3639,#3640));
#3632 = ORIENTED_EDGE('',*,*,#938,.T.);
#3633 = ORIENTED_EDGE('',*,*,#3634,.T.);
#3634 = EDGE_CURVE('',#939,#2056,#3635,.T.);
#3635 = LINE('',#3636,#3637);
#3636 = CARTESIAN_POINT('',(79.8,-67.05,-4.6E-02));
#3637 = VECTOR('',#3638,1.);
#3638 = DIRECTION('',(0.,0.,1.));
#3639 = ORIENTED_EDGE('',*,*,#2055,.F.);
#3640 = ORIENTED_EDGE('',*,*,#3634,.F.);
#3641 = CYLINDRICAL_SURFACE('',#3642,0.5);
#3642 = AXIS2_PLACEMENT_3D('',#3643,#3644,#3645);
#3643 = CARTESIAN_POINT('',(79.8,-66.55,-4.6E-02));
#3644 = DIRECTION('',(-0.,-0.,-1.));
#3645 = DIRECTION('',(-0.,-1.,0.));
#3646 = ADVANCED_FACE('',(#3647),#3658,.F.);
#3647 = FACE_BOUND('',#3648,.T.);
#3648 = EDGE_LOOP('',(#3649,#3650,#3656,#3657));
#3649 = ORIENTED_EDGE('',*,*,#949,.T.);
#3650 = ORIENTED_EDGE('',*,*,#3651,.T.);
#3651 = EDGE_CURVE('',#950,#2067,#3652,.T.);
#3652 = LINE('',#3653,#3654);
#3653 = CARTESIAN_POINT('',(73.2,-60.875,-4.6E-02));
#3654 = VECTOR('',#3655,1.);
#3655 = DIRECTION('',(0.,0.,1.));
#3656 = ORIENTED_EDGE('',*,*,#2066,.F.);
#3657 = ORIENTED_EDGE('',*,*,#3651,.F.);
#3658 = CYLINDRICAL_SURFACE('',#3659,1.5);
#3659 = AXIS2_PLACEMENT_3D('',#3660,#3661,#3662);
#3660 = CARTESIAN_POINT('',(73.2,-59.375,-4.6E-02));
#3661 = DIRECTION('',(-0.,-0.,-1.));
#3662 = DIRECTION('',(-0.,-1.,0.));
#3663 = ADVANCED_FACE('',(#3664),#3675,.F.);
#3664 = FACE_BOUND('',#3665,.T.);
#3665 = EDGE_LOOP('',(#3666,#3667,#3673,#3674));
#3666 = ORIENTED_EDGE('',*,*,#960,.T.);
#3667 = ORIENTED_EDGE('',*,*,#3668,.T.);
#3668 = EDGE_CURVE('',#961,#2078,#3669,.T.);
#3669 = LINE('',#3670,#3671);
#3670 = CARTESIAN_POINT('',(68.2,-58.675,-4.6E-02));
#3671 = VECTOR('',#3672,1.);
#3672 = DIRECTION('',(0.,0.,1.));
#3673 = ORIENTED_EDGE('',*,*,#2077,.F.);
#3674 = ORIENTED_EDGE('',*,*,#3668,.F.);
#3675 = CYLINDRICAL_SURFACE('',#3676,1.5);
#3676 = AXIS2_PLACEMENT_3D('',#3677,#3678,#3679);
#3677 = CARTESIAN_POINT('',(68.2,-57.175,-4.6E-02));
#3678 = DIRECTION('',(-0.,-0.,-1.));
#3679 = DIRECTION('',(-0.,-1.,0.));
#3680 = ADVANCED_FACE('',(#3681),#3692,.F.);
#3681 = FACE_BOUND('',#3682,.T.);
#3682 = EDGE_LOOP('',(#3683,#3684,#3690,#3691));
#3683 = ORIENTED_EDGE('',*,*,#971,.T.);
#3684 = ORIENTED_EDGE('',*,*,#3685,.T.);
#3685 = EDGE_CURVE('',#972,#2089,#3686,.T.);
#3686 = LINE('',#3687,#3688);
#3687 = CARTESIAN_POINT('',(84.8,-63.4,-4.6E-02));
#3688 = VECTOR('',#3689,1.);
#3689 = DIRECTION('',(0.,0.,1.));
#3690 = ORIENTED_EDGE('',*,*,#2088,.F.);
#3691 = ORIENTED_EDGE('',*,*,#3685,.F.);
#3692 = CYLINDRICAL_SURFACE('',#3693,2.4);
#3693 = AXIS2_PLACEMENT_3D('',#3694,#3695,#3696);
#3694 = CARTESIAN_POINT('',(84.8,-61.,-4.6E-02));
#3695 = DIRECTION('',(-0.,-0.,-1.));
#3696 = DIRECTION('',(-5.921189464668E-15,-1.,0.));
#3697 = ADVANCED_FACE('',(#3698),#3709,.F.);
#3698 = FACE_BOUND('',#3699,.T.);
#3699 = EDGE_LOOP('',(#3700,#3701,#3707,#3708));
#3700 = ORIENTED_EDGE('',*,*,#982,.T.);
#3701 = ORIENTED_EDGE('',*,*,#3702,.T.);
#3702 = EDGE_CURVE('',#983,#2100,#3703,.T.);
#3703 = LINE('',#3704,#3705);
#3704 = CARTESIAN_POINT('',(84.8,-56.6,-4.6E-02));
#3705 = VECTOR('',#3706,1.);
#3706 = DIRECTION('',(0.,0.,1.));
#3707 = ORIENTED_EDGE('',*,*,#2099,.F.);
#3708 = ORIENTED_EDGE('',*,*,#3702,.F.);
#3709 = CYLINDRICAL_SURFACE('',#3710,1.5);
#3710 = AXIS2_PLACEMENT_3D('',#3711,#3712,#3713);
#3711 = CARTESIAN_POINT('',(84.8,-55.1,-4.6E-02));
#3712 = DIRECTION('',(-0.,-0.,-1.));
#3713 = DIRECTION('',(-0.,-1.,0.));
#3714 = ADVANCED_FACE('',(#3715),#3726,.F.);
#3715 = FACE_BOUND('',#3716,.T.);
#3716 = EDGE_LOOP('',(#3717,#3718,#3724,#3725));
#3717 = ORIENTED_EDGE('',*,*,#993,.T.);
#3718 = ORIENTED_EDGE('',*,*,#3719,.T.);
#3719 = EDGE_CURVE('',#994,#2111,#3720,.T.);
#3720 = LINE('',#3721,#3722);
#3721 = CARTESIAN_POINT('',(101.4,-87.075,-4.6E-02));
#3722 = VECTOR('',#3723,1.);
#3723 = DIRECTION('',(0.,0.,1.));
#3724 = ORIENTED_EDGE('',*,*,#2110,.F.);
#3725 = ORIENTED_EDGE('',*,*,#3719,.F.);
#3726 = CYLINDRICAL_SURFACE('',#3727,1.5);
#3727 = AXIS2_PLACEMENT_3D('',#3728,#3729,#3730);
#3728 = CARTESIAN_POINT('',(101.4,-85.575,-4.6E-02));
#3729 = DIRECTION('',(-0.,-0.,-1.));
#3730 = DIRECTION('',(-0.,-1.,0.));
#3731 = ADVANCED_FACE('',(#3732),#3743,.F.);
#3732 = FACE_BOUND('',#3733,.T.);
#3733 = EDGE_LOOP('',(#3734,#3735,#3741,#3742));
#3734 = ORIENTED_EDGE('',*,*,#1004,.T.);
#3735 = ORIENTED_EDGE('',*,*,#3736,.T.);
#3736 = EDGE_CURVE('',#1005,#2122,#3737,.T.);
#3737 = LINE('',#3738,#3739);
#3738 = CARTESIAN_POINT('',(96.4,-84.875,-4.6E-02));
#3739 = VECTOR('',#3740,1.);
#3740 = DIRECTION('',(0.,0.,1.));
#3741 = ORIENTED_EDGE('',*,*,#2121,.F.);
#3742 = ORIENTED_EDGE('',*,*,#3736,.F.);
#3743 = CYLINDRICAL_SURFACE('',#3744,1.5);
#3744 = AXIS2_PLACEMENT_3D('',#3745,#3746,#3747);
#3745 = CARTESIAN_POINT('',(96.4,-83.375,-4.6E-02));
#3746 = DIRECTION('',(-0.,-0.,-1.));
#3747 = DIRECTION('',(-0.,-1.,0.));
#3748 = ADVANCED_FACE('',(#3749),#3760,.F.);
#3749 = FACE_BOUND('',#3750,.T.);
#3750 = EDGE_LOOP('',(#3751,#3752,#3758,#3759));
#3751 = ORIENTED_EDGE('',*,*,#1015,.T.);
#3752 = ORIENTED_EDGE('',*,*,#3753,.T.);
#3753 = EDGE_CURVE('',#1016,#2133,#3754,.T.);
#3754 = LINE('',#3755,#3756);
#3755 = CARTESIAN_POINT('',(113.,-86.95,-4.6E-02));
#3756 = VECTOR('',#3757,1.);
#3757 = DIRECTION('',(0.,0.,1.));
#3758 = ORIENTED_EDGE('',*,*,#2132,.F.);
#3759 = ORIENTED_EDGE('',*,*,#3753,.F.);
#3760 = CYLINDRICAL_SURFACE('',#3761,1.5);
#3761 = AXIS2_PLACEMENT_3D('',#3762,#3763,#3764);
#3762 = CARTESIAN_POINT('',(113.,-85.45,-4.6E-02));
#3763 = DIRECTION('',(-0.,-0.,-1.));
#3764 = DIRECTION('',(-0.,-1.,0.));
#3765 = ADVANCED_FACE('',(#3766),#3777,.F.);
#3766 = FACE_BOUND('',#3767,.T.);
#3767 = EDGE_LOOP('',(#3768,#3769,#3775,#3776));
#3768 = ORIENTED_EDGE('',*,*,#1026,.T.);
#3769 = ORIENTED_EDGE('',*,*,#3770,.T.);
#3770 = EDGE_CURVE('',#1027,#2144,#3771,.T.);
#3771 = LINE('',#3772,#3773);
#3772 = CARTESIAN_POINT('',(101.4,-82.075,-4.6E-02));
#3773 = VECTOR('',#3774,1.);
#3774 = DIRECTION('',(0.,0.,1.));
#3775 = ORIENTED_EDGE('',*,*,#2143,.F.);
#3776 = ORIENTED_EDGE('',*,*,#3770,.F.);
#3777 = CYLINDRICAL_SURFACE('',#3778,2.4);
#3778 = AXIS2_PLACEMENT_3D('',#3779,#3780,#3781);
#3779 = CARTESIAN_POINT('',(101.4,-79.675,-4.6E-02));
#3780 = DIRECTION('',(-0.,-0.,-1.));
#3781 = DIRECTION('',(-0.,-1.,0.));
#3782 = ADVANCED_FACE('',(#3783),#3794,.F.);
#3783 = FACE_BOUND('',#3784,.T.);
#3784 = EDGE_LOOP('',(#3785,#3786,#3792,#3793));
#3785 = ORIENTED_EDGE('',*,*,#1037,.T.);
#3786 = ORIENTED_EDGE('',*,*,#3787,.T.);
#3787 = EDGE_CURVE('',#1038,#2155,#3788,.T.);
#3788 = LINE('',#3789,#3790);
#3789 = CARTESIAN_POINT('',(89.8,-75.4,-4.6E-02));
#3790 = VECTOR('',#3791,1.);
#3791 = DIRECTION('',(0.,0.,1.));
#3792 = ORIENTED_EDGE('',*,*,#2154,.F.);
#3793 = ORIENTED_EDGE('',*,*,#3787,.F.);
#3794 = CYLINDRICAL_SURFACE('',#3795,1.5);
#3795 = AXIS2_PLACEMENT_3D('',#3796,#3797,#3798);
#3796 = CARTESIAN_POINT('',(89.8,-73.9,-4.6E-02));
#3797 = DIRECTION('',(-0.,-0.,-1.));
#3798 = DIRECTION('',(-0.,-1.,0.));
#3799 = ADVANCED_FACE('',(#3800),#3811,.F.);
#3800 = FACE_BOUND('',#3801,.T.);
#3801 = EDGE_LOOP('',(#3802,#3803,#3809,#3810));
#3802 = ORIENTED_EDGE('',*,*,#1048,.T.);
#3803 = ORIENTED_EDGE('',*,*,#3804,.T.);
#3804 = EDGE_CURVE('',#1049,#2166,#3805,.T.);
#3805 = LINE('',#3806,#3807);
#3806 = CARTESIAN_POINT('',(106.4,-74.625,-4.6E-02));
#3807 = VECTOR('',#3808,1.);
#3808 = DIRECTION('',(0.,0.,1.));
#3809 = ORIENTED_EDGE('',*,*,#2165,.F.);
#3810 = ORIENTED_EDGE('',*,*,#3804,.F.);
#3811 = CYLINDRICAL_SURFACE('',#3812,0.5);
#3812 = AXIS2_PLACEMENT_3D('',#3813,#3814,#3815);
#3813 = CARTESIAN_POINT('',(106.4,-74.125,-4.6E-02));
#3814 = DIRECTION('',(-0.,-0.,-1.));
#3815 = DIRECTION('',(-0.,-1.,0.));
#3816 = ADVANCED_FACE('',(#3817),#3828,.F.);
#3817 = FACE_BOUND('',#3818,.T.);
#3818 = EDGE_LOOP('',(#3819,#3820,#3826,#3827));
#3819 = ORIENTED_EDGE('',*,*,#1059,.T.);
#3820 = ORIENTED_EDGE('',*,*,#3821,.T.);
#3821 = EDGE_CURVE('',#1060,#2177,#3822,.T.);
#3822 = LINE('',#3823,#3824);
#3823 = CARTESIAN_POINT('',(118.,-89.15,-4.6E-02));
#3824 = VECTOR('',#3825,1.);
#3825 = DIRECTION('',(0.,0.,1.));
#3826 = ORIENTED_EDGE('',*,*,#2176,.F.);
#3827 = ORIENTED_EDGE('',*,*,#3821,.F.);
#3828 = CYLINDRICAL_SURFACE('',#3829,1.5);
#3829 = AXIS2_PLACEMENT_3D('',#3830,#3831,#3832);
#3830 = CARTESIAN_POINT('',(118.,-87.65,-4.6E-02));
#3831 = DIRECTION('',(-0.,-0.,-1.));
#3832 = DIRECTION('',(-0.,-1.,0.));
#3833 = ADVANCED_FACE('',(#3834),#3845,.F.);
#3834 = FACE_BOUND('',#3835,.T.);
#3835 = EDGE_LOOP('',(#3836,#3837,#3843,#3844));
#3836 = ORIENTED_EDGE('',*,*,#1070,.T.);
#3837 = ORIENTED_EDGE('',*,*,#3838,.T.);
#3838 = EDGE_CURVE('',#1071,#2188,#3839,.T.);
#3839 = LINE('',#3840,#3841);
#3840 = CARTESIAN_POINT('',(118.,-84.15,-4.6E-02));
#3841 = VECTOR('',#3842,1.);
#3842 = DIRECTION('',(0.,0.,1.));
#3843 = ORIENTED_EDGE('',*,*,#2187,.F.);
#3844 = ORIENTED_EDGE('',*,*,#3838,.F.);
#3845 = CYLINDRICAL_SURFACE('',#3846,2.4);
#3846 = AXIS2_PLACEMENT_3D('',#3847,#3848,#3849);
#3847 = CARTESIAN_POINT('',(118.,-81.75,-4.6E-02));
#3848 = DIRECTION('',(-0.,-0.,-1.));
#3849 = DIRECTION('',(-0.,-1.,0.));
#3850 = ADVANCED_FACE('',(#3851),#3862,.F.);
#3851 = FACE_BOUND('',#3852,.T.);
#3852 = EDGE_LOOP('',(#3853,#3854,#3860,#3861));
#3853 = ORIENTED_EDGE('',*,*,#1081,.T.);
#3854 = ORIENTED_EDGE('',*,*,#3855,.T.);
#3855 = EDGE_CURVE('',#1082,#2199,#3856,.T.);
#3856 = LINE('',#3857,#3858);
#3857 = CARTESIAN_POINT('',(137.8,-84.9,-4.6E-02));
#3858 = VECTOR('',#3859,1.);
#3859 = DIRECTION('',(0.,0.,1.));
#3860 = ORIENTED_EDGE('',*,*,#2198,.F.);
#3861 = ORIENTED_EDGE('',*,*,#3855,.F.);
#3862 = CYLINDRICAL_SURFACE('',#3863,0.5);
#3863 = AXIS2_PLACEMENT_3D('',#3864,#3865,#3866);
#3864 = CARTESIAN_POINT('',(137.8,-84.4,-4.6E-02));
#3865 = DIRECTION('',(-0.,-0.,-1.));
#3866 = DIRECTION('',(-0.,-1.,0.));
#3867 = ADVANCED_FACE('',(#3868),#3879,.F.);
#3868 = FACE_BOUND('',#3869,.T.);
#3869 = EDGE_LOOP('',(#3870,#3871,#3877,#3878));
#3870 = ORIENTED_EDGE('',*,*,#1092,.T.);
#3871 = ORIENTED_EDGE('',*,*,#3872,.T.);
#3872 = EDGE_CURVE('',#1093,#2210,#3873,.T.);
#3873 = LINE('',#3874,#3875);
#3874 = CARTESIAN_POINT('',(140.3,-84.9,-4.6E-02));
#3875 = VECTOR('',#3876,1.);
#3876 = DIRECTION('',(0.,0.,1.));
#3877 = ORIENTED_EDGE('',*,*,#2209,.F.);
#3878 = ORIENTED_EDGE('',*,*,#3872,.F.);
#3879 = CYLINDRICAL_SURFACE('',#3880,0.5);
#3880 = AXIS2_PLACEMENT_3D('',#3881,#3882,#3883);
#3881 = CARTESIAN_POINT('',(140.3,-84.4,-4.6E-02));
#3882 = DIRECTION('',(-0.,-0.,-1.));
#3883 = DIRECTION('',(-0.,-1.,0.));
#3884 = ADVANCED_FACE('',(#3885),#3896,.F.);
#3885 = FACE_BOUND('',#3886,.T.);
#3886 = EDGE_LOOP('',(#3887,#3888,#3894,#3895));
#3887 = ORIENTED_EDGE('',*,*,#1103,.T.);
#3888 = ORIENTED_EDGE('',*,*,#3889,.T.);
#3889 = EDGE_CURVE('',#1104,#2221,#3890,.T.);
#3890 = LINE('',#3891,#3892);
#3891 = CARTESIAN_POINT('',(142.8,-84.9,-4.6E-02));
#3892 = VECTOR('',#3893,1.);
#3893 = DIRECTION('',(0.,0.,1.));
#3894 = ORIENTED_EDGE('',*,*,#2220,.F.);
#3895 = ORIENTED_EDGE('',*,*,#3889,.F.);
#3896 = CYLINDRICAL_SURFACE('',#3897,0.5);
#3897 = AXIS2_PLACEMENT_3D('',#3898,#3899,#3900);
#3898 = CARTESIAN_POINT('',(142.8,-84.4,-4.6E-02));
#3899 = DIRECTION('',(-0.,-0.,-1.));
#3900 = DIRECTION('',(-0.,-1.,0.));
#3901 = ADVANCED_FACE('',(#3902),#3913,.F.);
#3902 = FACE_BOUND('',#3903,.T.);
#3903 = EDGE_LOOP('',(#3904,#3905,#3911,#3912));
#3904 = ORIENTED_EDGE('',*,*,#1114,.T.);
#3905 = ORIENTED_EDGE('',*,*,#3906,.T.);
#3906 = EDGE_CURVE('',#1115,#2232,#3907,.T.);
#3907 = LINE('',#3908,#3909);
#3908 = CARTESIAN_POINT('',(123.,-76.7,-4.6E-02));
#3909 = VECTOR('',#3910,1.);
#3910 = DIRECTION('',(0.,0.,1.));
#3911 = ORIENTED_EDGE('',*,*,#2231,.F.);
#3912 = ORIENTED_EDGE('',*,*,#3906,.F.);
#3913 = CYLINDRICAL_SURFACE('',#3914,0.5);
#3914 = AXIS2_PLACEMENT_3D('',#3915,#3916,#3917);
#3915 = CARTESIAN_POINT('',(123.,-76.2,-4.6E-02));
#3916 = DIRECTION('',(-0.,-0.,-1.));
#3917 = DIRECTION('',(-0.,-1.,0.));
#3918 = ADVANCED_FACE('',(#3919),#3930,.F.);
#3919 = FACE_BOUND('',#3920,.T.);
#3920 = EDGE_LOOP('',(#3921,#3922,#3928,#3929));
#3921 = ORIENTED_EDGE('',*,*,#1125,.T.);
#3922 = ORIENTED_EDGE('',*,*,#3923,.T.);
#3923 = EDGE_CURVE('',#1126,#2243,#3924,.T.);
#3924 = LINE('',#3925,#3926);
#3925 = CARTESIAN_POINT('',(140.9,-75.565,-4.6E-02));
#3926 = VECTOR('',#3927,1.);
#3927 = DIRECTION('',(0.,0.,1.));
#3928 = ORIENTED_EDGE('',*,*,#2242,.F.);
#3929 = ORIENTED_EDGE('',*,*,#3923,.F.);
#3930 = CYLINDRICAL_SURFACE('',#3931,0.365);
#3931 = AXIS2_PLACEMENT_3D('',#3932,#3933,#3934);
#3932 = CARTESIAN_POINT('',(140.9,-75.2,-4.6E-02));
#3933 = DIRECTION('',(-0.,0.,-1.));
#3934 = DIRECTION('',(7.78676970696E-14,-1.,-0.));
#3935 = ADVANCED_FACE('',(#3936),#3947,.F.);
#3936 = FACE_BOUND('',#3937,.T.);
#3937 = EDGE_LOOP('',(#3938,#3939,#3945,#3946));
#3938 = ORIENTED_EDGE('',*,*,#1136,.T.);
#3939 = ORIENTED_EDGE('',*,*,#3940,.T.);
#3940 = EDGE_CURVE('',#1137,#2254,#3941,.T.);
#3941 = LINE('',#3942,#3943);
#3942 = CARTESIAN_POINT('',(142.4,-75.565,-4.6E-02));
#3943 = VECTOR('',#3944,1.);
#3944 = DIRECTION('',(0.,0.,1.));
#3945 = ORIENTED_EDGE('',*,*,#2253,.F.);
#3946 = ORIENTED_EDGE('',*,*,#3940,.F.);
#3947 = CYLINDRICAL_SURFACE('',#3948,0.365);
#3948 = AXIS2_PLACEMENT_3D('',#3949,#3950,#3951);
#3949 = CARTESIAN_POINT('',(142.4,-75.2,-4.6E-02));
#3950 = DIRECTION('',(-0.,0.,-1.));
#3951 = DIRECTION('',(7.78676970696E-14,-1.,-0.));
#3952 = ADVANCED_FACE('',(#3953),#3964,.F.);
#3953 = FACE_BOUND('',#3954,.T.);
#3954 = EDGE_LOOP('',(#3955,#3956,#3962,#3963));
#3955 = ORIENTED_EDGE('',*,*,#1147,.T.);
#3956 = ORIENTED_EDGE('',*,*,#3957,.T.);
#3957 = EDGE_CURVE('',#1148,#2265,#3958,.T.);
#3958 = LINE('',#3959,#3960);
#3959 = CARTESIAN_POINT('',(143.9,-75.565,-4.6E-02));
#3960 = VECTOR('',#3961,1.);
#3961 = DIRECTION('',(0.,0.,1.));
#3962 = ORIENTED_EDGE('',*,*,#2264,.F.);
#3963 = ORIENTED_EDGE('',*,*,#3957,.F.);
#3964 = CYLINDRICAL_SURFACE('',#3965,0.365);
#3965 = AXIS2_PLACEMENT_3D('',#3966,#3967,#3968);
#3966 = CARTESIAN_POINT('',(143.9,-75.2,-4.6E-02));
#3967 = DIRECTION('',(-0.,0.,-1.));
#3968 = DIRECTION('',(7.78676970696E-14,-1.,-0.));
#3969 = ADVANCED_FACE('',(#3970),#3981,.F.);
#3970 = FACE_BOUND('',#3971,.T.);
#3971 = EDGE_LOOP('',(#3972,#3973,#3979,#3980));
#3972 = ORIENTED_EDGE('',*,*,#1158,.T.);
#3973 = ORIENTED_EDGE('',*,*,#3974,.T.);
#3974 = EDGE_CURVE('',#1159,#2276,#3975,.T.);
#3975 = LINE('',#3976,#3977);
#3976 = CARTESIAN_POINT('',(101.4,-70.475,-4.6E-02));
#3977 = VECTOR('',#3978,1.);
#3978 = DIRECTION('',(0.,0.,1.));
#3979 = ORIENTED_EDGE('',*,*,#2275,.F.);
#3980 = ORIENTED_EDGE('',*,*,#3974,.F.);
#3981 = CYLINDRICAL_SURFACE('',#3982,1.5);
#3982 = AXIS2_PLACEMENT_3D('',#3983,#3984,#3985);
#3983 = CARTESIAN_POINT('',(101.4,-68.975,-4.6E-02));
#3984 = DIRECTION('',(-0.,-0.,-1.));
#3985 = DIRECTION('',(-0.,-1.,0.));
#3986 = ADVANCED_FACE('',(#3987),#3998,.F.);
#3987 = FACE_BOUND('',#3988,.T.);
#3988 = EDGE_LOOP('',(#3989,#3990,#3996,#3997));
#3989 = ORIENTED_EDGE('',*,*,#1169,.T.);
#3990 = ORIENTED_EDGE('',*,*,#3991,.T.);
#3991 = EDGE_CURVE('',#1170,#2287,#3992,.T.);
#3992 = LINE('',#3993,#3994);
#3993 = CARTESIAN_POINT('',(96.4,-68.275,-4.6E-02));
#3994 = VECTOR('',#3995,1.);
#3995 = DIRECTION('',(0.,0.,1.));
#3996 = ORIENTED_EDGE('',*,*,#2286,.F.);
#3997 = ORIENTED_EDGE('',*,*,#3991,.F.);
#3998 = CYLINDRICAL_SURFACE('',#3999,1.5);
#3999 = AXIS2_PLACEMENT_3D('',#4000,#4001,#4002);
#4000 = CARTESIAN_POINT('',(96.4,-66.775,-4.6E-02));
#4001 = DIRECTION('',(-0.,-0.,-1.));
#4002 = DIRECTION('',(-0.,-1.,0.));
#4003 = ADVANCED_FACE('',(#4004),#4015,.F.);
#4004 = FACE_BOUND('',#4005,.T.);
#4005 = EDGE_LOOP('',(#4006,#4007,#4013,#4014));
#4006 = ORIENTED_EDGE('',*,*,#1180,.T.);
#4007 = ORIENTED_EDGE('',*,*,#4008,.T.);
#4008 = EDGE_CURVE('',#1181,#2298,#4009,.T.);
#4009 = LINE('',#4010,#4011);
#4010 = CARTESIAN_POINT('',(101.4,-65.475,-4.6E-02));
#4011 = VECTOR('',#4012,1.);
#4012 = DIRECTION('',(0.,0.,1.));
#4013 = ORIENTED_EDGE('',*,*,#2297,.F.);
#4014 = ORIENTED_EDGE('',*,*,#4008,.F.);
#4015 = CYLINDRICAL_SURFACE('',#4016,2.4);
#4016 = AXIS2_PLACEMENT_3D('',#4017,#4018,#4019);
#4017 = CARTESIAN_POINT('',(101.4,-63.075,-4.6E-02));
#4018 = DIRECTION('',(-0.,-0.,-1.));
#4019 = DIRECTION('',(-0.,-1.,0.));
#4020 = ADVANCED_FACE('',(#4021),#4032,.F.);
#4021 = FACE_BOUND('',#4022,.T.);
#4022 = EDGE_LOOP('',(#4023,#4024,#4030,#4031));
#4023 = ORIENTED_EDGE('',*,*,#1191,.T.);
#4024 = ORIENTED_EDGE('',*,*,#4025,.T.);
#4025 = EDGE_CURVE('',#1192,#2309,#4026,.T.);
#4026 = LINE('',#4027,#4028);
#4027 = CARTESIAN_POINT('',(113.,-70.35,-4.6E-02));
#4028 = VECTOR('',#4029,1.);
#4029 = DIRECTION('',(0.,0.,1.));
#4030 = ORIENTED_EDGE('',*,*,#2308,.F.);
#4031 = ORIENTED_EDGE('',*,*,#4025,.F.);
#4032 = CYLINDRICAL_SURFACE('',#4033,1.5);
#4033 = AXIS2_PLACEMENT_3D('',#4034,#4035,#4036);
#4034 = CARTESIAN_POINT('',(113.,-68.85,-4.6E-02));
#4035 = DIRECTION('',(-0.,-0.,-1.));
#4036 = DIRECTION('',(-0.,-1.,0.));
#4037 = ADVANCED_FACE('',(#4038),#4049,.F.);
#4038 = FACE_BOUND('',#4039,.T.);
#4039 = EDGE_LOOP('',(#4040,#4041,#4047,#4048));
#4040 = ORIENTED_EDGE('',*,*,#1202,.T.);
#4041 = ORIENTED_EDGE('',*,*,#4042,.T.);
#4042 = EDGE_CURVE('',#1203,#2320,#4043,.T.);
#4043 = LINE('',#4044,#4045);
#4044 = CARTESIAN_POINT('',(89.8,-58.8,-4.6E-02));
#4045 = VECTOR('',#4046,1.);
#4046 = DIRECTION('',(0.,0.,1.));
#4047 = ORIENTED_EDGE('',*,*,#2319,.F.);
#4048 = ORIENTED_EDGE('',*,*,#4042,.F.);
#4049 = CYLINDRICAL_SURFACE('',#4050,1.5);
#4050 = AXIS2_PLACEMENT_3D('',#4051,#4052,#4053);
#4051 = CARTESIAN_POINT('',(89.8,-57.3,-4.6E-02));
#4052 = DIRECTION('',(-0.,-0.,-1.));
#4053 = DIRECTION('',(-0.,-1.,0.));
#4054 = ADVANCED_FACE('',(#4055),#4066,.F.);
#4055 = FACE_BOUND('',#4056,.T.);
#4056 = EDGE_LOOP('',(#4057,#4058,#4064,#4065));
#4057 = ORIENTED_EDGE('',*,*,#1213,.T.);
#4058 = ORIENTED_EDGE('',*,*,#4059,.T.);
#4059 = EDGE_CURVE('',#1214,#2331,#4060,.T.);
#4060 = LINE('',#4061,#4062);
#4061 = CARTESIAN_POINT('',(106.4,-58.025,-4.6E-02));
#4062 = VECTOR('',#4063,1.);
#4063 = DIRECTION('',(0.,0.,1.));
#4064 = ORIENTED_EDGE('',*,*,#2330,.F.);
#4065 = ORIENTED_EDGE('',*,*,#4059,.F.);
#4066 = CYLINDRICAL_SURFACE('',#4067,0.5);
#4067 = AXIS2_PLACEMENT_3D('',#4068,#4069,#4070);
#4068 = CARTESIAN_POINT('',(106.4,-57.525,-4.6E-02));
#4069 = DIRECTION('',(-0.,-0.,-1.));
#4070 = DIRECTION('',(-0.,-1.,0.));
#4071 = ADVANCED_FACE('',(#4072),#4083,.F.);
#4072 = FACE_BOUND('',#4073,.T.);
#4073 = EDGE_LOOP('',(#4074,#4075,#4081,#4082));
#4074 = ORIENTED_EDGE('',*,*,#1224,.T.);
#4075 = ORIENTED_EDGE('',*,*,#4076,.T.);
#4076 = EDGE_CURVE('',#1225,#2342,#4077,.T.);
#4077 = LINE('',#4078,#4079);
#4078 = CARTESIAN_POINT('',(118.,-72.55,-4.6E-02));
#4079 = VECTOR('',#4080,1.);
#4080 = DIRECTION('',(0.,0.,1.));
#4081 = ORIENTED_EDGE('',*,*,#2341,.F.);
#4082 = ORIENTED_EDGE('',*,*,#4076,.F.);
#4083 = CYLINDRICAL_SURFACE('',#4084,1.5);
#4084 = AXIS2_PLACEMENT_3D('',#4085,#4086,#4087);
#4085 = CARTESIAN_POINT('',(118.,-71.05,-4.6E-02));
#4086 = DIRECTION('',(-0.,-0.,-1.));
#4087 = DIRECTION('',(-0.,-1.,0.));
#4088 = ADVANCED_FACE('',(#4089),#4100,.F.);
#4089 = FACE_BOUND('',#4090,.T.);
#4090 = EDGE_LOOP('',(#4091,#4092,#4098,#4099));
#4091 = ORIENTED_EDGE('',*,*,#1235,.T.);
#4092 = ORIENTED_EDGE('',*,*,#4093,.T.);
#4093 = EDGE_CURVE('',#1236,#2353,#4094,.T.);
#4094 = LINE('',#4095,#4096);
#4095 = CARTESIAN_POINT('',(118.,-67.55,-4.6E-02));
#4096 = VECTOR('',#4097,1.);
#4097 = DIRECTION('',(0.,0.,1.));
#4098 = ORIENTED_EDGE('',*,*,#2352,.F.);
#4099 = ORIENTED_EDGE('',*,*,#4093,.F.);
#4100 = CYLINDRICAL_SURFACE('',#4101,2.4);
#4101 = AXIS2_PLACEMENT_3D('',#4102,#4103,#4104);
#4102 = CARTESIAN_POINT('',(118.,-65.15,-4.6E-02));
#4103 = DIRECTION('',(-0.,-0.,-1.));
#4104 = DIRECTION('',(-0.,-1.,0.));
#4105 = ADVANCED_FACE('',(#4106),#4117,.F.);
#4106 = FACE_BOUND('',#4107,.T.);
#4107 = EDGE_LOOP('',(#4108,#4109,#4115,#4116));
#4108 = ORIENTED_EDGE('',*,*,#1246,.T.);
#4109 = ORIENTED_EDGE('',*,*,#4110,.T.);
#4110 = EDGE_CURVE('',#1247,#2364,#4111,.T.);
#4111 = LINE('',#4112,#4113);
#4112 = CARTESIAN_POINT('',(123.,-60.1,-4.6E-02));
#4113 = VECTOR('',#4114,1.);
#4114 = DIRECTION('',(0.,0.,1.));
#4115 = ORIENTED_EDGE('',*,*,#2363,.F.);
#4116 = ORIENTED_EDGE('',*,*,#4110,.F.);
#4117 = CYLINDRICAL_SURFACE('',#4118,0.5);
#4118 = AXIS2_PLACEMENT_3D('',#4119,#4120,#4121);
#4119 = CARTESIAN_POINT('',(123.,-59.6,-4.6E-02));
#4120 = DIRECTION('',(-0.,-0.,-1.));
#4121 = DIRECTION('',(-0.,-1.,0.));
#4122 = ( GEOMETRIC_REPRESENTATION_CONTEXT(3) 
GLOBAL_UNCERTAINTY_ASSIGNED_CONTEXT((#4126)) 
GLOBAL_UNIT_ASSIGNED_CONTEXT((#4123,#4124,#4125)) REPRESENTATION_CONTEXT
('Context #1','3D Context with UNIT and UNCERTAINTY') );
#4123 = ( LENGTH_UNIT() NAMED_UNIT(*) SI_UNIT(.MILLI.,.METRE.) );
#4124 = ( NAMED_UNIT(*) PLANE_ANGLE_UNIT() SI_UNIT($,.RADIAN.) );
#4125 = ( NAMED_UNIT(*) SI_UNIT($,.STERADIAN.) SOLID_ANGLE_UNIT() );
#4126 = UNCERTAINTY_MEASURE_WITH_UNIT(LENGTH_MEASURE(1.E-07),#4123,
  'distance_accuracy_value','confusion accuracy');
#4127 = SHAPE_DEFINITION_REPRESENTATION(#4128,#37);
#4128 = PRODUCT_DEFINITION_SHAPE('','',#4129);
#4129 = PRODUCT_DEFINITION('design','',#4130,#4133);
#4130 = PRODUCT_DEFINITION_FORMATION('','',#4131);
#4131 = PRODUCT('assemble_PCB_1','assemble_PCB_1','',(#4132));
#4132 = PRODUCT_CONTEXT('',#2,'mechanical');
#4133 = PRODUCT_DEFINITION_CONTEXT('part definition',#2,'design');
#4134 = CONTEXT_DEPENDENT_SHAPE_REPRESENTATION(#4135,#4137);
#4135 = ( REPRESENTATION_RELATIONSHIP('','',#37,#10) 
REPRESENTATION_RELATIONSHIP_WITH_TRANSFORMATION(#4136) 
SHAPE_REPRESENTATION_RELATIONSHIP() );
#4136 = ITEM_DEFINED_TRANSFORMATION('','',#11,#15);
#4137 = PRODUCT_DEFINITION_SHAPE('Placement','Placement of an item',
  #4138);
#4138 = NEXT_ASSEMBLY_USAGE_OCCURRENCE('1','','',#5,#4129,$);
#4139 = PRODUCT_RELATED_PRODUCT_CATEGORY('part',$,(#4131));
#4140 = ADVANCED_BREP_SHAPE_REPRESENTATION('',(#11,#4141),#8225);
#4141 = MANIFOLD_SOLID_BREP('',#4142);
#4142 = CLOSED_SHELL('',(#4143,#4183,#4214,#4245,#5362,#6479,#6496,#6513
    ,#6525,#6542,#6559,#6576,#6593,#6610,#6627,#6644,#6661,#6678,#6695,
    #6712,#6729,#6746,#6763,#6780,#6802,#6819,#6836,#6848,#6870,#6887,
    #6904,#6916,#6933,#6950,#6967,#6984,#7001,#7018,#7035,#7052,#7069,
    #7086,#7103,#7120,#7137,#7154,#7171,#7188,#7205,#7222,#7239,#7256,
    #7273,#7290,#7307,#7324,#7341,#7358,#7375,#7392,#7409,#7426,#7443,
    #7460,#7477,#7494,#7511,#7528,#7545,#7562,#7579,#7596,#7613,#7630,
    #7647,#7664,#7681,#7698,#7715,#7732,#7749,#7766,#7783,#7800,#7817,
    #7834,#7851,#7868,#7885,#7902,#7919,#7936,#7953,#7970,#7987,#8004,
    #8021,#8038,#8055,#8072,#8089,#8106,#8123,#8140,#8157,#8174,#8191,
    #8208));
#4143 = ADVANCED_FACE('',(#4144),#4178,.T.);
#4144 = FACE_BOUND('',#4145,.T.);
#4145 = EDGE_LOOP('',(#4146,#4156,#4164,#4172));
#4146 = ORIENTED_EDGE('',*,*,#4147,.T.);
#4147 = EDGE_CURVE('',#4148,#4150,#4152,.T.);
#4148 = VERTEX_POINT('',#4149);
#4149 = CARTESIAN_POINT('',(278.5,-114.4,0.));
#4150 = VERTEX_POINT('',#4151);
#4151 = CARTESIAN_POINT('',(278.5,-114.4,1.51));
#4152 = LINE('',#4153,#4154);
#4153 = CARTESIAN_POINT('',(278.5,-114.4,0.));
#4154 = VECTOR('',#4155,1.);
#4155 = DIRECTION('',(0.,0.,1.));
#4156 = ORIENTED_EDGE('',*,*,#4157,.T.);
#4157 = EDGE_CURVE('',#4150,#4158,#4160,.T.);
#4158 = VERTEX_POINT('',#4159);
#4159 = CARTESIAN_POINT('',(261.9,-114.4,1.51));
#4160 = LINE('',#4161,#4162);
#4161 = CARTESIAN_POINT('',(278.5,-114.4,1.51));
#4162 = VECTOR('',#4163,1.);
#4163 = DIRECTION('',(-1.,0.,0.));
#4164 = ORIENTED_EDGE('',*,*,#4165,.F.);
#4165 = EDGE_CURVE('',#4166,#4158,#4168,.T.);
#4166 = VERTEX_POINT('',#4167);
#4167 = CARTESIAN_POINT('',(261.9,-114.4,0.));
#4168 = LINE('',#4169,#4170);
#4169 = CARTESIAN_POINT('',(261.9,-114.4,0.));
#4170 = VECTOR('',#4171,1.);
#4171 = DIRECTION('',(0.,0.,1.));
#4172 = ORIENTED_EDGE('',*,*,#4173,.F.);
#4173 = EDGE_CURVE('',#4148,#4166,#4174,.T.);
#4174 = LINE('',#4175,#4176);
#4175 = CARTESIAN_POINT('',(278.5,-114.4,0.));
#4176 = VECTOR('',#4177,1.);
#4177 = DIRECTION('',(-1.,0.,0.));
#4178 = PLANE('',#4179);
#4179 = AXIS2_PLACEMENT_3D('',#4180,#4181,#4182);
#4180 = CARTESIAN_POINT('',(278.5,-114.4,0.));
#4181 = DIRECTION('',(0.,-1.,0.));
#4182 = DIRECTION('',(-1.,0.,0.));
#4183 = ADVANCED_FACE('',(#4184),#4209,.T.);
#4184 = FACE_BOUND('',#4185,.T.);
#4185 = EDGE_LOOP('',(#4186,#4196,#4202,#4203));
#4186 = ORIENTED_EDGE('',*,*,#4187,.T.);
#4187 = EDGE_CURVE('',#4188,#4190,#4192,.T.);
#4188 = VERTEX_POINT('',#4189);
#4189 = CARTESIAN_POINT('',(278.5,-50.7,0.));
#4190 = VERTEX_POINT('',#4191);
#4191 = CARTESIAN_POINT('',(278.5,-50.7,1.51));
#4192 = LINE('',#4193,#4194);
#4193 = CARTESIAN_POINT('',(278.5,-50.7,0.));
#4194 = VECTOR('',#4195,1.);
#4195 = DIRECTION('',(0.,0.,1.));
#4196 = ORIENTED_EDGE('',*,*,#4197,.T.);
#4197 = EDGE_CURVE('',#4190,#4150,#4198,.T.);
#4198 = LINE('',#4199,#4200);
#4199 = CARTESIAN_POINT('',(278.5,-50.7,1.51));
#4200 = VECTOR('',#4201,1.);
#4201 = DIRECTION('',(0.,-1.,0.));
#4202 = ORIENTED_EDGE('',*,*,#4147,.F.);
#4203 = ORIENTED_EDGE('',*,*,#4204,.F.);
#4204 = EDGE_CURVE('',#4188,#4148,#4205,.T.);
#4205 = LINE('',#4206,#4207);
#4206 = CARTESIAN_POINT('',(278.5,-50.7,0.));
#4207 = VECTOR('',#4208,1.);
#4208 = DIRECTION('',(0.,-1.,0.));
#4209 = PLANE('',#4210);
#4210 = AXIS2_PLACEMENT_3D('',#4211,#4212,#4213);
#4211 = CARTESIAN_POINT('',(278.5,-50.7,0.));
#4212 = DIRECTION('',(1.,0.,-0.));
#4213 = DIRECTION('',(0.,-1.,0.));
#4214 = ADVANCED_FACE('',(#4215),#4240,.T.);
#4215 = FACE_BOUND('',#4216,.T.);
#4216 = EDGE_LOOP('',(#4217,#4218,#4226,#4234));
#4217 = ORIENTED_EDGE('',*,*,#4165,.T.);
#4218 = ORIENTED_EDGE('',*,*,#4219,.T.);
#4219 = EDGE_CURVE('',#4158,#4220,#4222,.T.);
#4220 = VERTEX_POINT('',#4221);
#4221 = CARTESIAN_POINT('',(166.8,-131.5,1.51));
#4222 = LINE('',#4223,#4224);
#4223 = CARTESIAN_POINT('',(261.9,-114.4,1.51));
#4224 = VECTOR('',#4225,1.);
#4225 = DIRECTION('',(-0.984215786745,-0.176972554714,0.));
#4226 = ORIENTED_EDGE('',*,*,#4227,.F.);
#4227 = EDGE_CURVE('',#4228,#4220,#4230,.T.);
#4228 = VERTEX_POINT('',#4229);
#4229 = CARTESIAN_POINT('',(166.8,-131.5,0.));
#4230 = LINE('',#4231,#4232);
#4231 = CARTESIAN_POINT('',(166.8,-131.5,0.));
#4232 = VECTOR('',#4233,1.);
#4233 = DIRECTION('',(0.,0.,1.));
#4234 = ORIENTED_EDGE('',*,*,#4235,.F.);
#4235 = EDGE_CURVE('',#4166,#4228,#4236,.T.);
#4236 = LINE('',#4237,#4238);
#4237 = CARTESIAN_POINT('',(261.9,-114.4,0.));
#4238 = VECTOR('',#4239,1.);
#4239 = DIRECTION('',(-0.984215786745,-0.176972554714,0.));
#4240 = PLANE('',#4241);
#4241 = AXIS2_PLACEMENT_3D('',#4242,#4243,#4244);
#4242 = CARTESIAN_POINT('',(261.9,-114.4,0.));
#4243 = DIRECTION('',(0.176972554714,-0.984215786745,0.));
#4244 = DIRECTION('',(-0.984215786745,-0.176972554714,0.));
#4245 = ADVANCED_FACE('',(#4246,#4273,#4284,#4295,#4306,#4317,#4328,
    #4339,#4350,#4361,#4372,#4383,#4394,#4405,#4416,#4427,#4438,#4474,
    #4510,#4521,#4532,#4543,#4554,#4565,#4576,#4587,#4598,#4609,#4620,
    #4631,#4642,#4653,#4664,#4675,#4686,#4697,#4708,#4719,#4730,#4741,
    #4752,#4763,#4774,#4785,#4796,#4807,#4818,#4829,#4840,#4851,#4862,
    #4873,#4884,#4895,#4906,#4917,#4928,#4939,#4950,#4961,#4972,#4983,
    #4994,#5005,#5016,#5027,#5038,#5049,#5060,#5071,#5082,#5093,#5104,
    #5115,#5126,#5137,#5148,#5159,#5170,#5181,#5192,#5203,#5214,#5225,
    #5236,#5247,#5258,#5269,#5280,#5291,#5302,#5313,#5324,#5335,#5346),
  #5357,.F.);
#4246 = FACE_BOUND('',#4247,.F.);
#4247 = EDGE_LOOP('',(#4248,#4249,#4250,#4258,#4266,#4272));
#4248 = ORIENTED_EDGE('',*,*,#4173,.F.);
#4249 = ORIENTED_EDGE('',*,*,#4204,.F.);
#4250 = ORIENTED_EDGE('',*,*,#4251,.F.);
#4251 = EDGE_CURVE('',#4252,#4188,#4254,.T.);
#4252 = VERTEX_POINT('',#4253);
#4253 = CARTESIAN_POINT('',(154.1,-50.7,0.));
#4254 = LINE('',#4255,#4256);
#4255 = CARTESIAN_POINT('',(154.1,-50.7,0.));
#4256 = VECTOR('',#4257,1.);
#4257 = DIRECTION('',(1.,0.,0.));
#4258 = ORIENTED_EDGE('',*,*,#4259,.F.);
#4259 = EDGE_CURVE('',#4260,#4252,#4262,.T.);
#4260 = VERTEX_POINT('',#4261);
#4261 = CARTESIAN_POINT('',(154.1,-110.,0.));
#4262 = LINE('',#4263,#4264);
#4263 = CARTESIAN_POINT('',(154.1,-110.,0.));
#4264 = VECTOR('',#4265,1.);
#4265 = DIRECTION('',(0.,1.,0.));
#4266 = ORIENTED_EDGE('',*,*,#4267,.F.);
#4267 = EDGE_CURVE('',#4228,#4260,#4268,.T.);
#4268 = LINE('',#4269,#4270);
#4269 = CARTESIAN_POINT('',(166.8,-131.5,0.));
#4270 = VECTOR('',#4271,1.);
#4271 = DIRECTION('',(-0.508594385566,0.861006243282,0.));
#4272 = ORIENTED_EDGE('',*,*,#4235,.F.);
#4273 = FACE_BOUND('',#4274,.F.);
#4274 = EDGE_LOOP('',(#4275));
#4275 = ORIENTED_EDGE('',*,*,#4276,.T.);
#4276 = EDGE_CURVE('',#4277,#4277,#4279,.T.);
#4277 = VERTEX_POINT('',#4278);
#4278 = CARTESIAN_POINT('',(166.36545,-121.475,0.));
#4279 = CIRCLE('',#4280,1.5);
#4280 = AXIS2_PLACEMENT_3D('',#4281,#4282,#4283);
#4281 = CARTESIAN_POINT('',(166.36545,-119.975,0.));
#4282 = DIRECTION('',(-0.,0.,-1.));
#4283 = DIRECTION('',(-0.,-1.,0.));
#4284 = FACE_BOUND('',#4285,.F.);
#4285 = EDGE_LOOP('',(#4286));
#4286 = ORIENTED_EDGE('',*,*,#4287,.T.);
#4287 = EDGE_CURVE('',#4288,#4288,#4290,.T.);
#4288 = VERTEX_POINT('',#4289);
#4289 = CARTESIAN_POINT('',(171.475,-119.425,0.));
#4290 = CIRCLE('',#4291,2.4);
#4291 = AXIS2_PLACEMENT_3D('',#4292,#4293,#4294);
#4292 = CARTESIAN_POINT('',(171.475,-117.025,0.));
#4293 = DIRECTION('',(-0.,0.,-1.));
#4294 = DIRECTION('',(-0.,-1.,0.));
#4295 = FACE_BOUND('',#4296,.F.);
#4296 = EDGE_LOOP('',(#4297));
#4297 = ORIENTED_EDGE('',*,*,#4298,.T.);
#4298 = EDGE_CURVE('',#4299,#4299,#4301,.T.);
#4299 = VERTEX_POINT('',#4300);
#4300 = CARTESIAN_POINT('',(165.770706,-116.044873,0.));
#4301 = CIRCLE('',#4302,1.5);
#4302 = AXIS2_PLACEMENT_3D('',#4303,#4304,#4305);
#4303 = CARTESIAN_POINT('',(165.770706,-114.544873,0.));
#4304 = DIRECTION('',(-0.,0.,-1.));
#4305 = DIRECTION('',(-0.,-1.,0.));
#4306 = FACE_BOUND('',#4307,.F.);
#4307 = EDGE_LOOP('',(#4308));
#4308 = ORIENTED_EDGE('',*,*,#4309,.T.);
#4309 = EDGE_CURVE('',#4310,#4310,#4312,.T.);
#4310 = VERTEX_POINT('',#4311);
#4311 = CARTESIAN_POINT('',(178.781441,-119.080127,0.));
#4312 = CIRCLE('',#4313,0.5);
#4313 = AXIS2_PLACEMENT_3D('',#4314,#4315,#4316);
#4314 = CARTESIAN_POINT('',(178.781441,-118.580127,0.));
#4315 = DIRECTION('',(-0.,0.,-1.));
#4316 = DIRECTION('',(-0.,-1.,0.));
#4317 = FACE_BOUND('',#4318,.F.);
#4318 = EDGE_LOOP('',(#4319));
#4319 = ORIENTED_EDGE('',*,*,#4320,.T.);
#4320 = EDGE_CURVE('',#4321,#4321,#4323,.T.);
#4321 = VERTEX_POINT('',#4322);
#4322 = CARTESIAN_POINT('',(189.3,-120.15,0.));
#4323 = CIRCLE('',#4324,1.5);
#4324 = AXIS2_PLACEMENT_3D('',#4325,#4326,#4327);
#4325 = CARTESIAN_POINT('',(189.3,-118.65,0.));
#4326 = DIRECTION('',(-0.,0.,-1.));
#4327 = DIRECTION('',(-0.,-1.,0.));
#4328 = FACE_BOUND('',#4329,.F.);
#4329 = EDGE_LOOP('',(#4330));
#4330 = ORIENTED_EDGE('',*,*,#4331,.T.);
#4331 = EDGE_CURVE('',#4332,#4332,#4334,.T.);
#4332 = VERTEX_POINT('',#4333);
#4333 = CARTESIAN_POINT('',(194.3,-122.35,0.));
#4334 = CIRCLE('',#4335,1.5);
#4335 = AXIS2_PLACEMENT_3D('',#4336,#4337,#4338);
#4336 = CARTESIAN_POINT('',(194.3,-120.85,0.));
#4337 = DIRECTION('',(-0.,0.,-1.));
#4338 = DIRECTION('',(-0.,-1.,0.));
#4339 = FACE_BOUND('',#4340,.F.);
#4340 = EDGE_LOOP('',(#4341));
#4341 = ORIENTED_EDGE('',*,*,#4342,.T.);
#4342 = EDGE_CURVE('',#4343,#4343,#4345,.T.);
#4343 = VERTEX_POINT('',#4344);
#4344 = CARTESIAN_POINT('',(194.3,-117.35,0.));
#4345 = CIRCLE('',#4346,2.4);
#4346 = AXIS2_PLACEMENT_3D('',#4347,#4348,#4349);
#4347 = CARTESIAN_POINT('',(194.3,-114.95,0.));
#4348 = DIRECTION('',(-0.,0.,-1.));
#4349 = DIRECTION('',(-0.,-1.,0.));
#4350 = FACE_BOUND('',#4351,.F.);
#4351 = EDGE_LOOP('',(#4352));
#4352 = ORIENTED_EDGE('',*,*,#4353,.T.);
#4353 = EDGE_CURVE('',#4354,#4354,#4356,.T.);
#4354 = VERTEX_POINT('',#4355);
#4355 = CARTESIAN_POINT('',(210.9,-120.275,0.));
#4356 = CIRCLE('',#4357,1.5);
#4357 = AXIS2_PLACEMENT_3D('',#4358,#4359,#4360);
#4358 = CARTESIAN_POINT('',(210.9,-118.775,0.));
#4359 = DIRECTION('',(-0.,0.,-1.));
#4360 = DIRECTION('',(-0.,-1.,0.));
#4361 = FACE_BOUND('',#4362,.F.);
#4362 = EDGE_LOOP('',(#4363));
#4363 = ORIENTED_EDGE('',*,*,#4364,.T.);
#4364 = EDGE_CURVE('',#4365,#4365,#4367,.T.);
#4365 = VERTEX_POINT('',#4366);
#4366 = CARTESIAN_POINT('',(205.9,-118.075,0.));
#4367 = CIRCLE('',#4368,1.5);
#4368 = AXIS2_PLACEMENT_3D('',#4369,#4370,#4371);
#4369 = CARTESIAN_POINT('',(205.9,-116.575,0.));
#4370 = DIRECTION('',(-0.,0.,-1.));
#4371 = DIRECTION('',(-0.,-1.,0.));
#4372 = FACE_BOUND('',#4373,.F.);
#4373 = EDGE_LOOP('',(#4374));
#4374 = ORIENTED_EDGE('',*,*,#4375,.T.);
#4375 = EDGE_CURVE('',#4376,#4376,#4378,.T.);
#4376 = VERTEX_POINT('',#4377);
#4377 = CARTESIAN_POINT('',(199.3,-109.9,0.));
#4378 = CIRCLE('',#4379,0.5);
#4379 = AXIS2_PLACEMENT_3D('',#4380,#4381,#4382);
#4380 = CARTESIAN_POINT('',(199.3,-109.4,0.));
#4381 = DIRECTION('',(-0.,0.,-1.));
#4382 = DIRECTION('',(-0.,-1.,0.));
#4383 = FACE_BOUND('',#4384,.F.);
#4384 = EDGE_LOOP('',(#4385));
#4385 = ORIENTED_EDGE('',*,*,#4386,.T.);
#4386 = EDGE_CURVE('',#4387,#4387,#4389,.T.);
#4387 = VERTEX_POINT('',#4388);
#4388 = CARTESIAN_POINT('',(210.9,-115.275,0.));
#4389 = CIRCLE('',#4390,2.4);
#4390 = AXIS2_PLACEMENT_3D('',#4391,#4392,#4393);
#4391 = CARTESIAN_POINT('',(210.9,-112.875,0.));
#4392 = DIRECTION('',(-0.,0.,-1.));
#4393 = DIRECTION('',(-0.,-1.,0.));
#4394 = FACE_BOUND('',#4395,.F.);
#4395 = EDGE_LOOP('',(#4396));
#4396 = ORIENTED_EDGE('',*,*,#4397,.T.);
#4397 = EDGE_CURVE('',#4398,#4398,#4400,.T.);
#4398 = VERTEX_POINT('',#4399);
#4399 = CARTESIAN_POINT('',(161.2,-99.4,0.));
#4400 = CIRCLE('',#4401,0.5);
#4401 = AXIS2_PLACEMENT_3D('',#4402,#4403,#4404);
#4402 = CARTESIAN_POINT('',(161.2,-98.9,0.));
#4403 = DIRECTION('',(-0.,0.,-1.));
#4404 = DIRECTION('',(-0.,-1.,0.));
#4405 = FACE_BOUND('',#4406,.F.);
#4406 = EDGE_LOOP('',(#4407));
#4407 = ORIENTED_EDGE('',*,*,#4408,.T.);
#4408 = EDGE_CURVE('',#4409,#4409,#4411,.T.);
#4409 = VERTEX_POINT('',#4410);
#4410 = CARTESIAN_POINT('',(166.2,-99.4,0.));
#4411 = CIRCLE('',#4412,0.5);
#4412 = AXIS2_PLACEMENT_3D('',#4413,#4414,#4415);
#4413 = CARTESIAN_POINT('',(166.2,-98.9,0.));
#4414 = DIRECTION('',(-0.,0.,-1.));
#4415 = DIRECTION('',(-0.,-1.,0.));
#4416 = FACE_BOUND('',#4417,.F.);
#4417 = EDGE_LOOP('',(#4418));
#4418 = ORIENTED_EDGE('',*,*,#4419,.T.);
#4419 = EDGE_CURVE('',#4420,#4420,#4422,.T.);
#4420 = VERTEX_POINT('',#4421);
#4421 = CARTESIAN_POINT('',(181.,-104.4,0.));
#4422 = CIRCLE('',#4423,0.5);
#4423 = AXIS2_PLACEMENT_3D('',#4424,#4425,#4426);
#4424 = CARTESIAN_POINT('',(181.,-103.9,0.));
#4425 = DIRECTION('',(-0.,0.,-1.));
#4426 = DIRECTION('',(-0.,-1.,0.));
#4427 = FACE_BOUND('',#4428,.F.);
#4428 = EDGE_LOOP('',(#4429));
#4429 = ORIENTED_EDGE('',*,*,#4430,.T.);
#4430 = EDGE_CURVE('',#4431,#4431,#4433,.T.);
#4431 = VERTEX_POINT('',#4432);
#4432 = CARTESIAN_POINT('',(186.,-100.75,0.));
#4433 = CIRCLE('',#4434,2.4);
#4434 = AXIS2_PLACEMENT_3D('',#4435,#4436,#4437);
#4435 = CARTESIAN_POINT('',(186.,-98.35,0.));
#4436 = DIRECTION('',(-0.,0.,-1.));
#4437 = DIRECTION('',(-0.,-1.,0.));
#4438 = FACE_BOUND('',#4439,.F.);
#4439 = EDGE_LOOP('',(#4440,#4451,#4459,#4468));
#4440 = ORIENTED_EDGE('',*,*,#4441,.T.);
#4441 = EDGE_CURVE('',#4442,#4444,#4446,.T.);
#4442 = VERTEX_POINT('',#4443);
#4443 = CARTESIAN_POINT('',(159.1,-92.3,0.));
#4444 = VERTEX_POINT('',#4445);
#4445 = CARTESIAN_POINT('',(157.1,-92.3,0.));
#4446 = CIRCLE('',#4447,1.);
#4447 = AXIS2_PLACEMENT_3D('',#4448,#4449,#4450);
#4448 = CARTESIAN_POINT('',(158.1,-92.3,0.));
#4449 = DIRECTION('',(-0.,0.,-1.));
#4450 = DIRECTION('',(-1.,0.,0.));
#4451 = ORIENTED_EDGE('',*,*,#4452,.T.);
#4452 = EDGE_CURVE('',#4444,#4453,#4455,.T.);
#4453 = VERTEX_POINT('',#4454);
#4454 = CARTESIAN_POINT('',(157.1,-91.5,0.));
#4455 = LINE('',#4456,#4457);
#4456 = CARTESIAN_POINT('',(157.1,-45.75,0.));
#4457 = VECTOR('',#4458,1.);
#4458 = DIRECTION('',(-0.,1.,0.));
#4459 = ORIENTED_EDGE('',*,*,#4460,.T.);
#4460 = EDGE_CURVE('',#4453,#4461,#4463,.T.);
#4461 = VERTEX_POINT('',#4462);
#4462 = CARTESIAN_POINT('',(159.1,-91.5,0.));
#4463 = CIRCLE('',#4464,1.);
#4464 = AXIS2_PLACEMENT_3D('',#4465,#4466,#4467);
#4465 = CARTESIAN_POINT('',(158.1,-91.5,0.));
#4466 = DIRECTION('',(0.,-0.,-1.));
#4467 = DIRECTION('',(1.,0.,-0.));
#4468 = ORIENTED_EDGE('',*,*,#4469,.T.);
#4469 = EDGE_CURVE('',#4461,#4442,#4470,.T.);
#4470 = LINE('',#4471,#4472);
#4471 = CARTESIAN_POINT('',(159.1,-46.15,0.));
#4472 = VECTOR('',#4473,1.);
#4473 = DIRECTION('',(0.,-1.,0.));
#4474 = FACE_BOUND('',#4475,.F.);
#4475 = EDGE_LOOP('',(#4476,#4487,#4495,#4504));
#4476 = ORIENTED_EDGE('',*,*,#4477,.T.);
#4477 = EDGE_CURVE('',#4478,#4480,#4482,.T.);
#4478 = VERTEX_POINT('',#4479);
#4479 = CARTESIAN_POINT('',(170.3,-92.3,0.));
#4480 = VERTEX_POINT('',#4481);
#4481 = CARTESIAN_POINT('',(168.3,-92.3,0.));
#4482 = CIRCLE('',#4483,1.);
#4483 = AXIS2_PLACEMENT_3D('',#4484,#4485,#4486);
#4484 = CARTESIAN_POINT('',(169.3,-92.3,0.));
#4485 = DIRECTION('',(-0.,0.,-1.));
#4486 = DIRECTION('',(-1.,0.,0.));
#4487 = ORIENTED_EDGE('',*,*,#4488,.T.);
#4488 = EDGE_CURVE('',#4480,#4489,#4491,.T.);
#4489 = VERTEX_POINT('',#4490);
#4490 = CARTESIAN_POINT('',(168.3,-91.5,0.));
#4491 = LINE('',#4492,#4493);
#4492 = CARTESIAN_POINT('',(168.3,-45.75,0.));
#4493 = VECTOR('',#4494,1.);
#4494 = DIRECTION('',(-0.,1.,0.));
#4495 = ORIENTED_EDGE('',*,*,#4496,.T.);
#4496 = EDGE_CURVE('',#4489,#4497,#4499,.T.);
#4497 = VERTEX_POINT('',#4498);
#4498 = CARTESIAN_POINT('',(170.3,-91.5,0.));
#4499 = CIRCLE('',#4500,1.);
#4500 = AXIS2_PLACEMENT_3D('',#4501,#4502,#4503);
#4501 = CARTESIAN_POINT('',(169.3,-91.5,0.));
#4502 = DIRECTION('',(0.,-0.,-1.));
#4503 = DIRECTION('',(1.,0.,-0.));
#4504 = ORIENTED_EDGE('',*,*,#4505,.T.);
#4505 = EDGE_CURVE('',#4497,#4478,#4506,.T.);
#4506 = LINE('',#4507,#4508);
#4507 = CARTESIAN_POINT('',(170.3,-46.15,0.));
#4508 = VECTOR('',#4509,1.);
#4509 = DIRECTION('',(0.,-1.,0.));
#4510 = FACE_BOUND('',#4511,.F.);
#4511 = EDGE_LOOP('',(#4512));
#4512 = ORIENTED_EDGE('',*,*,#4513,.T.);
#4513 = EDGE_CURVE('',#4514,#4514,#4516,.T.);
#4514 = VERTEX_POINT('',#4515);
#4515 = CARTESIAN_POINT('',(186.,-93.95,0.));
#4516 = CIRCLE('',#4517,1.5);
#4517 = AXIS2_PLACEMENT_3D('',#4518,#4519,#4520);
#4518 = CARTESIAN_POINT('',(186.,-92.45,0.));
#4519 = DIRECTION('',(-0.,0.,-1.));
#4520 = DIRECTION('',(-0.,-1.,0.));
#4521 = FACE_BOUND('',#4522,.F.);
#4522 = EDGE_LOOP('',(#4523));
#4523 = ORIENTED_EDGE('',*,*,#4524,.T.);
#4524 = EDGE_CURVE('',#4525,#4525,#4527,.T.);
#4525 = VERTEX_POINT('',#4526);
#4526 = CARTESIAN_POINT('',(197.6,-102.325,0.));
#4527 = CIRCLE('',#4528,0.5);
#4528 = AXIS2_PLACEMENT_3D('',#4529,#4530,#4531);
#4529 = CARTESIAN_POINT('',(197.6,-101.825,0.));
#4530 = DIRECTION('',(-0.,0.,-1.));
#4531 = DIRECTION('',(-0.,-1.,0.));
#4532 = FACE_BOUND('',#4533,.F.);
#4533 = EDGE_LOOP('',(#4534));
#4534 = ORIENTED_EDGE('',*,*,#4535,.T.);
#4535 = EDGE_CURVE('',#4536,#4536,#4538,.T.);
#4536 = VERTEX_POINT('',#4537);
#4537 = CARTESIAN_POINT('',(214.2,-100.25,0.));
#4538 = CIRCLE('',#4539,0.5);
#4539 = AXIS2_PLACEMENT_3D('',#4540,#4541,#4542);
#4540 = CARTESIAN_POINT('',(214.2,-99.75,0.));
#4541 = DIRECTION('',(-0.,0.,-1.));
#4542 = DIRECTION('',(-0.,-1.,0.));
#4543 = FACE_BOUND('',#4544,.F.);
#4544 = EDGE_LOOP('',(#4545));
#4545 = ORIENTED_EDGE('',*,*,#4546,.T.);
#4546 = EDGE_CURVE('',#4547,#4547,#4549,.T.);
#4547 = VERTEX_POINT('',#4548);
#4548 = CARTESIAN_POINT('',(191.,-96.15,0.));
#4549 = CIRCLE('',#4550,1.5);
#4550 = AXIS2_PLACEMENT_3D('',#4551,#4552,#4553);
#4551 = CARTESIAN_POINT('',(191.,-94.65,0.));
#4552 = DIRECTION('',(-0.,0.,-1.));
#4553 = DIRECTION('',(-0.,-1.,0.));
#4554 = FACE_BOUND('',#4555,.F.);
#4555 = EDGE_LOOP('',(#4556));
#4556 = ORIENTED_EDGE('',*,*,#4557,.T.);
#4557 = EDGE_CURVE('',#4558,#4558,#4560,.T.);
#4558 = VERTEX_POINT('',#4559);
#4559 = CARTESIAN_POINT('',(202.6,-98.675,0.));
#4560 = CIRCLE('',#4561,2.4);
#4561 = AXIS2_PLACEMENT_3D('',#4562,#4563,#4564);
#4562 = CARTESIAN_POINT('',(202.6,-96.275,0.));
#4563 = DIRECTION('',(-0.,0.,-1.));
#4564 = DIRECTION('',(-0.,-1.,0.));
#4565 = FACE_BOUND('',#4566,.F.);
#4566 = EDGE_LOOP('',(#4567));
#4567 = ORIENTED_EDGE('',*,*,#4568,.T.);
#4568 = EDGE_CURVE('',#4569,#4569,#4571,.T.);
#4569 = VERTEX_POINT('',#4570);
#4570 = CARTESIAN_POINT('',(207.6,-94.075,0.));
#4571 = CIRCLE('',#4572,1.5);
#4572 = AXIS2_PLACEMENT_3D('',#4573,#4574,#4575);
#4573 = CARTESIAN_POINT('',(207.6,-92.575,0.));
#4574 = DIRECTION('',(-0.,0.,-1.));
#4575 = DIRECTION('',(-0.,-1.,0.));
#4576 = FACE_BOUND('',#4577,.F.);
#4577 = EDGE_LOOP('',(#4578));
#4578 = ORIENTED_EDGE('',*,*,#4579,.T.);
#4579 = EDGE_CURVE('',#4580,#4580,#4582,.T.);
#4580 = VERTEX_POINT('',#4581);
#4581 = CARTESIAN_POINT('',(202.6,-91.875,0.));
#4582 = CIRCLE('',#4583,1.5);
#4583 = AXIS2_PLACEMENT_3D('',#4584,#4585,#4586);
#4584 = CARTESIAN_POINT('',(202.6,-90.375,0.));
#4585 = DIRECTION('',(-0.,0.,-1.));
#4586 = DIRECTION('',(-0.,-1.,0.));
#4587 = FACE_BOUND('',#4588,.F.);
#4588 = EDGE_LOOP('',(#4589));
#4589 = ORIENTED_EDGE('',*,*,#4590,.T.);
#4590 = EDGE_CURVE('',#4591,#4591,#4593,.T.);
#4591 = VERTEX_POINT('',#4592);
#4592 = CARTESIAN_POINT('',(215.9,-107.825,0.));
#4593 = CIRCLE('',#4594,0.5);
#4594 = AXIS2_PLACEMENT_3D('',#4595,#4596,#4597);
#4595 = CARTESIAN_POINT('',(215.9,-107.325,0.));
#4596 = DIRECTION('',(-0.,0.,-1.));
#4597 = DIRECTION('',(-0.,-1.,0.));
#4598 = FACE_BOUND('',#4599,.F.);
#4599 = EDGE_LOOP('',(#4600));
#4600 = ORIENTED_EDGE('',*,*,#4601,.T.);
#4601 = EDGE_CURVE('',#4602,#4602,#4604,.T.);
#4602 = VERTEX_POINT('',#4603);
#4603 = CARTESIAN_POINT('',(252.4,-107.825,0.));
#4604 = CIRCLE('',#4605,1.5);
#4605 = AXIS2_PLACEMENT_3D('',#4606,#4607,#4608);
#4606 = CARTESIAN_POINT('',(252.4,-106.325,0.));
#4607 = DIRECTION('',(-0.,0.,-1.));
#4608 = DIRECTION('',(-0.,-1.,0.));
#4609 = FACE_BOUND('',#4610,.F.);
#4610 = EDGE_LOOP('',(#4611));
#4611 = ORIENTED_EDGE('',*,*,#4612,.T.);
#4612 = EDGE_CURVE('',#4613,#4613,#4615,.T.);
#4613 = VERTEX_POINT('',#4614);
#4614 = CARTESIAN_POINT('',(264.,-107.285,0.));
#4615 = CIRCLE('',#4616,1.5);
#4616 = AXIS2_PLACEMENT_3D('',#4617,#4618,#4619);
#4617 = CARTESIAN_POINT('',(264.,-105.785,0.));
#4618 = DIRECTION('',(-0.,0.,-1.));
#4619 = DIRECTION('',(-0.,-1.,0.));
#4620 = FACE_BOUND('',#4621,.F.);
#4621 = EDGE_LOOP('',(#4622));
#4622 = ORIENTED_EDGE('',*,*,#4623,.T.);
#4623 = EDGE_CURVE('',#4624,#4624,#4626,.T.);
#4624 = VERTEX_POINT('',#4625);
#4625 = CARTESIAN_POINT('',(269.,-109.485,0.));
#4626 = CIRCLE('',#4627,1.5);
#4627 = AXIS2_PLACEMENT_3D('',#4628,#4629,#4630);
#4628 = CARTESIAN_POINT('',(269.,-107.985,0.));
#4629 = DIRECTION('',(-0.,0.,-1.));
#4630 = DIRECTION('',(-0.,-1.,0.));
#4631 = FACE_BOUND('',#4632,.F.);
#4632 = EDGE_LOOP('',(#4633));
#4633 = ORIENTED_EDGE('',*,*,#4634,.T.);
#4634 = EDGE_CURVE('',#4635,#4635,#4637,.T.);
#4635 = VERTEX_POINT('',#4636);
#4636 = CARTESIAN_POINT('',(235.8,-103.675,0.));
#4637 = CIRCLE('',#4638,1.5);
#4638 = AXIS2_PLACEMENT_3D('',#4639,#4640,#4641);
#4639 = CARTESIAN_POINT('',(235.8,-102.175,0.));
#4640 = DIRECTION('',(-0.,0.,-1.));
#4641 = DIRECTION('',(-0.,-1.,0.));
#4642 = FACE_BOUND('',#4643,.F.);
#4643 = EDGE_LOOP('',(#4644));
#4644 = ORIENTED_EDGE('',*,*,#4645,.T.);
#4645 = EDGE_CURVE('',#4646,#4646,#4648,.T.);
#4646 = VERTEX_POINT('',#4647);
#4647 = CARTESIAN_POINT('',(230.8,-101.475,0.));
#4648 = CIRCLE('',#4649,1.5);
#4649 = AXIS2_PLACEMENT_3D('',#4650,#4651,#4652);
#4650 = CARTESIAN_POINT('',(230.8,-99.975,0.));
#4651 = DIRECTION('',(-0.,0.,-1.));
#4652 = DIRECTION('',(-0.,-1.,0.));
#4653 = FACE_BOUND('',#4654,.F.);
#4654 = EDGE_LOOP('',(#4655));
#4655 = ORIENTED_EDGE('',*,*,#4656,.T.);
#4656 = EDGE_CURVE('',#4657,#4657,#4659,.T.);
#4657 = VERTEX_POINT('',#4658);
#4658 = CARTESIAN_POINT('',(219.2,-96.6,0.));
#4659 = CIRCLE('',#4660,2.4);
#4660 = AXIS2_PLACEMENT_3D('',#4661,#4662,#4663);
#4661 = CARTESIAN_POINT('',(219.2,-94.2,0.));
#4662 = DIRECTION('',(-0.,0.,-1.));
#4663 = DIRECTION('',(-0.,-1.,0.));
#4664 = FACE_BOUND('',#4665,.F.);
#4665 = EDGE_LOOP('',(#4666));
#4666 = ORIENTED_EDGE('',*,*,#4667,.T.);
#4667 = EDGE_CURVE('',#4668,#4668,#4670,.T.);
#4668 = VERTEX_POINT('',#4669);
#4669 = CARTESIAN_POINT('',(219.2,-89.8,0.));
#4670 = CIRCLE('',#4671,1.5);
#4671 = AXIS2_PLACEMENT_3D('',#4672,#4673,#4674);
#4672 = CARTESIAN_POINT('',(219.2,-88.3,0.));
#4673 = DIRECTION('',(-0.,0.,-1.));
#4674 = DIRECTION('',(-0.,-1.,0.));
#4675 = FACE_BOUND('',#4676,.F.);
#4676 = EDGE_LOOP('',(#4677));
#4677 = ORIENTED_EDGE('',*,*,#4678,.T.);
#4678 = EDGE_CURVE('',#4679,#4679,#4681,.T.);
#4679 = VERTEX_POINT('',#4680);
#4680 = CARTESIAN_POINT('',(224.2,-92.,0.));
#4681 = CIRCLE('',#4682,1.5);
#4682 = AXIS2_PLACEMENT_3D('',#4683,#4684,#4685);
#4683 = CARTESIAN_POINT('',(224.2,-90.5,0.));
#4684 = DIRECTION('',(-0.,0.,-1.));
#4685 = DIRECTION('',(-0.,-1.,0.));
#4686 = FACE_BOUND('',#4687,.F.);
#4687 = EDGE_LOOP('',(#4688));
#4688 = ORIENTED_EDGE('',*,*,#4689,.T.);
#4689 = EDGE_CURVE('',#4690,#4690,#4692,.T.);
#4690 = VERTEX_POINT('',#4691);
#4691 = CARTESIAN_POINT('',(235.8,-98.675,0.));
#4692 = CIRCLE('',#4693,2.4);
#4693 = AXIS2_PLACEMENT_3D('',#4694,#4695,#4696);
#4694 = CARTESIAN_POINT('',(235.8,-96.275,0.));
#4695 = DIRECTION('',(-0.,0.,-1.));
#4696 = DIRECTION('',(-0.,-1.,0.));
#4697 = FACE_BOUND('',#4698,.F.);
#4698 = EDGE_LOOP('',(#4699));
#4699 = ORIENTED_EDGE('',*,*,#4700,.T.);
#4700 = EDGE_CURVE('',#4701,#4701,#4703,.T.);
#4701 = VERTEX_POINT('',#4702);
#4702 = CARTESIAN_POINT('',(240.8,-91.225,0.));
#4703 = CIRCLE('',#4704,0.5);
#4704 = AXIS2_PLACEMENT_3D('',#4705,#4706,#4707);
#4705 = CARTESIAN_POINT('',(240.8,-90.725,0.));
#4706 = DIRECTION('',(-0.,0.,-1.));
#4707 = DIRECTION('',(-0.,-1.,0.));
#4708 = FACE_BOUND('',#4709,.F.);
#4709 = EDGE_LOOP('',(#4710));
#4710 = ORIENTED_EDGE('',*,*,#4711,.T.);
#4711 = EDGE_CURVE('',#4712,#4712,#4714,.T.);
#4712 = VERTEX_POINT('',#4713);
#4713 = CARTESIAN_POINT('',(247.4,-105.625,0.));
#4714 = CIRCLE('',#4715,1.5);
#4715 = AXIS2_PLACEMENT_3D('',#4716,#4717,#4718);
#4716 = CARTESIAN_POINT('',(247.4,-104.125,0.));
#4717 = DIRECTION('',(-0.,0.,-1.));
#4718 = DIRECTION('',(-0.,-1.,0.));
#4719 = FACE_BOUND('',#4720,.F.);
#4720 = EDGE_LOOP('',(#4721));
#4721 = ORIENTED_EDGE('',*,*,#4722,.T.);
#4722 = EDGE_CURVE('',#4723,#4723,#4725,.T.);
#4723 = VERTEX_POINT('',#4724);
#4724 = CARTESIAN_POINT('',(252.4,-102.825,0.));
#4725 = CIRCLE('',#4726,2.4);
#4726 = AXIS2_PLACEMENT_3D('',#4727,#4728,#4729);
#4727 = CARTESIAN_POINT('',(252.4,-100.425,0.));
#4728 = DIRECTION('',(-0.,0.,-1.));
#4729 = DIRECTION('',(-0.,-1.,0.));
#4730 = FACE_BOUND('',#4731,.F.);
#4731 = EDGE_LOOP('',(#4732));
#4732 = ORIENTED_EDGE('',*,*,#4733,.T.);
#4733 = EDGE_CURVE('',#4734,#4734,#4736,.T.);
#4734 = VERTEX_POINT('',#4735);
#4735 = CARTESIAN_POINT('',(269.,-104.485,0.));
#4736 = CIRCLE('',#4737,2.4);
#4737 = AXIS2_PLACEMENT_3D('',#4738,#4739,#4740);
#4738 = CARTESIAN_POINT('',(269.,-102.085,0.));
#4739 = DIRECTION('',(-0.,0.,-1.));
#4740 = DIRECTION('',(-0.,-1.,0.));
#4741 = FACE_BOUND('',#4742,.F.);
#4742 = EDGE_LOOP('',(#4743));
#4743 = ORIENTED_EDGE('',*,*,#4744,.T.);
#4744 = EDGE_CURVE('',#4745,#4745,#4747,.T.);
#4745 = VERTEX_POINT('',#4746);
#4746 = CARTESIAN_POINT('',(257.4,-95.375,0.));
#4747 = CIRCLE('',#4748,0.5);
#4748 = AXIS2_PLACEMENT_3D('',#4749,#4750,#4751);
#4749 = CARTESIAN_POINT('',(257.4,-94.875,0.));
#4750 = DIRECTION('',(-0.,0.,-1.));
#4751 = DIRECTION('',(-0.,-1.,0.));
#4752 = FACE_BOUND('',#4753,.F.);
#4753 = EDGE_LOOP('',(#4754));
#4754 = ORIENTED_EDGE('',*,*,#4755,.T.);
#4755 = EDGE_CURVE('',#4756,#4756,#4758,.T.);
#4756 = VERTEX_POINT('',#4757);
#4757 = CARTESIAN_POINT('',(252.4,-91.225,0.));
#4758 = CIRCLE('',#4759,1.5);
#4759 = AXIS2_PLACEMENT_3D('',#4760,#4761,#4762);
#4760 = CARTESIAN_POINT('',(252.4,-89.725,0.));
#4761 = DIRECTION('',(-0.,0.,-1.));
#4762 = DIRECTION('',(-0.,-1.,0.));
#4763 = FACE_BOUND('',#4764,.F.);
#4764 = EDGE_LOOP('',(#4765));
#4765 = ORIENTED_EDGE('',*,*,#4766,.T.);
#4766 = EDGE_CURVE('',#4767,#4767,#4769,.T.);
#4767 = VERTEX_POINT('',#4768);
#4768 = CARTESIAN_POINT('',(274.,-97.035,0.));
#4769 = CIRCLE('',#4770,0.5);
#4770 = AXIS2_PLACEMENT_3D('',#4771,#4772,#4773);
#4771 = CARTESIAN_POINT('',(274.,-96.535,0.));
#4772 = DIRECTION('',(-0.,0.,-1.));
#4773 = DIRECTION('',(-0.,-1.,0.));
#4774 = FACE_BOUND('',#4775,.F.);
#4775 = EDGE_LOOP('',(#4776));
#4776 = ORIENTED_EDGE('',*,*,#4777,.T.);
#4777 = EDGE_CURVE('',#4778,#4778,#4780,.T.);
#4778 = VERTEX_POINT('',#4779);
#4779 = CARTESIAN_POINT('',(264.,-90.685,0.));
#4780 = CIRCLE('',#4781,1.5);
#4781 = AXIS2_PLACEMENT_3D('',#4782,#4783,#4784);
#4782 = CARTESIAN_POINT('',(264.,-89.185,0.));
#4783 = DIRECTION('',(-0.,0.,-1.));
#4784 = DIRECTION('',(-0.,-1.,0.));
#4785 = FACE_BOUND('',#4786,.F.);
#4786 = EDGE_LOOP('',(#4787));
#4787 = ORIENTED_EDGE('',*,*,#4788,.T.);
#4788 = EDGE_CURVE('',#4789,#4789,#4791,.T.);
#4789 = VERTEX_POINT('',#4790);
#4790 = CARTESIAN_POINT('',(269.,-92.885,0.));
#4791 = CIRCLE('',#4792,1.5);
#4792 = AXIS2_PLACEMENT_3D('',#4793,#4794,#4795);
#4793 = CARTESIAN_POINT('',(269.,-91.385,0.));
#4794 = DIRECTION('',(-0.,0.,-1.));
#4795 = DIRECTION('',(-0.,-1.,0.));
#4796 = FACE_BOUND('',#4797,.F.);
#4797 = EDGE_LOOP('',(#4798));
#4798 = ORIENTED_EDGE('',*,*,#4799,.T.);
#4799 = EDGE_CURVE('',#4800,#4800,#4802,.T.);
#4800 = VERTEX_POINT('',#4801);
#4801 = CARTESIAN_POINT('',(161.2,-84.9,0.));
#4802 = CIRCLE('',#4803,0.5);
#4803 = AXIS2_PLACEMENT_3D('',#4804,#4805,#4806);
#4804 = CARTESIAN_POINT('',(161.2,-84.4,0.));
#4805 = DIRECTION('',(-0.,0.,-1.));
#4806 = DIRECTION('',(-0.,-1.,0.));
#4807 = FACE_BOUND('',#4808,.F.);
#4808 = EDGE_LOOP('',(#4809));
#4809 = ORIENTED_EDGE('',*,*,#4810,.T.);
#4810 = EDGE_CURVE('',#4811,#4811,#4813,.T.);
#4811 = VERTEX_POINT('',#4812);
#4812 = CARTESIAN_POINT('',(163.7,-84.9,0.));
#4813 = CIRCLE('',#4814,0.5);
#4814 = AXIS2_PLACEMENT_3D('',#4815,#4816,#4817);
#4815 = CARTESIAN_POINT('',(163.7,-84.4,0.));
#4816 = DIRECTION('',(-0.,0.,-1.));
#4817 = DIRECTION('',(-0.,-1.,0.));
#4818 = FACE_BOUND('',#4819,.F.);
#4819 = EDGE_LOOP('',(#4820));
#4820 = ORIENTED_EDGE('',*,*,#4821,.T.);
#4821 = EDGE_CURVE('',#4822,#4822,#4824,.T.);
#4822 = VERTEX_POINT('',#4823);
#4823 = CARTESIAN_POINT('',(166.2,-84.9,0.));
#4824 = CIRCLE('',#4825,0.5);
#4825 = AXIS2_PLACEMENT_3D('',#4826,#4827,#4828);
#4826 = CARTESIAN_POINT('',(166.2,-84.4,0.));
#4827 = DIRECTION('',(-0.,0.,-1.));
#4828 = DIRECTION('',(-0.,-1.,0.));
#4829 = FACE_BOUND('',#4830,.F.);
#4830 = EDGE_LOOP('',(#4831));
#4831 = ORIENTED_EDGE('',*,*,#4832,.T.);
#4832 = EDGE_CURVE('',#4833,#4833,#4835,.T.);
#4833 = VERTEX_POINT('',#4834);
#4834 = CARTESIAN_POINT('',(181.,-87.8,0.));
#4835 = CIRCLE('',#4836,0.5);
#4836 = AXIS2_PLACEMENT_3D('',#4837,#4838,#4839);
#4837 = CARTESIAN_POINT('',(181.,-87.3,0.));
#4838 = DIRECTION('',(-0.,0.,-1.));
#4839 = DIRECTION('',(-0.,-1.,0.));
#4840 = FACE_BOUND('',#4841,.F.);
#4841 = EDGE_LOOP('',(#4842));
#4842 = ORIENTED_EDGE('',*,*,#4843,.T.);
#4843 = EDGE_CURVE('',#4844,#4844,#4846,.T.);
#4844 = VERTEX_POINT('',#4845);
#4845 = CARTESIAN_POINT('',(186.,-84.15,0.));
#4846 = CIRCLE('',#4847,2.4);
#4847 = AXIS2_PLACEMENT_3D('',#4848,#4849,#4850);
#4848 = CARTESIAN_POINT('',(186.,-81.75,0.));
#4849 = DIRECTION('',(-0.,0.,-1.));
#4850 = DIRECTION('',(-0.,-1.,0.));
#4851 = FACE_BOUND('',#4852,.F.);
#4852 = EDGE_LOOP('',(#4853));
#4853 = ORIENTED_EDGE('',*,*,#4854,.T.);
#4854 = EDGE_CURVE('',#4855,#4855,#4857,.T.);
#4855 = VERTEX_POINT('',#4856);
#4856 = CARTESIAN_POINT('',(165.,-75.565,0.));
#4857 = CIRCLE('',#4858,0.365);
#4858 = AXIS2_PLACEMENT_3D('',#4859,#4860,#4861);
#4859 = CARTESIAN_POINT('',(165.,-75.2,0.));
#4860 = DIRECTION('',(-0.,0.,-1.));
#4861 = DIRECTION('',(-0.,-1.,0.));
#4862 = FACE_BOUND('',#4863,.F.);
#4863 = EDGE_LOOP('',(#4864));
#4864 = ORIENTED_EDGE('',*,*,#4865,.T.);
#4865 = EDGE_CURVE('',#4866,#4866,#4868,.T.);
#4866 = VERTEX_POINT('',#4867);
#4867 = CARTESIAN_POINT('',(166.5,-75.565,0.));
#4868 = CIRCLE('',#4869,0.365);
#4869 = AXIS2_PLACEMENT_3D('',#4870,#4871,#4872);
#4870 = CARTESIAN_POINT('',(166.5,-75.2,0.));
#4871 = DIRECTION('',(-0.,0.,-1.));
#4872 = DIRECTION('',(-0.,-1.,0.));
#4873 = FACE_BOUND('',#4874,.F.);
#4874 = EDGE_LOOP('',(#4875));
#4875 = ORIENTED_EDGE('',*,*,#4876,.T.);
#4876 = EDGE_CURVE('',#4877,#4877,#4879,.T.);
#4877 = VERTEX_POINT('',#4878);
#4878 = CARTESIAN_POINT('',(168.,-75.565,0.));
#4879 = CIRCLE('',#4880,0.365);
#4880 = AXIS2_PLACEMENT_3D('',#4881,#4882,#4883);
#4881 = CARTESIAN_POINT('',(168.,-75.2,0.));
#4882 = DIRECTION('',(-0.,0.,-1.));
#4883 = DIRECTION('',(-0.,-1.,0.));
#4884 = FACE_BOUND('',#4885,.F.);
#4885 = EDGE_LOOP('',(#4886));
#4886 = ORIENTED_EDGE('',*,*,#4887,.T.);
#4887 = EDGE_CURVE('',#4888,#4888,#4890,.T.);
#4888 = VERTEX_POINT('',#4889);
#4889 = CARTESIAN_POINT('',(186.,-77.35,0.));
#4890 = CIRCLE('',#4891,1.5);
#4891 = AXIS2_PLACEMENT_3D('',#4892,#4893,#4894);
#4892 = CARTESIAN_POINT('',(186.,-75.85,0.));
#4893 = DIRECTION('',(-0.,0.,-1.));
#4894 = DIRECTION('',(-0.,-1.,0.));
#4895 = FACE_BOUND('',#4896,.F.);
#4896 = EDGE_LOOP('',(#4897));
#4897 = ORIENTED_EDGE('',*,*,#4898,.T.);
#4898 = EDGE_CURVE('',#4899,#4899,#4901,.T.);
#4899 = VERTEX_POINT('',#4900);
#4900 = CARTESIAN_POINT('',(197.6,-85.725,0.));
#4901 = CIRCLE('',#4902,0.5);
#4902 = AXIS2_PLACEMENT_3D('',#4903,#4904,#4905);
#4903 = CARTESIAN_POINT('',(197.6,-85.225,0.));
#4904 = DIRECTION('',(-0.,0.,-1.));
#4905 = DIRECTION('',(-0.,-1.,0.));
#4906 = FACE_BOUND('',#4907,.F.);
#4907 = EDGE_LOOP('',(#4908));
#4908 = ORIENTED_EDGE('',*,*,#4909,.T.);
#4909 = EDGE_CURVE('',#4910,#4910,#4912,.T.);
#4910 = VERTEX_POINT('',#4911);
#4911 = CARTESIAN_POINT('',(202.6,-82.075,0.));
#4912 = CIRCLE('',#4913,2.4);
#4913 = AXIS2_PLACEMENT_3D('',#4914,#4915,#4916);
#4914 = CARTESIAN_POINT('',(202.6,-79.675,0.));
#4915 = DIRECTION('',(-0.,0.,-1.));
#4916 = DIRECTION('',(-0.,-1.,0.));
#4917 = FACE_BOUND('',#4918,.F.);
#4918 = EDGE_LOOP('',(#4919));
#4919 = ORIENTED_EDGE('',*,*,#4920,.T.);
#4920 = EDGE_CURVE('',#4921,#4921,#4923,.T.);
#4921 = VERTEX_POINT('',#4922);
#4922 = CARTESIAN_POINT('',(214.2,-83.65,0.));
#4923 = CIRCLE('',#4924,0.5);
#4924 = AXIS2_PLACEMENT_3D('',#4925,#4926,#4927);
#4925 = CARTESIAN_POINT('',(214.2,-83.15,0.));
#4926 = DIRECTION('',(-0.,0.,-1.));
#4927 = DIRECTION('',(-0.,-1.,0.));
#4928 = FACE_BOUND('',#4929,.F.);
#4929 = EDGE_LOOP('',(#4930));
#4930 = ORIENTED_EDGE('',*,*,#4931,.T.);
#4931 = EDGE_CURVE('',#4932,#4932,#4934,.T.);
#4932 = VERTEX_POINT('',#4933);
#4933 = CARTESIAN_POINT('',(191.,-79.55,0.));
#4934 = CIRCLE('',#4935,1.5);
#4935 = AXIS2_PLACEMENT_3D('',#4936,#4937,#4938);
#4936 = CARTESIAN_POINT('',(191.,-78.05,0.));
#4937 = DIRECTION('',(-0.,0.,-1.));
#4938 = DIRECTION('',(-0.,-1.,0.));
#4939 = FACE_BOUND('',#4940,.F.);
#4940 = EDGE_LOOP('',(#4941));
#4941 = ORIENTED_EDGE('',*,*,#4942,.T.);
#4942 = EDGE_CURVE('',#4943,#4943,#4945,.T.);
#4943 = VERTEX_POINT('',#4944);
#4944 = CARTESIAN_POINT('',(207.6,-77.475,0.));
#4945 = CIRCLE('',#4946,1.5);
#4946 = AXIS2_PLACEMENT_3D('',#4947,#4948,#4949);
#4947 = CARTESIAN_POINT('',(207.6,-75.975,0.));
#4948 = DIRECTION('',(-0.,0.,-1.));
#4949 = DIRECTION('',(-0.,-1.,0.));
#4950 = FACE_BOUND('',#4951,.F.);
#4951 = EDGE_LOOP('',(#4952));
#4952 = ORIENTED_EDGE('',*,*,#4953,.T.);
#4953 = EDGE_CURVE('',#4954,#4954,#4956,.T.);
#4954 = VERTEX_POINT('',#4955);
#4955 = CARTESIAN_POINT('',(202.6,-75.275,0.));
#4956 = CIRCLE('',#4957,1.5);
#4957 = AXIS2_PLACEMENT_3D('',#4958,#4959,#4960);
#4958 = CARTESIAN_POINT('',(202.6,-73.775,0.));
#4959 = DIRECTION('',(-0.,0.,-1.));
#4960 = DIRECTION('',(-0.,-1.,0.));
#4961 = FACE_BOUND('',#4962,.F.);
#4962 = EDGE_LOOP('',(#4963));
#4963 = ORIENTED_EDGE('',*,*,#4964,.T.);
#4964 = EDGE_CURVE('',#4965,#4965,#4967,.T.);
#4965 = VERTEX_POINT('',#4966);
#4966 = CARTESIAN_POINT('',(181.,-71.2,0.));
#4967 = CIRCLE('',#4968,0.5);
#4968 = AXIS2_PLACEMENT_3D('',#4969,#4970,#4971);
#4969 = CARTESIAN_POINT('',(181.,-70.7,0.));
#4970 = DIRECTION('',(-0.,0.,-1.));
#4971 = DIRECTION('',(-0.,-1.,0.));
#4972 = FACE_BOUND('',#4973,.F.);
#4973 = EDGE_LOOP('',(#4974));
#4974 = ORIENTED_EDGE('',*,*,#4975,.T.);
#4975 = EDGE_CURVE('',#4976,#4976,#4978,.T.);
#4976 = VERTEX_POINT('',#4977);
#4977 = CARTESIAN_POINT('',(186.,-67.55,0.));
#4978 = CIRCLE('',#4979,2.4);
#4979 = AXIS2_PLACEMENT_3D('',#4980,#4981,#4982);
#4980 = CARTESIAN_POINT('',(186.,-65.15,0.));
#4981 = DIRECTION('',(-0.,0.,-1.));
#4982 = DIRECTION('',(-0.,-1.,0.));
#4983 = FACE_BOUND('',#4984,.F.);
#4984 = EDGE_LOOP('',(#4985));
#4985 = ORIENTED_EDGE('',*,*,#4986,.T.);
#4986 = EDGE_CURVE('',#4987,#4987,#4989,.T.);
#4987 = VERTEX_POINT('',#4988);
#4988 = CARTESIAN_POINT('',(186.,-60.75,0.));
#4989 = CIRCLE('',#4990,1.5);
#4990 = AXIS2_PLACEMENT_3D('',#4991,#4992,#4993);
#4991 = CARTESIAN_POINT('',(186.,-59.25,0.));
#4992 = DIRECTION('',(-0.,0.,-1.));
#4993 = DIRECTION('',(-0.,-1.,0.));
#4994 = FACE_BOUND('',#4995,.F.);
#4995 = EDGE_LOOP('',(#4996));
#4996 = ORIENTED_EDGE('',*,*,#4997,.T.);
#4997 = EDGE_CURVE('',#4998,#4998,#5000,.T.);
#4998 = VERTEX_POINT('',#4999);
#4999 = CARTESIAN_POINT('',(197.6,-69.125,0.));
#5000 = CIRCLE('',#5001,0.5);
#5001 = AXIS2_PLACEMENT_3D('',#5002,#5003,#5004);
#5002 = CARTESIAN_POINT('',(197.6,-68.625,0.));
#5003 = DIRECTION('',(-0.,0.,-1.));
#5004 = DIRECTION('',(-0.,-1.,0.));
#5005 = FACE_BOUND('',#5006,.F.);
#5006 = EDGE_LOOP('',(#5007));
#5007 = ORIENTED_EDGE('',*,*,#5008,.T.);
#5008 = EDGE_CURVE('',#5009,#5009,#5011,.T.);
#5009 = VERTEX_POINT('',#5010);
#5010 = CARTESIAN_POINT('',(214.2,-67.05,0.));
#5011 = CIRCLE('',#5012,0.5);
#5012 = AXIS2_PLACEMENT_3D('',#5013,#5014,#5015);
#5013 = CARTESIAN_POINT('',(214.2,-66.55,0.));
#5014 = DIRECTION('',(-0.,0.,-1.));
#5015 = DIRECTION('',(-0.,-1.,0.));
#5016 = FACE_BOUND('',#5017,.F.);
#5017 = EDGE_LOOP('',(#5018));
#5018 = ORIENTED_EDGE('',*,*,#5019,.T.);
#5019 = EDGE_CURVE('',#5020,#5020,#5022,.T.);
#5020 = VERTEX_POINT('',#5021);
#5021 = CARTESIAN_POINT('',(202.6,-65.475,0.));
#5022 = CIRCLE('',#5023,2.4);
#5023 = AXIS2_PLACEMENT_3D('',#5024,#5025,#5026);
#5024 = CARTESIAN_POINT('',(202.6,-63.075,0.));
#5025 = DIRECTION('',(-0.,0.,-1.));
#5026 = DIRECTION('',(-0.,-1.,0.));
#5027 = FACE_BOUND('',#5028,.F.);
#5028 = EDGE_LOOP('',(#5029));
#5029 = ORIENTED_EDGE('',*,*,#5030,.T.);
#5030 = EDGE_CURVE('',#5031,#5031,#5033,.T.);
#5031 = VERTEX_POINT('',#5032);
#5032 = CARTESIAN_POINT('',(191.,-62.95,0.));
#5033 = CIRCLE('',#5034,1.5);
#5034 = AXIS2_PLACEMENT_3D('',#5035,#5036,#5037);
#5035 = CARTESIAN_POINT('',(191.,-61.45,0.));
#5036 = DIRECTION('',(-0.,0.,-1.));
#5037 = DIRECTION('',(-0.,-1.,0.));
#5038 = FACE_BOUND('',#5039,.F.);
#5039 = EDGE_LOOP('',(#5040));
#5040 = ORIENTED_EDGE('',*,*,#5041,.T.);
#5041 = EDGE_CURVE('',#5042,#5042,#5044,.T.);
#5042 = VERTEX_POINT('',#5043);
#5043 = CARTESIAN_POINT('',(207.6,-60.875,0.));
#5044 = CIRCLE('',#5045,1.5);
#5045 = AXIS2_PLACEMENT_3D('',#5046,#5047,#5048);
#5046 = CARTESIAN_POINT('',(207.6,-59.375,0.));
#5047 = DIRECTION('',(-0.,0.,-1.));
#5048 = DIRECTION('',(-0.,-1.,0.));
#5049 = FACE_BOUND('',#5050,.F.);
#5050 = EDGE_LOOP('',(#5051));
#5051 = ORIENTED_EDGE('',*,*,#5052,.T.);
#5052 = EDGE_CURVE('',#5053,#5053,#5055,.T.);
#5053 = VERTEX_POINT('',#5054);
#5054 = CARTESIAN_POINT('',(202.6,-58.675,0.));
#5055 = CIRCLE('',#5056,1.5);
#5056 = AXIS2_PLACEMENT_3D('',#5057,#5058,#5059);
#5057 = CARTESIAN_POINT('',(202.6,-57.175,0.));
#5058 = DIRECTION('',(-0.,0.,-1.));
#5059 = DIRECTION('',(-0.,-1.,0.));
#5060 = FACE_BOUND('',#5061,.F.);
#5061 = EDGE_LOOP('',(#5062));
#5062 = ORIENTED_EDGE('',*,*,#5063,.T.);
#5063 = EDGE_CURVE('',#5064,#5064,#5066,.T.);
#5064 = VERTEX_POINT('',#5065);
#5065 = CARTESIAN_POINT('',(235.8,-87.075,0.));
#5066 = CIRCLE('',#5067,1.5);
#5067 = AXIS2_PLACEMENT_3D('',#5068,#5069,#5070);
#5068 = CARTESIAN_POINT('',(235.8,-85.575,0.));
#5069 = DIRECTION('',(-0.,0.,-1.));
#5070 = DIRECTION('',(-0.,-1.,0.));
#5071 = FACE_BOUND('',#5072,.F.);
#5072 = EDGE_LOOP('',(#5073));
#5073 = ORIENTED_EDGE('',*,*,#5074,.T.);
#5074 = EDGE_CURVE('',#5075,#5075,#5077,.T.);
#5075 = VERTEX_POINT('',#5076);
#5076 = CARTESIAN_POINT('',(230.8,-84.875,0.));
#5077 = CIRCLE('',#5078,1.5);
#5078 = AXIS2_PLACEMENT_3D('',#5079,#5080,#5081);
#5079 = CARTESIAN_POINT('',(230.8,-83.375,0.));
#5080 = DIRECTION('',(-0.,0.,-1.));
#5081 = DIRECTION('',(-0.,-1.,0.));
#5082 = FACE_BOUND('',#5083,.F.);
#5083 = EDGE_LOOP('',(#5084));
#5084 = ORIENTED_EDGE('',*,*,#5085,.T.);
#5085 = EDGE_CURVE('',#5086,#5086,#5088,.T.);
#5086 = VERTEX_POINT('',#5087);
#5087 = CARTESIAN_POINT('',(235.8,-82.075,0.));
#5088 = CIRCLE('',#5089,2.4);
#5089 = AXIS2_PLACEMENT_3D('',#5090,#5091,#5092);
#5090 = CARTESIAN_POINT('',(235.8,-79.675,0.));
#5091 = DIRECTION('',(-0.,0.,-1.));
#5092 = DIRECTION('',(-0.,-1.,0.));
#5093 = FACE_BOUND('',#5094,.F.);
#5094 = EDGE_LOOP('',(#5095));
#5095 = ORIENTED_EDGE('',*,*,#5096,.T.);
#5096 = EDGE_CURVE('',#5097,#5097,#5099,.T.);
#5097 = VERTEX_POINT('',#5098);
#5098 = CARTESIAN_POINT('',(219.2,-80.,0.));
#5099 = CIRCLE('',#5100,2.4);
#5100 = AXIS2_PLACEMENT_3D('',#5101,#5102,#5103);
#5101 = CARTESIAN_POINT('',(219.2,-77.6,0.));
#5102 = DIRECTION('',(-0.,0.,-1.));
#5103 = DIRECTION('',(-0.,-1.,0.));
#5104 = FACE_BOUND('',#5105,.F.);
#5105 = EDGE_LOOP('',(#5106));
#5106 = ORIENTED_EDGE('',*,*,#5107,.T.);
#5107 = EDGE_CURVE('',#5108,#5108,#5110,.T.);
#5108 = VERTEX_POINT('',#5109);
#5109 = CARTESIAN_POINT('',(219.2,-73.2,0.));
#5110 = CIRCLE('',#5111,1.5);
#5111 = AXIS2_PLACEMENT_3D('',#5112,#5113,#5114);
#5112 = CARTESIAN_POINT('',(219.2,-71.7,0.));
#5113 = DIRECTION('',(-0.,0.,-1.));
#5114 = DIRECTION('',(-0.,-1.,0.));
#5115 = FACE_BOUND('',#5116,.F.);
#5116 = EDGE_LOOP('',(#5117));
#5117 = ORIENTED_EDGE('',*,*,#5118,.T.);
#5118 = EDGE_CURVE('',#5119,#5119,#5121,.T.);
#5119 = VERTEX_POINT('',#5120);
#5120 = CARTESIAN_POINT('',(224.2,-75.4,0.));
#5121 = CIRCLE('',#5122,1.5);
#5122 = AXIS2_PLACEMENT_3D('',#5123,#5124,#5125);
#5123 = CARTESIAN_POINT('',(224.2,-73.9,0.));
#5124 = DIRECTION('',(-0.,0.,-1.));
#5125 = DIRECTION('',(-0.,-1.,0.));
#5126 = FACE_BOUND('',#5127,.F.);
#5127 = EDGE_LOOP('',(#5128));
#5128 = ORIENTED_EDGE('',*,*,#5129,.T.);
#5129 = EDGE_CURVE('',#5130,#5130,#5132,.T.);
#5130 = VERTEX_POINT('',#5131);
#5131 = CARTESIAN_POINT('',(240.8,-74.625,0.));
#5132 = CIRCLE('',#5133,0.5);
#5133 = AXIS2_PLACEMENT_3D('',#5134,#5135,#5136);
#5134 = CARTESIAN_POINT('',(240.8,-74.125,0.));
#5135 = DIRECTION('',(-0.,0.,-1.));
#5136 = DIRECTION('',(-0.,-1.,0.));
#5137 = FACE_BOUND('',#5138,.F.);
#5138 = EDGE_LOOP('',(#5139));
#5139 = ORIENTED_EDGE('',*,*,#5140,.T.);
#5140 = EDGE_CURVE('',#5141,#5141,#5143,.T.);
#5141 = VERTEX_POINT('',#5142);
#5142 = CARTESIAN_POINT('',(247.4,-89.025,0.));
#5143 = CIRCLE('',#5144,1.5);
#5144 = AXIS2_PLACEMENT_3D('',#5145,#5146,#5147);
#5145 = CARTESIAN_POINT('',(247.4,-87.525,0.));
#5146 = DIRECTION('',(-0.,0.,-1.));
#5147 = DIRECTION('',(-0.,-1.,0.));
#5148 = FACE_BOUND('',#5149,.F.);
#5149 = EDGE_LOOP('',(#5150));
#5150 = ORIENTED_EDGE('',*,*,#5151,.T.);
#5151 = EDGE_CURVE('',#5152,#5152,#5154,.T.);
#5152 = VERTEX_POINT('',#5153);
#5153 = CARTESIAN_POINT('',(252.4,-86.225,0.));
#5154 = CIRCLE('',#5155,2.4);
#5155 = AXIS2_PLACEMENT_3D('',#5156,#5157,#5158);
#5156 = CARTESIAN_POINT('',(252.4,-83.825,0.));
#5157 = DIRECTION('',(-0.,0.,-1.));
#5158 = DIRECTION('',(-0.,-1.,0.));
#5159 = FACE_BOUND('',#5160,.F.);
#5160 = EDGE_LOOP('',(#5161));
#5161 = ORIENTED_EDGE('',*,*,#5162,.T.);
#5162 = EDGE_CURVE('',#5163,#5163,#5165,.T.);
#5163 = VERTEX_POINT('',#5164);
#5164 = CARTESIAN_POINT('',(269.,-87.885,0.));
#5165 = CIRCLE('',#5166,2.4);
#5166 = AXIS2_PLACEMENT_3D('',#5167,#5168,#5169);
#5167 = CARTESIAN_POINT('',(269.,-85.485,0.));
#5168 = DIRECTION('',(-0.,0.,-1.));
#5169 = DIRECTION('',(-0.,-1.,0.));
#5170 = FACE_BOUND('',#5171,.F.);
#5171 = EDGE_LOOP('',(#5172));
#5172 = ORIENTED_EDGE('',*,*,#5173,.T.);
#5173 = EDGE_CURVE('',#5174,#5174,#5176,.T.);
#5174 = VERTEX_POINT('',#5175);
#5175 = CARTESIAN_POINT('',(274.,-80.435,0.));
#5176 = CIRCLE('',#5177,0.5);
#5177 = AXIS2_PLACEMENT_3D('',#5178,#5179,#5180);
#5178 = CARTESIAN_POINT('',(274.,-79.935,0.));
#5179 = DIRECTION('',(-0.,0.,-1.));
#5180 = DIRECTION('',(-0.,-1.,0.));
#5181 = FACE_BOUND('',#5182,.F.);
#5182 = EDGE_LOOP('',(#5183));
#5183 = ORIENTED_EDGE('',*,*,#5184,.T.);
#5184 = EDGE_CURVE('',#5185,#5185,#5187,.T.);
#5185 = VERTEX_POINT('',#5186);
#5186 = CARTESIAN_POINT('',(257.4,-78.775,0.));
#5187 = CIRCLE('',#5188,0.5);
#5188 = AXIS2_PLACEMENT_3D('',#5189,#5190,#5191);
#5189 = CARTESIAN_POINT('',(257.4,-78.275,0.));
#5190 = DIRECTION('',(-0.,0.,-1.));
#5191 = DIRECTION('',(-0.,-1.,0.));
#5192 = FACE_BOUND('',#5193,.F.);
#5193 = EDGE_LOOP('',(#5194));
#5194 = ORIENTED_EDGE('',*,*,#5195,.T.);
#5195 = EDGE_CURVE('',#5196,#5196,#5198,.T.);
#5196 = VERTEX_POINT('',#5197);
#5197 = CARTESIAN_POINT('',(252.4,-74.625,0.));
#5198 = CIRCLE('',#5199,1.5);
#5199 = AXIS2_PLACEMENT_3D('',#5200,#5201,#5202);
#5200 = CARTESIAN_POINT('',(252.4,-73.125,0.));
#5201 = DIRECTION('',(-0.,0.,-1.));
#5202 = DIRECTION('',(-0.,-1.,0.));
#5203 = FACE_BOUND('',#5204,.F.);
#5204 = EDGE_LOOP('',(#5205));
#5205 = ORIENTED_EDGE('',*,*,#5206,.T.);
#5206 = EDGE_CURVE('',#5207,#5207,#5209,.T.);
#5207 = VERTEX_POINT('',#5208);
#5208 = CARTESIAN_POINT('',(247.4,-72.425,0.));
#5209 = CIRCLE('',#5210,1.5);
#5210 = AXIS2_PLACEMENT_3D('',#5211,#5212,#5213);
#5211 = CARTESIAN_POINT('',(247.4,-70.925,0.));
#5212 = DIRECTION('',(-0.,0.,-1.));
#5213 = DIRECTION('',(-0.,-1.,0.));
#5214 = FACE_BOUND('',#5215,.F.);
#5215 = EDGE_LOOP('',(#5216));
#5216 = ORIENTED_EDGE('',*,*,#5217,.T.);
#5217 = EDGE_CURVE('',#5218,#5218,#5220,.T.);
#5218 = VERTEX_POINT('',#5219);
#5219 = CARTESIAN_POINT('',(264.,-74.085,0.));
#5220 = CIRCLE('',#5221,1.5);
#5221 = AXIS2_PLACEMENT_3D('',#5222,#5223,#5224);
#5222 = CARTESIAN_POINT('',(264.,-72.585,0.));
#5223 = DIRECTION('',(-0.,0.,-1.));
#5224 = DIRECTION('',(-0.,-1.,0.));
#5225 = FACE_BOUND('',#5226,.F.);
#5226 = EDGE_LOOP('',(#5227));
#5227 = ORIENTED_EDGE('',*,*,#5228,.T.);
#5228 = EDGE_CURVE('',#5229,#5229,#5231,.T.);
#5229 = VERTEX_POINT('',#5230);
#5230 = CARTESIAN_POINT('',(269.,-76.285,0.));
#5231 = CIRCLE('',#5232,1.5);
#5232 = AXIS2_PLACEMENT_3D('',#5233,#5234,#5235);
#5233 = CARTESIAN_POINT('',(269.,-74.785,0.));
#5234 = DIRECTION('',(-0.,0.,-1.));
#5235 = DIRECTION('',(-0.,-1.,0.));
#5236 = FACE_BOUND('',#5237,.F.);
#5237 = EDGE_LOOP('',(#5238));
#5238 = ORIENTED_EDGE('',*,*,#5239,.T.);
#5239 = EDGE_CURVE('',#5240,#5240,#5242,.T.);
#5240 = VERTEX_POINT('',#5241);
#5241 = CARTESIAN_POINT('',(235.8,-70.475,0.));
#5242 = CIRCLE('',#5243,1.5);
#5243 = AXIS2_PLACEMENT_3D('',#5244,#5245,#5246);
#5244 = CARTESIAN_POINT('',(235.8,-68.975,0.));
#5245 = DIRECTION('',(-0.,0.,-1.));
#5246 = DIRECTION('',(-0.,-1.,0.));
#5247 = FACE_BOUND('',#5248,.F.);
#5248 = EDGE_LOOP('',(#5249));
#5249 = ORIENTED_EDGE('',*,*,#5250,.T.);
#5250 = EDGE_CURVE('',#5251,#5251,#5253,.T.);
#5251 = VERTEX_POINT('',#5252);
#5252 = CARTESIAN_POINT('',(230.8,-68.275,0.));
#5253 = CIRCLE('',#5254,1.5);
#5254 = AXIS2_PLACEMENT_3D('',#5255,#5256,#5257);
#5255 = CARTESIAN_POINT('',(230.8,-66.775,0.));
#5256 = DIRECTION('',(-0.,0.,-1.));
#5257 = DIRECTION('',(-0.,-1.,0.));
#5258 = FACE_BOUND('',#5259,.F.);
#5259 = EDGE_LOOP('',(#5260));
#5260 = ORIENTED_EDGE('',*,*,#5261,.T.);
#5261 = EDGE_CURVE('',#5262,#5262,#5264,.T.);
#5262 = VERTEX_POINT('',#5263);
#5263 = CARTESIAN_POINT('',(235.8,-65.475,0.));
#5264 = CIRCLE('',#5265,2.4);
#5265 = AXIS2_PLACEMENT_3D('',#5266,#5267,#5268);
#5266 = CARTESIAN_POINT('',(235.8,-63.075,0.));
#5267 = DIRECTION('',(-0.,0.,-1.));
#5268 = DIRECTION('',(-0.,-1.,0.));
#5269 = FACE_BOUND('',#5270,.F.);
#5270 = EDGE_LOOP('',(#5271));
#5271 = ORIENTED_EDGE('',*,*,#5272,.T.);
#5272 = EDGE_CURVE('',#5273,#5273,#5275,.T.);
#5273 = VERTEX_POINT('',#5274);
#5274 = CARTESIAN_POINT('',(219.2,-63.4,0.));
#5275 = CIRCLE('',#5276,2.4);
#5276 = AXIS2_PLACEMENT_3D('',#5277,#5278,#5279);
#5277 = CARTESIAN_POINT('',(219.2,-61.,0.));
#5278 = DIRECTION('',(-0.,0.,-1.));
#5279 = DIRECTION('',(-0.,-1.,0.));
#5280 = FACE_BOUND('',#5281,.F.);
#5281 = EDGE_LOOP('',(#5282));
#5282 = ORIENTED_EDGE('',*,*,#5283,.T.);
#5283 = EDGE_CURVE('',#5284,#5284,#5286,.T.);
#5284 = VERTEX_POINT('',#5285);
#5285 = CARTESIAN_POINT('',(219.2,-56.6,0.));
#5286 = CIRCLE('',#5287,1.5);
#5287 = AXIS2_PLACEMENT_3D('',#5288,#5289,#5290);
#5288 = CARTESIAN_POINT('',(219.2,-55.1,0.));
#5289 = DIRECTION('',(-0.,0.,-1.));
#5290 = DIRECTION('',(-0.,-1.,0.));
#5291 = FACE_BOUND('',#5292,.F.);
#5292 = EDGE_LOOP('',(#5293));
#5293 = ORIENTED_EDGE('',*,*,#5294,.T.);
#5294 = EDGE_CURVE('',#5295,#5295,#5297,.T.);
#5295 = VERTEX_POINT('',#5296);
#5296 = CARTESIAN_POINT('',(224.2,-58.8,0.));
#5297 = CIRCLE('',#5298,1.5);
#5298 = AXIS2_PLACEMENT_3D('',#5299,#5300,#5301);
#5299 = CARTESIAN_POINT('',(224.2,-57.3,0.));
#5300 = DIRECTION('',(-0.,0.,-1.));
#5301 = DIRECTION('',(-0.,-1.,0.));
#5302 = FACE_BOUND('',#5303,.F.);
#5303 = EDGE_LOOP('',(#5304));
#5304 = ORIENTED_EDGE('',*,*,#5305,.T.);
#5305 = EDGE_CURVE('',#5306,#5306,#5308,.T.);
#5306 = VERTEX_POINT('',#5307);
#5307 = CARTESIAN_POINT('',(240.8,-58.025,0.));
#5308 = CIRCLE('',#5309,0.5);
#5309 = AXIS2_PLACEMENT_3D('',#5310,#5311,#5312);
#5310 = CARTESIAN_POINT('',(240.8,-57.525,0.));
#5311 = DIRECTION('',(-0.,0.,-1.));
#5312 = DIRECTION('',(-0.,-1.,0.));
#5313 = FACE_BOUND('',#5314,.F.);
#5314 = EDGE_LOOP('',(#5315));
#5315 = ORIENTED_EDGE('',*,*,#5316,.T.);
#5316 = EDGE_CURVE('',#5317,#5317,#5319,.T.);
#5317 = VERTEX_POINT('',#5318);
#5318 = CARTESIAN_POINT('',(252.4,-69.625,0.));
#5319 = CIRCLE('',#5320,2.4);
#5320 = AXIS2_PLACEMENT_3D('',#5321,#5322,#5323);
#5321 = CARTESIAN_POINT('',(252.4,-67.225,0.));
#5322 = DIRECTION('',(-0.,0.,-1.));
#5323 = DIRECTION('',(-0.,-1.,0.));
#5324 = FACE_BOUND('',#5325,.F.);
#5325 = EDGE_LOOP('',(#5326));
#5326 = ORIENTED_EDGE('',*,*,#5327,.T.);
#5327 = EDGE_CURVE('',#5328,#5328,#5330,.T.);
#5328 = VERTEX_POINT('',#5329);
#5329 = CARTESIAN_POINT('',(269.,-71.285,0.));
#5330 = CIRCLE('',#5331,2.4);
#5331 = AXIS2_PLACEMENT_3D('',#5332,#5333,#5334);
#5332 = CARTESIAN_POINT('',(269.,-68.885,0.));
#5333 = DIRECTION('',(-0.,0.,-1.));
#5334 = DIRECTION('',(-0.,-1.,0.));
#5335 = FACE_BOUND('',#5336,.F.);
#5336 = EDGE_LOOP('',(#5337));
#5337 = ORIENTED_EDGE('',*,*,#5338,.T.);
#5338 = EDGE_CURVE('',#5339,#5339,#5341,.T.);
#5339 = VERTEX_POINT('',#5340);
#5340 = CARTESIAN_POINT('',(274.,-63.835,0.));
#5341 = CIRCLE('',#5342,0.5);
#5342 = AXIS2_PLACEMENT_3D('',#5343,#5344,#5345);
#5343 = CARTESIAN_POINT('',(274.,-63.335,0.));
#5344 = DIRECTION('',(-0.,0.,-1.));
#5345 = DIRECTION('',(-0.,-1.,0.));
#5346 = FACE_BOUND('',#5347,.F.);
#5347 = EDGE_LOOP('',(#5348));
#5348 = ORIENTED_EDGE('',*,*,#5349,.T.);
#5349 = EDGE_CURVE('',#5350,#5350,#5352,.T.);
#5350 = VERTEX_POINT('',#5351);
#5351 = CARTESIAN_POINT('',(257.4,-62.175,0.));
#5352 = CIRCLE('',#5353,0.5);
#5353 = AXIS2_PLACEMENT_3D('',#5354,#5355,#5356);
#5354 = CARTESIAN_POINT('',(257.4,-61.675,0.));
#5355 = DIRECTION('',(-0.,0.,-1.));
#5356 = DIRECTION('',(-0.,-1.,0.));
#5357 = PLANE('',#5358);
#5358 = AXIS2_PLACEMENT_3D('',#5359,#5360,#5361);
#5359 = CARTESIAN_POINT('',(0.,0.,0.));
#5360 = DIRECTION('',(0.,0.,1.));
#5361 = DIRECTION('',(1.,0.,-0.));
#5362 = ADVANCED_FACE('',(#5363,#5390,#5401,#5412,#5423,#5434,#5445,
    #5456,#5467,#5478,#5489,#5500,#5511,#5522,#5533,#5544,#5555,#5591,
    #5627,#5638,#5649,#5660,#5671,#5682,#5693,#5704,#5715,#5726,#5737,
    #5748,#5759,#5770,#5781,#5792,#5803,#5814,#5825,#5836,#5847,#5858,
    #5869,#5880,#5891,#5902,#5913,#5924,#5935,#5946,#5957,#5968,#5979,
    #5990,#6001,#6012,#6023,#6034,#6045,#6056,#6067,#6078,#6089,#6100,
    #6111,#6122,#6133,#6144,#6155,#6166,#6177,#6188,#6199,#6210,#6221,
    #6232,#6243,#6254,#6265,#6276,#6287,#6298,#6309,#6320,#6331,#6342,
    #6353,#6364,#6375,#6386,#6397,#6408,#6419,#6430,#6441,#6452,#6463),
  #6474,.T.);
#5363 = FACE_BOUND('',#5364,.T.);
#5364 = EDGE_LOOP('',(#5365,#5366,#5367,#5375,#5383,#5389));
#5365 = ORIENTED_EDGE('',*,*,#4157,.F.);
#5366 = ORIENTED_EDGE('',*,*,#4197,.F.);
#5367 = ORIENTED_EDGE('',*,*,#5368,.F.);
#5368 = EDGE_CURVE('',#5369,#4190,#5371,.T.);
#5369 = VERTEX_POINT('',#5370);
#5370 = CARTESIAN_POINT('',(154.1,-50.7,1.51));
#5371 = LINE('',#5372,#5373);
#5372 = CARTESIAN_POINT('',(154.1,-50.7,1.51));
#5373 = VECTOR('',#5374,1.);
#5374 = DIRECTION('',(1.,0.,0.));
#5375 = ORIENTED_EDGE('',*,*,#5376,.F.);
#5376 = EDGE_CURVE('',#5377,#5369,#5379,.T.);
#5377 = VERTEX_POINT('',#5378);
#5378 = CARTESIAN_POINT('',(154.1,-110.,1.51));
#5379 = LINE('',#5380,#5381);
#5380 = CARTESIAN_POINT('',(154.1,-110.,1.51));
#5381 = VECTOR('',#5382,1.);
#5382 = DIRECTION('',(0.,1.,0.));
#5383 = ORIENTED_EDGE('',*,*,#5384,.F.);
#5384 = EDGE_CURVE('',#4220,#5377,#5385,.T.);
#5385 = LINE('',#5386,#5387);
#5386 = CARTESIAN_POINT('',(166.8,-131.5,1.51));
#5387 = VECTOR('',#5388,1.);
#5388 = DIRECTION('',(-0.508594385566,0.861006243282,0.));
#5389 = ORIENTED_EDGE('',*,*,#4219,.F.);
#5390 = FACE_BOUND('',#5391,.T.);
#5391 = EDGE_LOOP('',(#5392));
#5392 = ORIENTED_EDGE('',*,*,#5393,.T.);
#5393 = EDGE_CURVE('',#5394,#5394,#5396,.T.);
#5394 = VERTEX_POINT('',#5395);
#5395 = CARTESIAN_POINT('',(166.36545,-121.475,1.51));
#5396 = CIRCLE('',#5397,1.5);
#5397 = AXIS2_PLACEMENT_3D('',#5398,#5399,#5400);
#5398 = CARTESIAN_POINT('',(166.36545,-119.975,1.51));
#5399 = DIRECTION('',(-0.,0.,-1.));
#5400 = DIRECTION('',(-0.,-1.,0.));
#5401 = FACE_BOUND('',#5402,.T.);
#5402 = EDGE_LOOP('',(#5403));
#5403 = ORIENTED_EDGE('',*,*,#5404,.T.);
#5404 = EDGE_CURVE('',#5405,#5405,#5407,.T.);
#5405 = VERTEX_POINT('',#5406);
#5406 = CARTESIAN_POINT('',(171.475,-119.425,1.51));
#5407 = CIRCLE('',#5408,2.4);
#5408 = AXIS2_PLACEMENT_3D('',#5409,#5410,#5411);
#5409 = CARTESIAN_POINT('',(171.475,-117.025,1.51));
#5410 = DIRECTION('',(-0.,0.,-1.));
#5411 = DIRECTION('',(-0.,-1.,0.));
#5412 = FACE_BOUND('',#5413,.T.);
#5413 = EDGE_LOOP('',(#5414));
#5414 = ORIENTED_EDGE('',*,*,#5415,.T.);
#5415 = EDGE_CURVE('',#5416,#5416,#5418,.T.);
#5416 = VERTEX_POINT('',#5417);
#5417 = CARTESIAN_POINT('',(165.770706,-116.044873,1.51));
#5418 = CIRCLE('',#5419,1.5);
#5419 = AXIS2_PLACEMENT_3D('',#5420,#5421,#5422);
#5420 = CARTESIAN_POINT('',(165.770706,-114.544873,1.51));
#5421 = DIRECTION('',(-0.,0.,-1.));
#5422 = DIRECTION('',(-0.,-1.,0.));
#5423 = FACE_BOUND('',#5424,.T.);
#5424 = EDGE_LOOP('',(#5425));
#5425 = ORIENTED_EDGE('',*,*,#5426,.T.);
#5426 = EDGE_CURVE('',#5427,#5427,#5429,.T.);
#5427 = VERTEX_POINT('',#5428);
#5428 = CARTESIAN_POINT('',(178.781441,-119.080127,1.51));
#5429 = CIRCLE('',#5430,0.5);
#5430 = AXIS2_PLACEMENT_3D('',#5431,#5432,#5433);
#5431 = CARTESIAN_POINT('',(178.781441,-118.580127,1.51));
#5432 = DIRECTION('',(-0.,0.,-1.));
#5433 = DIRECTION('',(-0.,-1.,0.));
#5434 = FACE_BOUND('',#5435,.T.);
#5435 = EDGE_LOOP('',(#5436));
#5436 = ORIENTED_EDGE('',*,*,#5437,.T.);
#5437 = EDGE_CURVE('',#5438,#5438,#5440,.T.);
#5438 = VERTEX_POINT('',#5439);
#5439 = CARTESIAN_POINT('',(189.3,-120.15,1.51));
#5440 = CIRCLE('',#5441,1.5);
#5441 = AXIS2_PLACEMENT_3D('',#5442,#5443,#5444);
#5442 = CARTESIAN_POINT('',(189.3,-118.65,1.51));
#5443 = DIRECTION('',(-0.,0.,-1.));
#5444 = DIRECTION('',(-0.,-1.,0.));
#5445 = FACE_BOUND('',#5446,.T.);
#5446 = EDGE_LOOP('',(#5447));
#5447 = ORIENTED_EDGE('',*,*,#5448,.T.);
#5448 = EDGE_CURVE('',#5449,#5449,#5451,.T.);
#5449 = VERTEX_POINT('',#5450);
#5450 = CARTESIAN_POINT('',(194.3,-122.35,1.51));
#5451 = CIRCLE('',#5452,1.5);
#5452 = AXIS2_PLACEMENT_3D('',#5453,#5454,#5455);
#5453 = CARTESIAN_POINT('',(194.3,-120.85,1.51));
#5454 = DIRECTION('',(-0.,0.,-1.));
#5455 = DIRECTION('',(-0.,-1.,0.));
#5456 = FACE_BOUND('',#5457,.T.);
#5457 = EDGE_LOOP('',(#5458));
#5458 = ORIENTED_EDGE('',*,*,#5459,.T.);
#5459 = EDGE_CURVE('',#5460,#5460,#5462,.T.);
#5460 = VERTEX_POINT('',#5461);
#5461 = CARTESIAN_POINT('',(194.3,-117.35,1.51));
#5462 = CIRCLE('',#5463,2.4);
#5463 = AXIS2_PLACEMENT_3D('',#5464,#5465,#5466);
#5464 = CARTESIAN_POINT('',(194.3,-114.95,1.51));
#5465 = DIRECTION('',(-0.,0.,-1.));
#5466 = DIRECTION('',(-0.,-1.,0.));
#5467 = FACE_BOUND('',#5468,.T.);
#5468 = EDGE_LOOP('',(#5469));
#5469 = ORIENTED_EDGE('',*,*,#5470,.T.);
#5470 = EDGE_CURVE('',#5471,#5471,#5473,.T.);
#5471 = VERTEX_POINT('',#5472);
#5472 = CARTESIAN_POINT('',(210.9,-120.275,1.51));
#5473 = CIRCLE('',#5474,1.5);
#5474 = AXIS2_PLACEMENT_3D('',#5475,#5476,#5477);
#5475 = CARTESIAN_POINT('',(210.9,-118.775,1.51));
#5476 = DIRECTION('',(-0.,0.,-1.));
#5477 = DIRECTION('',(-0.,-1.,0.));
#5478 = FACE_BOUND('',#5479,.T.);
#5479 = EDGE_LOOP('',(#5480));
#5480 = ORIENTED_EDGE('',*,*,#5481,.T.);
#5481 = EDGE_CURVE('',#5482,#5482,#5484,.T.);
#5482 = VERTEX_POINT('',#5483);
#5483 = CARTESIAN_POINT('',(205.9,-118.075,1.51));
#5484 = CIRCLE('',#5485,1.5);
#5485 = AXIS2_PLACEMENT_3D('',#5486,#5487,#5488);
#5486 = CARTESIAN_POINT('',(205.9,-116.575,1.51));
#5487 = DIRECTION('',(-0.,0.,-1.));
#5488 = DIRECTION('',(-0.,-1.,0.));
#5489 = FACE_BOUND('',#5490,.T.);
#5490 = EDGE_LOOP('',(#5491));
#5491 = ORIENTED_EDGE('',*,*,#5492,.T.);
#5492 = EDGE_CURVE('',#5493,#5493,#5495,.T.);
#5493 = VERTEX_POINT('',#5494);
#5494 = CARTESIAN_POINT('',(199.3,-109.9,1.51));
#5495 = CIRCLE('',#5496,0.5);
#5496 = AXIS2_PLACEMENT_3D('',#5497,#5498,#5499);
#5497 = CARTESIAN_POINT('',(199.3,-109.4,1.51));
#5498 = DIRECTION('',(-0.,0.,-1.));
#5499 = DIRECTION('',(-0.,-1.,0.));
#5500 = FACE_BOUND('',#5501,.T.);
#5501 = EDGE_LOOP('',(#5502));
#5502 = ORIENTED_EDGE('',*,*,#5503,.T.);
#5503 = EDGE_CURVE('',#5504,#5504,#5506,.T.);
#5504 = VERTEX_POINT('',#5505);
#5505 = CARTESIAN_POINT('',(210.9,-115.275,1.51));
#5506 = CIRCLE('',#5507,2.4);
#5507 = AXIS2_PLACEMENT_3D('',#5508,#5509,#5510);
#5508 = CARTESIAN_POINT('',(210.9,-112.875,1.51));
#5509 = DIRECTION('',(-0.,0.,-1.));
#5510 = DIRECTION('',(-0.,-1.,0.));
#5511 = FACE_BOUND('',#5512,.T.);
#5512 = EDGE_LOOP('',(#5513));
#5513 = ORIENTED_EDGE('',*,*,#5514,.T.);
#5514 = EDGE_CURVE('',#5515,#5515,#5517,.T.);
#5515 = VERTEX_POINT('',#5516);
#5516 = CARTESIAN_POINT('',(161.2,-99.4,1.51));
#5517 = CIRCLE('',#5518,0.5);
#5518 = AXIS2_PLACEMENT_3D('',#5519,#5520,#5521);
#5519 = CARTESIAN_POINT('',(161.2,-98.9,1.51));
#5520 = DIRECTION('',(-0.,0.,-1.));
#5521 = DIRECTION('',(-0.,-1.,0.));
#5522 = FACE_BOUND('',#5523,.T.);
#5523 = EDGE_LOOP('',(#5524));
#5524 = ORIENTED_EDGE('',*,*,#5525,.T.);
#5525 = EDGE_CURVE('',#5526,#5526,#5528,.T.);
#5526 = VERTEX_POINT('',#5527);
#5527 = CARTESIAN_POINT('',(166.2,-99.4,1.51));
#5528 = CIRCLE('',#5529,0.5);
#5529 = AXIS2_PLACEMENT_3D('',#5530,#5531,#5532);
#5530 = CARTESIAN_POINT('',(166.2,-98.9,1.51));
#5531 = DIRECTION('',(-0.,0.,-1.));
#5532 = DIRECTION('',(-0.,-1.,0.));
#5533 = FACE_BOUND('',#5534,.T.);
#5534 = EDGE_LOOP('',(#5535));
#5535 = ORIENTED_EDGE('',*,*,#5536,.T.);
#5536 = EDGE_CURVE('',#5537,#5537,#5539,.T.);
#5537 = VERTEX_POINT('',#5538);
#5538 = CARTESIAN_POINT('',(181.,-104.4,1.51));
#5539 = CIRCLE('',#5540,0.5);
#5540 = AXIS2_PLACEMENT_3D('',#5541,#5542,#5543);
#5541 = CARTESIAN_POINT('',(181.,-103.9,1.51));
#5542 = DIRECTION('',(-0.,0.,-1.));
#5543 = DIRECTION('',(-0.,-1.,0.));
#5544 = FACE_BOUND('',#5545,.T.);
#5545 = EDGE_LOOP('',(#5546));
#5546 = ORIENTED_EDGE('',*,*,#5547,.T.);
#5547 = EDGE_CURVE('',#5548,#5548,#5550,.T.);
#5548 = VERTEX_POINT('',#5549);
#5549 = CARTESIAN_POINT('',(186.,-100.75,1.51));
#5550 = CIRCLE('',#5551,2.4);
#5551 = AXIS2_PLACEMENT_3D('',#5552,#5553,#5554);
#5552 = CARTESIAN_POINT('',(186.,-98.35,1.51));
#5553 = DIRECTION('',(-0.,0.,-1.));
#5554 = DIRECTION('',(-0.,-1.,0.));
#5555 = FACE_BOUND('',#5556,.T.);
#5556 = EDGE_LOOP('',(#5557,#5568,#5576,#5585));
#5557 = ORIENTED_EDGE('',*,*,#5558,.T.);
#5558 = EDGE_CURVE('',#5559,#5561,#5563,.T.);
#5559 = VERTEX_POINT('',#5560);
#5560 = CARTESIAN_POINT('',(159.1,-92.3,1.51));
#5561 = VERTEX_POINT('',#5562);
#5562 = CARTESIAN_POINT('',(157.1,-92.3,1.51));
#5563 = CIRCLE('',#5564,1.);
#5564 = AXIS2_PLACEMENT_3D('',#5565,#5566,#5567);
#5565 = CARTESIAN_POINT('',(158.1,-92.3,1.51));
#5566 = DIRECTION('',(-0.,0.,-1.));
#5567 = DIRECTION('',(-1.,0.,0.));
#5568 = ORIENTED_EDGE('',*,*,#5569,.T.);
#5569 = EDGE_CURVE('',#5561,#5570,#5572,.T.);
#5570 = VERTEX_POINT('',#5571);
#5571 = CARTESIAN_POINT('',(157.1,-91.5,1.51));
#5572 = LINE('',#5573,#5574);
#5573 = CARTESIAN_POINT('',(157.1,-45.75,1.51));
#5574 = VECTOR('',#5575,1.);
#5575 = DIRECTION('',(-0.,1.,0.));
#5576 = ORIENTED_EDGE('',*,*,#5577,.T.);
#5577 = EDGE_CURVE('',#5570,#5578,#5580,.T.);
#5578 = VERTEX_POINT('',#5579);
#5579 = CARTESIAN_POINT('',(159.1,-91.5,1.51));
#5580 = CIRCLE('',#5581,1.);
#5581 = AXIS2_PLACEMENT_3D('',#5582,#5583,#5584);
#5582 = CARTESIAN_POINT('',(158.1,-91.5,1.51));
#5583 = DIRECTION('',(0.,-0.,-1.));
#5584 = DIRECTION('',(1.,0.,-0.));
#5585 = ORIENTED_EDGE('',*,*,#5586,.T.);
#5586 = EDGE_CURVE('',#5578,#5559,#5587,.T.);
#5587 = LINE('',#5588,#5589);
#5588 = CARTESIAN_POINT('',(159.1,-46.15,1.51));
#5589 = VECTOR('',#5590,1.);
#5590 = DIRECTION('',(0.,-1.,0.));
#5591 = FACE_BOUND('',#5592,.T.);
#5592 = EDGE_LOOP('',(#5593,#5604,#5612,#5621));
#5593 = ORIENTED_EDGE('',*,*,#5594,.T.);
#5594 = EDGE_CURVE('',#5595,#5597,#5599,.T.);
#5595 = VERTEX_POINT('',#5596);
#5596 = CARTESIAN_POINT('',(170.3,-92.3,1.51));
#5597 = VERTEX_POINT('',#5598);
#5598 = CARTESIAN_POINT('',(168.3,-92.3,1.51));
#5599 = CIRCLE('',#5600,1.);
#5600 = AXIS2_PLACEMENT_3D('',#5601,#5602,#5603);
#5601 = CARTESIAN_POINT('',(169.3,-92.3,1.51));
#5602 = DIRECTION('',(-0.,0.,-1.));
#5603 = DIRECTION('',(-1.,0.,0.));
#5604 = ORIENTED_EDGE('',*,*,#5605,.T.);
#5605 = EDGE_CURVE('',#5597,#5606,#5608,.T.);
#5606 = VERTEX_POINT('',#5607);
#5607 = CARTESIAN_POINT('',(168.3,-91.5,1.51));
#5608 = LINE('',#5609,#5610);
#5609 = CARTESIAN_POINT('',(168.3,-45.75,1.51));
#5610 = VECTOR('',#5611,1.);
#5611 = DIRECTION('',(-0.,1.,0.));
#5612 = ORIENTED_EDGE('',*,*,#5613,.T.);
#5613 = EDGE_CURVE('',#5606,#5614,#5616,.T.);
#5614 = VERTEX_POINT('',#5615);
#5615 = CARTESIAN_POINT('',(170.3,-91.5,1.51));
#5616 = CIRCLE('',#5617,1.);
#5617 = AXIS2_PLACEMENT_3D('',#5618,#5619,#5620);
#5618 = CARTESIAN_POINT('',(169.3,-91.5,1.51));
#5619 = DIRECTION('',(0.,-0.,-1.));
#5620 = DIRECTION('',(1.,0.,-0.));
#5621 = ORIENTED_EDGE('',*,*,#5622,.T.);
#5622 = EDGE_CURVE('',#5614,#5595,#5623,.T.);
#5623 = LINE('',#5624,#5625);
#5624 = CARTESIAN_POINT('',(170.3,-46.15,1.51));
#5625 = VECTOR('',#5626,1.);
#5626 = DIRECTION('',(0.,-1.,0.));
#5627 = FACE_BOUND('',#5628,.T.);
#5628 = EDGE_LOOP('',(#5629));
#5629 = ORIENTED_EDGE('',*,*,#5630,.T.);
#5630 = EDGE_CURVE('',#5631,#5631,#5633,.T.);
#5631 = VERTEX_POINT('',#5632);
#5632 = CARTESIAN_POINT('',(186.,-93.95,1.51));
#5633 = CIRCLE('',#5634,1.5);
#5634 = AXIS2_PLACEMENT_3D('',#5635,#5636,#5637);
#5635 = CARTESIAN_POINT('',(186.,-92.45,1.51));
#5636 = DIRECTION('',(-0.,0.,-1.));
#5637 = DIRECTION('',(-0.,-1.,0.));
#5638 = FACE_BOUND('',#5639,.T.);
#5639 = EDGE_LOOP('',(#5640));
#5640 = ORIENTED_EDGE('',*,*,#5641,.T.);
#5641 = EDGE_CURVE('',#5642,#5642,#5644,.T.);
#5642 = VERTEX_POINT('',#5643);
#5643 = CARTESIAN_POINT('',(197.6,-102.325,1.51));
#5644 = CIRCLE('',#5645,0.5);
#5645 = AXIS2_PLACEMENT_3D('',#5646,#5647,#5648);
#5646 = CARTESIAN_POINT('',(197.6,-101.825,1.51));
#5647 = DIRECTION('',(-0.,0.,-1.));
#5648 = DIRECTION('',(-0.,-1.,0.));
#5649 = FACE_BOUND('',#5650,.T.);
#5650 = EDGE_LOOP('',(#5651));
#5651 = ORIENTED_EDGE('',*,*,#5652,.T.);
#5652 = EDGE_CURVE('',#5653,#5653,#5655,.T.);
#5653 = VERTEX_POINT('',#5654);
#5654 = CARTESIAN_POINT('',(214.2,-100.25,1.51));
#5655 = CIRCLE('',#5656,0.5);
#5656 = AXIS2_PLACEMENT_3D('',#5657,#5658,#5659);
#5657 = CARTESIAN_POINT('',(214.2,-99.75,1.51));
#5658 = DIRECTION('',(-0.,0.,-1.));
#5659 = DIRECTION('',(-0.,-1.,0.));
#5660 = FACE_BOUND('',#5661,.T.);
#5661 = EDGE_LOOP('',(#5662));
#5662 = ORIENTED_EDGE('',*,*,#5663,.T.);
#5663 = EDGE_CURVE('',#5664,#5664,#5666,.T.);
#5664 = VERTEX_POINT('',#5665);
#5665 = CARTESIAN_POINT('',(191.,-96.15,1.51));
#5666 = CIRCLE('',#5667,1.5);
#5667 = AXIS2_PLACEMENT_3D('',#5668,#5669,#5670);
#5668 = CARTESIAN_POINT('',(191.,-94.65,1.51));
#5669 = DIRECTION('',(-0.,0.,-1.));
#5670 = DIRECTION('',(-0.,-1.,0.));
#5671 = FACE_BOUND('',#5672,.T.);
#5672 = EDGE_LOOP('',(#5673));
#5673 = ORIENTED_EDGE('',*,*,#5674,.T.);
#5674 = EDGE_CURVE('',#5675,#5675,#5677,.T.);
#5675 = VERTEX_POINT('',#5676);
#5676 = CARTESIAN_POINT('',(202.6,-98.675,1.51));
#5677 = CIRCLE('',#5678,2.4);
#5678 = AXIS2_PLACEMENT_3D('',#5679,#5680,#5681);
#5679 = CARTESIAN_POINT('',(202.6,-96.275,1.51));
#5680 = DIRECTION('',(-0.,0.,-1.));
#5681 = DIRECTION('',(-0.,-1.,0.));
#5682 = FACE_BOUND('',#5683,.T.);
#5683 = EDGE_LOOP('',(#5684));
#5684 = ORIENTED_EDGE('',*,*,#5685,.T.);
#5685 = EDGE_CURVE('',#5686,#5686,#5688,.T.);
#5686 = VERTEX_POINT('',#5687);
#5687 = CARTESIAN_POINT('',(207.6,-94.075,1.51));
#5688 = CIRCLE('',#5689,1.5);
#5689 = AXIS2_PLACEMENT_3D('',#5690,#5691,#5692);
#5690 = CARTESIAN_POINT('',(207.6,-92.575,1.51));
#5691 = DIRECTION('',(-0.,0.,-1.));
#5692 = DIRECTION('',(-0.,-1.,0.));
#5693 = FACE_BOUND('',#5694,.T.);
#5694 = EDGE_LOOP('',(#5695));
#5695 = ORIENTED_EDGE('',*,*,#5696,.T.);
#5696 = EDGE_CURVE('',#5697,#5697,#5699,.T.);
#5697 = VERTEX_POINT('',#5698);
#5698 = CARTESIAN_POINT('',(202.6,-91.875,1.51));
#5699 = CIRCLE('',#5700,1.5);
#5700 = AXIS2_PLACEMENT_3D('',#5701,#5702,#5703);
#5701 = CARTESIAN_POINT('',(202.6,-90.375,1.51));
#5702 = DIRECTION('',(-0.,0.,-1.));
#5703 = DIRECTION('',(-0.,-1.,0.));
#5704 = FACE_BOUND('',#5705,.T.);
#5705 = EDGE_LOOP('',(#5706));
#5706 = ORIENTED_EDGE('',*,*,#5707,.T.);
#5707 = EDGE_CURVE('',#5708,#5708,#5710,.T.);
#5708 = VERTEX_POINT('',#5709);
#5709 = CARTESIAN_POINT('',(215.9,-107.825,1.51));
#5710 = CIRCLE('',#5711,0.5);
#5711 = AXIS2_PLACEMENT_3D('',#5712,#5713,#5714);
#5712 = CARTESIAN_POINT('',(215.9,-107.325,1.51));
#5713 = DIRECTION('',(-0.,0.,-1.));
#5714 = DIRECTION('',(-0.,-1.,0.));
#5715 = FACE_BOUND('',#5716,.T.);
#5716 = EDGE_LOOP('',(#5717));
#5717 = ORIENTED_EDGE('',*,*,#5718,.T.);
#5718 = EDGE_CURVE('',#5719,#5719,#5721,.T.);
#5719 = VERTEX_POINT('',#5720);
#5720 = CARTESIAN_POINT('',(252.4,-107.825,1.51));
#5721 = CIRCLE('',#5722,1.5);
#5722 = AXIS2_PLACEMENT_3D('',#5723,#5724,#5725);
#5723 = CARTESIAN_POINT('',(252.4,-106.325,1.51));
#5724 = DIRECTION('',(-0.,0.,-1.));
#5725 = DIRECTION('',(-0.,-1.,0.));
#5726 = FACE_BOUND('',#5727,.T.);
#5727 = EDGE_LOOP('',(#5728));
#5728 = ORIENTED_EDGE('',*,*,#5729,.T.);
#5729 = EDGE_CURVE('',#5730,#5730,#5732,.T.);
#5730 = VERTEX_POINT('',#5731);
#5731 = CARTESIAN_POINT('',(264.,-107.285,1.51));
#5732 = CIRCLE('',#5733,1.5);
#5733 = AXIS2_PLACEMENT_3D('',#5734,#5735,#5736);
#5734 = CARTESIAN_POINT('',(264.,-105.785,1.51));
#5735 = DIRECTION('',(-0.,0.,-1.));
#5736 = DIRECTION('',(-0.,-1.,0.));
#5737 = FACE_BOUND('',#5738,.T.);
#5738 = EDGE_LOOP('',(#5739));
#5739 = ORIENTED_EDGE('',*,*,#5740,.T.);
#5740 = EDGE_CURVE('',#5741,#5741,#5743,.T.);
#5741 = VERTEX_POINT('',#5742);
#5742 = CARTESIAN_POINT('',(269.,-109.485,1.51));
#5743 = CIRCLE('',#5744,1.5);
#5744 = AXIS2_PLACEMENT_3D('',#5745,#5746,#5747);
#5745 = CARTESIAN_POINT('',(269.,-107.985,1.51));
#5746 = DIRECTION('',(-0.,0.,-1.));
#5747 = DIRECTION('',(-0.,-1.,0.));
#5748 = FACE_BOUND('',#5749,.T.);
#5749 = EDGE_LOOP('',(#5750));
#5750 = ORIENTED_EDGE('',*,*,#5751,.T.);
#5751 = EDGE_CURVE('',#5752,#5752,#5754,.T.);
#5752 = VERTEX_POINT('',#5753);
#5753 = CARTESIAN_POINT('',(235.8,-103.675,1.51));
#5754 = CIRCLE('',#5755,1.5);
#5755 = AXIS2_PLACEMENT_3D('',#5756,#5757,#5758);
#5756 = CARTESIAN_POINT('',(235.8,-102.175,1.51));
#5757 = DIRECTION('',(-0.,0.,-1.));
#5758 = DIRECTION('',(-0.,-1.,0.));
#5759 = FACE_BOUND('',#5760,.T.);
#5760 = EDGE_LOOP('',(#5761));
#5761 = ORIENTED_EDGE('',*,*,#5762,.T.);
#5762 = EDGE_CURVE('',#5763,#5763,#5765,.T.);
#5763 = VERTEX_POINT('',#5764);
#5764 = CARTESIAN_POINT('',(230.8,-101.475,1.51));
#5765 = CIRCLE('',#5766,1.5);
#5766 = AXIS2_PLACEMENT_3D('',#5767,#5768,#5769);
#5767 = CARTESIAN_POINT('',(230.8,-99.975,1.51));
#5768 = DIRECTION('',(-0.,0.,-1.));
#5769 = DIRECTION('',(-0.,-1.,0.));
#5770 = FACE_BOUND('',#5771,.T.);
#5771 = EDGE_LOOP('',(#5772));
#5772 = ORIENTED_EDGE('',*,*,#5773,.T.);
#5773 = EDGE_CURVE('',#5774,#5774,#5776,.T.);
#5774 = VERTEX_POINT('',#5775);
#5775 = CARTESIAN_POINT('',(219.2,-96.6,1.51));
#5776 = CIRCLE('',#5777,2.4);
#5777 = AXIS2_PLACEMENT_3D('',#5778,#5779,#5780);
#5778 = CARTESIAN_POINT('',(219.2,-94.2,1.51));
#5779 = DIRECTION('',(-0.,0.,-1.));
#5780 = DIRECTION('',(-0.,-1.,0.));
#5781 = FACE_BOUND('',#5782,.T.);
#5782 = EDGE_LOOP('',(#5783));
#5783 = ORIENTED_EDGE('',*,*,#5784,.T.);
#5784 = EDGE_CURVE('',#5785,#5785,#5787,.T.);
#5785 = VERTEX_POINT('',#5786);
#5786 = CARTESIAN_POINT('',(219.2,-89.8,1.51));
#5787 = CIRCLE('',#5788,1.5);
#5788 = AXIS2_PLACEMENT_3D('',#5789,#5790,#5791);
#5789 = CARTESIAN_POINT('',(219.2,-88.3,1.51));
#5790 = DIRECTION('',(-0.,0.,-1.));
#5791 = DIRECTION('',(-0.,-1.,0.));
#5792 = FACE_BOUND('',#5793,.T.);
#5793 = EDGE_LOOP('',(#5794));
#5794 = ORIENTED_EDGE('',*,*,#5795,.T.);
#5795 = EDGE_CURVE('',#5796,#5796,#5798,.T.);
#5796 = VERTEX_POINT('',#5797);
#5797 = CARTESIAN_POINT('',(224.2,-92.,1.51));
#5798 = CIRCLE('',#5799,1.5);
#5799 = AXIS2_PLACEMENT_3D('',#5800,#5801,#5802);
#5800 = CARTESIAN_POINT('',(224.2,-90.5,1.51));
#5801 = DIRECTION('',(-0.,0.,-1.));
#5802 = DIRECTION('',(-0.,-1.,0.));
#5803 = FACE_BOUND('',#5804,.T.);
#5804 = EDGE_LOOP('',(#5805));
#5805 = ORIENTED_EDGE('',*,*,#5806,.T.);
#5806 = EDGE_CURVE('',#5807,#5807,#5809,.T.);
#5807 = VERTEX_POINT('',#5808);
#5808 = CARTESIAN_POINT('',(235.8,-98.675,1.51));
#5809 = CIRCLE('',#5810,2.4);
#5810 = AXIS2_PLACEMENT_3D('',#5811,#5812,#5813);
#5811 = CARTESIAN_POINT('',(235.8,-96.275,1.51));
#5812 = DIRECTION('',(-0.,0.,-1.));
#5813 = DIRECTION('',(-0.,-1.,0.));
#5814 = FACE_BOUND('',#5815,.T.);
#5815 = EDGE_LOOP('',(#5816));
#5816 = ORIENTED_EDGE('',*,*,#5817,.T.);
#5817 = EDGE_CURVE('',#5818,#5818,#5820,.T.);
#5818 = VERTEX_POINT('',#5819);
#5819 = CARTESIAN_POINT('',(240.8,-91.225,1.51));
#5820 = CIRCLE('',#5821,0.5);
#5821 = AXIS2_PLACEMENT_3D('',#5822,#5823,#5824);
#5822 = CARTESIAN_POINT('',(240.8,-90.725,1.51));
#5823 = DIRECTION('',(-0.,0.,-1.));
#5824 = DIRECTION('',(-0.,-1.,0.));
#5825 = FACE_BOUND('',#5826,.T.);
#5826 = EDGE_LOOP('',(#5827));
#5827 = ORIENTED_EDGE('',*,*,#5828,.T.);
#5828 = EDGE_CURVE('',#5829,#5829,#5831,.T.);
#5829 = VERTEX_POINT('',#5830);
#5830 = CARTESIAN_POINT('',(247.4,-105.625,1.51));
#5831 = CIRCLE('',#5832,1.5);
#5832 = AXIS2_PLACEMENT_3D('',#5833,#5834,#5835);
#5833 = CARTESIAN_POINT('',(247.4,-104.125,1.51));
#5834 = DIRECTION('',(-0.,0.,-1.));
#5835 = DIRECTION('',(-0.,-1.,0.));
#5836 = FACE_BOUND('',#5837,.T.);
#5837 = EDGE_LOOP('',(#5838));
#5838 = ORIENTED_EDGE('',*,*,#5839,.T.);
#5839 = EDGE_CURVE('',#5840,#5840,#5842,.T.);
#5840 = VERTEX_POINT('',#5841);
#5841 = CARTESIAN_POINT('',(252.4,-102.825,1.51));
#5842 = CIRCLE('',#5843,2.4);
#5843 = AXIS2_PLACEMENT_3D('',#5844,#5845,#5846);
#5844 = CARTESIAN_POINT('',(252.4,-100.425,1.51));
#5845 = DIRECTION('',(-0.,0.,-1.));
#5846 = DIRECTION('',(-0.,-1.,0.));
#5847 = FACE_BOUND('',#5848,.T.);
#5848 = EDGE_LOOP('',(#5849));
#5849 = ORIENTED_EDGE('',*,*,#5850,.T.);
#5850 = EDGE_CURVE('',#5851,#5851,#5853,.T.);
#5851 = VERTEX_POINT('',#5852);
#5852 = CARTESIAN_POINT('',(269.,-104.485,1.51));
#5853 = CIRCLE('',#5854,2.4);
#5854 = AXIS2_PLACEMENT_3D('',#5855,#5856,#5857);
#5855 = CARTESIAN_POINT('',(269.,-102.085,1.51));
#5856 = DIRECTION('',(-0.,0.,-1.));
#5857 = DIRECTION('',(-0.,-1.,0.));
#5858 = FACE_BOUND('',#5859,.T.);
#5859 = EDGE_LOOP('',(#5860));
#5860 = ORIENTED_EDGE('',*,*,#5861,.T.);
#5861 = EDGE_CURVE('',#5862,#5862,#5864,.T.);
#5862 = VERTEX_POINT('',#5863);
#5863 = CARTESIAN_POINT('',(257.4,-95.375,1.51));
#5864 = CIRCLE('',#5865,0.5);
#5865 = AXIS2_PLACEMENT_3D('',#5866,#5867,#5868);
#5866 = CARTESIAN_POINT('',(257.4,-94.875,1.51));
#5867 = DIRECTION('',(-0.,0.,-1.));
#5868 = DIRECTION('',(-0.,-1.,0.));
#5869 = FACE_BOUND('',#5870,.T.);
#5870 = EDGE_LOOP('',(#5871));
#5871 = ORIENTED_EDGE('',*,*,#5872,.T.);
#5872 = EDGE_CURVE('',#5873,#5873,#5875,.T.);
#5873 = VERTEX_POINT('',#5874);
#5874 = CARTESIAN_POINT('',(252.4,-91.225,1.51));
#5875 = CIRCLE('',#5876,1.5);
#5876 = AXIS2_PLACEMENT_3D('',#5877,#5878,#5879);
#5877 = CARTESIAN_POINT('',(252.4,-89.725,1.51));
#5878 = DIRECTION('',(-0.,0.,-1.));
#5879 = DIRECTION('',(-0.,-1.,0.));
#5880 = FACE_BOUND('',#5881,.T.);
#5881 = EDGE_LOOP('',(#5882));
#5882 = ORIENTED_EDGE('',*,*,#5883,.T.);
#5883 = EDGE_CURVE('',#5884,#5884,#5886,.T.);
#5884 = VERTEX_POINT('',#5885);
#5885 = CARTESIAN_POINT('',(274.,-97.035,1.51));
#5886 = CIRCLE('',#5887,0.5);
#5887 = AXIS2_PLACEMENT_3D('',#5888,#5889,#5890);
#5888 = CARTESIAN_POINT('',(274.,-96.535,1.51));
#5889 = DIRECTION('',(-0.,0.,-1.));
#5890 = DIRECTION('',(-0.,-1.,0.));
#5891 = FACE_BOUND('',#5892,.T.);
#5892 = EDGE_LOOP('',(#5893));
#5893 = ORIENTED_EDGE('',*,*,#5894,.T.);
#5894 = EDGE_CURVE('',#5895,#5895,#5897,.T.);
#5895 = VERTEX_POINT('',#5896);
#5896 = CARTESIAN_POINT('',(264.,-90.685,1.51));
#5897 = CIRCLE('',#5898,1.5);
#5898 = AXIS2_PLACEMENT_3D('',#5899,#5900,#5901);
#5899 = CARTESIAN_POINT('',(264.,-89.185,1.51));
#5900 = DIRECTION('',(-0.,0.,-1.));
#5901 = DIRECTION('',(-0.,-1.,0.));
#5902 = FACE_BOUND('',#5903,.T.);
#5903 = EDGE_LOOP('',(#5904));
#5904 = ORIENTED_EDGE('',*,*,#5905,.T.);
#5905 = EDGE_CURVE('',#5906,#5906,#5908,.T.);
#5906 = VERTEX_POINT('',#5907);
#5907 = CARTESIAN_POINT('',(269.,-92.885,1.51));
#5908 = CIRCLE('',#5909,1.5);
#5909 = AXIS2_PLACEMENT_3D('',#5910,#5911,#5912);
#5910 = CARTESIAN_POINT('',(269.,-91.385,1.51));
#5911 = DIRECTION('',(-0.,0.,-1.));
#5912 = DIRECTION('',(-0.,-1.,0.));
#5913 = FACE_BOUND('',#5914,.T.);
#5914 = EDGE_LOOP('',(#5915));
#5915 = ORIENTED_EDGE('',*,*,#5916,.T.);
#5916 = EDGE_CURVE('',#5917,#5917,#5919,.T.);
#5917 = VERTEX_POINT('',#5918);
#5918 = CARTESIAN_POINT('',(161.2,-84.9,1.51));
#5919 = CIRCLE('',#5920,0.5);
#5920 = AXIS2_PLACEMENT_3D('',#5921,#5922,#5923);
#5921 = CARTESIAN_POINT('',(161.2,-84.4,1.51));
#5922 = DIRECTION('',(-0.,0.,-1.));
#5923 = DIRECTION('',(-0.,-1.,0.));
#5924 = FACE_BOUND('',#5925,.T.);
#5925 = EDGE_LOOP('',(#5926));
#5926 = ORIENTED_EDGE('',*,*,#5927,.T.);
#5927 = EDGE_CURVE('',#5928,#5928,#5930,.T.);
#5928 = VERTEX_POINT('',#5929);
#5929 = CARTESIAN_POINT('',(163.7,-84.9,1.51));
#5930 = CIRCLE('',#5931,0.5);
#5931 = AXIS2_PLACEMENT_3D('',#5932,#5933,#5934);
#5932 = CARTESIAN_POINT('',(163.7,-84.4,1.51));
#5933 = DIRECTION('',(-0.,0.,-1.));
#5934 = DIRECTION('',(-0.,-1.,0.));
#5935 = FACE_BOUND('',#5936,.T.);
#5936 = EDGE_LOOP('',(#5937));
#5937 = ORIENTED_EDGE('',*,*,#5938,.T.);
#5938 = EDGE_CURVE('',#5939,#5939,#5941,.T.);
#5939 = VERTEX_POINT('',#5940);
#5940 = CARTESIAN_POINT('',(166.2,-84.9,1.51));
#5941 = CIRCLE('',#5942,0.5);
#5942 = AXIS2_PLACEMENT_3D('',#5943,#5944,#5945);
#5943 = CARTESIAN_POINT('',(166.2,-84.4,1.51));
#5944 = DIRECTION('',(-0.,0.,-1.));
#5945 = DIRECTION('',(-0.,-1.,0.));
#5946 = FACE_BOUND('',#5947,.T.);
#5947 = EDGE_LOOP('',(#5948));
#5948 = ORIENTED_EDGE('',*,*,#5949,.T.);
#5949 = EDGE_CURVE('',#5950,#5950,#5952,.T.);
#5950 = VERTEX_POINT('',#5951);
#5951 = CARTESIAN_POINT('',(181.,-87.8,1.51));
#5952 = CIRCLE('',#5953,0.5);
#5953 = AXIS2_PLACEMENT_3D('',#5954,#5955,#5956);
#5954 = CARTESIAN_POINT('',(181.,-87.3,1.51));
#5955 = DIRECTION('',(-0.,0.,-1.));
#5956 = DIRECTION('',(-0.,-1.,0.));
#5957 = FACE_BOUND('',#5958,.T.);
#5958 = EDGE_LOOP('',(#5959));
#5959 = ORIENTED_EDGE('',*,*,#5960,.T.);
#5960 = EDGE_CURVE('',#5961,#5961,#5963,.T.);
#5961 = VERTEX_POINT('',#5962);
#5962 = CARTESIAN_POINT('',(186.,-84.15,1.51));
#5963 = CIRCLE('',#5964,2.4);
#5964 = AXIS2_PLACEMENT_3D('',#5965,#5966,#5967);
#5965 = CARTESIAN_POINT('',(186.,-81.75,1.51));
#5966 = DIRECTION('',(-0.,0.,-1.));
#5967 = DIRECTION('',(-0.,-1.,0.));
#5968 = FACE_BOUND('',#5969,.T.);
#5969 = EDGE_LOOP('',(#5970));
#5970 = ORIENTED_EDGE('',*,*,#5971,.T.);
#5971 = EDGE_CURVE('',#5972,#5972,#5974,.T.);
#5972 = VERTEX_POINT('',#5973);
#5973 = CARTESIAN_POINT('',(165.,-75.565,1.51));
#5974 = CIRCLE('',#5975,0.365);
#5975 = AXIS2_PLACEMENT_3D('',#5976,#5977,#5978);
#5976 = CARTESIAN_POINT('',(165.,-75.2,1.51));
#5977 = DIRECTION('',(-0.,0.,-1.));
#5978 = DIRECTION('',(-0.,-1.,0.));
#5979 = FACE_BOUND('',#5980,.T.);
#5980 = EDGE_LOOP('',(#5981));
#5981 = ORIENTED_EDGE('',*,*,#5982,.T.);
#5982 = EDGE_CURVE('',#5983,#5983,#5985,.T.);
#5983 = VERTEX_POINT('',#5984);
#5984 = CARTESIAN_POINT('',(166.5,-75.565,1.51));
#5985 = CIRCLE('',#5986,0.365);
#5986 = AXIS2_PLACEMENT_3D('',#5987,#5988,#5989);
#5987 = CARTESIAN_POINT('',(166.5,-75.2,1.51));
#5988 = DIRECTION('',(-0.,0.,-1.));
#5989 = DIRECTION('',(-0.,-1.,0.));
#5990 = FACE_BOUND('',#5991,.T.);
#5991 = EDGE_LOOP('',(#5992));
#5992 = ORIENTED_EDGE('',*,*,#5993,.T.);
#5993 = EDGE_CURVE('',#5994,#5994,#5996,.T.);
#5994 = VERTEX_POINT('',#5995);
#5995 = CARTESIAN_POINT('',(168.,-75.565,1.51));
#5996 = CIRCLE('',#5997,0.365);
#5997 = AXIS2_PLACEMENT_3D('',#5998,#5999,#6000);
#5998 = CARTESIAN_POINT('',(168.,-75.2,1.51));
#5999 = DIRECTION('',(-0.,0.,-1.));
#6000 = DIRECTION('',(-0.,-1.,0.));
#6001 = FACE_BOUND('',#6002,.T.);
#6002 = EDGE_LOOP('',(#6003));
#6003 = ORIENTED_EDGE('',*,*,#6004,.T.);
#6004 = EDGE_CURVE('',#6005,#6005,#6007,.T.);
#6005 = VERTEX_POINT('',#6006);
#6006 = CARTESIAN_POINT('',(186.,-77.35,1.51));
#6007 = CIRCLE('',#6008,1.5);
#6008 = AXIS2_PLACEMENT_3D('',#6009,#6010,#6011);
#6009 = CARTESIAN_POINT('',(186.,-75.85,1.51));
#6010 = DIRECTION('',(-0.,0.,-1.));
#6011 = DIRECTION('',(-0.,-1.,0.));
#6012 = FACE_BOUND('',#6013,.T.);
#6013 = EDGE_LOOP('',(#6014));
#6014 = ORIENTED_EDGE('',*,*,#6015,.T.);
#6015 = EDGE_CURVE('',#6016,#6016,#6018,.T.);
#6016 = VERTEX_POINT('',#6017);
#6017 = CARTESIAN_POINT('',(197.6,-85.725,1.51));
#6018 = CIRCLE('',#6019,0.5);
#6019 = AXIS2_PLACEMENT_3D('',#6020,#6021,#6022);
#6020 = CARTESIAN_POINT('',(197.6,-85.225,1.51));
#6021 = DIRECTION('',(-0.,0.,-1.));
#6022 = DIRECTION('',(-0.,-1.,0.));
#6023 = FACE_BOUND('',#6024,.T.);
#6024 = EDGE_LOOP('',(#6025));
#6025 = ORIENTED_EDGE('',*,*,#6026,.T.);
#6026 = EDGE_CURVE('',#6027,#6027,#6029,.T.);
#6027 = VERTEX_POINT('',#6028);
#6028 = CARTESIAN_POINT('',(202.6,-82.075,1.51));
#6029 = CIRCLE('',#6030,2.4);
#6030 = AXIS2_PLACEMENT_3D('',#6031,#6032,#6033);
#6031 = CARTESIAN_POINT('',(202.6,-79.675,1.51));
#6032 = DIRECTION('',(-0.,0.,-1.));
#6033 = DIRECTION('',(-0.,-1.,0.));
#6034 = FACE_BOUND('',#6035,.T.);
#6035 = EDGE_LOOP('',(#6036));
#6036 = ORIENTED_EDGE('',*,*,#6037,.T.);
#6037 = EDGE_CURVE('',#6038,#6038,#6040,.T.);
#6038 = VERTEX_POINT('',#6039);
#6039 = CARTESIAN_POINT('',(214.2,-83.65,1.51));
#6040 = CIRCLE('',#6041,0.5);
#6041 = AXIS2_PLACEMENT_3D('',#6042,#6043,#6044);
#6042 = CARTESIAN_POINT('',(214.2,-83.15,1.51));
#6043 = DIRECTION('',(-0.,0.,-1.));
#6044 = DIRECTION('',(-0.,-1.,0.));
#6045 = FACE_BOUND('',#6046,.T.);
#6046 = EDGE_LOOP('',(#6047));
#6047 = ORIENTED_EDGE('',*,*,#6048,.T.);
#6048 = EDGE_CURVE('',#6049,#6049,#6051,.T.);
#6049 = VERTEX_POINT('',#6050);
#6050 = CARTESIAN_POINT('',(191.,-79.55,1.51));
#6051 = CIRCLE('',#6052,1.5);
#6052 = AXIS2_PLACEMENT_3D('',#6053,#6054,#6055);
#6053 = CARTESIAN_POINT('',(191.,-78.05,1.51));
#6054 = DIRECTION('',(-0.,0.,-1.));
#6055 = DIRECTION('',(-0.,-1.,0.));
#6056 = FACE_BOUND('',#6057,.T.);
#6057 = EDGE_LOOP('',(#6058));
#6058 = ORIENTED_EDGE('',*,*,#6059,.T.);
#6059 = EDGE_CURVE('',#6060,#6060,#6062,.T.);
#6060 = VERTEX_POINT('',#6061);
#6061 = CARTESIAN_POINT('',(207.6,-77.475,1.51));
#6062 = CIRCLE('',#6063,1.5);
#6063 = AXIS2_PLACEMENT_3D('',#6064,#6065,#6066);
#6064 = CARTESIAN_POINT('',(207.6,-75.975,1.51));
#6065 = DIRECTION('',(-0.,0.,-1.));
#6066 = DIRECTION('',(-0.,-1.,0.));
#6067 = FACE_BOUND('',#6068,.T.);
#6068 = EDGE_LOOP('',(#6069));
#6069 = ORIENTED_EDGE('',*,*,#6070,.T.);
#6070 = EDGE_CURVE('',#6071,#6071,#6073,.T.);
#6071 = VERTEX_POINT('',#6072);
#6072 = CARTESIAN_POINT('',(202.6,-75.275,1.51));
#6073 = CIRCLE('',#6074,1.5);
#6074 = AXIS2_PLACEMENT_3D('',#6075,#6076,#6077);
#6075 = CARTESIAN_POINT('',(202.6,-73.775,1.51));
#6076 = DIRECTION('',(-0.,0.,-1.));
#6077 = DIRECTION('',(-0.,-1.,0.));
#6078 = FACE_BOUND('',#6079,.T.);
#6079 = EDGE_LOOP('',(#6080));
#6080 = ORIENTED_EDGE('',*,*,#6081,.T.);
#6081 = EDGE_CURVE('',#6082,#6082,#6084,.T.);
#6082 = VERTEX_POINT('',#6083);
#6083 = CARTESIAN_POINT('',(181.,-71.2,1.51));
#6084 = CIRCLE('',#6085,0.5);
#6085 = AXIS2_PLACEMENT_3D('',#6086,#6087,#6088);
#6086 = CARTESIAN_POINT('',(181.,-70.7,1.51));
#6087 = DIRECTION('',(-0.,0.,-1.));
#6088 = DIRECTION('',(-0.,-1.,0.));
#6089 = FACE_BOUND('',#6090,.T.);
#6090 = EDGE_LOOP('',(#6091));
#6091 = ORIENTED_EDGE('',*,*,#6092,.T.);
#6092 = EDGE_CURVE('',#6093,#6093,#6095,.T.);
#6093 = VERTEX_POINT('',#6094);
#6094 = CARTESIAN_POINT('',(186.,-67.55,1.51));
#6095 = CIRCLE('',#6096,2.4);
#6096 = AXIS2_PLACEMENT_3D('',#6097,#6098,#6099);
#6097 = CARTESIAN_POINT('',(186.,-65.15,1.51));
#6098 = DIRECTION('',(-0.,0.,-1.));
#6099 = DIRECTION('',(-0.,-1.,0.));
#6100 = FACE_BOUND('',#6101,.T.);
#6101 = EDGE_LOOP('',(#6102));
#6102 = ORIENTED_EDGE('',*,*,#6103,.T.);
#6103 = EDGE_CURVE('',#6104,#6104,#6106,.T.);
#6104 = VERTEX_POINT('',#6105);
#6105 = CARTESIAN_POINT('',(186.,-60.75,1.51));
#6106 = CIRCLE('',#6107,1.5);
#6107 = AXIS2_PLACEMENT_3D('',#6108,#6109,#6110);
#6108 = CARTESIAN_POINT('',(186.,-59.25,1.51));
#6109 = DIRECTION('',(-0.,0.,-1.));
#6110 = DIRECTION('',(-0.,-1.,0.));
#6111 = FACE_BOUND('',#6112,.T.);
#6112 = EDGE_LOOP('',(#6113));
#6113 = ORIENTED_EDGE('',*,*,#6114,.T.);
#6114 = EDGE_CURVE('',#6115,#6115,#6117,.T.);
#6115 = VERTEX_POINT('',#6116);
#6116 = CARTESIAN_POINT('',(197.6,-69.125,1.51));
#6117 = CIRCLE('',#6118,0.5);
#6118 = AXIS2_PLACEMENT_3D('',#6119,#6120,#6121);
#6119 = CARTESIAN_POINT('',(197.6,-68.625,1.51));
#6120 = DIRECTION('',(-0.,0.,-1.));
#6121 = DIRECTION('',(-0.,-1.,0.));
#6122 = FACE_BOUND('',#6123,.T.);
#6123 = EDGE_LOOP('',(#6124));
#6124 = ORIENTED_EDGE('',*,*,#6125,.T.);
#6125 = EDGE_CURVE('',#6126,#6126,#6128,.T.);
#6126 = VERTEX_POINT('',#6127);
#6127 = CARTESIAN_POINT('',(214.2,-67.05,1.51));
#6128 = CIRCLE('',#6129,0.5);
#6129 = AXIS2_PLACEMENT_3D('',#6130,#6131,#6132);
#6130 = CARTESIAN_POINT('',(214.2,-66.55,1.51));
#6131 = DIRECTION('',(-0.,0.,-1.));
#6132 = DIRECTION('',(-0.,-1.,0.));
#6133 = FACE_BOUND('',#6134,.T.);
#6134 = EDGE_LOOP('',(#6135));
#6135 = ORIENTED_EDGE('',*,*,#6136,.T.);
#6136 = EDGE_CURVE('',#6137,#6137,#6139,.T.);
#6137 = VERTEX_POINT('',#6138);
#6138 = CARTESIAN_POINT('',(202.6,-65.475,1.51));
#6139 = CIRCLE('',#6140,2.4);
#6140 = AXIS2_PLACEMENT_3D('',#6141,#6142,#6143);
#6141 = CARTESIAN_POINT('',(202.6,-63.075,1.51));
#6142 = DIRECTION('',(-0.,0.,-1.));
#6143 = DIRECTION('',(-0.,-1.,0.));
#6144 = FACE_BOUND('',#6145,.T.);
#6145 = EDGE_LOOP('',(#6146));
#6146 = ORIENTED_EDGE('',*,*,#6147,.T.);
#6147 = EDGE_CURVE('',#6148,#6148,#6150,.T.);
#6148 = VERTEX_POINT('',#6149);
#6149 = CARTESIAN_POINT('',(191.,-62.95,1.51));
#6150 = CIRCLE('',#6151,1.5);
#6151 = AXIS2_PLACEMENT_3D('',#6152,#6153,#6154);
#6152 = CARTESIAN_POINT('',(191.,-61.45,1.51));
#6153 = DIRECTION('',(-0.,0.,-1.));
#6154 = DIRECTION('',(-0.,-1.,0.));
#6155 = FACE_BOUND('',#6156,.T.);
#6156 = EDGE_LOOP('',(#6157));
#6157 = ORIENTED_EDGE('',*,*,#6158,.T.);
#6158 = EDGE_CURVE('',#6159,#6159,#6161,.T.);
#6159 = VERTEX_POINT('',#6160);
#6160 = CARTESIAN_POINT('',(207.6,-60.875,1.51));
#6161 = CIRCLE('',#6162,1.5);
#6162 = AXIS2_PLACEMENT_3D('',#6163,#6164,#6165);
#6163 = CARTESIAN_POINT('',(207.6,-59.375,1.51));
#6164 = DIRECTION('',(-0.,0.,-1.));
#6165 = DIRECTION('',(-0.,-1.,0.));
#6166 = FACE_BOUND('',#6167,.T.);
#6167 = EDGE_LOOP('',(#6168));
#6168 = ORIENTED_EDGE('',*,*,#6169,.T.);
#6169 = EDGE_CURVE('',#6170,#6170,#6172,.T.);
#6170 = VERTEX_POINT('',#6171);
#6171 = CARTESIAN_POINT('',(202.6,-58.675,1.51));
#6172 = CIRCLE('',#6173,1.5);
#6173 = AXIS2_PLACEMENT_3D('',#6174,#6175,#6176);
#6174 = CARTESIAN_POINT('',(202.6,-57.175,1.51));
#6175 = DIRECTION('',(-0.,0.,-1.));
#6176 = DIRECTION('',(-0.,-1.,0.));
#6177 = FACE_BOUND('',#6178,.T.);
#6178 = EDGE_LOOP('',(#6179));
#6179 = ORIENTED_EDGE('',*,*,#6180,.T.);
#6180 = EDGE_CURVE('',#6181,#6181,#6183,.T.);
#6181 = VERTEX_POINT('',#6182);
#6182 = CARTESIAN_POINT('',(235.8,-87.075,1.51));
#6183 = CIRCLE('',#6184,1.5);
#6184 = AXIS2_PLACEMENT_3D('',#6185,#6186,#6187);
#6185 = CARTESIAN_POINT('',(235.8,-85.575,1.51));
#6186 = DIRECTION('',(-0.,0.,-1.));
#6187 = DIRECTION('',(-0.,-1.,0.));
#6188 = FACE_BOUND('',#6189,.T.);
#6189 = EDGE_LOOP('',(#6190));
#6190 = ORIENTED_EDGE('',*,*,#6191,.T.);
#6191 = EDGE_CURVE('',#6192,#6192,#6194,.T.);
#6192 = VERTEX_POINT('',#6193);
#6193 = CARTESIAN_POINT('',(230.8,-84.875,1.51));
#6194 = CIRCLE('',#6195,1.5);
#6195 = AXIS2_PLACEMENT_3D('',#6196,#6197,#6198);
#6196 = CARTESIAN_POINT('',(230.8,-83.375,1.51));
#6197 = DIRECTION('',(-0.,0.,-1.));
#6198 = DIRECTION('',(-0.,-1.,0.));
#6199 = FACE_BOUND('',#6200,.T.);
#6200 = EDGE_LOOP('',(#6201));
#6201 = ORIENTED_EDGE('',*,*,#6202,.T.);
#6202 = EDGE_CURVE('',#6203,#6203,#6205,.T.);
#6203 = VERTEX_POINT('',#6204);
#6204 = CARTESIAN_POINT('',(235.8,-82.075,1.51));
#6205 = CIRCLE('',#6206,2.4);
#6206 = AXIS2_PLACEMENT_3D('',#6207,#6208,#6209);
#6207 = CARTESIAN_POINT('',(235.8,-79.675,1.51));
#6208 = DIRECTION('',(-0.,0.,-1.));
#6209 = DIRECTION('',(-0.,-1.,0.));
#6210 = FACE_BOUND('',#6211,.T.);
#6211 = EDGE_LOOP('',(#6212));
#6212 = ORIENTED_EDGE('',*,*,#6213,.T.);
#6213 = EDGE_CURVE('',#6214,#6214,#6216,.T.);
#6214 = VERTEX_POINT('',#6215);
#6215 = CARTESIAN_POINT('',(219.2,-80.,1.51));
#6216 = CIRCLE('',#6217,2.4);
#6217 = AXIS2_PLACEMENT_3D('',#6218,#6219,#6220);
#6218 = CARTESIAN_POINT('',(219.2,-77.6,1.51));
#6219 = DIRECTION('',(-0.,0.,-1.));
#6220 = DIRECTION('',(-0.,-1.,0.));
#6221 = FACE_BOUND('',#6222,.T.);
#6222 = EDGE_LOOP('',(#6223));
#6223 = ORIENTED_EDGE('',*,*,#6224,.T.);
#6224 = EDGE_CURVE('',#6225,#6225,#6227,.T.);
#6225 = VERTEX_POINT('',#6226);
#6226 = CARTESIAN_POINT('',(219.2,-73.2,1.51));
#6227 = CIRCLE('',#6228,1.5);
#6228 = AXIS2_PLACEMENT_3D('',#6229,#6230,#6231);
#6229 = CARTESIAN_POINT('',(219.2,-71.7,1.51));
#6230 = DIRECTION('',(-0.,0.,-1.));
#6231 = DIRECTION('',(-0.,-1.,0.));
#6232 = FACE_BOUND('',#6233,.T.);
#6233 = EDGE_LOOP('',(#6234));
#6234 = ORIENTED_EDGE('',*,*,#6235,.T.);
#6235 = EDGE_CURVE('',#6236,#6236,#6238,.T.);
#6236 = VERTEX_POINT('',#6237);
#6237 = CARTESIAN_POINT('',(224.2,-75.4,1.51));
#6238 = CIRCLE('',#6239,1.5);
#6239 = AXIS2_PLACEMENT_3D('',#6240,#6241,#6242);
#6240 = CARTESIAN_POINT('',(224.2,-73.9,1.51));
#6241 = DIRECTION('',(-0.,0.,-1.));
#6242 = DIRECTION('',(-0.,-1.,0.));
#6243 = FACE_BOUND('',#6244,.T.);
#6244 = EDGE_LOOP('',(#6245));
#6245 = ORIENTED_EDGE('',*,*,#6246,.T.);
#6246 = EDGE_CURVE('',#6247,#6247,#6249,.T.);
#6247 = VERTEX_POINT('',#6248);
#6248 = CARTESIAN_POINT('',(240.8,-74.625,1.51));
#6249 = CIRCLE('',#6250,0.5);
#6250 = AXIS2_PLACEMENT_3D('',#6251,#6252,#6253);
#6251 = CARTESIAN_POINT('',(240.8,-74.125,1.51));
#6252 = DIRECTION('',(-0.,0.,-1.));
#6253 = DIRECTION('',(-0.,-1.,0.));
#6254 = FACE_BOUND('',#6255,.T.);
#6255 = EDGE_LOOP('',(#6256));
#6256 = ORIENTED_EDGE('',*,*,#6257,.T.);
#6257 = EDGE_CURVE('',#6258,#6258,#6260,.T.);
#6258 = VERTEX_POINT('',#6259);
#6259 = CARTESIAN_POINT('',(247.4,-89.025,1.51));
#6260 = CIRCLE('',#6261,1.5);
#6261 = AXIS2_PLACEMENT_3D('',#6262,#6263,#6264);
#6262 = CARTESIAN_POINT('',(247.4,-87.525,1.51));
#6263 = DIRECTION('',(-0.,0.,-1.));
#6264 = DIRECTION('',(-0.,-1.,0.));
#6265 = FACE_BOUND('',#6266,.T.);
#6266 = EDGE_LOOP('',(#6267));
#6267 = ORIENTED_EDGE('',*,*,#6268,.T.);
#6268 = EDGE_CURVE('',#6269,#6269,#6271,.T.);
#6269 = VERTEX_POINT('',#6270);
#6270 = CARTESIAN_POINT('',(252.4,-86.225,1.51));
#6271 = CIRCLE('',#6272,2.4);
#6272 = AXIS2_PLACEMENT_3D('',#6273,#6274,#6275);
#6273 = CARTESIAN_POINT('',(252.4,-83.825,1.51));
#6274 = DIRECTION('',(-0.,0.,-1.));
#6275 = DIRECTION('',(-0.,-1.,0.));
#6276 = FACE_BOUND('',#6277,.T.);
#6277 = EDGE_LOOP('',(#6278));
#6278 = ORIENTED_EDGE('',*,*,#6279,.T.);
#6279 = EDGE_CURVE('',#6280,#6280,#6282,.T.);
#6280 = VERTEX_POINT('',#6281);
#6281 = CARTESIAN_POINT('',(269.,-87.885,1.51));
#6282 = CIRCLE('',#6283,2.4);
#6283 = AXIS2_PLACEMENT_3D('',#6284,#6285,#6286);
#6284 = CARTESIAN_POINT('',(269.,-85.485,1.51));
#6285 = DIRECTION('',(-0.,0.,-1.));
#6286 = DIRECTION('',(-0.,-1.,0.));
#6287 = FACE_BOUND('',#6288,.T.);
#6288 = EDGE_LOOP('',(#6289));
#6289 = ORIENTED_EDGE('',*,*,#6290,.T.);
#6290 = EDGE_CURVE('',#6291,#6291,#6293,.T.);
#6291 = VERTEX_POINT('',#6292);
#6292 = CARTESIAN_POINT('',(274.,-80.435,1.51));
#6293 = CIRCLE('',#6294,0.5);
#6294 = AXIS2_PLACEMENT_3D('',#6295,#6296,#6297);
#6295 = CARTESIAN_POINT('',(274.,-79.935,1.51));
#6296 = DIRECTION('',(-0.,0.,-1.));
#6297 = DIRECTION('',(-0.,-1.,0.));
#6298 = FACE_BOUND('',#6299,.T.);
#6299 = EDGE_LOOP('',(#6300));
#6300 = ORIENTED_EDGE('',*,*,#6301,.T.);
#6301 = EDGE_CURVE('',#6302,#6302,#6304,.T.);
#6302 = VERTEX_POINT('',#6303);
#6303 = CARTESIAN_POINT('',(257.4,-78.775,1.51));
#6304 = CIRCLE('',#6305,0.5);
#6305 = AXIS2_PLACEMENT_3D('',#6306,#6307,#6308);
#6306 = CARTESIAN_POINT('',(257.4,-78.275,1.51));
#6307 = DIRECTION('',(-0.,0.,-1.));
#6308 = DIRECTION('',(-0.,-1.,0.));
#6309 = FACE_BOUND('',#6310,.T.);
#6310 = EDGE_LOOP('',(#6311));
#6311 = ORIENTED_EDGE('',*,*,#6312,.T.);
#6312 = EDGE_CURVE('',#6313,#6313,#6315,.T.);
#6313 = VERTEX_POINT('',#6314);
#6314 = CARTESIAN_POINT('',(252.4,-74.625,1.51));
#6315 = CIRCLE('',#6316,1.5);
#6316 = AXIS2_PLACEMENT_3D('',#6317,#6318,#6319);
#6317 = CARTESIAN_POINT('',(252.4,-73.125,1.51));
#6318 = DIRECTION('',(-0.,0.,-1.));
#6319 = DIRECTION('',(-0.,-1.,0.));
#6320 = FACE_BOUND('',#6321,.T.);
#6321 = EDGE_LOOP('',(#6322));
#6322 = ORIENTED_EDGE('',*,*,#6323,.T.);
#6323 = EDGE_CURVE('',#6324,#6324,#6326,.T.);
#6324 = VERTEX_POINT('',#6325);
#6325 = CARTESIAN_POINT('',(247.4,-72.425,1.51));
#6326 = CIRCLE('',#6327,1.5);
#6327 = AXIS2_PLACEMENT_3D('',#6328,#6329,#6330);
#6328 = CARTESIAN_POINT('',(247.4,-70.925,1.51));
#6329 = DIRECTION('',(-0.,0.,-1.));
#6330 = DIRECTION('',(-0.,-1.,0.));
#6331 = FACE_BOUND('',#6332,.T.);
#6332 = EDGE_LOOP('',(#6333));
#6333 = ORIENTED_EDGE('',*,*,#6334,.T.);
#6334 = EDGE_CURVE('',#6335,#6335,#6337,.T.);
#6335 = VERTEX_POINT('',#6336);
#6336 = CARTESIAN_POINT('',(264.,-74.085,1.51));
#6337 = CIRCLE('',#6338,1.5);
#6338 = AXIS2_PLACEMENT_3D('',#6339,#6340,#6341);
#6339 = CARTESIAN_POINT('',(264.,-72.585,1.51));
#6340 = DIRECTION('',(-0.,0.,-1.));
#6341 = DIRECTION('',(-0.,-1.,0.));
#6342 = FACE_BOUND('',#6343,.T.);
#6343 = EDGE_LOOP('',(#6344));
#6344 = ORIENTED_EDGE('',*,*,#6345,.T.);
#6345 = EDGE_CURVE('',#6346,#6346,#6348,.T.);
#6346 = VERTEX_POINT('',#6347);
#6347 = CARTESIAN_POINT('',(269.,-76.285,1.51));
#6348 = CIRCLE('',#6349,1.5);
#6349 = AXIS2_PLACEMENT_3D('',#6350,#6351,#6352);
#6350 = CARTESIAN_POINT('',(269.,-74.785,1.51));
#6351 = DIRECTION('',(-0.,0.,-1.));
#6352 = DIRECTION('',(-0.,-1.,0.));
#6353 = FACE_BOUND('',#6354,.T.);
#6354 = EDGE_LOOP('',(#6355));
#6355 = ORIENTED_EDGE('',*,*,#6356,.T.);
#6356 = EDGE_CURVE('',#6357,#6357,#6359,.T.);
#6357 = VERTEX_POINT('',#6358);
#6358 = CARTESIAN_POINT('',(235.8,-70.475,1.51));
#6359 = CIRCLE('',#6360,1.5);
#6360 = AXIS2_PLACEMENT_3D('',#6361,#6362,#6363);
#6361 = CARTESIAN_POINT('',(235.8,-68.975,1.51));
#6362 = DIRECTION('',(-0.,0.,-1.));
#6363 = DIRECTION('',(-0.,-1.,0.));
#6364 = FACE_BOUND('',#6365,.T.);
#6365 = EDGE_LOOP('',(#6366));
#6366 = ORIENTED_EDGE('',*,*,#6367,.T.);
#6367 = EDGE_CURVE('',#6368,#6368,#6370,.T.);
#6368 = VERTEX_POINT('',#6369);
#6369 = CARTESIAN_POINT('',(230.8,-68.275,1.51));
#6370 = CIRCLE('',#6371,1.5);
#6371 = AXIS2_PLACEMENT_3D('',#6372,#6373,#6374);
#6372 = CARTESIAN_POINT('',(230.8,-66.775,1.51));
#6373 = DIRECTION('',(-0.,0.,-1.));
#6374 = DIRECTION('',(-0.,-1.,0.));
#6375 = FACE_BOUND('',#6376,.T.);
#6376 = EDGE_LOOP('',(#6377));
#6377 = ORIENTED_EDGE('',*,*,#6378,.T.);
#6378 = EDGE_CURVE('',#6379,#6379,#6381,.T.);
#6379 = VERTEX_POINT('',#6380);
#6380 = CARTESIAN_POINT('',(235.8,-65.475,1.51));
#6381 = CIRCLE('',#6382,2.4);
#6382 = AXIS2_PLACEMENT_3D('',#6383,#6384,#6385);
#6383 = CARTESIAN_POINT('',(235.8,-63.075,1.51));
#6384 = DIRECTION('',(-0.,0.,-1.));
#6385 = DIRECTION('',(-0.,-1.,0.));
#6386 = FACE_BOUND('',#6387,.T.);
#6387 = EDGE_LOOP('',(#6388));
#6388 = ORIENTED_EDGE('',*,*,#6389,.T.);
#6389 = EDGE_CURVE('',#6390,#6390,#6392,.T.);
#6390 = VERTEX_POINT('',#6391);
#6391 = CARTESIAN_POINT('',(219.2,-63.4,1.51));
#6392 = CIRCLE('',#6393,2.4);
#6393 = AXIS2_PLACEMENT_3D('',#6394,#6395,#6396);
#6394 = CARTESIAN_POINT('',(219.2,-61.,1.51));
#6395 = DIRECTION('',(-0.,0.,-1.));
#6396 = DIRECTION('',(-0.,-1.,0.));
#6397 = FACE_BOUND('',#6398,.T.);
#6398 = EDGE_LOOP('',(#6399));
#6399 = ORIENTED_EDGE('',*,*,#6400,.T.);
#6400 = EDGE_CURVE('',#6401,#6401,#6403,.T.);
#6401 = VERTEX_POINT('',#6402);
#6402 = CARTESIAN_POINT('',(219.2,-56.6,1.51));
#6403 = CIRCLE('',#6404,1.5);
#6404 = AXIS2_PLACEMENT_3D('',#6405,#6406,#6407);
#6405 = CARTESIAN_POINT('',(219.2,-55.1,1.51));
#6406 = DIRECTION('',(-0.,0.,-1.));
#6407 = DIRECTION('',(-0.,-1.,0.));
#6408 = FACE_BOUND('',#6409,.T.);
#6409 = EDGE_LOOP('',(#6410));
#6410 = ORIENTED_EDGE('',*,*,#6411,.T.);
#6411 = EDGE_CURVE('',#6412,#6412,#6414,.T.);
#6412 = VERTEX_POINT('',#6413);
#6413 = CARTESIAN_POINT('',(224.2,-58.8,1.51));
#6414 = CIRCLE('',#6415,1.5);
#6415 = AXIS2_PLACEMENT_3D('',#6416,#6417,#6418);
#6416 = CARTESIAN_POINT('',(224.2,-57.3,1.51));
#6417 = DIRECTION('',(-0.,0.,-1.));
#6418 = DIRECTION('',(-0.,-1.,0.));
#6419 = FACE_BOUND('',#6420,.T.);
#6420 = EDGE_LOOP('',(#6421));
#6421 = ORIENTED_EDGE('',*,*,#6422,.T.);
#6422 = EDGE_CURVE('',#6423,#6423,#6425,.T.);
#6423 = VERTEX_POINT('',#6424);
#6424 = CARTESIAN_POINT('',(240.8,-58.025,1.51));
#6425 = CIRCLE('',#6426,0.5);
#6426 = AXIS2_PLACEMENT_3D('',#6427,#6428,#6429);
#6427 = CARTESIAN_POINT('',(240.8,-57.525,1.51));
#6428 = DIRECTION('',(-0.,0.,-1.));
#6429 = DIRECTION('',(-0.,-1.,0.));
#6430 = FACE_BOUND('',#6431,.T.);
#6431 = EDGE_LOOP('',(#6432));
#6432 = ORIENTED_EDGE('',*,*,#6433,.T.);
#6433 = EDGE_CURVE('',#6434,#6434,#6436,.T.);
#6434 = VERTEX_POINT('',#6435);
#6435 = CARTESIAN_POINT('',(252.4,-69.625,1.51));
#6436 = CIRCLE('',#6437,2.4);
#6437 = AXIS2_PLACEMENT_3D('',#6438,#6439,#6440);
#6438 = CARTESIAN_POINT('',(252.4,-67.225,1.51));
#6439 = DIRECTION('',(-0.,0.,-1.));
#6440 = DIRECTION('',(-0.,-1.,0.));
#6441 = FACE_BOUND('',#6442,.T.);
#6442 = EDGE_LOOP('',(#6443));
#6443 = ORIENTED_EDGE('',*,*,#6444,.T.);
#6444 = EDGE_CURVE('',#6445,#6445,#6447,.T.);
#6445 = VERTEX_POINT('',#6446);
#6446 = CARTESIAN_POINT('',(269.,-71.285,1.51));
#6447 = CIRCLE('',#6448,2.4);
#6448 = AXIS2_PLACEMENT_3D('',#6449,#6450,#6451);
#6449 = CARTESIAN_POINT('',(269.,-68.885,1.51));
#6450 = DIRECTION('',(-0.,0.,-1.));
#6451 = DIRECTION('',(-0.,-1.,0.));
#6452 = FACE_BOUND('',#6453,.T.);
#6453 = EDGE_LOOP('',(#6454));
#6454 = ORIENTED_EDGE('',*,*,#6455,.T.);
#6455 = EDGE_CURVE('',#6456,#6456,#6458,.T.);
#6456 = VERTEX_POINT('',#6457);
#6457 = CARTESIAN_POINT('',(274.,-63.835,1.51));
#6458 = CIRCLE('',#6459,0.5);
#6459 = AXIS2_PLACEMENT_3D('',#6460,#6461,#6462);
#6460 = CARTESIAN_POINT('',(274.,-63.335,1.51));
#6461 = DIRECTION('',(-0.,0.,-1.));
#6462 = DIRECTION('',(-0.,-1.,0.));
#6463 = FACE_BOUND('',#6464,.T.);
#6464 = EDGE_LOOP('',(#6465));
#6465 = ORIENTED_EDGE('',*,*,#6466,.T.);
#6466 = EDGE_CURVE('',#6467,#6467,#6469,.T.);
#6467 = VERTEX_POINT('',#6468);
#6468 = CARTESIAN_POINT('',(257.4,-62.175,1.51));
#6469 = CIRCLE('',#6470,0.5);
#6470 = AXIS2_PLACEMENT_3D('',#6471,#6472,#6473);
#6471 = CARTESIAN_POINT('',(257.4,-61.675,1.51));
#6472 = DIRECTION('',(-0.,0.,-1.));
#6473 = DIRECTION('',(-0.,-1.,0.));
#6474 = PLANE('',#6475);
#6475 = AXIS2_PLACEMENT_3D('',#6476,#6477,#6478);
#6476 = CARTESIAN_POINT('',(0.,0.,1.51));
#6477 = DIRECTION('',(0.,0.,1.));
#6478 = DIRECTION('',(1.,0.,-0.));
#6479 = ADVANCED_FACE('',(#6480),#6491,.T.);
#6480 = FACE_BOUND('',#6481,.T.);
#6481 = EDGE_LOOP('',(#6482,#6488,#6489,#6490));
#6482 = ORIENTED_EDGE('',*,*,#6483,.T.);
#6483 = EDGE_CURVE('',#4252,#5369,#6484,.T.);
#6484 = LINE('',#6485,#6486);
#6485 = CARTESIAN_POINT('',(154.1,-50.7,0.));
#6486 = VECTOR('',#6487,1.);
#6487 = DIRECTION('',(0.,0.,1.));
#6488 = ORIENTED_EDGE('',*,*,#5368,.T.);
#6489 = ORIENTED_EDGE('',*,*,#4187,.F.);
#6490 = ORIENTED_EDGE('',*,*,#4251,.F.);
#6491 = PLANE('',#6492);
#6492 = AXIS2_PLACEMENT_3D('',#6493,#6494,#6495);
#6493 = CARTESIAN_POINT('',(154.1,-50.7,0.));
#6494 = DIRECTION('',(0.,1.,0.));
#6495 = DIRECTION('',(1.,0.,0.));
#6496 = ADVANCED_FACE('',(#6497),#6508,.T.);
#6497 = FACE_BOUND('',#6498,.T.);
#6498 = EDGE_LOOP('',(#6499,#6500,#6501,#6507));
#6499 = ORIENTED_EDGE('',*,*,#4227,.T.);
#6500 = ORIENTED_EDGE('',*,*,#5384,.T.);
#6501 = ORIENTED_EDGE('',*,*,#6502,.F.);
#6502 = EDGE_CURVE('',#4260,#5377,#6503,.T.);
#6503 = LINE('',#6504,#6505);
#6504 = CARTESIAN_POINT('',(154.1,-110.,0.));
#6505 = VECTOR('',#6506,1.);
#6506 = DIRECTION('',(0.,0.,1.));
#6507 = ORIENTED_EDGE('',*,*,#4267,.F.);
#6508 = PLANE('',#6509);
#6509 = AXIS2_PLACEMENT_3D('',#6510,#6511,#6512);
#6510 = CARTESIAN_POINT('',(166.8,-131.5,0.));
#6511 = DIRECTION('',(-0.861006243282,-0.508594385566,0.));
#6512 = DIRECTION('',(-0.508594385566,0.861006243282,0.));
#6513 = ADVANCED_FACE('',(#6514),#6520,.T.);
#6514 = FACE_BOUND('',#6515,.T.);
#6515 = EDGE_LOOP('',(#6516,#6517,#6518,#6519));
#6516 = ORIENTED_EDGE('',*,*,#6502,.T.);
#6517 = ORIENTED_EDGE('',*,*,#5376,.T.);
#6518 = ORIENTED_EDGE('',*,*,#6483,.F.);
#6519 = ORIENTED_EDGE('',*,*,#4259,.F.);
#6520 = PLANE('',#6521);
#6521 = AXIS2_PLACEMENT_3D('',#6522,#6523,#6524);
#6522 = CARTESIAN_POINT('',(154.1,-110.,0.));
#6523 = DIRECTION('',(-1.,0.,0.));
#6524 = DIRECTION('',(0.,1.,0.));
#6525 = ADVANCED_FACE('',(#6526),#6537,.F.);
#6526 = FACE_BOUND('',#6527,.T.);
#6527 = EDGE_LOOP('',(#6528,#6529,#6535,#6536));
#6528 = ORIENTED_EDGE('',*,*,#4276,.T.);
#6529 = ORIENTED_EDGE('',*,*,#6530,.T.);
#6530 = EDGE_CURVE('',#4277,#5394,#6531,.T.);
#6531 = LINE('',#6532,#6533);
#6532 = CARTESIAN_POINT('',(166.36545,-121.475,-4.6E-02));
#6533 = VECTOR('',#6534,1.);
#6534 = DIRECTION('',(0.,0.,1.));
#6535 = ORIENTED_EDGE('',*,*,#5393,.F.);
#6536 = ORIENTED_EDGE('',*,*,#6530,.F.);
#6537 = CYLINDRICAL_SURFACE('',#6538,1.5);
#6538 = AXIS2_PLACEMENT_3D('',#6539,#6540,#6541);
#6539 = CARTESIAN_POINT('',(166.36545,-119.975,-4.6E-02));
#6540 = DIRECTION('',(-0.,-0.,-1.));
#6541 = DIRECTION('',(-0.,-1.,0.));
#6542 = ADVANCED_FACE('',(#6543),#6554,.F.);
#6543 = FACE_BOUND('',#6544,.T.);
#6544 = EDGE_LOOP('',(#6545,#6546,#6552,#6553));
#6545 = ORIENTED_EDGE('',*,*,#4287,.T.);
#6546 = ORIENTED_EDGE('',*,*,#6547,.T.);
#6547 = EDGE_CURVE('',#4288,#5405,#6548,.T.);
#6548 = LINE('',#6549,#6550);
#6549 = CARTESIAN_POINT('',(171.475,-119.425,-4.6E-02));
#6550 = VECTOR('',#6551,1.);
#6551 = DIRECTION('',(0.,0.,1.));
#6552 = ORIENTED_EDGE('',*,*,#5404,.F.);
#6553 = ORIENTED_EDGE('',*,*,#6547,.F.);
#6554 = CYLINDRICAL_SURFACE('',#6555,2.4);
#6555 = AXIS2_PLACEMENT_3D('',#6556,#6557,#6558);
#6556 = CARTESIAN_POINT('',(171.475,-117.025,-4.6E-02));
#6557 = DIRECTION('',(-0.,-0.,-1.));
#6558 = DIRECTION('',(-0.,-1.,0.));
#6559 = ADVANCED_FACE('',(#6560),#6571,.F.);
#6560 = FACE_BOUND('',#6561,.T.);
#6561 = EDGE_LOOP('',(#6562,#6563,#6569,#6570));
#6562 = ORIENTED_EDGE('',*,*,#4298,.T.);
#6563 = ORIENTED_EDGE('',*,*,#6564,.T.);
#6564 = EDGE_CURVE('',#4299,#5416,#6565,.T.);
#6565 = LINE('',#6566,#6567);
#6566 = CARTESIAN_POINT('',(165.770706,-116.044873,-4.6E-02));
#6567 = VECTOR('',#6568,1.);
#6568 = DIRECTION('',(0.,0.,1.));
#6569 = ORIENTED_EDGE('',*,*,#5415,.F.);
#6570 = ORIENTED_EDGE('',*,*,#6564,.F.);
#6571 = CYLINDRICAL_SURFACE('',#6572,1.5);
#6572 = AXIS2_PLACEMENT_3D('',#6573,#6574,#6575);
#6573 = CARTESIAN_POINT('',(165.770706,-114.544873,-4.6E-02));
#6574 = DIRECTION('',(-0.,-0.,-1.));
#6575 = DIRECTION('',(-0.,-1.,0.));
#6576 = ADVANCED_FACE('',(#6577),#6588,.F.);
#6577 = FACE_BOUND('',#6578,.T.);
#6578 = EDGE_LOOP('',(#6579,#6580,#6586,#6587));
#6579 = ORIENTED_EDGE('',*,*,#4309,.T.);
#6580 = ORIENTED_EDGE('',*,*,#6581,.T.);
#6581 = EDGE_CURVE('',#4310,#5427,#6582,.T.);
#6582 = LINE('',#6583,#6584);
#6583 = CARTESIAN_POINT('',(178.781441,-119.080127,-4.6E-02));
#6584 = VECTOR('',#6585,1.);
#6585 = DIRECTION('',(0.,0.,1.));
#6586 = ORIENTED_EDGE('',*,*,#5426,.F.);
#6587 = ORIENTED_EDGE('',*,*,#6581,.F.);
#6588 = CYLINDRICAL_SURFACE('',#6589,0.5);
#6589 = AXIS2_PLACEMENT_3D('',#6590,#6591,#6592);
#6590 = CARTESIAN_POINT('',(178.781441,-118.580127,-4.6E-02));
#6591 = DIRECTION('',(-0.,-0.,-1.));
#6592 = DIRECTION('',(-0.,-1.,0.));
#6593 = ADVANCED_FACE('',(#6594),#6605,.F.);
#6594 = FACE_BOUND('',#6595,.T.);
#6595 = EDGE_LOOP('',(#6596,#6597,#6603,#6604));
#6596 = ORIENTED_EDGE('',*,*,#4320,.T.);
#6597 = ORIENTED_EDGE('',*,*,#6598,.T.);
#6598 = EDGE_CURVE('',#4321,#5438,#6599,.T.);
#6599 = LINE('',#6600,#6601);
#6600 = CARTESIAN_POINT('',(189.3,-120.15,-4.6E-02));
#6601 = VECTOR('',#6602,1.);
#6602 = DIRECTION('',(0.,0.,1.));
#6603 = ORIENTED_EDGE('',*,*,#5437,.F.);
#6604 = ORIENTED_EDGE('',*,*,#6598,.F.);
#6605 = CYLINDRICAL_SURFACE('',#6606,1.5);
#6606 = AXIS2_PLACEMENT_3D('',#6607,#6608,#6609);
#6607 = CARTESIAN_POINT('',(189.3,-118.65,-4.6E-02));
#6608 = DIRECTION('',(-0.,-0.,-1.));
#6609 = DIRECTION('',(-0.,-1.,0.));
#6610 = ADVANCED_FACE('',(#6611),#6622,.F.);
#6611 = FACE_BOUND('',#6612,.T.);
#6612 = EDGE_LOOP('',(#6613,#6614,#6620,#6621));
#6613 = ORIENTED_EDGE('',*,*,#4331,.T.);
#6614 = ORIENTED_EDGE('',*,*,#6615,.T.);
#6615 = EDGE_CURVE('',#4332,#5449,#6616,.T.);
#6616 = LINE('',#6617,#6618);
#6617 = CARTESIAN_POINT('',(194.3,-122.35,-4.6E-02));
#6618 = VECTOR('',#6619,1.);
#6619 = DIRECTION('',(0.,0.,1.));
#6620 = ORIENTED_EDGE('',*,*,#5448,.F.);
#6621 = ORIENTED_EDGE('',*,*,#6615,.F.);
#6622 = CYLINDRICAL_SURFACE('',#6623,1.5);
#6623 = AXIS2_PLACEMENT_3D('',#6624,#6625,#6626);
#6624 = CARTESIAN_POINT('',(194.3,-120.85,-4.6E-02));
#6625 = DIRECTION('',(-0.,-0.,-1.));
#6626 = DIRECTION('',(-0.,-1.,0.));
#6627 = ADVANCED_FACE('',(#6628),#6639,.F.);
#6628 = FACE_BOUND('',#6629,.T.);
#6629 = EDGE_LOOP('',(#6630,#6631,#6637,#6638));
#6630 = ORIENTED_EDGE('',*,*,#4342,.T.);
#6631 = ORIENTED_EDGE('',*,*,#6632,.T.);
#6632 = EDGE_CURVE('',#4343,#5460,#6633,.T.);
#6633 = LINE('',#6634,#6635);
#6634 = CARTESIAN_POINT('',(194.3,-117.35,-4.6E-02));
#6635 = VECTOR('',#6636,1.);
#6636 = DIRECTION('',(0.,0.,1.));
#6637 = ORIENTED_EDGE('',*,*,#5459,.F.);
#6638 = ORIENTED_EDGE('',*,*,#6632,.F.);
#6639 = CYLINDRICAL_SURFACE('',#6640,2.4);
#6640 = AXIS2_PLACEMENT_3D('',#6641,#6642,#6643);
#6641 = CARTESIAN_POINT('',(194.3,-114.95,-4.6E-02));
#6642 = DIRECTION('',(-0.,-0.,-1.));
#6643 = DIRECTION('',(-0.,-1.,0.));
#6644 = ADVANCED_FACE('',(#6645),#6656,.F.);
#6645 = FACE_BOUND('',#6646,.T.);
#6646 = EDGE_LOOP('',(#6647,#6648,#6654,#6655));
#6647 = ORIENTED_EDGE('',*,*,#4353,.T.);
#6648 = ORIENTED_EDGE('',*,*,#6649,.T.);
#6649 = EDGE_CURVE('',#4354,#5471,#6650,.T.);
#6650 = LINE('',#6651,#6652);
#6651 = CARTESIAN_POINT('',(210.9,-120.275,-4.6E-02));
#6652 = VECTOR('',#6653,1.);
#6653 = DIRECTION('',(0.,0.,1.));
#6654 = ORIENTED_EDGE('',*,*,#5470,.F.);
#6655 = ORIENTED_EDGE('',*,*,#6649,.F.);
#6656 = CYLINDRICAL_SURFACE('',#6657,1.5);
#6657 = AXIS2_PLACEMENT_3D('',#6658,#6659,#6660);
#6658 = CARTESIAN_POINT('',(210.9,-118.775,-4.6E-02));
#6659 = DIRECTION('',(-0.,-0.,-1.));
#6660 = DIRECTION('',(-0.,-1.,0.));
#6661 = ADVANCED_FACE('',(#6662),#6673,.F.);
#6662 = FACE_BOUND('',#6663,.T.);
#6663 = EDGE_LOOP('',(#6664,#6665,#6671,#6672));
#6664 = ORIENTED_EDGE('',*,*,#4364,.T.);
#6665 = ORIENTED_EDGE('',*,*,#6666,.T.);
#6666 = EDGE_CURVE('',#4365,#5482,#6667,.T.);
#6667 = LINE('',#6668,#6669);
#6668 = CARTESIAN_POINT('',(205.9,-118.075,-4.6E-02));
#6669 = VECTOR('',#6670,1.);
#6670 = DIRECTION('',(0.,0.,1.));
#6671 = ORIENTED_EDGE('',*,*,#5481,.F.);
#6672 = ORIENTED_EDGE('',*,*,#6666,.F.);
#6673 = CYLINDRICAL_SURFACE('',#6674,1.5);
#6674 = AXIS2_PLACEMENT_3D('',#6675,#6676,#6677);
#6675 = CARTESIAN_POINT('',(205.9,-116.575,-4.6E-02));
#6676 = DIRECTION('',(-0.,-0.,-1.));
#6677 = DIRECTION('',(-0.,-1.,0.));
#6678 = ADVANCED_FACE('',(#6679),#6690,.F.);
#6679 = FACE_BOUND('',#6680,.T.);
#6680 = EDGE_LOOP('',(#6681,#6682,#6688,#6689));
#6681 = ORIENTED_EDGE('',*,*,#4375,.T.);
#6682 = ORIENTED_EDGE('',*,*,#6683,.T.);
#6683 = EDGE_CURVE('',#4376,#5493,#6684,.T.);
#6684 = LINE('',#6685,#6686);
#6685 = CARTESIAN_POINT('',(199.3,-109.9,-4.6E-02));
#6686 = VECTOR('',#6687,1.);
#6687 = DIRECTION('',(0.,0.,1.));
#6688 = ORIENTED_EDGE('',*,*,#5492,.F.);
#6689 = ORIENTED_EDGE('',*,*,#6683,.F.);
#6690 = CYLINDRICAL_SURFACE('',#6691,0.5);
#6691 = AXIS2_PLACEMENT_3D('',#6692,#6693,#6694);
#6692 = CARTESIAN_POINT('',(199.3,-109.4,-4.6E-02));
#6693 = DIRECTION('',(-0.,-0.,-1.));
#6694 = DIRECTION('',(-0.,-1.,0.));
#6695 = ADVANCED_FACE('',(#6696),#6707,.F.);
#6696 = FACE_BOUND('',#6697,.T.);
#6697 = EDGE_LOOP('',(#6698,#6699,#6705,#6706));
#6698 = ORIENTED_EDGE('',*,*,#4386,.T.);
#6699 = ORIENTED_EDGE('',*,*,#6700,.T.);
#6700 = EDGE_CURVE('',#4387,#5504,#6701,.T.);
#6701 = LINE('',#6702,#6703);
#6702 = CARTESIAN_POINT('',(210.9,-115.275,-4.6E-02));
#6703 = VECTOR('',#6704,1.);
#6704 = DIRECTION('',(0.,0.,1.));
#6705 = ORIENTED_EDGE('',*,*,#5503,.F.);
#6706 = ORIENTED_EDGE('',*,*,#6700,.F.);
#6707 = CYLINDRICAL_SURFACE('',#6708,2.4);
#6708 = AXIS2_PLACEMENT_3D('',#6709,#6710,#6711);
#6709 = CARTESIAN_POINT('',(210.9,-112.875,-4.6E-02));
#6710 = DIRECTION('',(-0.,-0.,-1.));
#6711 = DIRECTION('',(-0.,-1.,0.));
#6712 = ADVANCED_FACE('',(#6713),#6724,.F.);
#6713 = FACE_BOUND('',#6714,.T.);
#6714 = EDGE_LOOP('',(#6715,#6716,#6722,#6723));
#6715 = ORIENTED_EDGE('',*,*,#4397,.T.);
#6716 = ORIENTED_EDGE('',*,*,#6717,.T.);
#6717 = EDGE_CURVE('',#4398,#5515,#6718,.T.);
#6718 = LINE('',#6719,#6720);
#6719 = CARTESIAN_POINT('',(161.2,-99.4,-4.6E-02));
#6720 = VECTOR('',#6721,1.);
#6721 = DIRECTION('',(0.,0.,1.));
#6722 = ORIENTED_EDGE('',*,*,#5514,.F.);
#6723 = ORIENTED_EDGE('',*,*,#6717,.F.);
#6724 = CYLINDRICAL_SURFACE('',#6725,0.5);
#6725 = AXIS2_PLACEMENT_3D('',#6726,#6727,#6728);
#6726 = CARTESIAN_POINT('',(161.2,-98.9,-4.6E-02));
#6727 = DIRECTION('',(-0.,-0.,-1.));
#6728 = DIRECTION('',(-0.,-1.,0.));
#6729 = ADVANCED_FACE('',(#6730),#6741,.F.);
#6730 = FACE_BOUND('',#6731,.T.);
#6731 = EDGE_LOOP('',(#6732,#6733,#6739,#6740));
#6732 = ORIENTED_EDGE('',*,*,#4408,.T.);
#6733 = ORIENTED_EDGE('',*,*,#6734,.T.);
#6734 = EDGE_CURVE('',#4409,#5526,#6735,.T.);
#6735 = LINE('',#6736,#6737);
#6736 = CARTESIAN_POINT('',(166.2,-99.4,-4.6E-02));
#6737 = VECTOR('',#6738,1.);
#6738 = DIRECTION('',(0.,0.,1.));
#6739 = ORIENTED_EDGE('',*,*,#5525,.F.);
#6740 = ORIENTED_EDGE('',*,*,#6734,.F.);
#6741 = CYLINDRICAL_SURFACE('',#6742,0.5);
#6742 = AXIS2_PLACEMENT_3D('',#6743,#6744,#6745);
#6743 = CARTESIAN_POINT('',(166.2,-98.9,-4.6E-02));
#6744 = DIRECTION('',(-0.,-0.,-1.));
#6745 = DIRECTION('',(-0.,-1.,0.));
#6746 = ADVANCED_FACE('',(#6747),#6758,.F.);
#6747 = FACE_BOUND('',#6748,.T.);
#6748 = EDGE_LOOP('',(#6749,#6750,#6756,#6757));
#6749 = ORIENTED_EDGE('',*,*,#4419,.T.);
#6750 = ORIENTED_EDGE('',*,*,#6751,.T.);
#6751 = EDGE_CURVE('',#4420,#5537,#6752,.T.);
#6752 = LINE('',#6753,#6754);
#6753 = CARTESIAN_POINT('',(181.,-104.4,-4.6E-02));
#6754 = VECTOR('',#6755,1.);
#6755 = DIRECTION('',(0.,0.,1.));
#6756 = ORIENTED_EDGE('',*,*,#5536,.F.);
#6757 = ORIENTED_EDGE('',*,*,#6751,.F.);
#6758 = CYLINDRICAL_SURFACE('',#6759,0.5);
#6759 = AXIS2_PLACEMENT_3D('',#6760,#6761,#6762);
#6760 = CARTESIAN_POINT('',(181.,-103.9,-4.6E-02));
#6761 = DIRECTION('',(-0.,-0.,-1.));
#6762 = DIRECTION('',(-0.,-1.,0.));
#6763 = ADVANCED_FACE('',(#6764),#6775,.F.);
#6764 = FACE_BOUND('',#6765,.T.);
#6765 = EDGE_LOOP('',(#6766,#6767,#6773,#6774));
#6766 = ORIENTED_EDGE('',*,*,#4430,.T.);
#6767 = ORIENTED_EDGE('',*,*,#6768,.T.);
#6768 = EDGE_CURVE('',#4431,#5548,#6769,.T.);
#6769 = LINE('',#6770,#6771);
#6770 = CARTESIAN_POINT('',(186.,-100.75,-4.6E-02));
#6771 = VECTOR('',#6772,1.);
#6772 = DIRECTION('',(0.,0.,1.));
#6773 = ORIENTED_EDGE('',*,*,#5547,.F.);
#6774 = ORIENTED_EDGE('',*,*,#6768,.F.);
#6775 = CYLINDRICAL_SURFACE('',#6776,2.4);
#6776 = AXIS2_PLACEMENT_3D('',#6777,#6778,#6779);
#6777 = CARTESIAN_POINT('',(186.,-98.35,-4.6E-02));
#6778 = DIRECTION('',(-0.,-0.,-1.));
#6779 = DIRECTION('',(-0.,-1.,0.));
#6780 = ADVANCED_FACE('',(#6781),#6797,.F.);
#6781 = FACE_BOUND('',#6782,.T.);
#6782 = EDGE_LOOP('',(#6783,#6784,#6790,#6791));
#6783 = ORIENTED_EDGE('',*,*,#4441,.T.);
#6784 = ORIENTED_EDGE('',*,*,#6785,.T.);
#6785 = EDGE_CURVE('',#4444,#5561,#6786,.T.);
#6786 = LINE('',#6787,#6788);
#6787 = CARTESIAN_POINT('',(157.1,-92.3,-4.6E-02));
#6788 = VECTOR('',#6789,1.);
#6789 = DIRECTION('',(0.,0.,1.));
#6790 = ORIENTED_EDGE('',*,*,#5558,.F.);
#6791 = ORIENTED_EDGE('',*,*,#6792,.F.);
#6792 = EDGE_CURVE('',#4442,#5559,#6793,.T.);
#6793 = LINE('',#6794,#6795);
#6794 = CARTESIAN_POINT('',(159.1,-92.3,-4.6E-02));
#6795 = VECTOR('',#6796,1.);
#6796 = DIRECTION('',(0.,0.,1.));
#6797 = CYLINDRICAL_SURFACE('',#6798,1.);
#6798 = AXIS2_PLACEMENT_3D('',#6799,#6800,#6801);
#6799 = CARTESIAN_POINT('',(158.1,-92.3,-4.6E-02));
#6800 = DIRECTION('',(-0.,-0.,-1.));
#6801 = DIRECTION('',(-1.,0.,-0.));
#6802 = ADVANCED_FACE('',(#6803),#6814,.T.);
#6803 = FACE_BOUND('',#6804,.T.);
#6804 = EDGE_LOOP('',(#6805,#6806,#6807,#6808));
#6805 = ORIENTED_EDGE('',*,*,#4469,.T.);
#6806 = ORIENTED_EDGE('',*,*,#6792,.T.);
#6807 = ORIENTED_EDGE('',*,*,#5586,.F.);
#6808 = ORIENTED_EDGE('',*,*,#6809,.F.);
#6809 = EDGE_CURVE('',#4461,#5578,#6810,.T.);
#6810 = LINE('',#6811,#6812);
#6811 = CARTESIAN_POINT('',(159.1,-91.5,-4.6E-02));
#6812 = VECTOR('',#6813,1.);
#6813 = DIRECTION('',(0.,0.,1.));
#6814 = PLANE('',#6815);
#6815 = AXIS2_PLACEMENT_3D('',#6816,#6817,#6818);
#6816 = CARTESIAN_POINT('',(159.1,-92.3,-4.6E-02));
#6817 = DIRECTION('',(-1.,0.,0.));
#6818 = DIRECTION('',(0.,1.,0.));
#6819 = ADVANCED_FACE('',(#6820),#6831,.F.);
#6820 = FACE_BOUND('',#6821,.T.);
#6821 = EDGE_LOOP('',(#6822,#6823,#6824,#6825));
#6822 = ORIENTED_EDGE('',*,*,#4460,.T.);
#6823 = ORIENTED_EDGE('',*,*,#6809,.T.);
#6824 = ORIENTED_EDGE('',*,*,#5577,.F.);
#6825 = ORIENTED_EDGE('',*,*,#6826,.F.);
#6826 = EDGE_CURVE('',#4453,#5570,#6827,.T.);
#6827 = LINE('',#6828,#6829);
#6828 = CARTESIAN_POINT('',(157.1,-91.5,-4.6E-02));
#6829 = VECTOR('',#6830,1.);
#6830 = DIRECTION('',(0.,0.,1.));
#6831 = CYLINDRICAL_SURFACE('',#6832,1.);
#6832 = AXIS2_PLACEMENT_3D('',#6833,#6834,#6835);
#6833 = CARTESIAN_POINT('',(158.1,-91.5,-4.6E-02));
#6834 = DIRECTION('',(-0.,-0.,-1.));
#6835 = DIRECTION('',(1.,0.,-0.));
#6836 = ADVANCED_FACE('',(#6837),#6843,.T.);
#6837 = FACE_BOUND('',#6838,.T.);
#6838 = EDGE_LOOP('',(#6839,#6840,#6841,#6842));
#6839 = ORIENTED_EDGE('',*,*,#4452,.T.);
#6840 = ORIENTED_EDGE('',*,*,#6826,.T.);
#6841 = ORIENTED_EDGE('',*,*,#5569,.F.);
#6842 = ORIENTED_EDGE('',*,*,#6785,.F.);
#6843 = PLANE('',#6844);
#6844 = AXIS2_PLACEMENT_3D('',#6845,#6846,#6847);
#6845 = CARTESIAN_POINT('',(157.1,-91.5,-4.6E-02));
#6846 = DIRECTION('',(1.,0.,-0.));
#6847 = DIRECTION('',(0.,-1.,0.));
#6848 = ADVANCED_FACE('',(#6849),#6865,.F.);
#6849 = FACE_BOUND('',#6850,.T.);
#6850 = EDGE_LOOP('',(#6851,#6852,#6858,#6859));
#6851 = ORIENTED_EDGE('',*,*,#4477,.T.);
#6852 = ORIENTED_EDGE('',*,*,#6853,.T.);
#6853 = EDGE_CURVE('',#4480,#5597,#6854,.T.);
#6854 = LINE('',#6855,#6856);
#6855 = CARTESIAN_POINT('',(168.3,-92.3,-4.6E-02));
#6856 = VECTOR('',#6857,1.);
#6857 = DIRECTION('',(0.,0.,1.));
#6858 = ORIENTED_EDGE('',*,*,#5594,.F.);
#6859 = ORIENTED_EDGE('',*,*,#6860,.F.);
#6860 = EDGE_CURVE('',#4478,#5595,#6861,.T.);
#6861 = LINE('',#6862,#6863);
#6862 = CARTESIAN_POINT('',(170.3,-92.3,-4.6E-02));
#6863 = VECTOR('',#6864,1.);
#6864 = DIRECTION('',(0.,0.,1.));
#6865 = CYLINDRICAL_SURFACE('',#6866,1.);
#6866 = AXIS2_PLACEMENT_3D('',#6867,#6868,#6869);
#6867 = CARTESIAN_POINT('',(169.3,-92.3,-4.6E-02));
#6868 = DIRECTION('',(-0.,-0.,-1.));
#6869 = DIRECTION('',(-1.,0.,-0.));
#6870 = ADVANCED_FACE('',(#6871),#6882,.T.);
#6871 = FACE_BOUND('',#6872,.T.);
#6872 = EDGE_LOOP('',(#6873,#6874,#6875,#6876));
#6873 = ORIENTED_EDGE('',*,*,#4505,.T.);
#6874 = ORIENTED_EDGE('',*,*,#6860,.T.);
#6875 = ORIENTED_EDGE('',*,*,#5622,.F.);
#6876 = ORIENTED_EDGE('',*,*,#6877,.F.);
#6877 = EDGE_CURVE('',#4497,#5614,#6878,.T.);
#6878 = LINE('',#6879,#6880);
#6879 = CARTESIAN_POINT('',(170.3,-91.5,-4.6E-02));
#6880 = VECTOR('',#6881,1.);
#6881 = DIRECTION('',(0.,0.,1.));
#6882 = PLANE('',#6883);
#6883 = AXIS2_PLACEMENT_3D('',#6884,#6885,#6886);
#6884 = CARTESIAN_POINT('',(170.3,-92.3,-4.6E-02));
#6885 = DIRECTION('',(-1.,0.,0.));
#6886 = DIRECTION('',(0.,1.,0.));
#6887 = ADVANCED_FACE('',(#6888),#6899,.F.);
#6888 = FACE_BOUND('',#6889,.T.);
#6889 = EDGE_LOOP('',(#6890,#6891,#6892,#6893));
#6890 = ORIENTED_EDGE('',*,*,#4496,.T.);
#6891 = ORIENTED_EDGE('',*,*,#6877,.T.);
#6892 = ORIENTED_EDGE('',*,*,#5613,.F.);
#6893 = ORIENTED_EDGE('',*,*,#6894,.F.);
#6894 = EDGE_CURVE('',#4489,#5606,#6895,.T.);
#6895 = LINE('',#6896,#6897);
#6896 = CARTESIAN_POINT('',(168.3,-91.5,-4.6E-02));
#6897 = VECTOR('',#6898,1.);
#6898 = DIRECTION('',(0.,0.,1.));
#6899 = CYLINDRICAL_SURFACE('',#6900,1.);
#6900 = AXIS2_PLACEMENT_3D('',#6901,#6902,#6903);
#6901 = CARTESIAN_POINT('',(169.3,-91.5,-4.6E-02));
#6902 = DIRECTION('',(-0.,-0.,-1.));
#6903 = DIRECTION('',(1.,0.,-0.));
#6904 = ADVANCED_FACE('',(#6905),#6911,.T.);
#6905 = FACE_BOUND('',#6906,.T.);
#6906 = EDGE_LOOP('',(#6907,#6908,#6909,#6910));
#6907 = ORIENTED_EDGE('',*,*,#4488,.T.);
#6908 = ORIENTED_EDGE('',*,*,#6894,.T.);
#6909 = ORIENTED_EDGE('',*,*,#5605,.F.);
#6910 = ORIENTED_EDGE('',*,*,#6853,.F.);
#6911 = PLANE('',#6912);
#6912 = AXIS2_PLACEMENT_3D('',#6913,#6914,#6915);
#6913 = CARTESIAN_POINT('',(168.3,-91.5,-4.6E-02));
#6914 = DIRECTION('',(1.,0.,-0.));
#6915 = DIRECTION('',(0.,-1.,0.));
#6916 = ADVANCED_FACE('',(#6917),#6928,.F.);
#6917 = FACE_BOUND('',#6918,.T.);
#6918 = EDGE_LOOP('',(#6919,#6920,#6926,#6927));
#6919 = ORIENTED_EDGE('',*,*,#4513,.T.);
#6920 = ORIENTED_EDGE('',*,*,#6921,.T.);
#6921 = EDGE_CURVE('',#4514,#5631,#6922,.T.);
#6922 = LINE('',#6923,#6924);
#6923 = CARTESIAN_POINT('',(186.,-93.95,-4.6E-02));
#6924 = VECTOR('',#6925,1.);
#6925 = DIRECTION('',(0.,0.,1.));
#6926 = ORIENTED_EDGE('',*,*,#5630,.F.);
#6927 = ORIENTED_EDGE('',*,*,#6921,.F.);
#6928 = CYLINDRICAL_SURFACE('',#6929,1.5);
#6929 = AXIS2_PLACEMENT_3D('',#6930,#6931,#6932);
#6930 = CARTESIAN_POINT('',(186.,-92.45,-4.6E-02));
#6931 = DIRECTION('',(-0.,-0.,-1.));
#6932 = DIRECTION('',(-0.,-1.,0.));
#6933 = ADVANCED_FACE('',(#6934),#6945,.F.);
#6934 = FACE_BOUND('',#6935,.T.);
#6935 = EDGE_LOOP('',(#6936,#6937,#6943,#6944));
#6936 = ORIENTED_EDGE('',*,*,#4524,.T.);
#6937 = ORIENTED_EDGE('',*,*,#6938,.T.);
#6938 = EDGE_CURVE('',#4525,#5642,#6939,.T.);
#6939 = LINE('',#6940,#6941);
#6940 = CARTESIAN_POINT('',(197.6,-102.325,-4.6E-02));
#6941 = VECTOR('',#6942,1.);
#6942 = DIRECTION('',(0.,0.,1.));
#6943 = ORIENTED_EDGE('',*,*,#5641,.F.);
#6944 = ORIENTED_EDGE('',*,*,#6938,.F.);
#6945 = CYLINDRICAL_SURFACE('',#6946,0.5);
#6946 = AXIS2_PLACEMENT_3D('',#6947,#6948,#6949);
#6947 = CARTESIAN_POINT('',(197.6,-101.825,-4.6E-02));
#6948 = DIRECTION('',(-0.,-0.,-1.));
#6949 = DIRECTION('',(-0.,-1.,0.));
#6950 = ADVANCED_FACE('',(#6951),#6962,.F.);
#6951 = FACE_BOUND('',#6952,.T.);
#6952 = EDGE_LOOP('',(#6953,#6954,#6960,#6961));
#6953 = ORIENTED_EDGE('',*,*,#4535,.T.);
#6954 = ORIENTED_EDGE('',*,*,#6955,.T.);
#6955 = EDGE_CURVE('',#4536,#5653,#6956,.T.);
#6956 = LINE('',#6957,#6958);
#6957 = CARTESIAN_POINT('',(214.2,-100.25,-4.6E-02));
#6958 = VECTOR('',#6959,1.);
#6959 = DIRECTION('',(0.,0.,1.));
#6960 = ORIENTED_EDGE('',*,*,#5652,.F.);
#6961 = ORIENTED_EDGE('',*,*,#6955,.F.);
#6962 = CYLINDRICAL_SURFACE('',#6963,0.5);
#6963 = AXIS2_PLACEMENT_3D('',#6964,#6965,#6966);
#6964 = CARTESIAN_POINT('',(214.2,-99.75,-4.6E-02));
#6965 = DIRECTION('',(-0.,-0.,-1.));
#6966 = DIRECTION('',(-0.,-1.,0.));
#6967 = ADVANCED_FACE('',(#6968),#6979,.F.);
#6968 = FACE_BOUND('',#6969,.T.);
#6969 = EDGE_LOOP('',(#6970,#6971,#6977,#6978));
#6970 = ORIENTED_EDGE('',*,*,#4546,.T.);
#6971 = ORIENTED_EDGE('',*,*,#6972,.T.);
#6972 = EDGE_CURVE('',#4547,#5664,#6973,.T.);
#6973 = LINE('',#6974,#6975);
#6974 = CARTESIAN_POINT('',(191.,-96.15,-4.6E-02));
#6975 = VECTOR('',#6976,1.);
#6976 = DIRECTION('',(0.,0.,1.));
#6977 = ORIENTED_EDGE('',*,*,#5663,.F.);
#6978 = ORIENTED_EDGE('',*,*,#6972,.F.);
#6979 = CYLINDRICAL_SURFACE('',#6980,1.5);
#6980 = AXIS2_PLACEMENT_3D('',#6981,#6982,#6983);
#6981 = CARTESIAN_POINT('',(191.,-94.65,-4.6E-02));
#6982 = DIRECTION('',(-0.,-0.,-1.));
#6983 = DIRECTION('',(-0.,-1.,0.));
#6984 = ADVANCED_FACE('',(#6985),#6996,.F.);
#6985 = FACE_BOUND('',#6986,.T.);
#6986 = EDGE_LOOP('',(#6987,#6988,#6994,#6995));
#6987 = ORIENTED_EDGE('',*,*,#4557,.T.);
#6988 = ORIENTED_EDGE('',*,*,#6989,.T.);
#6989 = EDGE_CURVE('',#4558,#5675,#6990,.T.);
#6990 = LINE('',#6991,#6992);
#6991 = CARTESIAN_POINT('',(202.6,-98.675,-4.6E-02));
#6992 = VECTOR('',#6993,1.);
#6993 = DIRECTION('',(0.,0.,1.));
#6994 = ORIENTED_EDGE('',*,*,#5674,.F.);
#6995 = ORIENTED_EDGE('',*,*,#6989,.F.);
#6996 = CYLINDRICAL_SURFACE('',#6997,2.4);
#6997 = AXIS2_PLACEMENT_3D('',#6998,#6999,#7000);
#6998 = CARTESIAN_POINT('',(202.6,-96.275,-4.6E-02));
#6999 = DIRECTION('',(-0.,-0.,-1.));
#7000 = DIRECTION('',(-0.,-1.,0.));
#7001 = ADVANCED_FACE('',(#7002),#7013,.F.);
#7002 = FACE_BOUND('',#7003,.T.);
#7003 = EDGE_LOOP('',(#7004,#7005,#7011,#7012));
#7004 = ORIENTED_EDGE('',*,*,#4568,.T.);
#7005 = ORIENTED_EDGE('',*,*,#7006,.T.);
#7006 = EDGE_CURVE('',#4569,#5686,#7007,.T.);
#7007 = LINE('',#7008,#7009);
#7008 = CARTESIAN_POINT('',(207.6,-94.075,-4.6E-02));
#7009 = VECTOR('',#7010,1.);
#7010 = DIRECTION('',(0.,0.,1.));
#7011 = ORIENTED_EDGE('',*,*,#5685,.F.);
#7012 = ORIENTED_EDGE('',*,*,#7006,.F.);
#7013 = CYLINDRICAL_SURFACE('',#7014,1.5);
#7014 = AXIS2_PLACEMENT_3D('',#7015,#7016,#7017);
#7015 = CARTESIAN_POINT('',(207.6,-92.575,-4.6E-02));
#7016 = DIRECTION('',(-0.,-0.,-1.));
#7017 = DIRECTION('',(-0.,-1.,0.));
#7018 = ADVANCED_FACE('',(#7019),#7030,.F.);
#7019 = FACE_BOUND('',#7020,.T.);
#7020 = EDGE_LOOP('',(#7021,#7022,#7028,#7029));
#7021 = ORIENTED_EDGE('',*,*,#4579,.T.);
#7022 = ORIENTED_EDGE('',*,*,#7023,.T.);
#7023 = EDGE_CURVE('',#4580,#5697,#7024,.T.);
#7024 = LINE('',#7025,#7026);
#7025 = CARTESIAN_POINT('',(202.6,-91.875,-4.6E-02));
#7026 = VECTOR('',#7027,1.);
#7027 = DIRECTION('',(0.,0.,1.));
#7028 = ORIENTED_EDGE('',*,*,#5696,.F.);
#7029 = ORIENTED_EDGE('',*,*,#7023,.F.);
#7030 = CYLINDRICAL_SURFACE('',#7031,1.5);
#7031 = AXIS2_PLACEMENT_3D('',#7032,#7033,#7034);
#7032 = CARTESIAN_POINT('',(202.6,-90.375,-4.6E-02));
#7033 = DIRECTION('',(-0.,-0.,-1.));
#7034 = DIRECTION('',(-0.,-1.,0.));
#7035 = ADVANCED_FACE('',(#7036),#7047,.F.);
#7036 = FACE_BOUND('',#7037,.T.);
#7037 = EDGE_LOOP('',(#7038,#7039,#7045,#7046));
#7038 = ORIENTED_EDGE('',*,*,#4590,.T.);
#7039 = ORIENTED_EDGE('',*,*,#7040,.T.);
#7040 = EDGE_CURVE('',#4591,#5708,#7041,.T.);
#7041 = LINE('',#7042,#7043);
#7042 = CARTESIAN_POINT('',(215.9,-107.825,-4.6E-02));
#7043 = VECTOR('',#7044,1.);
#7044 = DIRECTION('',(0.,0.,1.));
#7045 = ORIENTED_EDGE('',*,*,#5707,.F.);
#7046 = ORIENTED_EDGE('',*,*,#7040,.F.);
#7047 = CYLINDRICAL_SURFACE('',#7048,0.5);
#7048 = AXIS2_PLACEMENT_3D('',#7049,#7050,#7051);
#7049 = CARTESIAN_POINT('',(215.9,-107.325,-4.6E-02));
#7050 = DIRECTION('',(-0.,-0.,-1.));
#7051 = DIRECTION('',(-0.,-1.,0.));
#7052 = ADVANCED_FACE('',(#7053),#7064,.F.);
#7053 = FACE_BOUND('',#7054,.T.);
#7054 = EDGE_LOOP('',(#7055,#7056,#7062,#7063));
#7055 = ORIENTED_EDGE('',*,*,#4601,.T.);
#7056 = ORIENTED_EDGE('',*,*,#7057,.T.);
#7057 = EDGE_CURVE('',#4602,#5719,#7058,.T.);
#7058 = LINE('',#7059,#7060);
#7059 = CARTESIAN_POINT('',(252.4,-107.825,-4.6E-02));
#7060 = VECTOR('',#7061,1.);
#7061 = DIRECTION('',(0.,0.,1.));
#7062 = ORIENTED_EDGE('',*,*,#5718,.F.);
#7063 = ORIENTED_EDGE('',*,*,#7057,.F.);
#7064 = CYLINDRICAL_SURFACE('',#7065,1.5);
#7065 = AXIS2_PLACEMENT_3D('',#7066,#7067,#7068);
#7066 = CARTESIAN_POINT('',(252.4,-106.325,-4.6E-02));
#7067 = DIRECTION('',(-0.,-0.,-1.));
#7068 = DIRECTION('',(-0.,-1.,0.));
#7069 = ADVANCED_FACE('',(#7070),#7081,.F.);
#7070 = FACE_BOUND('',#7071,.T.);
#7071 = EDGE_LOOP('',(#7072,#7073,#7079,#7080));
#7072 = ORIENTED_EDGE('',*,*,#4612,.T.);
#7073 = ORIENTED_EDGE('',*,*,#7074,.T.);
#7074 = EDGE_CURVE('',#4613,#5730,#7075,.T.);
#7075 = LINE('',#7076,#7077);
#7076 = CARTESIAN_POINT('',(264.,-107.285,-4.6E-02));
#7077 = VECTOR('',#7078,1.);
#7078 = DIRECTION('',(0.,0.,1.));
#7079 = ORIENTED_EDGE('',*,*,#5729,.F.);
#7080 = ORIENTED_EDGE('',*,*,#7074,.F.);
#7081 = CYLINDRICAL_SURFACE('',#7082,1.5);
#7082 = AXIS2_PLACEMENT_3D('',#7083,#7084,#7085);
#7083 = CARTESIAN_POINT('',(264.,-105.785,-4.6E-02));
#7084 = DIRECTION('',(-0.,-0.,-1.));
#7085 = DIRECTION('',(-0.,-1.,0.));
#7086 = ADVANCED_FACE('',(#7087),#7098,.F.);
#7087 = FACE_BOUND('',#7088,.T.);
#7088 = EDGE_LOOP('',(#7089,#7090,#7096,#7097));
#7089 = ORIENTED_EDGE('',*,*,#4623,.T.);
#7090 = ORIENTED_EDGE('',*,*,#7091,.T.);
#7091 = EDGE_CURVE('',#4624,#5741,#7092,.T.);
#7092 = LINE('',#7093,#7094);
#7093 = CARTESIAN_POINT('',(269.,-109.485,-4.6E-02));
#7094 = VECTOR('',#7095,1.);
#7095 = DIRECTION('',(0.,0.,1.));
#7096 = ORIENTED_EDGE('',*,*,#5740,.F.);
#7097 = ORIENTED_EDGE('',*,*,#7091,.F.);
#7098 = CYLINDRICAL_SURFACE('',#7099,1.5);
#7099 = AXIS2_PLACEMENT_3D('',#7100,#7101,#7102);
#7100 = CARTESIAN_POINT('',(269.,-107.985,-4.6E-02));
#7101 = DIRECTION('',(-0.,-0.,-1.));
#7102 = DIRECTION('',(-0.,-1.,0.));
#7103 = ADVANCED_FACE('',(#7104),#7115,.F.);
#7104 = FACE_BOUND('',#7105,.T.);
#7105 = EDGE_LOOP('',(#7106,#7107,#7113,#7114));
#7106 = ORIENTED_EDGE('',*,*,#4634,.T.);
#7107 = ORIENTED_EDGE('',*,*,#7108,.T.);
#7108 = EDGE_CURVE('',#4635,#5752,#7109,.T.);
#7109 = LINE('',#7110,#7111);
#7110 = CARTESIAN_POINT('',(235.8,-103.675,-4.6E-02));
#7111 = VECTOR('',#7112,1.);
#7112 = DIRECTION('',(0.,0.,1.));
#7113 = ORIENTED_EDGE('',*,*,#5751,.F.);
#7114 = ORIENTED_EDGE('',*,*,#7108,.F.);
#7115 = CYLINDRICAL_SURFACE('',#7116,1.5);
#7116 = AXIS2_PLACEMENT_3D('',#7117,#7118,#7119);
#7117 = CARTESIAN_POINT('',(235.8,-102.175,-4.6E-02));
#7118 = DIRECTION('',(-0.,-0.,-1.));
#7119 = DIRECTION('',(-0.,-1.,0.));
#7120 = ADVANCED_FACE('',(#7121),#7132,.F.);
#7121 = FACE_BOUND('',#7122,.T.);
#7122 = EDGE_LOOP('',(#7123,#7124,#7130,#7131));
#7123 = ORIENTED_EDGE('',*,*,#4645,.T.);
#7124 = ORIENTED_EDGE('',*,*,#7125,.T.);
#7125 = EDGE_CURVE('',#4646,#5763,#7126,.T.);
#7126 = LINE('',#7127,#7128);
#7127 = CARTESIAN_POINT('',(230.8,-101.475,-4.6E-02));
#7128 = VECTOR('',#7129,1.);
#7129 = DIRECTION('',(0.,0.,1.));
#7130 = ORIENTED_EDGE('',*,*,#5762,.F.);
#7131 = ORIENTED_EDGE('',*,*,#7125,.F.);
#7132 = CYLINDRICAL_SURFACE('',#7133,1.5);
#7133 = AXIS2_PLACEMENT_3D('',#7134,#7135,#7136);
#7134 = CARTESIAN_POINT('',(230.8,-99.975,-4.6E-02));
#7135 = DIRECTION('',(-0.,-0.,-1.));
#7136 = DIRECTION('',(-0.,-1.,0.));
#7137 = ADVANCED_FACE('',(#7138),#7149,.F.);
#7138 = FACE_BOUND('',#7139,.T.);
#7139 = EDGE_LOOP('',(#7140,#7141,#7147,#7148));
#7140 = ORIENTED_EDGE('',*,*,#4656,.T.);
#7141 = ORIENTED_EDGE('',*,*,#7142,.T.);
#7142 = EDGE_CURVE('',#4657,#5774,#7143,.T.);
#7143 = LINE('',#7144,#7145);
#7144 = CARTESIAN_POINT('',(219.2,-96.6,-4.6E-02));
#7145 = VECTOR('',#7146,1.);
#7146 = DIRECTION('',(0.,0.,1.));
#7147 = ORIENTED_EDGE('',*,*,#5773,.F.);
#7148 = ORIENTED_EDGE('',*,*,#7142,.F.);
#7149 = CYLINDRICAL_SURFACE('',#7150,2.4);
#7150 = AXIS2_PLACEMENT_3D('',#7151,#7152,#7153);
#7151 = CARTESIAN_POINT('',(219.2,-94.2,-4.6E-02));
#7152 = DIRECTION('',(-0.,-0.,-1.));
#7153 = DIRECTION('',(-0.,-1.,0.));
#7154 = ADVANCED_FACE('',(#7155),#7166,.F.);
#7155 = FACE_BOUND('',#7156,.T.);
#7156 = EDGE_LOOP('',(#7157,#7158,#7164,#7165));
#7157 = ORIENTED_EDGE('',*,*,#4667,.T.);
#7158 = ORIENTED_EDGE('',*,*,#7159,.T.);
#7159 = EDGE_CURVE('',#4668,#5785,#7160,.T.);
#7160 = LINE('',#7161,#7162);
#7161 = CARTESIAN_POINT('',(219.2,-89.8,-4.6E-02));
#7162 = VECTOR('',#7163,1.);
#7163 = DIRECTION('',(0.,0.,1.));
#7164 = ORIENTED_EDGE('',*,*,#5784,.F.);
#7165 = ORIENTED_EDGE('',*,*,#7159,.F.);
#7166 = CYLINDRICAL_SURFACE('',#7167,1.5);
#7167 = AXIS2_PLACEMENT_3D('',#7168,#7169,#7170);
#7168 = CARTESIAN_POINT('',(219.2,-88.3,-4.6E-02));
#7169 = DIRECTION('',(-0.,-0.,-1.));
#7170 = DIRECTION('',(-0.,-1.,0.));
#7171 = ADVANCED_FACE('',(#7172),#7183,.F.);
#7172 = FACE_BOUND('',#7173,.T.);
#7173 = EDGE_LOOP('',(#7174,#7175,#7181,#7182));
#7174 = ORIENTED_EDGE('',*,*,#4678,.T.);
#7175 = ORIENTED_EDGE('',*,*,#7176,.T.);
#7176 = EDGE_CURVE('',#4679,#5796,#7177,.T.);
#7177 = LINE('',#7178,#7179);
#7178 = CARTESIAN_POINT('',(224.2,-92.,-4.6E-02));
#7179 = VECTOR('',#7180,1.);
#7180 = DIRECTION('',(0.,0.,1.));
#7181 = ORIENTED_EDGE('',*,*,#5795,.F.);
#7182 = ORIENTED_EDGE('',*,*,#7176,.F.);
#7183 = CYLINDRICAL_SURFACE('',#7184,1.5);
#7184 = AXIS2_PLACEMENT_3D('',#7185,#7186,#7187);
#7185 = CARTESIAN_POINT('',(224.2,-90.5,-4.6E-02));
#7186 = DIRECTION('',(-0.,-0.,-1.));
#7187 = DIRECTION('',(-0.,-1.,0.));
#7188 = ADVANCED_FACE('',(#7189),#7200,.F.);
#7189 = FACE_BOUND('',#7190,.T.);
#7190 = EDGE_LOOP('',(#7191,#7192,#7198,#7199));
#7191 = ORIENTED_EDGE('',*,*,#4689,.T.);
#7192 = ORIENTED_EDGE('',*,*,#7193,.T.);
#7193 = EDGE_CURVE('',#4690,#5807,#7194,.T.);
#7194 = LINE('',#7195,#7196);
#7195 = CARTESIAN_POINT('',(235.8,-98.675,-4.6E-02));
#7196 = VECTOR('',#7197,1.);
#7197 = DIRECTION('',(0.,0.,1.));
#7198 = ORIENTED_EDGE('',*,*,#5806,.F.);
#7199 = ORIENTED_EDGE('',*,*,#7193,.F.);
#7200 = CYLINDRICAL_SURFACE('',#7201,2.4);
#7201 = AXIS2_PLACEMENT_3D('',#7202,#7203,#7204);
#7202 = CARTESIAN_POINT('',(235.8,-96.275,-4.6E-02));
#7203 = DIRECTION('',(-0.,-0.,-1.));
#7204 = DIRECTION('',(-0.,-1.,0.));
#7205 = ADVANCED_FACE('',(#7206),#7217,.F.);
#7206 = FACE_BOUND('',#7207,.T.);
#7207 = EDGE_LOOP('',(#7208,#7209,#7215,#7216));
#7208 = ORIENTED_EDGE('',*,*,#4700,.T.);
#7209 = ORIENTED_EDGE('',*,*,#7210,.T.);
#7210 = EDGE_CURVE('',#4701,#5818,#7211,.T.);
#7211 = LINE('',#7212,#7213);
#7212 = CARTESIAN_POINT('',(240.8,-91.225,-4.6E-02));
#7213 = VECTOR('',#7214,1.);
#7214 = DIRECTION('',(0.,0.,1.));
#7215 = ORIENTED_EDGE('',*,*,#5817,.F.);
#7216 = ORIENTED_EDGE('',*,*,#7210,.F.);
#7217 = CYLINDRICAL_SURFACE('',#7218,0.5);
#7218 = AXIS2_PLACEMENT_3D('',#7219,#7220,#7221);
#7219 = CARTESIAN_POINT('',(240.8,-90.725,-4.6E-02));
#7220 = DIRECTION('',(-0.,-0.,-1.));
#7221 = DIRECTION('',(-0.,-1.,0.));
#7222 = ADVANCED_FACE('',(#7223),#7234,.F.);
#7223 = FACE_BOUND('',#7224,.T.);
#7224 = EDGE_LOOP('',(#7225,#7226,#7232,#7233));
#7225 = ORIENTED_EDGE('',*,*,#4711,.T.);
#7226 = ORIENTED_EDGE('',*,*,#7227,.T.);
#7227 = EDGE_CURVE('',#4712,#5829,#7228,.T.);
#7228 = LINE('',#7229,#7230);
#7229 = CARTESIAN_POINT('',(247.4,-105.625,-4.6E-02));
#7230 = VECTOR('',#7231,1.);
#7231 = DIRECTION('',(0.,0.,1.));
#7232 = ORIENTED_EDGE('',*,*,#5828,.F.);
#7233 = ORIENTED_EDGE('',*,*,#7227,.F.);
#7234 = CYLINDRICAL_SURFACE('',#7235,1.5);
#7235 = AXIS2_PLACEMENT_3D('',#7236,#7237,#7238);
#7236 = CARTESIAN_POINT('',(247.4,-104.125,-4.6E-02));
#7237 = DIRECTION('',(-0.,-0.,-1.));
#7238 = DIRECTION('',(-0.,-1.,0.));
#7239 = ADVANCED_FACE('',(#7240),#7251,.F.);
#7240 = FACE_BOUND('',#7241,.T.);
#7241 = EDGE_LOOP('',(#7242,#7243,#7249,#7250));
#7242 = ORIENTED_EDGE('',*,*,#4722,.T.);
#7243 = ORIENTED_EDGE('',*,*,#7244,.T.);
#7244 = EDGE_CURVE('',#4723,#5840,#7245,.T.);
#7245 = LINE('',#7246,#7247);
#7246 = CARTESIAN_POINT('',(252.4,-102.825,-4.6E-02));
#7247 = VECTOR('',#7248,1.);
#7248 = DIRECTION('',(0.,0.,1.));
#7249 = ORIENTED_EDGE('',*,*,#5839,.F.);
#7250 = ORIENTED_EDGE('',*,*,#7244,.F.);
#7251 = CYLINDRICAL_SURFACE('',#7252,2.4);
#7252 = AXIS2_PLACEMENT_3D('',#7253,#7254,#7255);
#7253 = CARTESIAN_POINT('',(252.4,-100.425,-4.6E-02));
#7254 = DIRECTION('',(-0.,-0.,-1.));
#7255 = DIRECTION('',(-0.,-1.,0.));
#7256 = ADVANCED_FACE('',(#7257),#7268,.F.);
#7257 = FACE_BOUND('',#7258,.T.);
#7258 = EDGE_LOOP('',(#7259,#7260,#7266,#7267));
#7259 = ORIENTED_EDGE('',*,*,#4733,.T.);
#7260 = ORIENTED_EDGE('',*,*,#7261,.T.);
#7261 = EDGE_CURVE('',#4734,#5851,#7262,.T.);
#7262 = LINE('',#7263,#7264);
#7263 = CARTESIAN_POINT('',(269.,-104.485,-4.6E-02));
#7264 = VECTOR('',#7265,1.);
#7265 = DIRECTION('',(0.,0.,1.));
#7266 = ORIENTED_EDGE('',*,*,#5850,.F.);
#7267 = ORIENTED_EDGE('',*,*,#7261,.F.);
#7268 = CYLINDRICAL_SURFACE('',#7269,2.4);
#7269 = AXIS2_PLACEMENT_3D('',#7270,#7271,#7272);
#7270 = CARTESIAN_POINT('',(269.,-102.085,-4.6E-02));
#7271 = DIRECTION('',(-0.,-0.,-1.));
#7272 = DIRECTION('',(-0.,-1.,0.));
#7273 = ADVANCED_FACE('',(#7274),#7285,.F.);
#7274 = FACE_BOUND('',#7275,.T.);
#7275 = EDGE_LOOP('',(#7276,#7277,#7283,#7284));
#7276 = ORIENTED_EDGE('',*,*,#4744,.T.);
#7277 = ORIENTED_EDGE('',*,*,#7278,.T.);
#7278 = EDGE_CURVE('',#4745,#5862,#7279,.T.);
#7279 = LINE('',#7280,#7281);
#7280 = CARTESIAN_POINT('',(257.4,-95.375,-4.6E-02));
#7281 = VECTOR('',#7282,1.);
#7282 = DIRECTION('',(0.,0.,1.));
#7283 = ORIENTED_EDGE('',*,*,#5861,.F.);
#7284 = ORIENTED_EDGE('',*,*,#7278,.F.);
#7285 = CYLINDRICAL_SURFACE('',#7286,0.5);
#7286 = AXIS2_PLACEMENT_3D('',#7287,#7288,#7289);
#7287 = CARTESIAN_POINT('',(257.4,-94.875,-4.6E-02));
#7288 = DIRECTION('',(-0.,-0.,-1.));
#7289 = DIRECTION('',(-0.,-1.,0.));
#7290 = ADVANCED_FACE('',(#7291),#7302,.F.);
#7291 = FACE_BOUND('',#7292,.T.);
#7292 = EDGE_LOOP('',(#7293,#7294,#7300,#7301));
#7293 = ORIENTED_EDGE('',*,*,#4755,.T.);
#7294 = ORIENTED_EDGE('',*,*,#7295,.T.);
#7295 = EDGE_CURVE('',#4756,#5873,#7296,.T.);
#7296 = LINE('',#7297,#7298);
#7297 = CARTESIAN_POINT('',(252.4,-91.225,-4.6E-02));
#7298 = VECTOR('',#7299,1.);
#7299 = DIRECTION('',(0.,0.,1.));
#7300 = ORIENTED_EDGE('',*,*,#5872,.F.);
#7301 = ORIENTED_EDGE('',*,*,#7295,.F.);
#7302 = CYLINDRICAL_SURFACE('',#7303,1.5);
#7303 = AXIS2_PLACEMENT_3D('',#7304,#7305,#7306);
#7304 = CARTESIAN_POINT('',(252.4,-89.725,-4.6E-02));
#7305 = DIRECTION('',(-0.,-0.,-1.));
#7306 = DIRECTION('',(-0.,-1.,0.));
#7307 = ADVANCED_FACE('',(#7308),#7319,.F.);
#7308 = FACE_BOUND('',#7309,.T.);
#7309 = EDGE_LOOP('',(#7310,#7311,#7317,#7318));
#7310 = ORIENTED_EDGE('',*,*,#4766,.T.);
#7311 = ORIENTED_EDGE('',*,*,#7312,.T.);
#7312 = EDGE_CURVE('',#4767,#5884,#7313,.T.);
#7313 = LINE('',#7314,#7315);
#7314 = CARTESIAN_POINT('',(274.,-97.035,-4.6E-02));
#7315 = VECTOR('',#7316,1.);
#7316 = DIRECTION('',(0.,0.,1.));
#7317 = ORIENTED_EDGE('',*,*,#5883,.F.);
#7318 = ORIENTED_EDGE('',*,*,#7312,.F.);
#7319 = CYLINDRICAL_SURFACE('',#7320,0.5);
#7320 = AXIS2_PLACEMENT_3D('',#7321,#7322,#7323);
#7321 = CARTESIAN_POINT('',(274.,-96.535,-4.6E-02));
#7322 = DIRECTION('',(-0.,-0.,-1.));
#7323 = DIRECTION('',(-0.,-1.,0.));
#7324 = ADVANCED_FACE('',(#7325),#7336,.F.);
#7325 = FACE_BOUND('',#7326,.T.);
#7326 = EDGE_LOOP('',(#7327,#7328,#7334,#7335));
#7327 = ORIENTED_EDGE('',*,*,#4777,.T.);
#7328 = ORIENTED_EDGE('',*,*,#7329,.T.);
#7329 = EDGE_CURVE('',#4778,#5895,#7330,.T.);
#7330 = LINE('',#7331,#7332);
#7331 = CARTESIAN_POINT('',(264.,-90.685,-4.6E-02));
#7332 = VECTOR('',#7333,1.);
#7333 = DIRECTION('',(0.,0.,1.));
#7334 = ORIENTED_EDGE('',*,*,#5894,.F.);
#7335 = ORIENTED_EDGE('',*,*,#7329,.F.);
#7336 = CYLINDRICAL_SURFACE('',#7337,1.5);
#7337 = AXIS2_PLACEMENT_3D('',#7338,#7339,#7340);
#7338 = CARTESIAN_POINT('',(264.,-89.185,-4.6E-02));
#7339 = DIRECTION('',(-0.,-0.,-1.));
#7340 = DIRECTION('',(-0.,-1.,0.));
#7341 = ADVANCED_FACE('',(#7342),#7353,.F.);
#7342 = FACE_BOUND('',#7343,.T.);
#7343 = EDGE_LOOP('',(#7344,#7345,#7351,#7352));
#7344 = ORIENTED_EDGE('',*,*,#4788,.T.);
#7345 = ORIENTED_EDGE('',*,*,#7346,.T.);
#7346 = EDGE_CURVE('',#4789,#5906,#7347,.T.);
#7347 = LINE('',#7348,#7349);
#7348 = CARTESIAN_POINT('',(269.,-92.885,-4.6E-02));
#7349 = VECTOR('',#7350,1.);
#7350 = DIRECTION('',(0.,0.,1.));
#7351 = ORIENTED_EDGE('',*,*,#5905,.F.);
#7352 = ORIENTED_EDGE('',*,*,#7346,.F.);
#7353 = CYLINDRICAL_SURFACE('',#7354,1.5);
#7354 = AXIS2_PLACEMENT_3D('',#7355,#7356,#7357);
#7355 = CARTESIAN_POINT('',(269.,-91.385,-4.6E-02));
#7356 = DIRECTION('',(-0.,-0.,-1.));
#7357 = DIRECTION('',(-0.,-1.,0.));
#7358 = ADVANCED_FACE('',(#7359),#7370,.F.);
#7359 = FACE_BOUND('',#7360,.T.);
#7360 = EDGE_LOOP('',(#7361,#7362,#7368,#7369));
#7361 = ORIENTED_EDGE('',*,*,#4799,.T.);
#7362 = ORIENTED_EDGE('',*,*,#7363,.T.);
#7363 = EDGE_CURVE('',#4800,#5917,#7364,.T.);
#7364 = LINE('',#7365,#7366);
#7365 = CARTESIAN_POINT('',(161.2,-84.9,-4.6E-02));
#7366 = VECTOR('',#7367,1.);
#7367 = DIRECTION('',(0.,0.,1.));
#7368 = ORIENTED_EDGE('',*,*,#5916,.F.);
#7369 = ORIENTED_EDGE('',*,*,#7363,.F.);
#7370 = CYLINDRICAL_SURFACE('',#7371,0.5);
#7371 = AXIS2_PLACEMENT_3D('',#7372,#7373,#7374);
#7372 = CARTESIAN_POINT('',(161.2,-84.4,-4.6E-02));
#7373 = DIRECTION('',(-0.,-0.,-1.));
#7374 = DIRECTION('',(-0.,-1.,0.));
#7375 = ADVANCED_FACE('',(#7376),#7387,.F.);
#7376 = FACE_BOUND('',#7377,.T.);
#7377 = EDGE_LOOP('',(#7378,#7379,#7385,#7386));
#7378 = ORIENTED_EDGE('',*,*,#4810,.T.);
#7379 = ORIENTED_EDGE('',*,*,#7380,.T.);
#7380 = EDGE_CURVE('',#4811,#5928,#7381,.T.);
#7381 = LINE('',#7382,#7383);
#7382 = CARTESIAN_POINT('',(163.7,-84.9,-4.6E-02));
#7383 = VECTOR('',#7384,1.);
#7384 = DIRECTION('',(0.,0.,1.));
#7385 = ORIENTED_EDGE('',*,*,#5927,.F.);
#7386 = ORIENTED_EDGE('',*,*,#7380,.F.);
#7387 = CYLINDRICAL_SURFACE('',#7388,0.5);
#7388 = AXIS2_PLACEMENT_3D('',#7389,#7390,#7391);
#7389 = CARTESIAN_POINT('',(163.7,-84.4,-4.6E-02));
#7390 = DIRECTION('',(-0.,-0.,-1.));
#7391 = DIRECTION('',(-0.,-1.,0.));
#7392 = ADVANCED_FACE('',(#7393),#7404,.F.);
#7393 = FACE_BOUND('',#7394,.T.);
#7394 = EDGE_LOOP('',(#7395,#7396,#7402,#7403));
#7395 = ORIENTED_EDGE('',*,*,#4821,.T.);
#7396 = ORIENTED_EDGE('',*,*,#7397,.T.);
#7397 = EDGE_CURVE('',#4822,#5939,#7398,.T.);
#7398 = LINE('',#7399,#7400);
#7399 = CARTESIAN_POINT('',(166.2,-84.9,-4.6E-02));
#7400 = VECTOR('',#7401,1.);
#7401 = DIRECTION('',(0.,0.,1.));
#7402 = ORIENTED_EDGE('',*,*,#5938,.F.);
#7403 = ORIENTED_EDGE('',*,*,#7397,.F.);
#7404 = CYLINDRICAL_SURFACE('',#7405,0.5);
#7405 = AXIS2_PLACEMENT_3D('',#7406,#7407,#7408);
#7406 = CARTESIAN_POINT('',(166.2,-84.4,-4.6E-02));
#7407 = DIRECTION('',(-0.,-0.,-1.));
#7408 = DIRECTION('',(-0.,-1.,0.));
#7409 = ADVANCED_FACE('',(#7410),#7421,.F.);
#7410 = FACE_BOUND('',#7411,.T.);
#7411 = EDGE_LOOP('',(#7412,#7413,#7419,#7420));
#7412 = ORIENTED_EDGE('',*,*,#4832,.T.);
#7413 = ORIENTED_EDGE('',*,*,#7414,.T.);
#7414 = EDGE_CURVE('',#4833,#5950,#7415,.T.);
#7415 = LINE('',#7416,#7417);
#7416 = CARTESIAN_POINT('',(181.,-87.8,-4.6E-02));
#7417 = VECTOR('',#7418,1.);
#7418 = DIRECTION('',(0.,0.,1.));
#7419 = ORIENTED_EDGE('',*,*,#5949,.F.);
#7420 = ORIENTED_EDGE('',*,*,#7414,.F.);
#7421 = CYLINDRICAL_SURFACE('',#7422,0.5);
#7422 = AXIS2_PLACEMENT_3D('',#7423,#7424,#7425);
#7423 = CARTESIAN_POINT('',(181.,-87.3,-4.6E-02));
#7424 = DIRECTION('',(-0.,-0.,-1.));
#7425 = DIRECTION('',(-0.,-1.,0.));
#7426 = ADVANCED_FACE('',(#7427),#7438,.F.);
#7427 = FACE_BOUND('',#7428,.T.);
#7428 = EDGE_LOOP('',(#7429,#7430,#7436,#7437));
#7429 = ORIENTED_EDGE('',*,*,#4843,.T.);
#7430 = ORIENTED_EDGE('',*,*,#7431,.T.);
#7431 = EDGE_CURVE('',#4844,#5961,#7432,.T.);
#7432 = LINE('',#7433,#7434);
#7433 = CARTESIAN_POINT('',(186.,-84.15,-4.6E-02));
#7434 = VECTOR('',#7435,1.);
#7435 = DIRECTION('',(0.,0.,1.));
#7436 = ORIENTED_EDGE('',*,*,#5960,.F.);
#7437 = ORIENTED_EDGE('',*,*,#7431,.F.);
#7438 = CYLINDRICAL_SURFACE('',#7439,2.4);
#7439 = AXIS2_PLACEMENT_3D('',#7440,#7441,#7442);
#7440 = CARTESIAN_POINT('',(186.,-81.75,-4.6E-02));
#7441 = DIRECTION('',(-0.,-0.,-1.));
#7442 = DIRECTION('',(-0.,-1.,0.));
#7443 = ADVANCED_FACE('',(#7444),#7455,.F.);
#7444 = FACE_BOUND('',#7445,.T.);
#7445 = EDGE_LOOP('',(#7446,#7447,#7453,#7454));
#7446 = ORIENTED_EDGE('',*,*,#4854,.T.);
#7447 = ORIENTED_EDGE('',*,*,#7448,.T.);
#7448 = EDGE_CURVE('',#4855,#5972,#7449,.T.);
#7449 = LINE('',#7450,#7451);
#7450 = CARTESIAN_POINT('',(165.,-75.565,-4.6E-02));
#7451 = VECTOR('',#7452,1.);
#7452 = DIRECTION('',(0.,0.,1.));
#7453 = ORIENTED_EDGE('',*,*,#5971,.F.);
#7454 = ORIENTED_EDGE('',*,*,#7448,.F.);
#7455 = CYLINDRICAL_SURFACE('',#7456,0.365);
#7456 = AXIS2_PLACEMENT_3D('',#7457,#7458,#7459);
#7457 = CARTESIAN_POINT('',(165.,-75.2,-4.6E-02));
#7458 = DIRECTION('',(-0.,-0.,-1.));
#7459 = DIRECTION('',(-0.,-1.,0.));
#7460 = ADVANCED_FACE('',(#7461),#7472,.F.);
#7461 = FACE_BOUND('',#7462,.T.);
#7462 = EDGE_LOOP('',(#7463,#7464,#7470,#7471));
#7463 = ORIENTED_EDGE('',*,*,#4865,.T.);
#7464 = ORIENTED_EDGE('',*,*,#7465,.T.);
#7465 = EDGE_CURVE('',#4866,#5983,#7466,.T.);
#7466 = LINE('',#7467,#7468);
#7467 = CARTESIAN_POINT('',(166.5,-75.565,-4.6E-02));
#7468 = VECTOR('',#7469,1.);
#7469 = DIRECTION('',(0.,0.,1.));
#7470 = ORIENTED_EDGE('',*,*,#5982,.F.);
#7471 = ORIENTED_EDGE('',*,*,#7465,.F.);
#7472 = CYLINDRICAL_SURFACE('',#7473,0.365);
#7473 = AXIS2_PLACEMENT_3D('',#7474,#7475,#7476);
#7474 = CARTESIAN_POINT('',(166.5,-75.2,-4.6E-02));
#7475 = DIRECTION('',(-0.,-0.,-1.));
#7476 = DIRECTION('',(-0.,-1.,0.));
#7477 = ADVANCED_FACE('',(#7478),#7489,.F.);
#7478 = FACE_BOUND('',#7479,.T.);
#7479 = EDGE_LOOP('',(#7480,#7481,#7487,#7488));
#7480 = ORIENTED_EDGE('',*,*,#4876,.T.);
#7481 = ORIENTED_EDGE('',*,*,#7482,.T.);
#7482 = EDGE_CURVE('',#4877,#5994,#7483,.T.);
#7483 = LINE('',#7484,#7485);
#7484 = CARTESIAN_POINT('',(168.,-75.565,-4.6E-02));
#7485 = VECTOR('',#7486,1.);
#7486 = DIRECTION('',(0.,0.,1.));
#7487 = ORIENTED_EDGE('',*,*,#5993,.F.);
#7488 = ORIENTED_EDGE('',*,*,#7482,.F.);
#7489 = CYLINDRICAL_SURFACE('',#7490,0.365);
#7490 = AXIS2_PLACEMENT_3D('',#7491,#7492,#7493);
#7491 = CARTESIAN_POINT('',(168.,-75.2,-4.6E-02));
#7492 = DIRECTION('',(-0.,-0.,-1.));
#7493 = DIRECTION('',(-0.,-1.,0.));
#7494 = ADVANCED_FACE('',(#7495),#7506,.F.);
#7495 = FACE_BOUND('',#7496,.T.);
#7496 = EDGE_LOOP('',(#7497,#7498,#7504,#7505));
#7497 = ORIENTED_EDGE('',*,*,#4887,.T.);
#7498 = ORIENTED_EDGE('',*,*,#7499,.T.);
#7499 = EDGE_CURVE('',#4888,#6005,#7500,.T.);
#7500 = LINE('',#7501,#7502);
#7501 = CARTESIAN_POINT('',(186.,-77.35,-4.6E-02));
#7502 = VECTOR('',#7503,1.);
#7503 = DIRECTION('',(0.,0.,1.));
#7504 = ORIENTED_EDGE('',*,*,#6004,.F.);
#7505 = ORIENTED_EDGE('',*,*,#7499,.F.);
#7506 = CYLINDRICAL_SURFACE('',#7507,1.5);
#7507 = AXIS2_PLACEMENT_3D('',#7508,#7509,#7510);
#7508 = CARTESIAN_POINT('',(186.,-75.85,-4.6E-02));
#7509 = DIRECTION('',(-0.,-0.,-1.));
#7510 = DIRECTION('',(-0.,-1.,0.));
#7511 = ADVANCED_FACE('',(#7512),#7523,.F.);
#7512 = FACE_BOUND('',#7513,.T.);
#7513 = EDGE_LOOP('',(#7514,#7515,#7521,#7522));
#7514 = ORIENTED_EDGE('',*,*,#4898,.T.);
#7515 = ORIENTED_EDGE('',*,*,#7516,.T.);
#7516 = EDGE_CURVE('',#4899,#6016,#7517,.T.);
#7517 = LINE('',#7518,#7519);
#7518 = CARTESIAN_POINT('',(197.6,-85.725,-4.6E-02));
#7519 = VECTOR('',#7520,1.);
#7520 = DIRECTION('',(0.,0.,1.));
#7521 = ORIENTED_EDGE('',*,*,#6015,.F.);
#7522 = ORIENTED_EDGE('',*,*,#7516,.F.);
#7523 = CYLINDRICAL_SURFACE('',#7524,0.5);
#7524 = AXIS2_PLACEMENT_3D('',#7525,#7526,#7527);
#7525 = CARTESIAN_POINT('',(197.6,-85.225,-4.6E-02));
#7526 = DIRECTION('',(-0.,-0.,-1.));
#7527 = DIRECTION('',(-0.,-1.,0.));
#7528 = ADVANCED_FACE('',(#7529),#7540,.F.);
#7529 = FACE_BOUND('',#7530,.T.);
#7530 = EDGE_LOOP('',(#7531,#7532,#7538,#7539));
#7531 = ORIENTED_EDGE('',*,*,#4909,.T.);
#7532 = ORIENTED_EDGE('',*,*,#7533,.T.);
#7533 = EDGE_CURVE('',#4910,#6027,#7534,.T.);
#7534 = LINE('',#7535,#7536);
#7535 = CARTESIAN_POINT('',(202.6,-82.075,-4.6E-02));
#7536 = VECTOR('',#7537,1.);
#7537 = DIRECTION('',(0.,0.,1.));
#7538 = ORIENTED_EDGE('',*,*,#6026,.F.);
#7539 = ORIENTED_EDGE('',*,*,#7533,.F.);
#7540 = CYLINDRICAL_SURFACE('',#7541,2.4);
#7541 = AXIS2_PLACEMENT_3D('',#7542,#7543,#7544);
#7542 = CARTESIAN_POINT('',(202.6,-79.675,-4.6E-02));
#7543 = DIRECTION('',(-0.,-0.,-1.));
#7544 = DIRECTION('',(-0.,-1.,0.));
#7545 = ADVANCED_FACE('',(#7546),#7557,.F.);
#7546 = FACE_BOUND('',#7547,.T.);
#7547 = EDGE_LOOP('',(#7548,#7549,#7555,#7556));
#7548 = ORIENTED_EDGE('',*,*,#4920,.T.);
#7549 = ORIENTED_EDGE('',*,*,#7550,.T.);
#7550 = EDGE_CURVE('',#4921,#6038,#7551,.T.);
#7551 = LINE('',#7552,#7553);
#7552 = CARTESIAN_POINT('',(214.2,-83.65,-4.6E-02));
#7553 = VECTOR('',#7554,1.);
#7554 = DIRECTION('',(0.,0.,1.));
#7555 = ORIENTED_EDGE('',*,*,#6037,.F.);
#7556 = ORIENTED_EDGE('',*,*,#7550,.F.);
#7557 = CYLINDRICAL_SURFACE('',#7558,0.5);
#7558 = AXIS2_PLACEMENT_3D('',#7559,#7560,#7561);
#7559 = CARTESIAN_POINT('',(214.2,-83.15,-4.6E-02));
#7560 = DIRECTION('',(-0.,-0.,-1.));
#7561 = DIRECTION('',(-0.,-1.,0.));
#7562 = ADVANCED_FACE('',(#7563),#7574,.F.);
#7563 = FACE_BOUND('',#7564,.T.);
#7564 = EDGE_LOOP('',(#7565,#7566,#7572,#7573));
#7565 = ORIENTED_EDGE('',*,*,#4931,.T.);
#7566 = ORIENTED_EDGE('',*,*,#7567,.T.);
#7567 = EDGE_CURVE('',#4932,#6049,#7568,.T.);
#7568 = LINE('',#7569,#7570);
#7569 = CARTESIAN_POINT('',(191.,-79.55,-4.6E-02));
#7570 = VECTOR('',#7571,1.);
#7571 = DIRECTION('',(0.,0.,1.));
#7572 = ORIENTED_EDGE('',*,*,#6048,.F.);
#7573 = ORIENTED_EDGE('',*,*,#7567,.F.);
#7574 = CYLINDRICAL_SURFACE('',#7575,1.5);
#7575 = AXIS2_PLACEMENT_3D('',#7576,#7577,#7578);
#7576 = CARTESIAN_POINT('',(191.,-78.05,-4.6E-02));
#7577 = DIRECTION('',(-0.,-0.,-1.));
#7578 = DIRECTION('',(-0.,-1.,0.));
#7579 = ADVANCED_FACE('',(#7580),#7591,.F.);
#7580 = FACE_BOUND('',#7581,.T.);
#7581 = EDGE_LOOP('',(#7582,#7583,#7589,#7590));
#7582 = ORIENTED_EDGE('',*,*,#4942,.T.);
#7583 = ORIENTED_EDGE('',*,*,#7584,.T.);
#7584 = EDGE_CURVE('',#4943,#6060,#7585,.T.);
#7585 = LINE('',#7586,#7587);
#7586 = CARTESIAN_POINT('',(207.6,-77.475,-4.6E-02));
#7587 = VECTOR('',#7588,1.);
#7588 = DIRECTION('',(0.,0.,1.));
#7589 = ORIENTED_EDGE('',*,*,#6059,.F.);
#7590 = ORIENTED_EDGE('',*,*,#7584,.F.);
#7591 = CYLINDRICAL_SURFACE('',#7592,1.5);
#7592 = AXIS2_PLACEMENT_3D('',#7593,#7594,#7595);
#7593 = CARTESIAN_POINT('',(207.6,-75.975,-4.6E-02));
#7594 = DIRECTION('',(-0.,-0.,-1.));
#7595 = DIRECTION('',(-0.,-1.,0.));
#7596 = ADVANCED_FACE('',(#7597),#7608,.F.);
#7597 = FACE_BOUND('',#7598,.T.);
#7598 = EDGE_LOOP('',(#7599,#7600,#7606,#7607));
#7599 = ORIENTED_EDGE('',*,*,#4953,.T.);
#7600 = ORIENTED_EDGE('',*,*,#7601,.T.);
#7601 = EDGE_CURVE('',#4954,#6071,#7602,.T.);
#7602 = LINE('',#7603,#7604);
#7603 = CARTESIAN_POINT('',(202.6,-75.275,-4.6E-02));
#7604 = VECTOR('',#7605,1.);
#7605 = DIRECTION('',(0.,0.,1.));
#7606 = ORIENTED_EDGE('',*,*,#6070,.F.);
#7607 = ORIENTED_EDGE('',*,*,#7601,.F.);
#7608 = CYLINDRICAL_SURFACE('',#7609,1.5);
#7609 = AXIS2_PLACEMENT_3D('',#7610,#7611,#7612);
#7610 = CARTESIAN_POINT('',(202.6,-73.775,-4.6E-02));
#7611 = DIRECTION('',(-0.,-0.,-1.));
#7612 = DIRECTION('',(-0.,-1.,0.));
#7613 = ADVANCED_FACE('',(#7614),#7625,.F.);
#7614 = FACE_BOUND('',#7615,.T.);
#7615 = EDGE_LOOP('',(#7616,#7617,#7623,#7624));
#7616 = ORIENTED_EDGE('',*,*,#4964,.T.);
#7617 = ORIENTED_EDGE('',*,*,#7618,.T.);
#7618 = EDGE_CURVE('',#4965,#6082,#7619,.T.);
#7619 = LINE('',#7620,#7621);
#7620 = CARTESIAN_POINT('',(181.,-71.2,-4.6E-02));
#7621 = VECTOR('',#7622,1.);
#7622 = DIRECTION('',(0.,0.,1.));
#7623 = ORIENTED_EDGE('',*,*,#6081,.F.);
#7624 = ORIENTED_EDGE('',*,*,#7618,.F.);
#7625 = CYLINDRICAL_SURFACE('',#7626,0.5);
#7626 = AXIS2_PLACEMENT_3D('',#7627,#7628,#7629);
#7627 = CARTESIAN_POINT('',(181.,-70.7,-4.6E-02));
#7628 = DIRECTION('',(-0.,-0.,-1.));
#7629 = DIRECTION('',(-0.,-1.,0.));
#7630 = ADVANCED_FACE('',(#7631),#7642,.F.);
#7631 = FACE_BOUND('',#7632,.T.);
#7632 = EDGE_LOOP('',(#7633,#7634,#7640,#7641));
#7633 = ORIENTED_EDGE('',*,*,#4975,.T.);
#7634 = ORIENTED_EDGE('',*,*,#7635,.T.);
#7635 = EDGE_CURVE('',#4976,#6093,#7636,.T.);
#7636 = LINE('',#7637,#7638);
#7637 = CARTESIAN_POINT('',(186.,-67.55,-4.6E-02));
#7638 = VECTOR('',#7639,1.);
#7639 = DIRECTION('',(0.,0.,1.));
#7640 = ORIENTED_EDGE('',*,*,#6092,.F.);
#7641 = ORIENTED_EDGE('',*,*,#7635,.F.);
#7642 = CYLINDRICAL_SURFACE('',#7643,2.4);
#7643 = AXIS2_PLACEMENT_3D('',#7644,#7645,#7646);
#7644 = CARTESIAN_POINT('',(186.,-65.15,-4.6E-02));
#7645 = DIRECTION('',(-0.,-0.,-1.));
#7646 = DIRECTION('',(-0.,-1.,0.));
#7647 = ADVANCED_FACE('',(#7648),#7659,.F.);
#7648 = FACE_BOUND('',#7649,.T.);
#7649 = EDGE_LOOP('',(#7650,#7651,#7657,#7658));
#7650 = ORIENTED_EDGE('',*,*,#4986,.T.);
#7651 = ORIENTED_EDGE('',*,*,#7652,.T.);
#7652 = EDGE_CURVE('',#4987,#6104,#7653,.T.);
#7653 = LINE('',#7654,#7655);
#7654 = CARTESIAN_POINT('',(186.,-60.75,-4.6E-02));
#7655 = VECTOR('',#7656,1.);
#7656 = DIRECTION('',(0.,0.,1.));
#7657 = ORIENTED_EDGE('',*,*,#6103,.F.);
#7658 = ORIENTED_EDGE('',*,*,#7652,.F.);
#7659 = CYLINDRICAL_SURFACE('',#7660,1.5);
#7660 = AXIS2_PLACEMENT_3D('',#7661,#7662,#7663);
#7661 = CARTESIAN_POINT('',(186.,-59.25,-4.6E-02));
#7662 = DIRECTION('',(-0.,-0.,-1.));
#7663 = DIRECTION('',(-0.,-1.,0.));
#7664 = ADVANCED_FACE('',(#7665),#7676,.F.);
#7665 = FACE_BOUND('',#7666,.T.);
#7666 = EDGE_LOOP('',(#7667,#7668,#7674,#7675));
#7667 = ORIENTED_EDGE('',*,*,#4997,.T.);
#7668 = ORIENTED_EDGE('',*,*,#7669,.T.);
#7669 = EDGE_CURVE('',#4998,#6115,#7670,.T.);
#7670 = LINE('',#7671,#7672);
#7671 = CARTESIAN_POINT('',(197.6,-69.125,-4.6E-02));
#7672 = VECTOR('',#7673,1.);
#7673 = DIRECTION('',(0.,0.,1.));
#7674 = ORIENTED_EDGE('',*,*,#6114,.F.);
#7675 = ORIENTED_EDGE('',*,*,#7669,.F.);
#7676 = CYLINDRICAL_SURFACE('',#7677,0.5);
#7677 = AXIS2_PLACEMENT_3D('',#7678,#7679,#7680);
#7678 = CARTESIAN_POINT('',(197.6,-68.625,-4.6E-02));
#7679 = DIRECTION('',(-0.,-0.,-1.));
#7680 = DIRECTION('',(-0.,-1.,0.));
#7681 = ADVANCED_FACE('',(#7682),#7693,.F.);
#7682 = FACE_BOUND('',#7683,.T.);
#7683 = EDGE_LOOP('',(#7684,#7685,#7691,#7692));
#7684 = ORIENTED_EDGE('',*,*,#5008,.T.);
#7685 = ORIENTED_EDGE('',*,*,#7686,.T.);
#7686 = EDGE_CURVE('',#5009,#6126,#7687,.T.);
#7687 = LINE('',#7688,#7689);
#7688 = CARTESIAN_POINT('',(214.2,-67.05,-4.6E-02));
#7689 = VECTOR('',#7690,1.);
#7690 = DIRECTION('',(0.,0.,1.));
#7691 = ORIENTED_EDGE('',*,*,#6125,.F.);
#7692 = ORIENTED_EDGE('',*,*,#7686,.F.);
#7693 = CYLINDRICAL_SURFACE('',#7694,0.5);
#7694 = AXIS2_PLACEMENT_3D('',#7695,#7696,#7697);
#7695 = CARTESIAN_POINT('',(214.2,-66.55,-4.6E-02));
#7696 = DIRECTION('',(-0.,-0.,-1.));
#7697 = DIRECTION('',(-0.,-1.,0.));
#7698 = ADVANCED_FACE('',(#7699),#7710,.F.);
#7699 = FACE_BOUND('',#7700,.T.);
#7700 = EDGE_LOOP('',(#7701,#7702,#7708,#7709));
#7701 = ORIENTED_EDGE('',*,*,#5019,.T.);
#7702 = ORIENTED_EDGE('',*,*,#7703,.T.);
#7703 = EDGE_CURVE('',#5020,#6137,#7704,.T.);
#7704 = LINE('',#7705,#7706);
#7705 = CARTESIAN_POINT('',(202.6,-65.475,-4.6E-02));
#7706 = VECTOR('',#7707,1.);
#7707 = DIRECTION('',(0.,0.,1.));
#7708 = ORIENTED_EDGE('',*,*,#6136,.F.);
#7709 = ORIENTED_EDGE('',*,*,#7703,.F.);
#7710 = CYLINDRICAL_SURFACE('',#7711,2.4);
#7711 = AXIS2_PLACEMENT_3D('',#7712,#7713,#7714);
#7712 = CARTESIAN_POINT('',(202.6,-63.075,-4.6E-02));
#7713 = DIRECTION('',(-0.,-0.,-1.));
#7714 = DIRECTION('',(-0.,-1.,0.));
#7715 = ADVANCED_FACE('',(#7716),#7727,.F.);
#7716 = FACE_BOUND('',#7717,.T.);
#7717 = EDGE_LOOP('',(#7718,#7719,#7725,#7726));
#7718 = ORIENTED_EDGE('',*,*,#5030,.T.);
#7719 = ORIENTED_EDGE('',*,*,#7720,.T.);
#7720 = EDGE_CURVE('',#5031,#6148,#7721,.T.);
#7721 = LINE('',#7722,#7723);
#7722 = CARTESIAN_POINT('',(191.,-62.95,-4.6E-02));
#7723 = VECTOR('',#7724,1.);
#7724 = DIRECTION('',(0.,0.,1.));
#7725 = ORIENTED_EDGE('',*,*,#6147,.F.);
#7726 = ORIENTED_EDGE('',*,*,#7720,.F.);
#7727 = CYLINDRICAL_SURFACE('',#7728,1.5);
#7728 = AXIS2_PLACEMENT_3D('',#7729,#7730,#7731);
#7729 = CARTESIAN_POINT('',(191.,-61.45,-4.6E-02));
#7730 = DIRECTION('',(-0.,-0.,-1.));
#7731 = DIRECTION('',(-0.,-1.,0.));
#7732 = ADVANCED_FACE('',(#7733),#7744,.F.);
#7733 = FACE_BOUND('',#7734,.T.);
#7734 = EDGE_LOOP('',(#7735,#7736,#7742,#7743));
#7735 = ORIENTED_EDGE('',*,*,#5041,.T.);
#7736 = ORIENTED_EDGE('',*,*,#7737,.T.);
#7737 = EDGE_CURVE('',#5042,#6159,#7738,.T.);
#7738 = LINE('',#7739,#7740);
#7739 = CARTESIAN_POINT('',(207.6,-60.875,-4.6E-02));
#7740 = VECTOR('',#7741,1.);
#7741 = DIRECTION('',(0.,0.,1.));
#7742 = ORIENTED_EDGE('',*,*,#6158,.F.);
#7743 = ORIENTED_EDGE('',*,*,#7737,.F.);
#7744 = CYLINDRICAL_SURFACE('',#7745,1.5);
#7745 = AXIS2_PLACEMENT_3D('',#7746,#7747,#7748);
#7746 = CARTESIAN_POINT('',(207.6,-59.375,-4.6E-02));
#7747 = DIRECTION('',(-0.,-0.,-1.));
#7748 = DIRECTION('',(-0.,-1.,0.));
#7749 = ADVANCED_FACE('',(#7750),#7761,.F.);
#7750 = FACE_BOUND('',#7751,.T.);
#7751 = EDGE_LOOP('',(#7752,#7753,#7759,#7760));
#7752 = ORIENTED_EDGE('',*,*,#5052,.T.);
#7753 = ORIENTED_EDGE('',*,*,#7754,.T.);
#7754 = EDGE_CURVE('',#5053,#6170,#7755,.T.);
#7755 = LINE('',#7756,#7757);
#7756 = CARTESIAN_POINT('',(202.6,-58.675,-4.6E-02));
#7757 = VECTOR('',#7758,1.);
#7758 = DIRECTION('',(0.,0.,1.));
#7759 = ORIENTED_EDGE('',*,*,#6169,.F.);
#7760 = ORIENTED_EDGE('',*,*,#7754,.F.);
#7761 = CYLINDRICAL_SURFACE('',#7762,1.5);
#7762 = AXIS2_PLACEMENT_3D('',#7763,#7764,#7765);
#7763 = CARTESIAN_POINT('',(202.6,-57.175,-4.6E-02));
#7764 = DIRECTION('',(-0.,-0.,-1.));
#7765 = DIRECTION('',(-0.,-1.,0.));
#7766 = ADVANCED_FACE('',(#7767),#7778,.F.);
#7767 = FACE_BOUND('',#7768,.T.);
#7768 = EDGE_LOOP('',(#7769,#7770,#7776,#7777));
#7769 = ORIENTED_EDGE('',*,*,#5063,.T.);
#7770 = ORIENTED_EDGE('',*,*,#7771,.T.);
#7771 = EDGE_CURVE('',#5064,#6181,#7772,.T.);
#7772 = LINE('',#7773,#7774);
#7773 = CARTESIAN_POINT('',(235.8,-87.075,-4.6E-02));
#7774 = VECTOR('',#7775,1.);
#7775 = DIRECTION('',(0.,0.,1.));
#7776 = ORIENTED_EDGE('',*,*,#6180,.F.);
#7777 = ORIENTED_EDGE('',*,*,#7771,.F.);
#7778 = CYLINDRICAL_SURFACE('',#7779,1.5);
#7779 = AXIS2_PLACEMENT_3D('',#7780,#7781,#7782);
#7780 = CARTESIAN_POINT('',(235.8,-85.575,-4.6E-02));
#7781 = DIRECTION('',(-0.,-0.,-1.));
#7782 = DIRECTION('',(-0.,-1.,0.));
#7783 = ADVANCED_FACE('',(#7784),#7795,.F.);
#7784 = FACE_BOUND('',#7785,.T.);
#7785 = EDGE_LOOP('',(#7786,#7787,#7793,#7794));
#7786 = ORIENTED_EDGE('',*,*,#5074,.T.);
#7787 = ORIENTED_EDGE('',*,*,#7788,.T.);
#7788 = EDGE_CURVE('',#5075,#6192,#7789,.T.);
#7789 = LINE('',#7790,#7791);
#7790 = CARTESIAN_POINT('',(230.8,-84.875,-4.6E-02));
#7791 = VECTOR('',#7792,1.);
#7792 = DIRECTION('',(0.,0.,1.));
#7793 = ORIENTED_EDGE('',*,*,#6191,.F.);
#7794 = ORIENTED_EDGE('',*,*,#7788,.F.);
#7795 = CYLINDRICAL_SURFACE('',#7796,1.5);
#7796 = AXIS2_PLACEMENT_3D('',#7797,#7798,#7799);
#7797 = CARTESIAN_POINT('',(230.8,-83.375,-4.6E-02));
#7798 = DIRECTION('',(-0.,-0.,-1.));
#7799 = DIRECTION('',(-0.,-1.,0.));
#7800 = ADVANCED_FACE('',(#7801),#7812,.F.);
#7801 = FACE_BOUND('',#7802,.T.);
#7802 = EDGE_LOOP('',(#7803,#7804,#7810,#7811));
#7803 = ORIENTED_EDGE('',*,*,#5085,.T.);
#7804 = ORIENTED_EDGE('',*,*,#7805,.T.);
#7805 = EDGE_CURVE('',#5086,#6203,#7806,.T.);
#7806 = LINE('',#7807,#7808);
#7807 = CARTESIAN_POINT('',(235.8,-82.075,-4.6E-02));
#7808 = VECTOR('',#7809,1.);
#7809 = DIRECTION('',(0.,0.,1.));
#7810 = ORIENTED_EDGE('',*,*,#6202,.F.);
#7811 = ORIENTED_EDGE('',*,*,#7805,.F.);
#7812 = CYLINDRICAL_SURFACE('',#7813,2.4);
#7813 = AXIS2_PLACEMENT_3D('',#7814,#7815,#7816);
#7814 = CARTESIAN_POINT('',(235.8,-79.675,-4.6E-02));
#7815 = DIRECTION('',(-0.,-0.,-1.));
#7816 = DIRECTION('',(-0.,-1.,0.));
#7817 = ADVANCED_FACE('',(#7818),#7829,.F.);
#7818 = FACE_BOUND('',#7819,.T.);
#7819 = EDGE_LOOP('',(#7820,#7821,#7827,#7828));
#7820 = ORIENTED_EDGE('',*,*,#5096,.T.);
#7821 = ORIENTED_EDGE('',*,*,#7822,.T.);
#7822 = EDGE_CURVE('',#5097,#6214,#7823,.T.);
#7823 = LINE('',#7824,#7825);
#7824 = CARTESIAN_POINT('',(219.2,-80.,-4.6E-02));
#7825 = VECTOR('',#7826,1.);
#7826 = DIRECTION('',(0.,0.,1.));
#7827 = ORIENTED_EDGE('',*,*,#6213,.F.);
#7828 = ORIENTED_EDGE('',*,*,#7822,.F.);
#7829 = CYLINDRICAL_SURFACE('',#7830,2.4);
#7830 = AXIS2_PLACEMENT_3D('',#7831,#7832,#7833);
#7831 = CARTESIAN_POINT('',(219.2,-77.6,-4.6E-02));
#7832 = DIRECTION('',(-0.,-0.,-1.));
#7833 = DIRECTION('',(-0.,-1.,0.));
#7834 = ADVANCED_FACE('',(#7835),#7846,.F.);
#7835 = FACE_BOUND('',#7836,.T.);
#7836 = EDGE_LOOP('',(#7837,#7838,#7844,#7845));
#7837 = ORIENTED_EDGE('',*,*,#5107,.T.);
#7838 = ORIENTED_EDGE('',*,*,#7839,.T.);
#7839 = EDGE_CURVE('',#5108,#6225,#7840,.T.);
#7840 = LINE('',#7841,#7842);
#7841 = CARTESIAN_POINT('',(219.2,-73.2,-4.6E-02));
#7842 = VECTOR('',#7843,1.);
#7843 = DIRECTION('',(0.,0.,1.));
#7844 = ORIENTED_EDGE('',*,*,#6224,.F.);
#7845 = ORIENTED_EDGE('',*,*,#7839,.F.);
#7846 = CYLINDRICAL_SURFACE('',#7847,1.5);
#7847 = AXIS2_PLACEMENT_3D('',#7848,#7849,#7850);
#7848 = CARTESIAN_POINT('',(219.2,-71.7,-4.6E-02));
#7849 = DIRECTION('',(-0.,-0.,-1.));
#7850 = DIRECTION('',(-0.,-1.,0.));
#7851 = ADVANCED_FACE('',(#7852),#7863,.F.);
#7852 = FACE_BOUND('',#7853,.T.);
#7853 = EDGE_LOOP('',(#7854,#7855,#7861,#7862));
#7854 = ORIENTED_EDGE('',*,*,#5118,.T.);
#7855 = ORIENTED_EDGE('',*,*,#7856,.T.);
#7856 = EDGE_CURVE('',#5119,#6236,#7857,.T.);
#7857 = LINE('',#7858,#7859);
#7858 = CARTESIAN_POINT('',(224.2,-75.4,-4.6E-02));
#7859 = VECTOR('',#7860,1.);
#7860 = DIRECTION('',(0.,0.,1.));
#7861 = ORIENTED_EDGE('',*,*,#6235,.F.);
#7862 = ORIENTED_EDGE('',*,*,#7856,.F.);
#7863 = CYLINDRICAL_SURFACE('',#7864,1.5);
#7864 = AXIS2_PLACEMENT_3D('',#7865,#7866,#7867);
#7865 = CARTESIAN_POINT('',(224.2,-73.9,-4.6E-02));
#7866 = DIRECTION('',(-0.,-0.,-1.));
#7867 = DIRECTION('',(-0.,-1.,0.));
#7868 = ADVANCED_FACE('',(#7869),#7880,.F.);
#7869 = FACE_BOUND('',#7870,.T.);
#7870 = EDGE_LOOP('',(#7871,#7872,#7878,#7879));
#7871 = ORIENTED_EDGE('',*,*,#5129,.T.);
#7872 = ORIENTED_EDGE('',*,*,#7873,.T.);
#7873 = EDGE_CURVE('',#5130,#6247,#7874,.T.);
#7874 = LINE('',#7875,#7876);
#7875 = CARTESIAN_POINT('',(240.8,-74.625,-4.6E-02));
#7876 = VECTOR('',#7877,1.);
#7877 = DIRECTION('',(0.,0.,1.));
#7878 = ORIENTED_EDGE('',*,*,#6246,.F.);
#7879 = ORIENTED_EDGE('',*,*,#7873,.F.);
#7880 = CYLINDRICAL_SURFACE('',#7881,0.5);
#7881 = AXIS2_PLACEMENT_3D('',#7882,#7883,#7884);
#7882 = CARTESIAN_POINT('',(240.8,-74.125,-4.6E-02));
#7883 = DIRECTION('',(-0.,-0.,-1.));
#7884 = DIRECTION('',(-0.,-1.,0.));
#7885 = ADVANCED_FACE('',(#7886),#7897,.F.);
#7886 = FACE_BOUND('',#7887,.T.);
#7887 = EDGE_LOOP('',(#7888,#7889,#7895,#7896));
#7888 = ORIENTED_EDGE('',*,*,#5140,.T.);
#7889 = ORIENTED_EDGE('',*,*,#7890,.T.);
#7890 = EDGE_CURVE('',#5141,#6258,#7891,.T.);
#7891 = LINE('',#7892,#7893);
#7892 = CARTESIAN_POINT('',(247.4,-89.025,-4.6E-02));
#7893 = VECTOR('',#7894,1.);
#7894 = DIRECTION('',(0.,0.,1.));
#7895 = ORIENTED_EDGE('',*,*,#6257,.F.);
#7896 = ORIENTED_EDGE('',*,*,#7890,.F.);
#7897 = CYLINDRICAL_SURFACE('',#7898,1.5);
#7898 = AXIS2_PLACEMENT_3D('',#7899,#7900,#7901);
#7899 = CARTESIAN_POINT('',(247.4,-87.525,-4.6E-02));
#7900 = DIRECTION('',(-0.,-0.,-1.));
#7901 = DIRECTION('',(-0.,-1.,0.));
#7902 = ADVANCED_FACE('',(#7903),#7914,.F.);
#7903 = FACE_BOUND('',#7904,.T.);
#7904 = EDGE_LOOP('',(#7905,#7906,#7912,#7913));
#7905 = ORIENTED_EDGE('',*,*,#5151,.T.);
#7906 = ORIENTED_EDGE('',*,*,#7907,.T.);
#7907 = EDGE_CURVE('',#5152,#6269,#7908,.T.);
#7908 = LINE('',#7909,#7910);
#7909 = CARTESIAN_POINT('',(252.4,-86.225,-4.6E-02));
#7910 = VECTOR('',#7911,1.);
#7911 = DIRECTION('',(0.,0.,1.));
#7912 = ORIENTED_EDGE('',*,*,#6268,.F.);
#7913 = ORIENTED_EDGE('',*,*,#7907,.F.);
#7914 = CYLINDRICAL_SURFACE('',#7915,2.4);
#7915 = AXIS2_PLACEMENT_3D('',#7916,#7917,#7918);
#7916 = CARTESIAN_POINT('',(252.4,-83.825,-4.6E-02));
#7917 = DIRECTION('',(-0.,-0.,-1.));
#7918 = DIRECTION('',(-0.,-1.,0.));
#7919 = ADVANCED_FACE('',(#7920),#7931,.F.);
#7920 = FACE_BOUND('',#7921,.T.);
#7921 = EDGE_LOOP('',(#7922,#7923,#7929,#7930));
#7922 = ORIENTED_EDGE('',*,*,#5162,.T.);
#7923 = ORIENTED_EDGE('',*,*,#7924,.T.);
#7924 = EDGE_CURVE('',#5163,#6280,#7925,.T.);
#7925 = LINE('',#7926,#7927);
#7926 = CARTESIAN_POINT('',(269.,-87.885,-4.6E-02));
#7927 = VECTOR('',#7928,1.);
#7928 = DIRECTION('',(0.,0.,1.));
#7929 = ORIENTED_EDGE('',*,*,#6279,.F.);
#7930 = ORIENTED_EDGE('',*,*,#7924,.F.);
#7931 = CYLINDRICAL_SURFACE('',#7932,2.4);
#7932 = AXIS2_PLACEMENT_3D('',#7933,#7934,#7935);
#7933 = CARTESIAN_POINT('',(269.,-85.485,-4.6E-02));
#7934 = DIRECTION('',(-0.,-0.,-1.));
#7935 = DIRECTION('',(-0.,-1.,0.));
#7936 = ADVANCED_FACE('',(#7937),#7948,.F.);
#7937 = FACE_BOUND('',#7938,.T.);
#7938 = EDGE_LOOP('',(#7939,#7940,#7946,#7947));
#7939 = ORIENTED_EDGE('',*,*,#5173,.T.);
#7940 = ORIENTED_EDGE('',*,*,#7941,.T.);
#7941 = EDGE_CURVE('',#5174,#6291,#7942,.T.);
#7942 = LINE('',#7943,#7944);
#7943 = CARTESIAN_POINT('',(274.,-80.435,-4.6E-02));
#7944 = VECTOR('',#7945,1.);
#7945 = DIRECTION('',(0.,0.,1.));
#7946 = ORIENTED_EDGE('',*,*,#6290,.F.);
#7947 = ORIENTED_EDGE('',*,*,#7941,.F.);
#7948 = CYLINDRICAL_SURFACE('',#7949,0.5);
#7949 = AXIS2_PLACEMENT_3D('',#7950,#7951,#7952);
#7950 = CARTESIAN_POINT('',(274.,-79.935,-4.6E-02));
#7951 = DIRECTION('',(-0.,-0.,-1.));
#7952 = DIRECTION('',(-0.,-1.,0.));
#7953 = ADVANCED_FACE('',(#7954),#7965,.F.);
#7954 = FACE_BOUND('',#7955,.T.);
#7955 = EDGE_LOOP('',(#7956,#7957,#7963,#7964));
#7956 = ORIENTED_EDGE('',*,*,#5184,.T.);
#7957 = ORIENTED_EDGE('',*,*,#7958,.T.);
#7958 = EDGE_CURVE('',#5185,#6302,#7959,.T.);
#7959 = LINE('',#7960,#7961);
#7960 = CARTESIAN_POINT('',(257.4,-78.775,-4.6E-02));
#7961 = VECTOR('',#7962,1.);
#7962 = DIRECTION('',(0.,0.,1.));
#7963 = ORIENTED_EDGE('',*,*,#6301,.F.);
#7964 = ORIENTED_EDGE('',*,*,#7958,.F.);
#7965 = CYLINDRICAL_SURFACE('',#7966,0.5);
#7966 = AXIS2_PLACEMENT_3D('',#7967,#7968,#7969);
#7967 = CARTESIAN_POINT('',(257.4,-78.275,-4.6E-02));
#7968 = DIRECTION('',(-0.,-0.,-1.));
#7969 = DIRECTION('',(-0.,-1.,0.));
#7970 = ADVANCED_FACE('',(#7971),#7982,.F.);
#7971 = FACE_BOUND('',#7972,.T.);
#7972 = EDGE_LOOP('',(#7973,#7974,#7980,#7981));
#7973 = ORIENTED_EDGE('',*,*,#5195,.T.);
#7974 = ORIENTED_EDGE('',*,*,#7975,.T.);
#7975 = EDGE_CURVE('',#5196,#6313,#7976,.T.);
#7976 = LINE('',#7977,#7978);
#7977 = CARTESIAN_POINT('',(252.4,-74.625,-4.6E-02));
#7978 = VECTOR('',#7979,1.);
#7979 = DIRECTION('',(0.,0.,1.));
#7980 = ORIENTED_EDGE('',*,*,#6312,.F.);
#7981 = ORIENTED_EDGE('',*,*,#7975,.F.);
#7982 = CYLINDRICAL_SURFACE('',#7983,1.5);
#7983 = AXIS2_PLACEMENT_3D('',#7984,#7985,#7986);
#7984 = CARTESIAN_POINT('',(252.4,-73.125,-4.6E-02));
#7985 = DIRECTION('',(-0.,-0.,-1.));
#7986 = DIRECTION('',(-0.,-1.,0.));
#7987 = ADVANCED_FACE('',(#7988),#7999,.F.);
#7988 = FACE_BOUND('',#7989,.T.);
#7989 = EDGE_LOOP('',(#7990,#7991,#7997,#7998));
#7990 = ORIENTED_EDGE('',*,*,#5206,.T.);
#7991 = ORIENTED_EDGE('',*,*,#7992,.T.);
#7992 = EDGE_CURVE('',#5207,#6324,#7993,.T.);
#7993 = LINE('',#7994,#7995);
#7994 = CARTESIAN_POINT('',(247.4,-72.425,-4.6E-02));
#7995 = VECTOR('',#7996,1.);
#7996 = DIRECTION('',(0.,0.,1.));
#7997 = ORIENTED_EDGE('',*,*,#6323,.F.);
#7998 = ORIENTED_EDGE('',*,*,#7992,.F.);
#7999 = CYLINDRICAL_SURFACE('',#8000,1.5);
#8000 = AXIS2_PLACEMENT_3D('',#8001,#8002,#8003);
#8001 = CARTESIAN_POINT('',(247.4,-70.925,-4.6E-02));
#8002 = DIRECTION('',(-0.,-0.,-1.));
#8003 = DIRECTION('',(-0.,-1.,0.));
#8004 = ADVANCED_FACE('',(#8005),#8016,.F.);
#8005 = FACE_BOUND('',#8006,.T.);
#8006 = EDGE_LOOP('',(#8007,#8008,#8014,#8015));
#8007 = ORIENTED_EDGE('',*,*,#5217,.T.);
#8008 = ORIENTED_EDGE('',*,*,#8009,.T.);
#8009 = EDGE_CURVE('',#5218,#6335,#8010,.T.);
#8010 = LINE('',#8011,#8012);
#8011 = CARTESIAN_POINT('',(264.,-74.085,-4.6E-02));
#8012 = VECTOR('',#8013,1.);
#8013 = DIRECTION('',(0.,0.,1.));
#8014 = ORIENTED_EDGE('',*,*,#6334,.F.);
#8015 = ORIENTED_EDGE('',*,*,#8009,.F.);
#8016 = CYLINDRICAL_SURFACE('',#8017,1.5);
#8017 = AXIS2_PLACEMENT_3D('',#8018,#8019,#8020);
#8018 = CARTESIAN_POINT('',(264.,-72.585,-4.6E-02));
#8019 = DIRECTION('',(-0.,-0.,-1.));
#8020 = DIRECTION('',(-0.,-1.,0.));
#8021 = ADVANCED_FACE('',(#8022),#8033,.F.);
#8022 = FACE_BOUND('',#8023,.T.);
#8023 = EDGE_LOOP('',(#8024,#8025,#8031,#8032));
#8024 = ORIENTED_EDGE('',*,*,#5228,.T.);
#8025 = ORIENTED_EDGE('',*,*,#8026,.T.);
#8026 = EDGE_CURVE('',#5229,#6346,#8027,.T.);
#8027 = LINE('',#8028,#8029);
#8028 = CARTESIAN_POINT('',(269.,-76.285,-4.6E-02));
#8029 = VECTOR('',#8030,1.);
#8030 = DIRECTION('',(0.,0.,1.));
#8031 = ORIENTED_EDGE('',*,*,#6345,.F.);
#8032 = ORIENTED_EDGE('',*,*,#8026,.F.);
#8033 = CYLINDRICAL_SURFACE('',#8034,1.5);
#8034 = AXIS2_PLACEMENT_3D('',#8035,#8036,#8037);
#8035 = CARTESIAN_POINT('',(269.,-74.785,-4.6E-02));
#8036 = DIRECTION('',(-0.,-0.,-1.));
#8037 = DIRECTION('',(-0.,-1.,0.));
#8038 = ADVANCED_FACE('',(#8039),#8050,.F.);
#8039 = FACE_BOUND('',#8040,.T.);
#8040 = EDGE_LOOP('',(#8041,#8042,#8048,#8049));
#8041 = ORIENTED_EDGE('',*,*,#5239,.T.);
#8042 = ORIENTED_EDGE('',*,*,#8043,.T.);
#8043 = EDGE_CURVE('',#5240,#6357,#8044,.T.);
#8044 = LINE('',#8045,#8046);
#8045 = CARTESIAN_POINT('',(235.8,-70.475,-4.6E-02));
#8046 = VECTOR('',#8047,1.);
#8047 = DIRECTION('',(0.,0.,1.));
#8048 = ORIENTED_EDGE('',*,*,#6356,.F.);
#8049 = ORIENTED_EDGE('',*,*,#8043,.F.);
#8050 = CYLINDRICAL_SURFACE('',#8051,1.5);
#8051 = AXIS2_PLACEMENT_3D('',#8052,#8053,#8054);
#8052 = CARTESIAN_POINT('',(235.8,-68.975,-4.6E-02));
#8053 = DIRECTION('',(-0.,-0.,-1.));
#8054 = DIRECTION('',(-0.,-1.,0.));
#8055 = ADVANCED_FACE('',(#8056),#8067,.F.);
#8056 = FACE_BOUND('',#8057,.T.);
#8057 = EDGE_LOOP('',(#8058,#8059,#8065,#8066));
#8058 = ORIENTED_EDGE('',*,*,#5250,.T.);
#8059 = ORIENTED_EDGE('',*,*,#8060,.T.);
#8060 = EDGE_CURVE('',#5251,#6368,#8061,.T.);
#8061 = LINE('',#8062,#8063);
#8062 = CARTESIAN_POINT('',(230.8,-68.275,-4.6E-02));
#8063 = VECTOR('',#8064,1.);
#8064 = DIRECTION('',(0.,0.,1.));
#8065 = ORIENTED_EDGE('',*,*,#6367,.F.);
#8066 = ORIENTED_EDGE('',*,*,#8060,.F.);
#8067 = CYLINDRICAL_SURFACE('',#8068,1.5);
#8068 = AXIS2_PLACEMENT_3D('',#8069,#8070,#8071);
#8069 = CARTESIAN_POINT('',(230.8,-66.775,-4.6E-02));
#8070 = DIRECTION('',(-0.,-0.,-1.));
#8071 = DIRECTION('',(-0.,-1.,0.));
#8072 = ADVANCED_FACE('',(#8073),#8084,.F.);
#8073 = FACE_BOUND('',#8074,.T.);
#8074 = EDGE_LOOP('',(#8075,#8076,#8082,#8083));
#8075 = ORIENTED_EDGE('',*,*,#5261,.T.);
#8076 = ORIENTED_EDGE('',*,*,#8077,.T.);
#8077 = EDGE_CURVE('',#5262,#6379,#8078,.T.);
#8078 = LINE('',#8079,#8080);
#8079 = CARTESIAN_POINT('',(235.8,-65.475,-4.6E-02));
#8080 = VECTOR('',#8081,1.);
#8081 = DIRECTION('',(0.,0.,1.));
#8082 = ORIENTED_EDGE('',*,*,#6378,.F.);
#8083 = ORIENTED_EDGE('',*,*,#8077,.F.);
#8084 = CYLINDRICAL_SURFACE('',#8085,2.4);
#8085 = AXIS2_PLACEMENT_3D('',#8086,#8087,#8088);
#8086 = CARTESIAN_POINT('',(235.8,-63.075,-4.6E-02));
#8087 = DIRECTION('',(-0.,-0.,-1.));
#8088 = DIRECTION('',(-0.,-1.,0.));
#8089 = ADVANCED_FACE('',(#8090),#8101,.F.);
#8090 = FACE_BOUND('',#8091,.T.);
#8091 = EDGE_LOOP('',(#8092,#8093,#8099,#8100));
#8092 = ORIENTED_EDGE('',*,*,#5272,.T.);
#8093 = ORIENTED_EDGE('',*,*,#8094,.T.);
#8094 = EDGE_CURVE('',#5273,#6390,#8095,.T.);
#8095 = LINE('',#8096,#8097);
#8096 = CARTESIAN_POINT('',(219.2,-63.4,-4.6E-02));
#8097 = VECTOR('',#8098,1.);
#8098 = DIRECTION('',(0.,0.,1.));
#8099 = ORIENTED_EDGE('',*,*,#6389,.F.);
#8100 = ORIENTED_EDGE('',*,*,#8094,.F.);
#8101 = CYLINDRICAL_SURFACE('',#8102,2.4);
#8102 = AXIS2_PLACEMENT_3D('',#8103,#8104,#8105);
#8103 = CARTESIAN_POINT('',(219.2,-61.,-4.6E-02));
#8104 = DIRECTION('',(-0.,-0.,-1.));
#8105 = DIRECTION('',(-0.,-1.,0.));
#8106 = ADVANCED_FACE('',(#8107),#8118,.F.);
#8107 = FACE_BOUND('',#8108,.T.);
#8108 = EDGE_LOOP('',(#8109,#8110,#8116,#8117));
#8109 = ORIENTED_EDGE('',*,*,#5283,.T.);
#8110 = ORIENTED_EDGE('',*,*,#8111,.T.);
#8111 = EDGE_CURVE('',#5284,#6401,#8112,.T.);
#8112 = LINE('',#8113,#8114);
#8113 = CARTESIAN_POINT('',(219.2,-56.6,-4.6E-02));
#8114 = VECTOR('',#8115,1.);
#8115 = DIRECTION('',(0.,0.,1.));
#8116 = ORIENTED_EDGE('',*,*,#6400,.F.);
#8117 = ORIENTED_EDGE('',*,*,#8111,.F.);
#8118 = CYLINDRICAL_SURFACE('',#8119,1.5);
#8119 = AXIS2_PLACEMENT_3D('',#8120,#8121,#8122);
#8120 = CARTESIAN_POINT('',(219.2,-55.1,-4.6E-02));
#8121 = DIRECTION('',(-0.,-0.,-1.));
#8122 = DIRECTION('',(-0.,-1.,0.));
#8123 = ADVANCED_FACE('',(#8124),#8135,.F.);
#8124 = FACE_BOUND('',#8125,.T.);
#8125 = EDGE_LOOP('',(#8126,#8127,#8133,#8134));
#8126 = ORIENTED_EDGE('',*,*,#5294,.T.);
#8127 = ORIENTED_EDGE('',*,*,#8128,.T.);
#8128 = EDGE_CURVE('',#5295,#6412,#8129,.T.);
#8129 = LINE('',#8130,#8131);
#8130 = CARTESIAN_POINT('',(224.2,-58.8,-4.6E-02));
#8131 = VECTOR('',#8132,1.);
#8132 = DIRECTION('',(0.,0.,1.));
#8133 = ORIENTED_EDGE('',*,*,#6411,.F.);
#8134 = ORIENTED_EDGE('',*,*,#8128,.F.);
#8135 = CYLINDRICAL_SURFACE('',#8136,1.5);
#8136 = AXIS2_PLACEMENT_3D('',#8137,#8138,#8139);
#8137 = CARTESIAN_POINT('',(224.2,-57.3,-4.6E-02));
#8138 = DIRECTION('',(-0.,-0.,-1.));
#8139 = DIRECTION('',(-0.,-1.,0.));
#8140 = ADVANCED_FACE('',(#8141),#8152,.F.);
#8141 = FACE_BOUND('',#8142,.T.);
#8142 = EDGE_LOOP('',(#8143,#8144,#8150,#8151));
#8143 = ORIENTED_EDGE('',*,*,#5305,.T.);
#8144 = ORIENTED_EDGE('',*,*,#8145,.T.);
#8145 = EDGE_CURVE('',#5306,#6423,#8146,.T.);
#8146 = LINE('',#8147,#8148);
#8147 = CARTESIAN_POINT('',(240.8,-58.025,-4.6E-02));
#8148 = VECTOR('',#8149,1.);
#8149 = DIRECTION('',(0.,0.,1.));
#8150 = ORIENTED_EDGE('',*,*,#6422,.F.);
#8151 = ORIENTED_EDGE('',*,*,#8145,.F.);
#8152 = CYLINDRICAL_SURFACE('',#8153,0.5);
#8153 = AXIS2_PLACEMENT_3D('',#8154,#8155,#8156);
#8154 = CARTESIAN_POINT('',(240.8,-57.525,-4.6E-02));
#8155 = DIRECTION('',(-0.,-0.,-1.));
#8156 = DIRECTION('',(-0.,-1.,0.));
#8157 = ADVANCED_FACE('',(#8158),#8169,.F.);
#8158 = FACE_BOUND('',#8159,.T.);
#8159 = EDGE_LOOP('',(#8160,#8161,#8167,#8168));
#8160 = ORIENTED_EDGE('',*,*,#5316,.T.);
#8161 = ORIENTED_EDGE('',*,*,#8162,.T.);
#8162 = EDGE_CURVE('',#5317,#6434,#8163,.T.);
#8163 = LINE('',#8164,#8165);
#8164 = CARTESIAN_POINT('',(252.4,-69.625,-4.6E-02));
#8165 = VECTOR('',#8166,1.);
#8166 = DIRECTION('',(0.,0.,1.));
#8167 = ORIENTED_EDGE('',*,*,#6433,.F.);
#8168 = ORIENTED_EDGE('',*,*,#8162,.F.);
#8169 = CYLINDRICAL_SURFACE('',#8170,2.4);
#8170 = AXIS2_PLACEMENT_3D('',#8171,#8172,#8173);
#8171 = CARTESIAN_POINT('',(252.4,-67.225,-4.6E-02));
#8172 = DIRECTION('',(-0.,-0.,-1.));
#8173 = DIRECTION('',(-0.,-1.,0.));
#8174 = ADVANCED_FACE('',(#8175),#8186,.F.);
#8175 = FACE_BOUND('',#8176,.T.);
#8176 = EDGE_LOOP('',(#8177,#8178,#8184,#8185));
#8177 = ORIENTED_EDGE('',*,*,#5327,.T.);
#8178 = ORIENTED_EDGE('',*,*,#8179,.T.);
#8179 = EDGE_CURVE('',#5328,#6445,#8180,.T.);
#8180 = LINE('',#8181,#8182);
#8181 = CARTESIAN_POINT('',(269.,-71.285,-4.6E-02));
#8182 = VECTOR('',#8183,1.);
#8183 = DIRECTION('',(0.,0.,1.));
#8184 = ORIENTED_EDGE('',*,*,#6444,.F.);
#8185 = ORIENTED_EDGE('',*,*,#8179,.F.);
#8186 = CYLINDRICAL_SURFACE('',#8187,2.4);
#8187 = AXIS2_PLACEMENT_3D('',#8188,#8189,#8190);
#8188 = CARTESIAN_POINT('',(269.,-68.885,-4.6E-02));
#8189 = DIRECTION('',(-0.,-0.,-1.));
#8190 = DIRECTION('',(-0.,-1.,0.));
#8191 = ADVANCED_FACE('',(#8192),#8203,.F.);
#8192 = FACE_BOUND('',#8193,.T.);
#8193 = EDGE_LOOP('',(#8194,#8195,#8201,#8202));
#8194 = ORIENTED_EDGE('',*,*,#5338,.T.);
#8195 = ORIENTED_EDGE('',*,*,#8196,.T.);
#8196 = EDGE_CURVE('',#5339,#6456,#8197,.T.);
#8197 = LINE('',#8198,#8199);
#8198 = CARTESIAN_POINT('',(274.,-63.835,-4.6E-02));
#8199 = VECTOR('',#8200,1.);
#8200 = DIRECTION('',(0.,0.,1.));
#8201 = ORIENTED_EDGE('',*,*,#6455,.F.);
#8202 = ORIENTED_EDGE('',*,*,#8196,.F.);
#8203 = CYLINDRICAL_SURFACE('',#8204,0.5);
#8204 = AXIS2_PLACEMENT_3D('',#8205,#8206,#8207);
#8205 = CARTESIAN_POINT('',(274.,-63.335,-4.6E-02));
#8206 = DIRECTION('',(-0.,-0.,-1.));
#8207 = DIRECTION('',(-0.,-1.,0.));
#8208 = ADVANCED_FACE('',(#8209),#8220,.F.);
#8209 = FACE_BOUND('',#8210,.T.);
#8210 = EDGE_LOOP('',(#8211,#8212,#8218,#8219));
#8211 = ORIENTED_EDGE('',*,*,#5349,.T.);
#8212 = ORIENTED_EDGE('',*,*,#8213,.T.);
#8213 = EDGE_CURVE('',#5350,#6467,#8214,.T.);
#8214 = LINE('',#8215,#8216);
#8215 = CARTESIAN_POINT('',(257.4,-62.175,-4.6E-02));
#8216 = VECTOR('',#8217,1.);
#8217 = DIRECTION('',(0.,0.,1.));
#8218 = ORIENTED_EDGE('',*,*,#6466,.F.);
#8219 = ORIENTED_EDGE('',*,*,#8213,.F.);
#8220 = CYLINDRICAL_SURFACE('',#8221,0.5);
#8221 = AXIS2_PLACEMENT_3D('',#8222,#8223,#8224);
#8222 = CARTESIAN_POINT('',(257.4,-61.675,-4.6E-02));
#8223 = DIRECTION('',(-0.,-0.,-1.));
#8224 = DIRECTION('',(-0.,-1.,0.));
#8225 = ( GEOMETRIC_REPRESENTATION_CONTEXT(3) 
GLOBAL_UNCERTAINTY_ASSIGNED_CONTEXT((#8229)) 
GLOBAL_UNIT_ASSIGNED_CONTEXT((#8226,#8227,#8228)) REPRESENTATION_CONTEXT
('Context #1','3D Context with UNIT and UNCERTAINTY') );
#8226 = ( LENGTH_UNIT() NAMED_UNIT(*) SI_UNIT(.MILLI.,.METRE.) );
#8227 = ( NAMED_UNIT(*) PLANE_ANGLE_UNIT() SI_UNIT($,.RADIAN.) );
#8228 = ( NAMED_UNIT(*) SI_UNIT($,.STERADIAN.) SOLID_ANGLE_UNIT() );
#8229 = UNCERTAINTY_MEASURE_WITH_UNIT(LENGTH_MEASURE(1.E-07),#8226,
  'distance_accuracy_value','confusion accuracy');
#8230 = SHAPE_DEFINITION_REPRESENTATION(#8231,#4140);
#8231 = PRODUCT_DEFINITION_SHAPE('','',#8232);
#8232 = PRODUCT_DEFINITION('design','',#8233,#8236);
#8233 = PRODUCT_DEFINITION_FORMATION('','',#8234);
#8234 = PRODUCT('assemble_PCB_2','assemble_PCB_2','',(#8235));
#8235 = PRODUCT_CONTEXT('',#2,'mechanical');
#8236 = PRODUCT_DEFINITION_CONTEXT('part definition',#2,'design');
#8237 = CONTEXT_DEPENDENT_SHAPE_REPRESENTATION(#8238,#8240);
#8238 = ( REPRESENTATION_RELATIONSHIP('','',#4140,#10) 
REPRESENTATION_RELATIONSHIP_WITH_TRANSFORMATION(#8239) 
SHAPE_REPRESENTATION_RELATIONSHIP() );
#8239 = ITEM_DEFINED_TRANSFORMATION('','',#11,#19);
#8240 = PRODUCT_DEFINITION_SHAPE('Placement','Placement of an item',
  #8241);
#8241 = NEXT_ASSEMBLY_USAGE_OCCURRENCE('2','','',#5,#8232,$);
#8242 = PRODUCT_RELATED_PRODUCT_CATEGORY('part',$,(#8234));
#8243 = ADVANCED_BREP_SHAPE_REPRESENTATION('',(#11,#8244),#9321);
#8244 = MANIFOLD_SOLID_BREP('',#8245);
#8245 = CLOSED_SHELL('',(#8246,#8286,#8317,#8348,#8616,#8884,#8896,#8913
    ,#8930,#8947,#8964,#8981,#8998,#9015,#9032,#9049,#9066,#9083,#9100,
    #9122,#9139,#9156,#9168,#9190,#9207,#9224,#9236,#9258,#9275,#9292,
    #9304));
#8246 = ADVANCED_FACE('',(#8247),#8281,.T.);
#8247 = FACE_BOUND('',#8248,.T.);
#8248 = EDGE_LOOP('',(#8249,#8259,#8267,#8275));
#8249 = ORIENTED_EDGE('',*,*,#8250,.T.);
#8250 = EDGE_CURVE('',#8251,#8253,#8255,.T.);
#8251 = VERTEX_POINT('',#8252);
#8252 = CARTESIAN_POINT('',(144.9,-48.1,0.));
#8253 = VERTEX_POINT('',#8254);
#8254 = CARTESIAN_POINT('',(144.9,-48.1,1.51));
#8255 = LINE('',#8256,#8257);
#8256 = CARTESIAN_POINT('',(144.9,-48.1,0.));
#8257 = VECTOR('',#8258,1.);
#8258 = DIRECTION('',(0.,0.,1.));
#8259 = ORIENTED_EDGE('',*,*,#8260,.T.);
#8260 = EDGE_CURVE('',#8253,#8261,#8263,.T.);
#8261 = VERTEX_POINT('',#8262);
#8262 = CARTESIAN_POINT('',(63.9,-48.1,1.51));
#8263 = LINE('',#8264,#8265);
#8264 = CARTESIAN_POINT('',(144.9,-48.1,1.51));
#8265 = VECTOR('',#8266,1.);
#8266 = DIRECTION('',(-1.,0.,0.));
#8267 = ORIENTED_EDGE('',*,*,#8268,.F.);
#8268 = EDGE_CURVE('',#8269,#8261,#8271,.T.);
#8269 = VERTEX_POINT('',#8270);
#8270 = CARTESIAN_POINT('',(63.9,-48.1,0.));
#8271 = LINE('',#8272,#8273);
#8272 = CARTESIAN_POINT('',(63.9,-48.1,0.));
#8273 = VECTOR('',#8274,1.);
#8274 = DIRECTION('',(0.,0.,1.));
#8275 = ORIENTED_EDGE('',*,*,#8276,.F.);
#8276 = EDGE_CURVE('',#8251,#8269,#8277,.T.);
#8277 = LINE('',#8278,#8279);
#8278 = CARTESIAN_POINT('',(144.9,-48.1,0.));
#8279 = VECTOR('',#8280,1.);
#8280 = DIRECTION('',(-1.,0.,0.));
#8281 = PLANE('',#8282);
#8282 = AXIS2_PLACEMENT_3D('',#8283,#8284,#8285);
#8283 = CARTESIAN_POINT('',(144.9,-48.1,0.));
#8284 = DIRECTION('',(0.,-1.,0.));
#8285 = DIRECTION('',(-1.,0.,0.));
#8286 = ADVANCED_FACE('',(#8287),#8312,.T.);
#8287 = FACE_BOUND('',#8288,.T.);
#8288 = EDGE_LOOP('',(#8289,#8299,#8305,#8306));
#8289 = ORIENTED_EDGE('',*,*,#8290,.T.);
#8290 = EDGE_CURVE('',#8291,#8293,#8295,.T.);
#8291 = VERTEX_POINT('',#8292);
#8292 = CARTESIAN_POINT('',(144.9,-33.1,0.));
#8293 = VERTEX_POINT('',#8294);
#8294 = CARTESIAN_POINT('',(144.9,-33.1,1.51));
#8295 = LINE('',#8296,#8297);
#8296 = CARTESIAN_POINT('',(144.9,-33.1,0.));
#8297 = VECTOR('',#8298,1.);
#8298 = DIRECTION('',(0.,0.,1.));
#8299 = ORIENTED_EDGE('',*,*,#8300,.T.);
#8300 = EDGE_CURVE('',#8293,#8253,#8301,.T.);
#8301 = LINE('',#8302,#8303);
#8302 = CARTESIAN_POINT('',(144.9,-33.1,1.51));
#8303 = VECTOR('',#8304,1.);
#8304 = DIRECTION('',(0.,-1.,0.));
#8305 = ORIENTED_EDGE('',*,*,#8250,.F.);
#8306 = ORIENTED_EDGE('',*,*,#8307,.F.);
#8307 = EDGE_CURVE('',#8291,#8251,#8308,.T.);
#8308 = LINE('',#8309,#8310);
#8309 = CARTESIAN_POINT('',(144.9,-33.1,0.));
#8310 = VECTOR('',#8311,1.);
#8311 = DIRECTION('',(0.,-1.,0.));
#8312 = PLANE('',#8313);
#8313 = AXIS2_PLACEMENT_3D('',#8314,#8315,#8316);
#8314 = CARTESIAN_POINT('',(144.9,-33.1,0.));
#8315 = DIRECTION('',(1.,0.,-0.));
#8316 = DIRECTION('',(0.,-1.,0.));
#8317 = ADVANCED_FACE('',(#8318),#8343,.T.);
#8318 = FACE_BOUND('',#8319,.T.);
#8319 = EDGE_LOOP('',(#8320,#8321,#8329,#8337));
#8320 = ORIENTED_EDGE('',*,*,#8268,.T.);
#8321 = ORIENTED_EDGE('',*,*,#8322,.T.);
#8322 = EDGE_CURVE('',#8261,#8323,#8325,.T.);
#8323 = VERTEX_POINT('',#8324);
#8324 = CARTESIAN_POINT('',(63.9,-33.1,1.51));
#8325 = LINE('',#8326,#8327);
#8326 = CARTESIAN_POINT('',(63.9,-48.1,1.51));
#8327 = VECTOR('',#8328,1.);
#8328 = DIRECTION('',(0.,1.,0.));
#8329 = ORIENTED_EDGE('',*,*,#8330,.F.);
#8330 = EDGE_CURVE('',#8331,#8323,#8333,.T.);
#8331 = VERTEX_POINT('',#8332);
#8332 = CARTESIAN_POINT('',(63.9,-33.1,0.));
#8333 = LINE('',#8334,#8335);
#8334 = CARTESIAN_POINT('',(63.9,-33.1,0.));
#8335 = VECTOR('',#8336,1.);
#8336 = DIRECTION('',(0.,0.,1.));
#8337 = ORIENTED_EDGE('',*,*,#8338,.F.);
#8338 = EDGE_CURVE('',#8269,#8331,#8339,.T.);
#8339 = LINE('',#8340,#8341);
#8340 = CARTESIAN_POINT('',(63.9,-48.1,0.));
#8341 = VECTOR('',#8342,1.);
#8342 = DIRECTION('',(0.,1.,0.));
#8343 = PLANE('',#8344);
#8344 = AXIS2_PLACEMENT_3D('',#8345,#8346,#8347);
#8345 = CARTESIAN_POINT('',(63.9,-48.1,0.));
#8346 = DIRECTION('',(-1.,0.,0.));
#8347 = DIRECTION('',(0.,1.,0.));
#8348 = ADVANCED_FACE('',(#8349,#8360,#8371,#8382,#8393,#8404,#8415,
    #8426,#8437,#8448,#8459,#8470,#8481,#8492,#8528,#8564,#8600),#8611,
  .F.);
#8349 = FACE_BOUND('',#8350,.F.);
#8350 = EDGE_LOOP('',(#8351,#8352,#8353,#8359));
#8351 = ORIENTED_EDGE('',*,*,#8276,.F.);
#8352 = ORIENTED_EDGE('',*,*,#8307,.F.);
#8353 = ORIENTED_EDGE('',*,*,#8354,.F.);
#8354 = EDGE_CURVE('',#8331,#8291,#8355,.T.);
#8355 = LINE('',#8356,#8357);
#8356 = CARTESIAN_POINT('',(63.9,-33.1,0.));
#8357 = VECTOR('',#8358,1.);
#8358 = DIRECTION('',(1.,0.,0.));
#8359 = ORIENTED_EDGE('',*,*,#8338,.F.);
#8360 = FACE_BOUND('',#8361,.F.);
#8361 = EDGE_LOOP('',(#8362));
#8362 = ORIENTED_EDGE('',*,*,#8363,.T.);
#8363 = EDGE_CURVE('',#8364,#8364,#8366,.T.);
#8364 = VERTEX_POINT('',#8365);
#8365 = CARTESIAN_POINT('',(66.7,-46.4,0.));
#8366 = CIRCLE('',#8367,1.1);
#8367 = AXIS2_PLACEMENT_3D('',#8368,#8369,#8370);
#8368 = CARTESIAN_POINT('',(66.7,-45.3,0.));
#8369 = DIRECTION('',(-0.,0.,-1.));
#8370 = DIRECTION('',(1.2918958832E-14,-1.,-0.));
#8371 = FACE_BOUND('',#8372,.F.);
#8372 = EDGE_LOOP('',(#8373));
#8373 = ORIENTED_EDGE('',*,*,#8374,.T.);
#8374 = EDGE_CURVE('',#8375,#8375,#8377,.T.);
#8375 = VERTEX_POINT('',#8376);
#8376 = CARTESIAN_POINT('',(126.85,-46.91,0.));
#8377 = CIRCLE('',#8378,0.5);
#8378 = AXIS2_PLACEMENT_3D('',#8379,#8380,#8381);
#8379 = CARTESIAN_POINT('',(126.85,-46.41,0.));
#8380 = DIRECTION('',(-0.,0.,-1.));
#8381 = DIRECTION('',(-0.,-1.,0.));
#8382 = FACE_BOUND('',#8383,.F.);
#8383 = EDGE_LOOP('',(#8384));
#8384 = ORIENTED_EDGE('',*,*,#8385,.T.);
#8385 = EDGE_CURVE('',#8386,#8386,#8388,.T.);
#8386 = VERTEX_POINT('',#8387);
#8387 = CARTESIAN_POINT('',(129.35,-46.91,0.));
#8388 = CIRCLE('',#8389,0.5);
#8389 = AXIS2_PLACEMENT_3D('',#8390,#8391,#8392);
#8390 = CARTESIAN_POINT('',(129.35,-46.41,0.));
#8391 = DIRECTION('',(-0.,0.,-1.));
#8392 = DIRECTION('',(-0.,-1.,0.));
#8393 = FACE_BOUND('',#8394,.F.);
#8394 = EDGE_LOOP('',(#8395));
#8395 = ORIENTED_EDGE('',*,*,#8396,.T.);
#8396 = EDGE_CURVE('',#8397,#8397,#8399,.T.);
#8397 = VERTEX_POINT('',#8398);
#8398 = CARTESIAN_POINT('',(131.89,-46.91,0.));
#8399 = CIRCLE('',#8400,0.5);
#8400 = AXIS2_PLACEMENT_3D('',#8401,#8402,#8403);
#8401 = CARTESIAN_POINT('',(131.89,-46.41,0.));
#8402 = DIRECTION('',(-0.,0.,-1.));
#8403 = DIRECTION('',(-0.,-1.,0.));
#8404 = FACE_BOUND('',#8405,.F.);
#8405 = EDGE_LOOP('',(#8406));
#8406 = ORIENTED_EDGE('',*,*,#8407,.T.);
#8407 = EDGE_CURVE('',#8408,#8408,#8410,.T.);
#8408 = VERTEX_POINT('',#8409);
#8409 = CARTESIAN_POINT('',(139.3,-45.165,0.));
#8410 = CIRCLE('',#8411,0.365);
#8411 = AXIS2_PLACEMENT_3D('',#8412,#8413,#8414);
#8412 = CARTESIAN_POINT('',(139.3,-44.8,0.));
#8413 = DIRECTION('',(-0.,0.,-1.));
#8414 = DIRECTION('',(-0.,-1.,0.));
#8415 = FACE_BOUND('',#8416,.F.);
#8416 = EDGE_LOOP('',(#8417));
#8417 = ORIENTED_EDGE('',*,*,#8418,.T.);
#8418 = EDGE_CURVE('',#8419,#8419,#8421,.T.);
#8419 = VERTEX_POINT('',#8420);
#8420 = CARTESIAN_POINT('',(140.8,-45.165,0.));
#8421 = CIRCLE('',#8422,0.365);
#8422 = AXIS2_PLACEMENT_3D('',#8423,#8424,#8425);
#8423 = CARTESIAN_POINT('',(140.8,-44.8,0.));
#8424 = DIRECTION('',(-0.,0.,-1.));
#8425 = DIRECTION('',(-0.,-1.,0.));
#8426 = FACE_BOUND('',#8427,.F.);
#8427 = EDGE_LOOP('',(#8428));
#8428 = ORIENTED_EDGE('',*,*,#8429,.T.);
#8429 = EDGE_CURVE('',#8430,#8430,#8432,.T.);
#8430 = VERTEX_POINT('',#8431);
#8431 = CARTESIAN_POINT('',(142.3,-45.165,0.));
#8432 = CIRCLE('',#8433,0.365);
#8433 = AXIS2_PLACEMENT_3D('',#8434,#8435,#8436);
#8434 = CARTESIAN_POINT('',(142.3,-44.8,0.));
#8435 = DIRECTION('',(-0.,0.,-1.));
#8436 = DIRECTION('',(-0.,-1.,0.));
#8437 = FACE_BOUND('',#8438,.F.);
#8438 = EDGE_LOOP('',(#8439));
#8439 = ORIENTED_EDGE('',*,*,#8440,.T.);
#8440 = EDGE_CURVE('',#8441,#8441,#8443,.T.);
#8441 = VERTEX_POINT('',#8442);
#8442 = CARTESIAN_POINT('',(72.8,-41.11,0.));
#8443 = CIRCLE('',#8444,0.51);
#8444 = AXIS2_PLACEMENT_3D('',#8445,#8446,#8447);
#8445 = CARTESIAN_POINT('',(72.8,-40.6,0.));
#8446 = DIRECTION('',(-0.,0.,-1.));
#8447 = DIRECTION('',(-2.78644210102E-14,-1.,0.));
#8448 = FACE_BOUND('',#8449,.F.);
#8449 = EDGE_LOOP('',(#8450));
#8450 = ORIENTED_EDGE('',*,*,#8451,.T.);
#8451 = EDGE_CURVE('',#8452,#8452,#8454,.T.);
#8452 = VERTEX_POINT('',#8453);
#8453 = CARTESIAN_POINT('',(117.6,-41.11,0.));
#8454 = CIRCLE('',#8455,0.51);
#8455 = AXIS2_PLACEMENT_3D('',#8456,#8457,#8458);
#8456 = CARTESIAN_POINT('',(117.6,-40.6,0.));
#8457 = DIRECTION('',(-0.,0.,-1.));
#8458 = DIRECTION('',(-0.,-1.,0.));
#8459 = FACE_BOUND('',#8460,.F.);
#8460 = EDGE_LOOP('',(#8461));
#8461 = ORIENTED_EDGE('',*,*,#8462,.T.);
#8462 = EDGE_CURVE('',#8463,#8463,#8465,.T.);
#8463 = VERTEX_POINT('',#8464);
#8464 = CARTESIAN_POINT('',(126.81,-39.29,0.));
#8465 = CIRCLE('',#8466,0.5);
#8466 = AXIS2_PLACEMENT_3D('',#8467,#8468,#8469);
#8467 = CARTESIAN_POINT('',(126.81,-38.79,0.));
#8468 = DIRECTION('',(-0.,0.,-1.));
#8469 = DIRECTION('',(-0.,-1.,0.));
#8470 = FACE_BOUND('',#8471,.F.);
#8471 = EDGE_LOOP('',(#8472));
#8472 = ORIENTED_EDGE('',*,*,#8473,.T.);
#8473 = EDGE_CURVE('',#8474,#8474,#8476,.T.);
#8474 = VERTEX_POINT('',#8475);
#8475 = CARTESIAN_POINT('',(129.35,-39.29,0.));
#8476 = CIRCLE('',#8477,0.5);
#8477 = AXIS2_PLACEMENT_3D('',#8478,#8479,#8480);
#8478 = CARTESIAN_POINT('',(129.35,-38.79,0.));
#8479 = DIRECTION('',(-0.,0.,-1.));
#8480 = DIRECTION('',(-0.,-1.,0.));
#8481 = FACE_BOUND('',#8482,.F.);
#8482 = EDGE_LOOP('',(#8483));
#8483 = ORIENTED_EDGE('',*,*,#8484,.T.);
#8484 = EDGE_CURVE('',#8485,#8485,#8487,.T.);
#8485 = VERTEX_POINT('',#8486);
#8486 = CARTESIAN_POINT('',(131.89,-39.29,0.));
#8487 = CIRCLE('',#8488,0.5);
#8488 = AXIS2_PLACEMENT_3D('',#8489,#8490,#8491);
#8489 = CARTESIAN_POINT('',(131.89,-38.79,0.));
#8490 = DIRECTION('',(-0.,0.,-1.));
#8491 = DIRECTION('',(-0.,-1.,0.));
#8492 = FACE_BOUND('',#8493,.F.);
#8493 = EDGE_LOOP('',(#8494,#8505,#8513,#8522));
#8494 = ORIENTED_EDGE('',*,*,#8495,.T.);
#8495 = EDGE_CURVE('',#8496,#8498,#8500,.T.);
#8496 = VERTEX_POINT('',#8497);
#8497 = CARTESIAN_POINT('',(127.75,-35.6,0.));
#8498 = VERTEX_POINT('',#8499);
#8499 = CARTESIAN_POINT('',(127.75,-36.1,0.));
#8500 = CIRCLE('',#8501,0.25);
#8501 = AXIS2_PLACEMENT_3D('',#8502,#8503,#8504);
#8502 = CARTESIAN_POINT('',(127.75,-35.85,0.));
#8503 = DIRECTION('',(-0.,0.,-1.));
#8504 = DIRECTION('',(-0.,-1.,0.));
#8505 = ORIENTED_EDGE('',*,*,#8506,.T.);
#8506 = EDGE_CURVE('',#8498,#8507,#8509,.T.);
#8507 = VERTEX_POINT('',#8508);
#8508 = CARTESIAN_POINT('',(127.45,-36.1,0.));
#8509 = LINE('',#8510,#8511);
#8510 = CARTESIAN_POINT('',(63.725,-36.1,0.));
#8511 = VECTOR('',#8512,1.);
#8512 = DIRECTION('',(-1.,0.,0.));
#8513 = ORIENTED_EDGE('',*,*,#8514,.T.);
#8514 = EDGE_CURVE('',#8507,#8515,#8517,.T.);
#8515 = VERTEX_POINT('',#8516);
#8516 = CARTESIAN_POINT('',(127.45,-35.6,0.));
#8517 = CIRCLE('',#8518,0.25);
#8518 = AXIS2_PLACEMENT_3D('',#8519,#8520,#8521);
#8519 = CARTESIAN_POINT('',(127.45,-35.85,0.));
#8520 = DIRECTION('',(-0.,0.,-1.));
#8521 = DIRECTION('',(0.,1.,0.));
#8522 = ORIENTED_EDGE('',*,*,#8523,.T.);
#8523 = EDGE_CURVE('',#8515,#8496,#8524,.T.);
#8524 = LINE('',#8525,#8526);
#8525 = CARTESIAN_POINT('',(63.875,-35.6,0.));
#8526 = VECTOR('',#8527,1.);
#8527 = DIRECTION('',(1.,0.,-0.));
#8528 = FACE_BOUND('',#8529,.F.);
#8529 = EDGE_LOOP('',(#8530,#8541,#8549,#8558));
#8530 = ORIENTED_EDGE('',*,*,#8531,.T.);
#8531 = EDGE_CURVE('',#8532,#8534,#8536,.T.);
#8532 = VERTEX_POINT('',#8533);
#8533 = CARTESIAN_POINT('',(130.25,-35.6,0.));
#8534 = VERTEX_POINT('',#8535);
#8535 = CARTESIAN_POINT('',(130.25,-36.1,0.));
#8536 = CIRCLE('',#8537,0.25);
#8537 = AXIS2_PLACEMENT_3D('',#8538,#8539,#8540);
#8538 = CARTESIAN_POINT('',(130.25,-35.85,0.));
#8539 = DIRECTION('',(-0.,0.,-1.));
#8540 = DIRECTION('',(-0.,-1.,0.));
#8541 = ORIENTED_EDGE('',*,*,#8542,.T.);
#8542 = EDGE_CURVE('',#8534,#8543,#8545,.T.);
#8543 = VERTEX_POINT('',#8544);
#8544 = CARTESIAN_POINT('',(129.95,-36.1,0.));
#8545 = LINE('',#8546,#8547);
#8546 = CARTESIAN_POINT('',(64.975,-36.1,0.));
#8547 = VECTOR('',#8548,1.);
#8548 = DIRECTION('',(-1.,0.,0.));
#8549 = ORIENTED_EDGE('',*,*,#8550,.T.);
#8550 = EDGE_CURVE('',#8543,#8551,#8553,.T.);
#8551 = VERTEX_POINT('',#8552);
#8552 = CARTESIAN_POINT('',(129.95,-35.6,0.));
#8553 = CIRCLE('',#8554,0.25);
#8554 = AXIS2_PLACEMENT_3D('',#8555,#8556,#8557);
#8555 = CARTESIAN_POINT('',(129.95,-35.85,0.));
#8556 = DIRECTION('',(-0.,0.,-1.));
#8557 = DIRECTION('',(0.,1.,0.));
#8558 = ORIENTED_EDGE('',*,*,#8559,.T.);
#8559 = EDGE_CURVE('',#8551,#8532,#8560,.T.);
#8560 = LINE('',#8561,#8562);
#8561 = CARTESIAN_POINT('',(65.125,-35.6,0.));
#8562 = VECTOR('',#8563,1.);
#8563 = DIRECTION('',(1.,0.,-0.));
#8564 = FACE_BOUND('',#8565,.F.);
#8565 = EDGE_LOOP('',(#8566,#8577,#8585,#8594));
#8566 = ORIENTED_EDGE('',*,*,#8567,.T.);
#8567 = EDGE_CURVE('',#8568,#8570,#8572,.T.);
#8568 = VERTEX_POINT('',#8569);
#8569 = CARTESIAN_POINT('',(132.75,-35.6,0.));
#8570 = VERTEX_POINT('',#8571);
#8571 = CARTESIAN_POINT('',(132.75,-36.1,0.));
#8572 = CIRCLE('',#8573,0.25);
#8573 = AXIS2_PLACEMENT_3D('',#8574,#8575,#8576);
#8574 = CARTESIAN_POINT('',(132.75,-35.85,0.));
#8575 = DIRECTION('',(-0.,0.,-1.));
#8576 = DIRECTION('',(-0.,-1.,0.));
#8577 = ORIENTED_EDGE('',*,*,#8578,.T.);
#8578 = EDGE_CURVE('',#8570,#8579,#8581,.T.);
#8579 = VERTEX_POINT('',#8580);
#8580 = CARTESIAN_POINT('',(132.45,-36.1,0.));
#8581 = LINE('',#8582,#8583);
#8582 = CARTESIAN_POINT('',(66.225,-36.1,0.));
#8583 = VECTOR('',#8584,1.);
#8584 = DIRECTION('',(-1.,0.,0.));
#8585 = ORIENTED_EDGE('',*,*,#8586,.T.);
#8586 = EDGE_CURVE('',#8579,#8587,#8589,.T.);
#8587 = VERTEX_POINT('',#8588);
#8588 = CARTESIAN_POINT('',(132.45,-35.6,0.));
#8589 = CIRCLE('',#8590,0.25);
#8590 = AXIS2_PLACEMENT_3D('',#8591,#8592,#8593);
#8591 = CARTESIAN_POINT('',(132.45,-35.85,0.));
#8592 = DIRECTION('',(-0.,0.,-1.));
#8593 = DIRECTION('',(0.,1.,0.));
#8594 = ORIENTED_EDGE('',*,*,#8595,.T.);
#8595 = EDGE_CURVE('',#8587,#8568,#8596,.T.);
#8596 = LINE('',#8597,#8598);
#8597 = CARTESIAN_POINT('',(66.375,-35.6,0.));
#8598 = VECTOR('',#8599,1.);
#8599 = DIRECTION('',(1.,0.,-0.));
#8600 = FACE_BOUND('',#8601,.F.);
#8601 = EDGE_LOOP('',(#8602));
#8602 = ORIENTED_EDGE('',*,*,#8603,.T.);
#8603 = EDGE_CURVE('',#8604,#8604,#8606,.T.);
#8604 = VERTEX_POINT('',#8605);
#8605 = CARTESIAN_POINT('',(142.1,-37.,0.));
#8606 = CIRCLE('',#8607,1.1);
#8607 = AXIS2_PLACEMENT_3D('',#8608,#8609,#8610);
#8608 = CARTESIAN_POINT('',(142.1,-35.9,0.));
#8609 = DIRECTION('',(-0.,0.,-1.));
#8610 = DIRECTION('',(-0.,-1.,0.));
#8611 = PLANE('',#8612);
#8612 = AXIS2_PLACEMENT_3D('',#8613,#8614,#8615);
#8613 = CARTESIAN_POINT('',(0.,0.,0.));
#8614 = DIRECTION('',(0.,0.,1.));
#8615 = DIRECTION('',(1.,0.,-0.));
#8616 = ADVANCED_FACE('',(#8617,#8628,#8639,#8650,#8661,#8672,#8683,
    #8694,#8705,#8716,#8727,#8738,#8749,#8760,#8796,#8832,#8868),#8879,
  .T.);
#8617 = FACE_BOUND('',#8618,.T.);
#8618 = EDGE_LOOP('',(#8619,#8620,#8621,#8627));
#8619 = ORIENTED_EDGE('',*,*,#8260,.F.);
#8620 = ORIENTED_EDGE('',*,*,#8300,.F.);
#8621 = ORIENTED_EDGE('',*,*,#8622,.F.);
#8622 = EDGE_CURVE('',#8323,#8293,#8623,.T.);
#8623 = LINE('',#8624,#8625);
#8624 = CARTESIAN_POINT('',(63.9,-33.1,1.51));
#8625 = VECTOR('',#8626,1.);
#8626 = DIRECTION('',(1.,0.,0.));
#8627 = ORIENTED_EDGE('',*,*,#8322,.F.);
#8628 = FACE_BOUND('',#8629,.T.);
#8629 = EDGE_LOOP('',(#8630));
#8630 = ORIENTED_EDGE('',*,*,#8631,.T.);
#8631 = EDGE_CURVE('',#8632,#8632,#8634,.T.);
#8632 = VERTEX_POINT('',#8633);
#8633 = CARTESIAN_POINT('',(66.7,-46.4,1.51));
#8634 = CIRCLE('',#8635,1.1);
#8635 = AXIS2_PLACEMENT_3D('',#8636,#8637,#8638);
#8636 = CARTESIAN_POINT('',(66.7,-45.3,1.51));
#8637 = DIRECTION('',(-0.,0.,-1.));
#8638 = DIRECTION('',(1.2918958832E-14,-1.,-0.));
#8639 = FACE_BOUND('',#8640,.T.);
#8640 = EDGE_LOOP('',(#8641));
#8641 = ORIENTED_EDGE('',*,*,#8642,.T.);
#8642 = EDGE_CURVE('',#8643,#8643,#8645,.T.);
#8643 = VERTEX_POINT('',#8644);
#8644 = CARTESIAN_POINT('',(126.85,-46.91,1.51));
#8645 = CIRCLE('',#8646,0.5);
#8646 = AXIS2_PLACEMENT_3D('',#8647,#8648,#8649);
#8647 = CARTESIAN_POINT('',(126.85,-46.41,1.51));
#8648 = DIRECTION('',(-0.,0.,-1.));
#8649 = DIRECTION('',(-0.,-1.,0.));
#8650 = FACE_BOUND('',#8651,.T.);
#8651 = EDGE_LOOP('',(#8652));
#8652 = ORIENTED_EDGE('',*,*,#8653,.T.);
#8653 = EDGE_CURVE('',#8654,#8654,#8656,.T.);
#8654 = VERTEX_POINT('',#8655);
#8655 = CARTESIAN_POINT('',(129.35,-46.91,1.51));
#8656 = CIRCLE('',#8657,0.5);
#8657 = AXIS2_PLACEMENT_3D('',#8658,#8659,#8660);
#8658 = CARTESIAN_POINT('',(129.35,-46.41,1.51));
#8659 = DIRECTION('',(-0.,0.,-1.));
#8660 = DIRECTION('',(-0.,-1.,0.));
#8661 = FACE_BOUND('',#8662,.T.);
#8662 = EDGE_LOOP('',(#8663));
#8663 = ORIENTED_EDGE('',*,*,#8664,.T.);
#8664 = EDGE_CURVE('',#8665,#8665,#8667,.T.);
#8665 = VERTEX_POINT('',#8666);
#8666 = CARTESIAN_POINT('',(131.89,-46.91,1.51));
#8667 = CIRCLE('',#8668,0.5);
#8668 = AXIS2_PLACEMENT_3D('',#8669,#8670,#8671);
#8669 = CARTESIAN_POINT('',(131.89,-46.41,1.51));
#8670 = DIRECTION('',(-0.,0.,-1.));
#8671 = DIRECTION('',(-0.,-1.,0.));
#8672 = FACE_BOUND('',#8673,.T.);
#8673 = EDGE_LOOP('',(#8674));
#8674 = ORIENTED_EDGE('',*,*,#8675,.T.);
#8675 = EDGE_CURVE('',#8676,#8676,#8678,.T.);
#8676 = VERTEX_POINT('',#8677);
#8677 = CARTESIAN_POINT('',(139.3,-45.165,1.51));
#8678 = CIRCLE('',#8679,0.365);
#8679 = AXIS2_PLACEMENT_3D('',#8680,#8681,#8682);
#8680 = CARTESIAN_POINT('',(139.3,-44.8,1.51));
#8681 = DIRECTION('',(-0.,0.,-1.));
#8682 = DIRECTION('',(-0.,-1.,0.));
#8683 = FACE_BOUND('',#8684,.T.);
#8684 = EDGE_LOOP('',(#8685));
#8685 = ORIENTED_EDGE('',*,*,#8686,.T.);
#8686 = EDGE_CURVE('',#8687,#8687,#8689,.T.);
#8687 = VERTEX_POINT('',#8688);
#8688 = CARTESIAN_POINT('',(140.8,-45.165,1.51));
#8689 = CIRCLE('',#8690,0.365);
#8690 = AXIS2_PLACEMENT_3D('',#8691,#8692,#8693);
#8691 = CARTESIAN_POINT('',(140.8,-44.8,1.51));
#8692 = DIRECTION('',(-0.,0.,-1.));
#8693 = DIRECTION('',(-0.,-1.,0.));
#8694 = FACE_BOUND('',#8695,.T.);
#8695 = EDGE_LOOP('',(#8696));
#8696 = ORIENTED_EDGE('',*,*,#8697,.T.);
#8697 = EDGE_CURVE('',#8698,#8698,#8700,.T.);
#8698 = VERTEX_POINT('',#8699);
#8699 = CARTESIAN_POINT('',(142.3,-45.165,1.51));
#8700 = CIRCLE('',#8701,0.365);
#8701 = AXIS2_PLACEMENT_3D('',#8702,#8703,#8704);
#8702 = CARTESIAN_POINT('',(142.3,-44.8,1.51));
#8703 = DIRECTION('',(-0.,0.,-1.));
#8704 = DIRECTION('',(-0.,-1.,0.));
#8705 = FACE_BOUND('',#8706,.T.);
#8706 = EDGE_LOOP('',(#8707));
#8707 = ORIENTED_EDGE('',*,*,#8708,.T.);
#8708 = EDGE_CURVE('',#8709,#8709,#8711,.T.);
#8709 = VERTEX_POINT('',#8710);
#8710 = CARTESIAN_POINT('',(72.8,-41.11,1.51));
#8711 = CIRCLE('',#8712,0.51);
#8712 = AXIS2_PLACEMENT_3D('',#8713,#8714,#8715);
#8713 = CARTESIAN_POINT('',(72.8,-40.6,1.51));
#8714 = DIRECTION('',(-0.,0.,-1.));
#8715 = DIRECTION('',(-2.78644210102E-14,-1.,0.));
#8716 = FACE_BOUND('',#8717,.T.);
#8717 = EDGE_LOOP('',(#8718));
#8718 = ORIENTED_EDGE('',*,*,#8719,.T.);
#8719 = EDGE_CURVE('',#8720,#8720,#8722,.T.);
#8720 = VERTEX_POINT('',#8721);
#8721 = CARTESIAN_POINT('',(117.6,-41.11,1.51));
#8722 = CIRCLE('',#8723,0.51);
#8723 = AXIS2_PLACEMENT_3D('',#8724,#8725,#8726);
#8724 = CARTESIAN_POINT('',(117.6,-40.6,1.51));
#8725 = DIRECTION('',(-0.,0.,-1.));
#8726 = DIRECTION('',(-0.,-1.,0.));
#8727 = FACE_BOUND('',#8728,.T.);
#8728 = EDGE_LOOP('',(#8729));
#8729 = ORIENTED_EDGE('',*,*,#8730,.T.);
#8730 = EDGE_CURVE('',#8731,#8731,#8733,.T.);
#8731 = VERTEX_POINT('',#8732);
#8732 = CARTESIAN_POINT('',(126.81,-39.29,1.51));
#8733 = CIRCLE('',#8734,0.5);
#8734 = AXIS2_PLACEMENT_3D('',#8735,#8736,#8737);
#8735 = CARTESIAN_POINT('',(126.81,-38.79,1.51));
#8736 = DIRECTION('',(-0.,0.,-1.));
#8737 = DIRECTION('',(-0.,-1.,0.));
#8738 = FACE_BOUND('',#8739,.T.);
#8739 = EDGE_LOOP('',(#8740));
#8740 = ORIENTED_EDGE('',*,*,#8741,.T.);
#8741 = EDGE_CURVE('',#8742,#8742,#8744,.T.);
#8742 = VERTEX_POINT('',#8743);
#8743 = CARTESIAN_POINT('',(129.35,-39.29,1.51));
#8744 = CIRCLE('',#8745,0.5);
#8745 = AXIS2_PLACEMENT_3D('',#8746,#8747,#8748);
#8746 = CARTESIAN_POINT('',(129.35,-38.79,1.51));
#8747 = DIRECTION('',(-0.,0.,-1.));
#8748 = DIRECTION('',(-0.,-1.,0.));
#8749 = FACE_BOUND('',#8750,.T.);
#8750 = EDGE_LOOP('',(#8751));
#8751 = ORIENTED_EDGE('',*,*,#8752,.T.);
#8752 = EDGE_CURVE('',#8753,#8753,#8755,.T.);
#8753 = VERTEX_POINT('',#8754);
#8754 = CARTESIAN_POINT('',(131.89,-39.29,1.51));
#8755 = CIRCLE('',#8756,0.5);
#8756 = AXIS2_PLACEMENT_3D('',#8757,#8758,#8759);
#8757 = CARTESIAN_POINT('',(131.89,-38.79,1.51));
#8758 = DIRECTION('',(-0.,0.,-1.));
#8759 = DIRECTION('',(-0.,-1.,0.));
#8760 = FACE_BOUND('',#8761,.T.);
#8761 = EDGE_LOOP('',(#8762,#8773,#8781,#8790));
#8762 = ORIENTED_EDGE('',*,*,#8763,.T.);
#8763 = EDGE_CURVE('',#8764,#8766,#8768,.T.);
#8764 = VERTEX_POINT('',#8765);
#8765 = CARTESIAN_POINT('',(127.75,-35.6,1.51));
#8766 = VERTEX_POINT('',#8767);
#8767 = CARTESIAN_POINT('',(127.75,-36.1,1.51));
#8768 = CIRCLE('',#8769,0.25);
#8769 = AXIS2_PLACEMENT_3D('',#8770,#8771,#8772);
#8770 = CARTESIAN_POINT('',(127.75,-35.85,1.51));
#8771 = DIRECTION('',(-0.,0.,-1.));
#8772 = DIRECTION('',(-0.,-1.,0.));
#8773 = ORIENTED_EDGE('',*,*,#8774,.T.);
#8774 = EDGE_CURVE('',#8766,#8775,#8777,.T.);
#8775 = VERTEX_POINT('',#8776);
#8776 = CARTESIAN_POINT('',(127.45,-36.1,1.51));
#8777 = LINE('',#8778,#8779);
#8778 = CARTESIAN_POINT('',(63.725,-36.1,1.51));
#8779 = VECTOR('',#8780,1.);
#8780 = DIRECTION('',(-1.,0.,0.));
#8781 = ORIENTED_EDGE('',*,*,#8782,.T.);
#8782 = EDGE_CURVE('',#8775,#8783,#8785,.T.);
#8783 = VERTEX_POINT('',#8784);
#8784 = CARTESIAN_POINT('',(127.45,-35.6,1.51));
#8785 = CIRCLE('',#8786,0.25);
#8786 = AXIS2_PLACEMENT_3D('',#8787,#8788,#8789);
#8787 = CARTESIAN_POINT('',(127.45,-35.85,1.51));
#8788 = DIRECTION('',(-0.,0.,-1.));
#8789 = DIRECTION('',(0.,1.,0.));
#8790 = ORIENTED_EDGE('',*,*,#8791,.T.);
#8791 = EDGE_CURVE('',#8783,#8764,#8792,.T.);
#8792 = LINE('',#8793,#8794);
#8793 = CARTESIAN_POINT('',(63.875,-35.6,1.51));
#8794 = VECTOR('',#8795,1.);
#8795 = DIRECTION('',(1.,0.,-0.));
#8796 = FACE_BOUND('',#8797,.T.);
#8797 = EDGE_LOOP('',(#8798,#8809,#8817,#8826));
#8798 = ORIENTED_EDGE('',*,*,#8799,.T.);
#8799 = EDGE_CURVE('',#8800,#8802,#8804,.T.);
#8800 = VERTEX_POINT('',#8801);
#8801 = CARTESIAN_POINT('',(130.25,-35.6,1.51));
#8802 = VERTEX_POINT('',#8803);
#8803 = CARTESIAN_POINT('',(130.25,-36.1,1.51));
#8804 = CIRCLE('',#8805,0.25);
#8805 = AXIS2_PLACEMENT_3D('',#8806,#8807,#8808);
#8806 = CARTESIAN_POINT('',(130.25,-35.85,1.51));
#8807 = DIRECTION('',(-0.,0.,-1.));
#8808 = DIRECTION('',(-0.,-1.,0.));
#8809 = ORIENTED_EDGE('',*,*,#8810,.T.);
#8810 = EDGE_CURVE('',#8802,#8811,#8813,.T.);
#8811 = VERTEX_POINT('',#8812);
#8812 = CARTESIAN_POINT('',(129.95,-36.1,1.51));
#8813 = LINE('',#8814,#8815);
#8814 = CARTESIAN_POINT('',(64.975,-36.1,1.51));
#8815 = VECTOR('',#8816,1.);
#8816 = DIRECTION('',(-1.,0.,0.));
#8817 = ORIENTED_EDGE('',*,*,#8818,.T.);
#8818 = EDGE_CURVE('',#8811,#8819,#8821,.T.);
#8819 = VERTEX_POINT('',#8820);
#8820 = CARTESIAN_POINT('',(129.95,-35.6,1.51));
#8821 = CIRCLE('',#8822,0.25);
#8822 = AXIS2_PLACEMENT_3D('',#8823,#8824,#8825);
#8823 = CARTESIAN_POINT('',(129.95,-35.85,1.51));
#8824 = DIRECTION('',(-0.,0.,-1.));
#8825 = DIRECTION('',(0.,1.,0.));
#8826 = ORIENTED_EDGE('',*,*,#8827,.T.);
#8827 = EDGE_CURVE('',#8819,#8800,#8828,.T.);
#8828 = LINE('',#8829,#8830);
#8829 = CARTESIAN_POINT('',(65.125,-35.6,1.51));
#8830 = VECTOR('',#8831,1.);
#8831 = DIRECTION('',(1.,0.,-0.));
#8832 = FACE_BOUND('',#8833,.T.);
#8833 = EDGE_LOOP('',(#8834,#8845,#8853,#8862));
#8834 = ORIENTED_EDGE('',*,*,#8835,.T.);
#8835 = EDGE_CURVE('',#8836,#8838,#8840,.T.);
#8836 = VERTEX_POINT('',#8837);
#8837 = CARTESIAN_POINT('',(132.75,-35.6,1.51));
#8838 = VERTEX_POINT('',#8839);
#8839 = CARTESIAN_POINT('',(132.75,-36.1,1.51));
#8840 = CIRCLE('',#8841,0.25);
#8841 = AXIS2_PLACEMENT_3D('',#8842,#8843,#8844);
#8842 = CARTESIAN_POINT('',(132.75,-35.85,1.51));
#8843 = DIRECTION('',(-0.,0.,-1.));
#8844 = DIRECTION('',(-0.,-1.,0.));
#8845 = ORIENTED_EDGE('',*,*,#8846,.T.);
#8846 = EDGE_CURVE('',#8838,#8847,#8849,.T.);
#8847 = VERTEX_POINT('',#8848);
#8848 = CARTESIAN_POINT('',(132.45,-36.1,1.51));
#8849 = LINE('',#8850,#8851);
#8850 = CARTESIAN_POINT('',(66.225,-36.1,1.51));
#8851 = VECTOR('',#8852,1.);
#8852 = DIRECTION('',(-1.,0.,0.));
#8853 = ORIENTED_EDGE('',*,*,#8854,.T.);
#8854 = EDGE_CURVE('',#8847,#8855,#8857,.T.);
#8855 = VERTEX_POINT('',#8856);
#8856 = CARTESIAN_POINT('',(132.45,-35.6,1.51));
#8857 = CIRCLE('',#8858,0.25);
#8858 = AXIS2_PLACEMENT_3D('',#8859,#8860,#8861);
#8859 = CARTESIAN_POINT('',(132.45,-35.85,1.51));
#8860 = DIRECTION('',(-0.,0.,-1.));
#8861 = DIRECTION('',(0.,1.,0.));
#8862 = ORIENTED_EDGE('',*,*,#8863,.T.);
#8863 = EDGE_CURVE('',#8855,#8836,#8864,.T.);
#8864 = LINE('',#8865,#8866);
#8865 = CARTESIAN_POINT('',(66.375,-35.6,1.51));
#8866 = VECTOR('',#8867,1.);
#8867 = DIRECTION('',(1.,0.,-0.));
#8868 = FACE_BOUND('',#8869,.T.);
#8869 = EDGE_LOOP('',(#8870));
#8870 = ORIENTED_EDGE('',*,*,#8871,.T.);
#8871 = EDGE_CURVE('',#8872,#8872,#8874,.T.);
#8872 = VERTEX_POINT('',#8873);
#8873 = CARTESIAN_POINT('',(142.1,-37.,1.51));
#8874 = CIRCLE('',#8875,1.1);
#8875 = AXIS2_PLACEMENT_3D('',#8876,#8877,#8878);
#8876 = CARTESIAN_POINT('',(142.1,-35.9,1.51));
#8877 = DIRECTION('',(-0.,0.,-1.));
#8878 = DIRECTION('',(-0.,-1.,0.));
#8879 = PLANE('',#8880);
#8880 = AXIS2_PLACEMENT_3D('',#8881,#8882,#8883);
#8881 = CARTESIAN_POINT('',(0.,0.,1.51));
#8882 = DIRECTION('',(0.,0.,1.));
#8883 = DIRECTION('',(1.,0.,-0.));
#8884 = ADVANCED_FACE('',(#8885),#8891,.T.);
#8885 = FACE_BOUND('',#8886,.T.);
#8886 = EDGE_LOOP('',(#8887,#8888,#8889,#8890));
#8887 = ORIENTED_EDGE('',*,*,#8330,.T.);
#8888 = ORIENTED_EDGE('',*,*,#8622,.T.);
#8889 = ORIENTED_EDGE('',*,*,#8290,.F.);
#8890 = ORIENTED_EDGE('',*,*,#8354,.F.);
#8891 = PLANE('',#8892);
#8892 = AXIS2_PLACEMENT_3D('',#8893,#8894,#8895);
#8893 = CARTESIAN_POINT('',(63.9,-33.1,0.));
#8894 = DIRECTION('',(0.,1.,0.));
#8895 = DIRECTION('',(1.,0.,0.));
#8896 = ADVANCED_FACE('',(#8897),#8908,.F.);
#8897 = FACE_BOUND('',#8898,.T.);
#8898 = EDGE_LOOP('',(#8899,#8900,#8906,#8907));
#8899 = ORIENTED_EDGE('',*,*,#8363,.T.);
#8900 = ORIENTED_EDGE('',*,*,#8901,.T.);
#8901 = EDGE_CURVE('',#8364,#8632,#8902,.T.);
#8902 = LINE('',#8903,#8904);
#8903 = CARTESIAN_POINT('',(66.7,-46.4,-4.6E-02));
#8904 = VECTOR('',#8905,1.);
#8905 = DIRECTION('',(0.,0.,1.));
#8906 = ORIENTED_EDGE('',*,*,#8631,.F.);
#8907 = ORIENTED_EDGE('',*,*,#8901,.F.);
#8908 = CYLINDRICAL_SURFACE('',#8909,1.1);
#8909 = AXIS2_PLACEMENT_3D('',#8910,#8911,#8912);
#8910 = CARTESIAN_POINT('',(66.7,-45.3,-4.6E-02));
#8911 = DIRECTION('',(-0.,0.,-1.));
#8912 = DIRECTION('',(1.2918958832E-14,-1.,-0.));
#8913 = ADVANCED_FACE('',(#8914),#8925,.F.);
#8914 = FACE_BOUND('',#8915,.T.);
#8915 = EDGE_LOOP('',(#8916,#8917,#8923,#8924));
#8916 = ORIENTED_EDGE('',*,*,#8374,.T.);
#8917 = ORIENTED_EDGE('',*,*,#8918,.T.);
#8918 = EDGE_CURVE('',#8375,#8643,#8919,.T.);
#8919 = LINE('',#8920,#8921);
#8920 = CARTESIAN_POINT('',(126.85,-46.91,-4.6E-02));
#8921 = VECTOR('',#8922,1.);
#8922 = DIRECTION('',(0.,0.,1.));
#8923 = ORIENTED_EDGE('',*,*,#8642,.F.);
#8924 = ORIENTED_EDGE('',*,*,#8918,.F.);
#8925 = CYLINDRICAL_SURFACE('',#8926,0.5);
#8926 = AXIS2_PLACEMENT_3D('',#8927,#8928,#8929);
#8927 = CARTESIAN_POINT('',(126.85,-46.41,-4.6E-02));
#8928 = DIRECTION('',(-0.,-0.,-1.));
#8929 = DIRECTION('',(-0.,-1.,0.));
#8930 = ADVANCED_FACE('',(#8931),#8942,.F.);
#8931 = FACE_BOUND('',#8932,.T.);
#8932 = EDGE_LOOP('',(#8933,#8934,#8940,#8941));
#8933 = ORIENTED_EDGE('',*,*,#8385,.T.);
#8934 = ORIENTED_EDGE('',*,*,#8935,.T.);
#8935 = EDGE_CURVE('',#8386,#8654,#8936,.T.);
#8936 = LINE('',#8937,#8938);
#8937 = CARTESIAN_POINT('',(129.35,-46.91,-4.6E-02));
#8938 = VECTOR('',#8939,1.);
#8939 = DIRECTION('',(0.,0.,1.));
#8940 = ORIENTED_EDGE('',*,*,#8653,.F.);
#8941 = ORIENTED_EDGE('',*,*,#8935,.F.);
#8942 = CYLINDRICAL_SURFACE('',#8943,0.5);
#8943 = AXIS2_PLACEMENT_3D('',#8944,#8945,#8946);
#8944 = CARTESIAN_POINT('',(129.35,-46.41,-4.6E-02));
#8945 = DIRECTION('',(-0.,-0.,-1.));
#8946 = DIRECTION('',(-0.,-1.,0.));
#8947 = ADVANCED_FACE('',(#8948),#8959,.F.);
#8948 = FACE_BOUND('',#8949,.T.);
#8949 = EDGE_LOOP('',(#8950,#8951,#8957,#8958));
#8950 = ORIENTED_EDGE('',*,*,#8396,.T.);
#8951 = ORIENTED_EDGE('',*,*,#8952,.T.);
#8952 = EDGE_CURVE('',#8397,#8665,#8953,.T.);
#8953 = LINE('',#8954,#8955);
#8954 = CARTESIAN_POINT('',(131.89,-46.91,-4.6E-02));
#8955 = VECTOR('',#8956,1.);
#8956 = DIRECTION('',(0.,0.,1.));
#8957 = ORIENTED_EDGE('',*,*,#8664,.F.);
#8958 = ORIENTED_EDGE('',*,*,#8952,.F.);
#8959 = CYLINDRICAL_SURFACE('',#8960,0.5);
#8960 = AXIS2_PLACEMENT_3D('',#8961,#8962,#8963);
#8961 = CARTESIAN_POINT('',(131.89,-46.41,-4.6E-02));
#8962 = DIRECTION('',(-0.,-0.,-1.));
#8963 = DIRECTION('',(-0.,-1.,0.));
#8964 = ADVANCED_FACE('',(#8965),#8976,.F.);
#8965 = FACE_BOUND('',#8966,.T.);
#8966 = EDGE_LOOP('',(#8967,#8968,#8974,#8975));
#8967 = ORIENTED_EDGE('',*,*,#8407,.T.);
#8968 = ORIENTED_EDGE('',*,*,#8969,.T.);
#8969 = EDGE_CURVE('',#8408,#8676,#8970,.T.);
#8970 = LINE('',#8971,#8972);
#8971 = CARTESIAN_POINT('',(139.3,-45.165,-4.6E-02));
#8972 = VECTOR('',#8973,1.);
#8973 = DIRECTION('',(0.,0.,1.));
#8974 = ORIENTED_EDGE('',*,*,#8675,.F.);
#8975 = ORIENTED_EDGE('',*,*,#8969,.F.);
#8976 = CYLINDRICAL_SURFACE('',#8977,0.365);
#8977 = AXIS2_PLACEMENT_3D('',#8978,#8979,#8980);
#8978 = CARTESIAN_POINT('',(139.3,-44.8,-4.6E-02));
#8979 = DIRECTION('',(-0.,-0.,-1.));
#8980 = DIRECTION('',(-0.,-1.,0.));
#8981 = ADVANCED_FACE('',(#8982),#8993,.F.);
#8982 = FACE_BOUND('',#8983,.T.);
#8983 = EDGE_LOOP('',(#8984,#8985,#8991,#8992));
#8984 = ORIENTED_EDGE('',*,*,#8418,.T.);
#8985 = ORIENTED_EDGE('',*,*,#8986,.T.);
#8986 = EDGE_CURVE('',#8419,#8687,#8987,.T.);
#8987 = LINE('',#8988,#8989);
#8988 = CARTESIAN_POINT('',(140.8,-45.165,-4.6E-02));
#8989 = VECTOR('',#8990,1.);
#8990 = DIRECTION('',(0.,0.,1.));
#8991 = ORIENTED_EDGE('',*,*,#8686,.F.);
#8992 = ORIENTED_EDGE('',*,*,#8986,.F.);
#8993 = CYLINDRICAL_SURFACE('',#8994,0.365);
#8994 = AXIS2_PLACEMENT_3D('',#8995,#8996,#8997);
#8995 = CARTESIAN_POINT('',(140.8,-44.8,-4.6E-02));
#8996 = DIRECTION('',(-0.,-0.,-1.));
#8997 = DIRECTION('',(-0.,-1.,0.));
#8998 = ADVANCED_FACE('',(#8999),#9010,.F.);
#8999 = FACE_BOUND('',#9000,.T.);
#9000 = EDGE_LOOP('',(#9001,#9002,#9008,#9009));
#9001 = ORIENTED_EDGE('',*,*,#8429,.T.);
#9002 = ORIENTED_EDGE('',*,*,#9003,.T.);
#9003 = EDGE_CURVE('',#8430,#8698,#9004,.T.);
#9004 = LINE('',#9005,#9006);
#9005 = CARTESIAN_POINT('',(142.3,-45.165,-4.6E-02));
#9006 = VECTOR('',#9007,1.);
#9007 = DIRECTION('',(0.,0.,1.));
#9008 = ORIENTED_EDGE('',*,*,#8697,.F.);
#9009 = ORIENTED_EDGE('',*,*,#9003,.F.);
#9010 = CYLINDRICAL_SURFACE('',#9011,0.365);
#9011 = AXIS2_PLACEMENT_3D('',#9012,#9013,#9014);
#9012 = CARTESIAN_POINT('',(142.3,-44.8,-4.6E-02));
#9013 = DIRECTION('',(-0.,-0.,-1.));
#9014 = DIRECTION('',(-0.,-1.,0.));
#9015 = ADVANCED_FACE('',(#9016),#9027,.F.);
#9016 = FACE_BOUND('',#9017,.T.);
#9017 = EDGE_LOOP('',(#9018,#9019,#9025,#9026));
#9018 = ORIENTED_EDGE('',*,*,#8440,.T.);
#9019 = ORIENTED_EDGE('',*,*,#9020,.T.);
#9020 = EDGE_CURVE('',#8441,#8709,#9021,.T.);
#9021 = LINE('',#9022,#9023);
#9022 = CARTESIAN_POINT('',(72.8,-41.11,-4.6E-02));
#9023 = VECTOR('',#9024,1.);
#9024 = DIRECTION('',(0.,0.,1.));
#9025 = ORIENTED_EDGE('',*,*,#8708,.F.);
#9026 = ORIENTED_EDGE('',*,*,#9020,.F.);
#9027 = CYLINDRICAL_SURFACE('',#9028,0.51);
#9028 = AXIS2_PLACEMENT_3D('',#9029,#9030,#9031);
#9029 = CARTESIAN_POINT('',(72.8,-40.6,-4.6E-02));
#9030 = DIRECTION('',(-0.,-0.,-1.));
#9031 = DIRECTION('',(-2.78644210102E-14,-1.,0.));
#9032 = ADVANCED_FACE('',(#9033),#9044,.F.);
#9033 = FACE_BOUND('',#9034,.T.);
#9034 = EDGE_LOOP('',(#9035,#9036,#9042,#9043));
#9035 = ORIENTED_EDGE('',*,*,#8451,.T.);
#9036 = ORIENTED_EDGE('',*,*,#9037,.T.);
#9037 = EDGE_CURVE('',#8452,#8720,#9038,.T.);
#9038 = LINE('',#9039,#9040);
#9039 = CARTESIAN_POINT('',(117.6,-41.11,-4.6E-02));
#9040 = VECTOR('',#9041,1.);
#9041 = DIRECTION('',(0.,0.,1.));
#9042 = ORIENTED_EDGE('',*,*,#8719,.F.);
#9043 = ORIENTED_EDGE('',*,*,#9037,.F.);
#9044 = CYLINDRICAL_SURFACE('',#9045,0.51);
#9045 = AXIS2_PLACEMENT_3D('',#9046,#9047,#9048);
#9046 = CARTESIAN_POINT('',(117.6,-40.6,-4.6E-02));
#9047 = DIRECTION('',(-0.,-0.,-1.));
#9048 = DIRECTION('',(-0.,-1.,0.));
#9049 = ADVANCED_FACE('',(#9050),#9061,.F.);
#9050 = FACE_BOUND('',#9051,.T.);
#9051 = EDGE_LOOP('',(#9052,#9053,#9059,#9060));
#9052 = ORIENTED_EDGE('',*,*,#8462,.T.);
#9053 = ORIENTED_EDGE('',*,*,#9054,.T.);
#9054 = EDGE_CURVE('',#8463,#8731,#9055,.T.);
#9055 = LINE('',#9056,#9057);
#9056 = CARTESIAN_POINT('',(126.81,-39.29,-4.6E-02));
#9057 = VECTOR('',#9058,1.);
#9058 = DIRECTION('',(0.,0.,1.));
#9059 = ORIENTED_EDGE('',*,*,#8730,.F.);
#9060 = ORIENTED_EDGE('',*,*,#9054,.F.);
#9061 = CYLINDRICAL_SURFACE('',#9062,0.5);
#9062 = AXIS2_PLACEMENT_3D('',#9063,#9064,#9065);
#9063 = CARTESIAN_POINT('',(126.81,-38.79,-4.6E-02));
#9064 = DIRECTION('',(-0.,-0.,-1.));
#9065 = DIRECTION('',(-0.,-1.,0.));
#9066 = ADVANCED_FACE('',(#9067),#9078,.F.);
#9067 = FACE_BOUND('',#9068,.T.);
#9068 = EDGE_LOOP('',(#9069,#9070,#9076,#9077));
#9069 = ORIENTED_EDGE('',*,*,#8473,.T.);
#9070 = ORIENTED_EDGE('',*,*,#9071,.T.);
#9071 = EDGE_CURVE('',#8474,#8742,#9072,.T.);
#9072 = LINE('',#9073,#9074);
#9073 = CARTESIAN_POINT('',(129.35,-39.29,-4.6E-02));
#9074 = VECTOR('',#9075,1.);
#9075 = DIRECTION('',(0.,0.,1.));
#9076 = ORIENTED_EDGE('',*,*,#8741,.F.);
#9077 = ORIENTED_EDGE('',*,*,#9071,.F.);
#9078 = CYLINDRICAL_SURFACE('',#9079,0.5);
#9079 = AXIS2_PLACEMENT_3D('',#9080,#9081,#9082);
#9080 = CARTESIAN_POINT('',(129.35,-38.79,-4.6E-02));
#9081 = DIRECTION('',(-0.,-0.,-1.));
#9082 = DIRECTION('',(-0.,-1.,0.));
#9083 = ADVANCED_FACE('',(#9084),#9095,.F.);
#9084 = FACE_BOUND('',#9085,.T.);
#9085 = EDGE_LOOP('',(#9086,#9087,#9093,#9094));
#9086 = ORIENTED_EDGE('',*,*,#8484,.T.);
#9087 = ORIENTED_EDGE('',*,*,#9088,.T.);
#9088 = EDGE_CURVE('',#8485,#8753,#9089,.T.);
#9089 = LINE('',#9090,#9091);
#9090 = CARTESIAN_POINT('',(131.89,-39.29,-4.6E-02));
#9091 = VECTOR('',#9092,1.);
#9092 = DIRECTION('',(0.,0.,1.));
#9093 = ORIENTED_EDGE('',*,*,#8752,.F.);
#9094 = ORIENTED_EDGE('',*,*,#9088,.F.);
#9095 = CYLINDRICAL_SURFACE('',#9096,0.5);
#9096 = AXIS2_PLACEMENT_3D('',#9097,#9098,#9099);
#9097 = CARTESIAN_POINT('',(131.89,-38.79,-4.6E-02));
#9098 = DIRECTION('',(-0.,-0.,-1.));
#9099 = DIRECTION('',(-0.,-1.,0.));
#9100 = ADVANCED_FACE('',(#9101),#9117,.F.);
#9101 = FACE_BOUND('',#9102,.T.);
#9102 = EDGE_LOOP('',(#9103,#9104,#9110,#9111));
#9103 = ORIENTED_EDGE('',*,*,#8495,.T.);
#9104 = ORIENTED_EDGE('',*,*,#9105,.T.);
#9105 = EDGE_CURVE('',#8498,#8766,#9106,.T.);
#9106 = LINE('',#9107,#9108);
#9107 = CARTESIAN_POINT('',(127.75,-36.1,-4.6E-02));
#9108 = VECTOR('',#9109,1.);
#9109 = DIRECTION('',(0.,0.,1.));
#9110 = ORIENTED_EDGE('',*,*,#8763,.F.);
#9111 = ORIENTED_EDGE('',*,*,#9112,.F.);
#9112 = EDGE_CURVE('',#8496,#8764,#9113,.T.);
#9113 = LINE('',#9114,#9115);
#9114 = CARTESIAN_POINT('',(127.75,-35.6,-4.6E-02));
#9115 = VECTOR('',#9116,1.);
#9116 = DIRECTION('',(0.,0.,1.));
#9117 = CYLINDRICAL_SURFACE('',#9118,0.25);
#9118 = AXIS2_PLACEMENT_3D('',#9119,#9120,#9121);
#9119 = CARTESIAN_POINT('',(127.75,-35.85,-4.6E-02));
#9120 = DIRECTION('',(-0.,-0.,-1.));
#9121 = DIRECTION('',(-0.,-1.,0.));
#9122 = ADVANCED_FACE('',(#9123),#9134,.T.);
#9123 = FACE_BOUND('',#9124,.T.);
#9124 = EDGE_LOOP('',(#9125,#9126,#9127,#9128));
#9125 = ORIENTED_EDGE('',*,*,#8523,.T.);
#9126 = ORIENTED_EDGE('',*,*,#9112,.T.);
#9127 = ORIENTED_EDGE('',*,*,#8791,.F.);
#9128 = ORIENTED_EDGE('',*,*,#9129,.F.);
#9129 = EDGE_CURVE('',#8515,#8783,#9130,.T.);
#9130 = LINE('',#9131,#9132);
#9131 = CARTESIAN_POINT('',(127.45,-35.6,-4.6E-02));
#9132 = VECTOR('',#9133,1.);
#9133 = DIRECTION('',(0.,0.,1.));
#9134 = PLANE('',#9135);
#9135 = AXIS2_PLACEMENT_3D('',#9136,#9137,#9138);
#9136 = CARTESIAN_POINT('',(127.75,-35.6,-4.6E-02));
#9137 = DIRECTION('',(0.,-1.,0.));
#9138 = DIRECTION('',(-1.,0.,0.));
#9139 = ADVANCED_FACE('',(#9140),#9151,.F.);
#9140 = FACE_BOUND('',#9141,.T.);
#9141 = EDGE_LOOP('',(#9142,#9143,#9144,#9145));
#9142 = ORIENTED_EDGE('',*,*,#8514,.T.);
#9143 = ORIENTED_EDGE('',*,*,#9129,.T.);
#9144 = ORIENTED_EDGE('',*,*,#8782,.F.);
#9145 = ORIENTED_EDGE('',*,*,#9146,.F.);
#9146 = EDGE_CURVE('',#8507,#8775,#9147,.T.);
#9147 = LINE('',#9148,#9149);
#9148 = CARTESIAN_POINT('',(127.45,-36.1,-4.6E-02));
#9149 = VECTOR('',#9150,1.);
#9150 = DIRECTION('',(0.,0.,1.));
#9151 = CYLINDRICAL_SURFACE('',#9152,0.25);
#9152 = AXIS2_PLACEMENT_3D('',#9153,#9154,#9155);
#9153 = CARTESIAN_POINT('',(127.45,-35.85,-4.6E-02));
#9154 = DIRECTION('',(-0.,0.,-1.));
#9155 = DIRECTION('',(0.,1.,0.));
#9156 = ADVANCED_FACE('',(#9157),#9163,.T.);
#9157 = FACE_BOUND('',#9158,.T.);
#9158 = EDGE_LOOP('',(#9159,#9160,#9161,#9162));
#9159 = ORIENTED_EDGE('',*,*,#8506,.T.);
#9160 = ORIENTED_EDGE('',*,*,#9146,.T.);
#9161 = ORIENTED_EDGE('',*,*,#8774,.F.);
#9162 = ORIENTED_EDGE('',*,*,#9105,.F.);
#9163 = PLANE('',#9164);
#9164 = AXIS2_PLACEMENT_3D('',#9165,#9166,#9167);
#9165 = CARTESIAN_POINT('',(127.45,-36.1,-4.6E-02));
#9166 = DIRECTION('',(0.,1.,0.));
#9167 = DIRECTION('',(1.,0.,0.));
#9168 = ADVANCED_FACE('',(#9169),#9185,.F.);
#9169 = FACE_BOUND('',#9170,.T.);
#9170 = EDGE_LOOP('',(#9171,#9172,#9178,#9179));
#9171 = ORIENTED_EDGE('',*,*,#8531,.T.);
#9172 = ORIENTED_EDGE('',*,*,#9173,.T.);
#9173 = EDGE_CURVE('',#8534,#8802,#9174,.T.);
#9174 = LINE('',#9175,#9176);
#9175 = CARTESIAN_POINT('',(130.25,-36.1,-4.6E-02));
#9176 = VECTOR('',#9177,1.);
#9177 = DIRECTION('',(0.,0.,1.));
#9178 = ORIENTED_EDGE('',*,*,#8799,.F.);
#9179 = ORIENTED_EDGE('',*,*,#9180,.F.);
#9180 = EDGE_CURVE('',#8532,#8800,#9181,.T.);
#9181 = LINE('',#9182,#9183);
#9182 = CARTESIAN_POINT('',(130.25,-35.6,-4.6E-02));
#9183 = VECTOR('',#9184,1.);
#9184 = DIRECTION('',(0.,0.,1.));
#9185 = CYLINDRICAL_SURFACE('',#9186,0.25);
#9186 = AXIS2_PLACEMENT_3D('',#9187,#9188,#9189);
#9187 = CARTESIAN_POINT('',(130.25,-35.85,-4.6E-02));
#9188 = DIRECTION('',(-0.,-0.,-1.));
#9189 = DIRECTION('',(-0.,-1.,0.));
#9190 = ADVANCED_FACE('',(#9191),#9202,.T.);
#9191 = FACE_BOUND('',#9192,.T.);
#9192 = EDGE_LOOP('',(#9193,#9194,#9195,#9196));
#9193 = ORIENTED_EDGE('',*,*,#8559,.T.);
#9194 = ORIENTED_EDGE('',*,*,#9180,.T.);
#9195 = ORIENTED_EDGE('',*,*,#8827,.F.);
#9196 = ORIENTED_EDGE('',*,*,#9197,.F.);
#9197 = EDGE_CURVE('',#8551,#8819,#9198,.T.);
#9198 = LINE('',#9199,#9200);
#9199 = CARTESIAN_POINT('',(129.95,-35.6,-4.6E-02));
#9200 = VECTOR('',#9201,1.);
#9201 = DIRECTION('',(0.,0.,1.));
#9202 = PLANE('',#9203);
#9203 = AXIS2_PLACEMENT_3D('',#9204,#9205,#9206);
#9204 = CARTESIAN_POINT('',(130.25,-35.6,-4.6E-02));
#9205 = DIRECTION('',(0.,-1.,0.));
#9206 = DIRECTION('',(-1.,0.,0.));
#9207 = ADVANCED_FACE('',(#9208),#9219,.F.);
#9208 = FACE_BOUND('',#9209,.T.);
#9209 = EDGE_LOOP('',(#9210,#9211,#9212,#9213));
#9210 = ORIENTED_EDGE('',*,*,#8550,.T.);
#9211 = ORIENTED_EDGE('',*,*,#9197,.T.);
#9212 = ORIENTED_EDGE('',*,*,#8818,.F.);
#9213 = ORIENTED_EDGE('',*,*,#9214,.F.);
#9214 = EDGE_CURVE('',#8543,#8811,#9215,.T.);
#9215 = LINE('',#9216,#9217);
#9216 = CARTESIAN_POINT('',(129.95,-36.1,-4.6E-02));
#9217 = VECTOR('',#9218,1.);
#9218 = DIRECTION('',(0.,0.,1.));
#9219 = CYLINDRICAL_SURFACE('',#9220,0.25);
#9220 = AXIS2_PLACEMENT_3D('',#9221,#9222,#9223);
#9221 = CARTESIAN_POINT('',(129.95,-35.85,-4.6E-02));
#9222 = DIRECTION('',(-0.,0.,-1.));
#9223 = DIRECTION('',(0.,1.,0.));
#9224 = ADVANCED_FACE('',(#9225),#9231,.T.);
#9225 = FACE_BOUND('',#9226,.T.);
#9226 = EDGE_LOOP('',(#9227,#9228,#9229,#9230));
#9227 = ORIENTED_EDGE('',*,*,#8542,.T.);
#9228 = ORIENTED_EDGE('',*,*,#9214,.T.);
#9229 = ORIENTED_EDGE('',*,*,#8810,.F.);
#9230 = ORIENTED_EDGE('',*,*,#9173,.F.);
#9231 = PLANE('',#9232);
#9232 = AXIS2_PLACEMENT_3D('',#9233,#9234,#9235);
#9233 = CARTESIAN_POINT('',(129.95,-36.1,-4.6E-02));
#9234 = DIRECTION('',(0.,1.,0.));
#9235 = DIRECTION('',(1.,0.,0.));
#9236 = ADVANCED_FACE('',(#9237),#9253,.F.);
#9237 = FACE_BOUND('',#9238,.T.);
#9238 = EDGE_LOOP('',(#9239,#9240,#9246,#9247));
#9239 = ORIENTED_EDGE('',*,*,#8567,.T.);
#9240 = ORIENTED_EDGE('',*,*,#9241,.T.);
#9241 = EDGE_CURVE('',#8570,#8838,#9242,.T.);
#9242 = LINE('',#9243,#9244);
#9243 = CARTESIAN_POINT('',(132.75,-36.1,-4.6E-02));
#9244 = VECTOR('',#9245,1.);
#9245 = DIRECTION('',(0.,0.,1.));
#9246 = ORIENTED_EDGE('',*,*,#8835,.F.);
#9247 = ORIENTED_EDGE('',*,*,#9248,.F.);
#9248 = EDGE_CURVE('',#8568,#8836,#9249,.T.);
#9249 = LINE('',#9250,#9251);
#9250 = CARTESIAN_POINT('',(132.75,-35.6,-4.6E-02));
#9251 = VECTOR('',#9252,1.);
#9252 = DIRECTION('',(0.,0.,1.));
#9253 = CYLINDRICAL_SURFACE('',#9254,0.25);
#9254 = AXIS2_PLACEMENT_3D('',#9255,#9256,#9257);
#9255 = CARTESIAN_POINT('',(132.75,-35.85,-4.6E-02));
#9256 = DIRECTION('',(-0.,-0.,-1.));
#9257 = DIRECTION('',(-0.,-1.,0.));
#9258 = ADVANCED_FACE('',(#9259),#9270,.T.);
#9259 = FACE_BOUND('',#9260,.T.);
#9260 = EDGE_LOOP('',(#9261,#9262,#9263,#9264));
#9261 = ORIENTED_EDGE('',*,*,#8595,.T.);
#9262 = ORIENTED_EDGE('',*,*,#9248,.T.);
#9263 = ORIENTED_EDGE('',*,*,#8863,.F.);
#9264 = ORIENTED_EDGE('',*,*,#9265,.F.);
#9265 = EDGE_CURVE('',#8587,#8855,#9266,.T.);
#9266 = LINE('',#9267,#9268);
#9267 = CARTESIAN_POINT('',(132.45,-35.6,-4.6E-02));
#9268 = VECTOR('',#9269,1.);
#9269 = DIRECTION('',(0.,0.,1.));
#9270 = PLANE('',#9271);
#9271 = AXIS2_PLACEMENT_3D('',#9272,#9273,#9274);
#9272 = CARTESIAN_POINT('',(132.75,-35.6,-4.6E-02));
#9273 = DIRECTION('',(0.,-1.,0.));
#9274 = DIRECTION('',(-1.,0.,0.));
#9275 = ADVANCED_FACE('',(#9276),#9287,.F.);
#9276 = FACE_BOUND('',#9277,.T.);
#9277 = EDGE_LOOP('',(#9278,#9279,#9280,#9281));
#9278 = ORIENTED_EDGE('',*,*,#8586,.T.);
#9279 = ORIENTED_EDGE('',*,*,#9265,.T.);
#9280 = ORIENTED_EDGE('',*,*,#8854,.F.);
#9281 = ORIENTED_EDGE('',*,*,#9282,.F.);
#9282 = EDGE_CURVE('',#8579,#8847,#9283,.T.);
#9283 = LINE('',#9284,#9285);
#9284 = CARTESIAN_POINT('',(132.45,-36.1,-4.6E-02));
#9285 = VECTOR('',#9286,1.);
#9286 = DIRECTION('',(0.,0.,1.));
#9287 = CYLINDRICAL_SURFACE('',#9288,0.25);
#9288 = AXIS2_PLACEMENT_3D('',#9289,#9290,#9291);
#9289 = CARTESIAN_POINT('',(132.45,-35.85,-4.6E-02));
#9290 = DIRECTION('',(-0.,0.,-1.));
#9291 = DIRECTION('',(0.,1.,0.));
#9292 = ADVANCED_FACE('',(#9293),#9299,.T.);
#9293 = FACE_BOUND('',#9294,.T.);
#9294 = EDGE_LOOP('',(#9295,#9296,#9297,#9298));
#9295 = ORIENTED_EDGE('',*,*,#8578,.T.);
#9296 = ORIENTED_EDGE('',*,*,#9282,.T.);
#9297 = ORIENTED_EDGE('',*,*,#8846,.F.);
#9298 = ORIENTED_EDGE('',*,*,#9241,.F.);
#9299 = PLANE('',#9300);
#9300 = AXIS2_PLACEMENT_3D('',#9301,#9302,#9303);
#9301 = CARTESIAN_POINT('',(132.45,-36.1,-4.6E-02));
#9302 = DIRECTION('',(0.,1.,0.));
#9303 = DIRECTION('',(1.,0.,0.));
#9304 = ADVANCED_FACE('',(#9305),#9316,.F.);
#9305 = FACE_BOUND('',#9306,.T.);
#9306 = EDGE_LOOP('',(#9307,#9308,#9314,#9315));
#9307 = ORIENTED_EDGE('',*,*,#8603,.T.);
#9308 = ORIENTED_EDGE('',*,*,#9309,.T.);
#9309 = EDGE_CURVE('',#8604,#8872,#9310,.T.);
#9310 = LINE('',#9311,#9312);
#9311 = CARTESIAN_POINT('',(142.1,-37.,-4.6E-02));
#9312 = VECTOR('',#9313,1.);
#9313 = DIRECTION('',(0.,0.,1.));
#9314 = ORIENTED_EDGE('',*,*,#8871,.F.);
#9315 = ORIENTED_EDGE('',*,*,#9309,.F.);
#9316 = CYLINDRICAL_SURFACE('',#9317,1.1);
#9317 = AXIS2_PLACEMENT_3D('',#9318,#9319,#9320);
#9318 = CARTESIAN_POINT('',(142.1,-35.9,-4.6E-02));
#9319 = DIRECTION('',(-0.,-0.,-1.));
#9320 = DIRECTION('',(-0.,-1.,0.));
#9321 = ( GEOMETRIC_REPRESENTATION_CONTEXT(3) 
GLOBAL_UNCERTAINTY_ASSIGNED_CONTEXT((#9325)) 
GLOBAL_UNIT_ASSIGNED_CONTEXT((#9322,#9323,#9324)) REPRESENTATION_CONTEXT
('Context #1','3D Context with UNIT and UNCERTAINTY') );
#9322 = ( LENGTH_UNIT() NAMED_UNIT(*) SI_UNIT(.MILLI.,.METRE.) );
#9323 = ( NAMED_UNIT(*) PLANE_ANGLE_UNIT() SI_UNIT($,.RADIAN.) );
#9324 = ( NAMED_UNIT(*) SI_UNIT($,.STERADIAN.) SOLID_ANGLE_UNIT() );
#9325 = UNCERTAINTY_MEASURE_WITH_UNIT(LENGTH_MEASURE(1.E-07),#9322,
  'distance_accuracy_value','confusion accuracy');
#9326 = SHAPE_DEFINITION_REPRESENTATION(#9327,#8243);
#9327 = PRODUCT_DEFINITION_SHAPE('','',#9328);
#9328 = PRODUCT_DEFINITION('design','',#9329,#9332);
#9329 = PRODUCT_DEFINITION_FORMATION('','',#9330);
#9330 = PRODUCT('assemble_PCB_3','assemble_PCB_3','',(#9331));
#9331 = PRODUCT_CONTEXT('',#2,'mechanical');
#9332 = PRODUCT_DEFINITION_CONTEXT('part definition',#2,'design');
#9333 = CONTEXT_DEPENDENT_SHAPE_REPRESENTATION(#9334,#9336);
#9334 = ( REPRESENTATION_RELATIONSHIP('','',#8243,#10) 
REPRESENTATION_RELATIONSHIP_WITH_TRANSFORMATION(#9335) 
SHAPE_REPRESENTATION_RELATIONSHIP() );
#9335 = ITEM_DEFINED_TRANSFORMATION('','',#11,#23);
#9336 = PRODUCT_DEFINITION_SHAPE('Placement','Placement of an item',
  #9337);
#9337 = NEXT_ASSEMBLY_USAGE_OCCURRENCE('3','','',#5,#9328,$);
#9338 = PRODUCT_RELATED_PRODUCT_CATEGORY('part',$,(#9330));
#9339 = ADVANCED_BREP_SHAPE_REPRESENTATION('',(#11,#9340),#10417);
#9340 = MANIFOLD_SOLID_BREP('',#9341);
#9341 = CLOSED_SHELL('',(#9342,#9382,#9413,#9444,#9712,#9980,#9992,
    #10009,#10026,#10043,#10060,#10077,#10094,#10111,#10128,#10145,
    #10162,#10179,#10196,#10218,#10235,#10252,#10264,#10286,#10303,
    #10320,#10332,#10354,#10371,#10388,#10400));
#9342 = ADVANCED_FACE('',(#9343),#9377,.T.);
#9343 = FACE_BOUND('',#9344,.T.);
#9344 = EDGE_LOOP('',(#9345,#9355,#9363,#9371));
#9345 = ORIENTED_EDGE('',*,*,#9346,.T.);
#9346 = EDGE_CURVE('',#9347,#9349,#9351,.T.);
#9347 = VERTEX_POINT('',#9348);
#9348 = CARTESIAN_POINT('',(239.1,-48.1,0.));
#9349 = VERTEX_POINT('',#9350);
#9350 = CARTESIAN_POINT('',(239.1,-48.1,1.51));
#9351 = LINE('',#9352,#9353);
#9352 = CARTESIAN_POINT('',(239.1,-48.1,0.));
#9353 = VECTOR('',#9354,1.);
#9354 = DIRECTION('',(0.,0.,1.));
#9355 = ORIENTED_EDGE('',*,*,#9356,.T.);
#9356 = EDGE_CURVE('',#9349,#9357,#9359,.T.);
#9357 = VERTEX_POINT('',#9358);
#9358 = CARTESIAN_POINT('',(158.1,-48.1,1.51));
#9359 = LINE('',#9360,#9361);
#9360 = CARTESIAN_POINT('',(239.1,-48.1,1.51));
#9361 = VECTOR('',#9362,1.);
#9362 = DIRECTION('',(-1.,0.,0.));
#9363 = ORIENTED_EDGE('',*,*,#9364,.F.);
#9364 = EDGE_CURVE('',#9365,#9357,#9367,.T.);
#9365 = VERTEX_POINT('',#9366);
#9366 = CARTESIAN_POINT('',(158.1,-48.1,0.));
#9367 = LINE('',#9368,#9369);
#9368 = CARTESIAN_POINT('',(158.1,-48.1,0.));
#9369 = VECTOR('',#9370,1.);
#9370 = DIRECTION('',(0.,0.,1.));
#9371 = ORIENTED_EDGE('',*,*,#9372,.F.);
#9372 = EDGE_CURVE('',#9347,#9365,#9373,.T.);
#9373 = LINE('',#9374,#9375);
#9374 = CARTESIAN_POINT('',(239.1,-48.1,0.));
#9375 = VECTOR('',#9376,1.);
#9376 = DIRECTION('',(-1.,0.,0.));
#9377 = PLANE('',#9378);
#9378 = AXIS2_PLACEMENT_3D('',#9379,#9380,#9381);
#9379 = CARTESIAN_POINT('',(239.1,-48.1,0.));
#9380 = DIRECTION('',(0.,-1.,0.));
#9381 = DIRECTION('',(-1.,0.,0.));
#9382 = ADVANCED_FACE('',(#9383),#9408,.T.);
#9383 = FACE_BOUND('',#9384,.T.);
#9384 = EDGE_LOOP('',(#9385,#9395,#9401,#9402));
#9385 = ORIENTED_EDGE('',*,*,#9386,.T.);
#9386 = EDGE_CURVE('',#9387,#9389,#9391,.T.);
#9387 = VERTEX_POINT('',#9388);
#9388 = CARTESIAN_POINT('',(239.1,-33.1,0.));
#9389 = VERTEX_POINT('',#9390);
#9390 = CARTESIAN_POINT('',(239.1,-33.1,1.51));
#9391 = LINE('',#9392,#9393);
#9392 = CARTESIAN_POINT('',(239.1,-33.1,0.));
#9393 = VECTOR('',#9394,1.);
#9394 = DIRECTION('',(0.,0.,1.));
#9395 = ORIENTED_EDGE('',*,*,#9396,.T.);
#9396 = EDGE_CURVE('',#9389,#9349,#9397,.T.);
#9397 = LINE('',#9398,#9399);
#9398 = CARTESIAN_POINT('',(239.1,-33.1,1.51));
#9399 = VECTOR('',#9400,1.);
#9400 = DIRECTION('',(0.,-1.,0.));
#9401 = ORIENTED_EDGE('',*,*,#9346,.F.);
#9402 = ORIENTED_EDGE('',*,*,#9403,.F.);
#9403 = EDGE_CURVE('',#9387,#9347,#9404,.T.);
#9404 = LINE('',#9405,#9406);
#9405 = CARTESIAN_POINT('',(239.1,-33.1,0.));
#9406 = VECTOR('',#9407,1.);
#9407 = DIRECTION('',(0.,-1.,0.));
#9408 = PLANE('',#9409);
#9409 = AXIS2_PLACEMENT_3D('',#9410,#9411,#9412);
#9410 = CARTESIAN_POINT('',(239.1,-33.1,0.));
#9411 = DIRECTION('',(1.,0.,-0.));
#9412 = DIRECTION('',(0.,-1.,0.));
#9413 = ADVANCED_FACE('',(#9414),#9439,.T.);
#9414 = FACE_BOUND('',#9415,.T.);
#9415 = EDGE_LOOP('',(#9416,#9417,#9425,#9433));
#9416 = ORIENTED_EDGE('',*,*,#9364,.T.);
#9417 = ORIENTED_EDGE('',*,*,#9418,.T.);
#9418 = EDGE_CURVE('',#9357,#9419,#9421,.T.);
#9419 = VERTEX_POINT('',#9420);
#9420 = CARTESIAN_POINT('',(158.1,-33.1,1.51));
#9421 = LINE('',#9422,#9423);
#9422 = CARTESIAN_POINT('',(158.1,-48.1,1.51));
#9423 = VECTOR('',#9424,1.);
#9424 = DIRECTION('',(0.,1.,0.));
#9425 = ORIENTED_EDGE('',*,*,#9426,.F.);
#9426 = EDGE_CURVE('',#9427,#9419,#9429,.T.);
#9427 = VERTEX_POINT('',#9428);
#9428 = CARTESIAN_POINT('',(158.1,-33.1,0.));
#9429 = LINE('',#9430,#9431);
#9430 = CARTESIAN_POINT('',(158.1,-33.1,0.));
#9431 = VECTOR('',#9432,1.);
#9432 = DIRECTION('',(0.,0.,1.));
#9433 = ORIENTED_EDGE('',*,*,#9434,.F.);
#9434 = EDGE_CURVE('',#9365,#9427,#9435,.T.);
#9435 = LINE('',#9436,#9437);
#9436 = CARTESIAN_POINT('',(158.1,-48.1,0.));
#9437 = VECTOR('',#9438,1.);
#9438 = DIRECTION('',(0.,1.,0.));
#9439 = PLANE('',#9440);
#9440 = AXIS2_PLACEMENT_3D('',#9441,#9442,#9443);
#9441 = CARTESIAN_POINT('',(158.1,-48.1,0.));
#9442 = DIRECTION('',(-1.,0.,0.));
#9443 = DIRECTION('',(0.,1.,0.));
#9444 = ADVANCED_FACE('',(#9445,#9456,#9467,#9478,#9489,#9500,#9511,
    #9522,#9533,#9544,#9555,#9566,#9577,#9588,#9624,#9660,#9696),#9707,
  .F.);
#9445 = FACE_BOUND('',#9446,.F.);
#9446 = EDGE_LOOP('',(#9447,#9448,#9449,#9455));
#9447 = ORIENTED_EDGE('',*,*,#9372,.F.);
#9448 = ORIENTED_EDGE('',*,*,#9403,.F.);
#9449 = ORIENTED_EDGE('',*,*,#9450,.F.);
#9450 = EDGE_CURVE('',#9427,#9387,#9451,.T.);
#9451 = LINE('',#9452,#9453);
#9452 = CARTESIAN_POINT('',(158.1,-33.1,0.));
#9453 = VECTOR('',#9454,1.);
#9454 = DIRECTION('',(1.,0.,0.));
#9455 = ORIENTED_EDGE('',*,*,#9434,.F.);
#9456 = FACE_BOUND('',#9457,.F.);
#9457 = EDGE_LOOP('',(#9458));
#9458 = ORIENTED_EDGE('',*,*,#9459,.T.);
#9459 = EDGE_CURVE('',#9460,#9460,#9462,.T.);
#9460 = VERTEX_POINT('',#9461);
#9461 = CARTESIAN_POINT('',(171.15,-46.91,0.));
#9462 = CIRCLE('',#9463,0.5);
#9463 = AXIS2_PLACEMENT_3D('',#9464,#9465,#9466);
#9464 = CARTESIAN_POINT('',(171.15,-46.41,0.));
#9465 = DIRECTION('',(-0.,0.,-1.));
#9466 = DIRECTION('',(-0.,-1.,0.));
#9467 = FACE_BOUND('',#9468,.F.);
#9468 = EDGE_LOOP('',(#9469));
#9469 = ORIENTED_EDGE('',*,*,#9470,.T.);
#9470 = EDGE_CURVE('',#9471,#9471,#9473,.T.);
#9471 = VERTEX_POINT('',#9472);
#9472 = CARTESIAN_POINT('',(173.65,-46.91,0.));
#9473 = CIRCLE('',#9474,0.5);
#9474 = AXIS2_PLACEMENT_3D('',#9475,#9476,#9477);
#9475 = CARTESIAN_POINT('',(173.65,-46.41,0.));
#9476 = DIRECTION('',(-0.,0.,-1.));
#9477 = DIRECTION('',(-0.,-1.,0.));
#9478 = FACE_BOUND('',#9479,.F.);
#9479 = EDGE_LOOP('',(#9480));
#9480 = ORIENTED_EDGE('',*,*,#9481,.T.);
#9481 = EDGE_CURVE('',#9482,#9482,#9484,.T.);
#9482 = VERTEX_POINT('',#9483);
#9483 = CARTESIAN_POINT('',(176.19,-46.91,0.));
#9484 = CIRCLE('',#9485,0.5);
#9485 = AXIS2_PLACEMENT_3D('',#9486,#9487,#9488);
#9486 = CARTESIAN_POINT('',(176.19,-46.41,0.));
#9487 = DIRECTION('',(-0.,0.,-1.));
#9488 = DIRECTION('',(-0.,-1.,0.));
#9489 = FACE_BOUND('',#9490,.F.);
#9490 = EDGE_LOOP('',(#9491));
#9491 = ORIENTED_EDGE('',*,*,#9492,.T.);
#9492 = EDGE_CURVE('',#9493,#9493,#9495,.T.);
#9493 = VERTEX_POINT('',#9494);
#9494 = CARTESIAN_POINT('',(160.7,-45.165,0.));
#9495 = CIRCLE('',#9496,0.365);
#9496 = AXIS2_PLACEMENT_3D('',#9497,#9498,#9499);
#9497 = CARTESIAN_POINT('',(160.7,-44.8,0.));
#9498 = DIRECTION('',(-0.,0.,-1.));
#9499 = DIRECTION('',(-0.,-1.,0.));
#9500 = FACE_BOUND('',#9501,.F.);
#9501 = EDGE_LOOP('',(#9502));
#9502 = ORIENTED_EDGE('',*,*,#9503,.T.);
#9503 = EDGE_CURVE('',#9504,#9504,#9506,.T.);
#9504 = VERTEX_POINT('',#9505);
#9505 = CARTESIAN_POINT('',(162.2,-45.165,0.));
#9506 = CIRCLE('',#9507,0.365);
#9507 = AXIS2_PLACEMENT_3D('',#9508,#9509,#9510);
#9508 = CARTESIAN_POINT('',(162.2,-44.8,0.));
#9509 = DIRECTION('',(-0.,0.,-1.));
#9510 = DIRECTION('',(-0.,-1.,0.));
#9511 = FACE_BOUND('',#9512,.F.);
#9512 = EDGE_LOOP('',(#9513));
#9513 = ORIENTED_EDGE('',*,*,#9514,.T.);
#9514 = EDGE_CURVE('',#9515,#9515,#9517,.T.);
#9515 = VERTEX_POINT('',#9516);
#9516 = CARTESIAN_POINT('',(163.7,-45.165,0.));
#9517 = CIRCLE('',#9518,0.365);
#9518 = AXIS2_PLACEMENT_3D('',#9519,#9520,#9521);
#9519 = CARTESIAN_POINT('',(163.7,-44.8,0.));
#9520 = DIRECTION('',(-0.,0.,-1.));
#9521 = DIRECTION('',(-0.,-1.,0.));
#9522 = FACE_BOUND('',#9523,.F.);
#9523 = EDGE_LOOP('',(#9524));
#9524 = ORIENTED_EDGE('',*,*,#9525,.T.);
#9525 = EDGE_CURVE('',#9526,#9526,#9528,.T.);
#9526 = VERTEX_POINT('',#9527);
#9527 = CARTESIAN_POINT('',(236.3,-46.4,0.));
#9528 = CIRCLE('',#9529,1.1);
#9529 = AXIS2_PLACEMENT_3D('',#9530,#9531,#9532);
#9530 = CARTESIAN_POINT('',(236.3,-45.3,0.));
#9531 = DIRECTION('',(-0.,0.,-1.));
#9532 = DIRECTION('',(-0.,-1.,0.));
#9533 = FACE_BOUND('',#9534,.F.);
#9534 = EDGE_LOOP('',(#9535));
#9535 = ORIENTED_EDGE('',*,*,#9536,.T.);
#9536 = EDGE_CURVE('',#9537,#9537,#9539,.T.);
#9537 = VERTEX_POINT('',#9538);
#9538 = CARTESIAN_POINT('',(171.11,-39.29,0.));
#9539 = CIRCLE('',#9540,0.5);
#9540 = AXIS2_PLACEMENT_3D('',#9541,#9542,#9543);
#9541 = CARTESIAN_POINT('',(171.11,-38.79,0.));
#9542 = DIRECTION('',(-0.,0.,-1.));
#9543 = DIRECTION('',(-0.,-1.,0.));
#9544 = FACE_BOUND('',#9545,.F.);
#9545 = EDGE_LOOP('',(#9546));
#9546 = ORIENTED_EDGE('',*,*,#9547,.T.);
#9547 = EDGE_CURVE('',#9548,#9548,#9550,.T.);
#9548 = VERTEX_POINT('',#9549);
#9549 = CARTESIAN_POINT('',(173.65,-39.29,0.));
#9550 = CIRCLE('',#9551,0.5);
#9551 = AXIS2_PLACEMENT_3D('',#9552,#9553,#9554);
#9552 = CARTESIAN_POINT('',(173.65,-38.79,0.));
#9553 = DIRECTION('',(-0.,0.,-1.));
#9554 = DIRECTION('',(-0.,-1.,0.));
#9555 = FACE_BOUND('',#9556,.F.);
#9556 = EDGE_LOOP('',(#9557));
#9557 = ORIENTED_EDGE('',*,*,#9558,.T.);
#9558 = EDGE_CURVE('',#9559,#9559,#9561,.T.);
#9559 = VERTEX_POINT('',#9560);
#9560 = CARTESIAN_POINT('',(176.19,-39.29,0.));
#9561 = CIRCLE('',#9562,0.5);
#9562 = AXIS2_PLACEMENT_3D('',#9563,#9564,#9565);
#9563 = CARTESIAN_POINT('',(176.19,-38.79,0.));
#9564 = DIRECTION('',(-0.,0.,-1.));
#9565 = DIRECTION('',(-0.,-1.,0.));
#9566 = FACE_BOUND('',#9567,.F.);
#9567 = EDGE_LOOP('',(#9568));
#9568 = ORIENTED_EDGE('',*,*,#9569,.T.);
#9569 = EDGE_CURVE('',#9570,#9570,#9572,.T.);
#9570 = VERTEX_POINT('',#9571);
#9571 = CARTESIAN_POINT('',(185.4,-40.96,0.));
#9572 = CIRCLE('',#9573,0.51);
#9573 = AXIS2_PLACEMENT_3D('',#9574,#9575,#9576);
#9574 = CARTESIAN_POINT('',(185.4,-40.45,0.));
#9575 = DIRECTION('',(-0.,0.,-1.));
#9576 = DIRECTION('',(5.57288420204E-14,-1.,-0.));
#9577 = FACE_BOUND('',#9578,.F.);
#9578 = EDGE_LOOP('',(#9579));
#9579 = ORIENTED_EDGE('',*,*,#9580,.T.);
#9580 = EDGE_CURVE('',#9581,#9581,#9583,.T.);
#9581 = VERTEX_POINT('',#9582);
#9582 = CARTESIAN_POINT('',(160.9,-37.,0.));
#9583 = CIRCLE('',#9584,1.1);
#9584 = AXIS2_PLACEMENT_3D('',#9585,#9586,#9587);
#9585 = CARTESIAN_POINT('',(160.9,-35.9,0.));
#9586 = DIRECTION('',(-0.,0.,-1.));
#9587 = DIRECTION('',(-0.,-1.,0.));
#9588 = FACE_BOUND('',#9589,.F.);
#9589 = EDGE_LOOP('',(#9590,#9601,#9609,#9618));
#9590 = ORIENTED_EDGE('',*,*,#9591,.T.);
#9591 = EDGE_CURVE('',#9592,#9594,#9596,.T.);
#9592 = VERTEX_POINT('',#9593);
#9593 = CARTESIAN_POINT('',(170.55,-35.6,0.));
#9594 = VERTEX_POINT('',#9595);
#9595 = CARTESIAN_POINT('',(170.55,-36.1,0.));
#9596 = CIRCLE('',#9597,0.25);
#9597 = AXIS2_PLACEMENT_3D('',#9598,#9599,#9600);
#9598 = CARTESIAN_POINT('',(170.55,-35.85,0.));
#9599 = DIRECTION('',(-0.,0.,-1.));
#9600 = DIRECTION('',(-0.,-1.,0.));
#9601 = ORIENTED_EDGE('',*,*,#9602,.T.);
#9602 = EDGE_CURVE('',#9594,#9603,#9605,.T.);
#9603 = VERTEX_POINT('',#9604);
#9604 = CARTESIAN_POINT('',(170.25,-36.1,0.));
#9605 = LINE('',#9606,#9607);
#9606 = CARTESIAN_POINT('',(85.125,-36.1,0.));
#9607 = VECTOR('',#9608,1.);
#9608 = DIRECTION('',(-1.,0.,0.));
#9609 = ORIENTED_EDGE('',*,*,#9610,.T.);
#9610 = EDGE_CURVE('',#9603,#9611,#9613,.T.);
#9611 = VERTEX_POINT('',#9612);
#9612 = CARTESIAN_POINT('',(170.25,-35.6,0.));
#9613 = CIRCLE('',#9614,0.25);
#9614 = AXIS2_PLACEMENT_3D('',#9615,#9616,#9617);
#9615 = CARTESIAN_POINT('',(170.25,-35.85,0.));
#9616 = DIRECTION('',(-0.,0.,-1.));
#9617 = DIRECTION('',(0.,1.,0.));
#9618 = ORIENTED_EDGE('',*,*,#9619,.T.);
#9619 = EDGE_CURVE('',#9611,#9592,#9620,.T.);
#9620 = LINE('',#9621,#9622);
#9621 = CARTESIAN_POINT('',(85.275,-35.6,0.));
#9622 = VECTOR('',#9623,1.);
#9623 = DIRECTION('',(1.,0.,-0.));
#9624 = FACE_BOUND('',#9625,.F.);
#9625 = EDGE_LOOP('',(#9626,#9637,#9645,#9654));
#9626 = ORIENTED_EDGE('',*,*,#9627,.T.);
#9627 = EDGE_CURVE('',#9628,#9630,#9632,.T.);
#9628 = VERTEX_POINT('',#9629);
#9629 = CARTESIAN_POINT('',(173.05,-35.6,0.));
#9630 = VERTEX_POINT('',#9631);
#9631 = CARTESIAN_POINT('',(173.05,-36.1,0.));
#9632 = CIRCLE('',#9633,0.25);
#9633 = AXIS2_PLACEMENT_3D('',#9634,#9635,#9636);
#9634 = CARTESIAN_POINT('',(173.05,-35.85,0.));
#9635 = DIRECTION('',(-0.,0.,-1.));
#9636 = DIRECTION('',(-0.,-1.,0.));
#9637 = ORIENTED_EDGE('',*,*,#9638,.T.);
#9638 = EDGE_CURVE('',#9630,#9639,#9641,.T.);
#9639 = VERTEX_POINT('',#9640);
#9640 = CARTESIAN_POINT('',(172.75,-36.1,0.));
#9641 = LINE('',#9642,#9643);
#9642 = CARTESIAN_POINT('',(86.375,-36.1,0.));
#9643 = VECTOR('',#9644,1.);
#9644 = DIRECTION('',(-1.,0.,0.));
#9645 = ORIENTED_EDGE('',*,*,#9646,.T.);
#9646 = EDGE_CURVE('',#9639,#9647,#9649,.T.);
#9647 = VERTEX_POINT('',#9648);
#9648 = CARTESIAN_POINT('',(172.75,-35.6,0.));
#9649 = CIRCLE('',#9650,0.25);
#9650 = AXIS2_PLACEMENT_3D('',#9651,#9652,#9653);
#9651 = CARTESIAN_POINT('',(172.75,-35.85,0.));
#9652 = DIRECTION('',(-0.,0.,-1.));
#9653 = DIRECTION('',(0.,1.,0.));
#9654 = ORIENTED_EDGE('',*,*,#9655,.T.);
#9655 = EDGE_CURVE('',#9647,#9628,#9656,.T.);
#9656 = LINE('',#9657,#9658);
#9657 = CARTESIAN_POINT('',(86.525,-35.6,0.));
#9658 = VECTOR('',#9659,1.);
#9659 = DIRECTION('',(1.,0.,-0.));
#9660 = FACE_BOUND('',#9661,.F.);
#9661 = EDGE_LOOP('',(#9662,#9673,#9681,#9690));
#9662 = ORIENTED_EDGE('',*,*,#9663,.T.);
#9663 = EDGE_CURVE('',#9664,#9666,#9668,.T.);
#9664 = VERTEX_POINT('',#9665);
#9665 = CARTESIAN_POINT('',(175.55,-35.6,0.));
#9666 = VERTEX_POINT('',#9667);
#9667 = CARTESIAN_POINT('',(175.55,-36.1,0.));
#9668 = CIRCLE('',#9669,0.25);
#9669 = AXIS2_PLACEMENT_3D('',#9670,#9671,#9672);
#9670 = CARTESIAN_POINT('',(175.55,-35.85,0.));
#9671 = DIRECTION('',(-0.,0.,-1.));
#9672 = DIRECTION('',(-0.,-1.,0.));
#9673 = ORIENTED_EDGE('',*,*,#9674,.T.);
#9674 = EDGE_CURVE('',#9666,#9675,#9677,.T.);
#9675 = VERTEX_POINT('',#9676);
#9676 = CARTESIAN_POINT('',(175.25,-36.1,0.));
#9677 = LINE('',#9678,#9679);
#9678 = CARTESIAN_POINT('',(87.625,-36.1,0.));
#9679 = VECTOR('',#9680,1.);
#9680 = DIRECTION('',(-1.,0.,0.));
#9681 = ORIENTED_EDGE('',*,*,#9682,.T.);
#9682 = EDGE_CURVE('',#9675,#9683,#9685,.T.);
#9683 = VERTEX_POINT('',#9684);
#9684 = CARTESIAN_POINT('',(175.25,-35.6,0.));
#9685 = CIRCLE('',#9686,0.25);
#9686 = AXIS2_PLACEMENT_3D('',#9687,#9688,#9689);
#9687 = CARTESIAN_POINT('',(175.25,-35.85,0.));
#9688 = DIRECTION('',(-0.,0.,-1.));
#9689 = DIRECTION('',(0.,1.,0.));
#9690 = ORIENTED_EDGE('',*,*,#9691,.T.);
#9691 = EDGE_CURVE('',#9683,#9664,#9692,.T.);
#9692 = LINE('',#9693,#9694);
#9693 = CARTESIAN_POINT('',(87.775,-35.6,0.));
#9694 = VECTOR('',#9695,1.);
#9695 = DIRECTION('',(1.,0.,-0.));
#9696 = FACE_BOUND('',#9697,.F.);
#9697 = EDGE_LOOP('',(#9698));
#9698 = ORIENTED_EDGE('',*,*,#9699,.T.);
#9699 = EDGE_CURVE('',#9700,#9700,#9702,.T.);
#9700 = VERTEX_POINT('',#9701);
#9701 = CARTESIAN_POINT('',(230.2,-40.96,0.));
#9702 = CIRCLE('',#9703,0.51);
#9703 = AXIS2_PLACEMENT_3D('',#9704,#9705,#9706);
#9704 = CARTESIAN_POINT('',(230.2,-40.45,0.));
#9705 = DIRECTION('',(-0.,0.,-1.));
#9706 = DIRECTION('',(-0.,-1.,0.));
#9707 = PLANE('',#9708);
#9708 = AXIS2_PLACEMENT_3D('',#9709,#9710,#9711);
#9709 = CARTESIAN_POINT('',(0.,0.,0.));
#9710 = DIRECTION('',(0.,0.,1.));
#9711 = DIRECTION('',(1.,0.,-0.));
#9712 = ADVANCED_FACE('',(#9713,#9724,#9735,#9746,#9757,#9768,#9779,
    #9790,#9801,#9812,#9823,#9834,#9845,#9856,#9892,#9928,#9964),#9975,
  .T.);
#9713 = FACE_BOUND('',#9714,.T.);
#9714 = EDGE_LOOP('',(#9715,#9716,#9717,#9723));
#9715 = ORIENTED_EDGE('',*,*,#9356,.F.);
#9716 = ORIENTED_EDGE('',*,*,#9396,.F.);
#9717 = ORIENTED_EDGE('',*,*,#9718,.F.);
#9718 = EDGE_CURVE('',#9419,#9389,#9719,.T.);
#9719 = LINE('',#9720,#9721);
#9720 = CARTESIAN_POINT('',(158.1,-33.1,1.51));
#9721 = VECTOR('',#9722,1.);
#9722 = DIRECTION('',(1.,0.,0.));
#9723 = ORIENTED_EDGE('',*,*,#9418,.F.);
#9724 = FACE_BOUND('',#9725,.T.);
#9725 = EDGE_LOOP('',(#9726));
#9726 = ORIENTED_EDGE('',*,*,#9727,.T.);
#9727 = EDGE_CURVE('',#9728,#9728,#9730,.T.);
#9728 = VERTEX_POINT('',#9729);
#9729 = CARTESIAN_POINT('',(171.15,-46.91,1.51));
#9730 = CIRCLE('',#9731,0.5);
#9731 = AXIS2_PLACEMENT_3D('',#9732,#9733,#9734);
#9732 = CARTESIAN_POINT('',(171.15,-46.41,1.51));
#9733 = DIRECTION('',(-0.,0.,-1.));
#9734 = DIRECTION('',(-0.,-1.,0.));
#9735 = FACE_BOUND('',#9736,.T.);
#9736 = EDGE_LOOP('',(#9737));
#9737 = ORIENTED_EDGE('',*,*,#9738,.T.);
#9738 = EDGE_CURVE('',#9739,#9739,#9741,.T.);
#9739 = VERTEX_POINT('',#9740);
#9740 = CARTESIAN_POINT('',(173.65,-46.91,1.51));
#9741 = CIRCLE('',#9742,0.5);
#9742 = AXIS2_PLACEMENT_3D('',#9743,#9744,#9745);
#9743 = CARTESIAN_POINT('',(173.65,-46.41,1.51));
#9744 = DIRECTION('',(-0.,0.,-1.));
#9745 = DIRECTION('',(-0.,-1.,0.));
#9746 = FACE_BOUND('',#9747,.T.);
#9747 = EDGE_LOOP('',(#9748));
#9748 = ORIENTED_EDGE('',*,*,#9749,.T.);
#9749 = EDGE_CURVE('',#9750,#9750,#9752,.T.);
#9750 = VERTEX_POINT('',#9751);
#9751 = CARTESIAN_POINT('',(176.19,-46.91,1.51));
#9752 = CIRCLE('',#9753,0.5);
#9753 = AXIS2_PLACEMENT_3D('',#9754,#9755,#9756);
#9754 = CARTESIAN_POINT('',(176.19,-46.41,1.51));
#9755 = DIRECTION('',(-0.,0.,-1.));
#9756 = DIRECTION('',(-0.,-1.,0.));
#9757 = FACE_BOUND('',#9758,.T.);
#9758 = EDGE_LOOP('',(#9759));
#9759 = ORIENTED_EDGE('',*,*,#9760,.T.);
#9760 = EDGE_CURVE('',#9761,#9761,#9763,.T.);
#9761 = VERTEX_POINT('',#9762);
#9762 = CARTESIAN_POINT('',(160.7,-45.165,1.51));
#9763 = CIRCLE('',#9764,0.365);
#9764 = AXIS2_PLACEMENT_3D('',#9765,#9766,#9767);
#9765 = CARTESIAN_POINT('',(160.7,-44.8,1.51));
#9766 = DIRECTION('',(-0.,0.,-1.));
#9767 = DIRECTION('',(-0.,-1.,0.));
#9768 = FACE_BOUND('',#9769,.T.);
#9769 = EDGE_LOOP('',(#9770));
#9770 = ORIENTED_EDGE('',*,*,#9771,.T.);
#9771 = EDGE_CURVE('',#9772,#9772,#9774,.T.);
#9772 = VERTEX_POINT('',#9773);
#9773 = CARTESIAN_POINT('',(162.2,-45.165,1.51));
#9774 = CIRCLE('',#9775,0.365);
#9775 = AXIS2_PLACEMENT_3D('',#9776,#9777,#9778);
#9776 = CARTESIAN_POINT('',(162.2,-44.8,1.51));
#9777 = DIRECTION('',(-0.,0.,-1.));
#9778 = DIRECTION('',(-0.,-1.,0.));
#9779 = FACE_BOUND('',#9780,.T.);
#9780 = EDGE_LOOP('',(#9781));
#9781 = ORIENTED_EDGE('',*,*,#9782,.T.);
#9782 = EDGE_CURVE('',#9783,#9783,#9785,.T.);
#9783 = VERTEX_POINT('',#9784);
#9784 = CARTESIAN_POINT('',(163.7,-45.165,1.51));
#9785 = CIRCLE('',#9786,0.365);
#9786 = AXIS2_PLACEMENT_3D('',#9787,#9788,#9789);
#9787 = CARTESIAN_POINT('',(163.7,-44.8,1.51));
#9788 = DIRECTION('',(-0.,0.,-1.));
#9789 = DIRECTION('',(-0.,-1.,0.));
#9790 = FACE_BOUND('',#9791,.T.);
#9791 = EDGE_LOOP('',(#9792));
#9792 = ORIENTED_EDGE('',*,*,#9793,.T.);
#9793 = EDGE_CURVE('',#9794,#9794,#9796,.T.);
#9794 = VERTEX_POINT('',#9795);
#9795 = CARTESIAN_POINT('',(236.3,-46.4,1.51));
#9796 = CIRCLE('',#9797,1.1);
#9797 = AXIS2_PLACEMENT_3D('',#9798,#9799,#9800);
#9798 = CARTESIAN_POINT('',(236.3,-45.3,1.51));
#9799 = DIRECTION('',(-0.,0.,-1.));
#9800 = DIRECTION('',(-0.,-1.,0.));
#9801 = FACE_BOUND('',#9802,.T.);
#9802 = EDGE_LOOP('',(#9803));
#9803 = ORIENTED_EDGE('',*,*,#9804,.T.);
#9804 = EDGE_CURVE('',#9805,#9805,#9807,.T.);
#9805 = VERTEX_POINT('',#9806);
#9806 = CARTESIAN_POINT('',(171.11,-39.29,1.51));
#9807 = CIRCLE('',#9808,0.5);
#9808 = AXIS2_PLACEMENT_3D('',#9809,#9810,#9811);
#9809 = CARTESIAN_POINT('',(171.11,-38.79,1.51));
#9810 = DIRECTION('',(-0.,0.,-1.));
#9811 = DIRECTION('',(-0.,-1.,0.));
#9812 = FACE_BOUND('',#9813,.T.);
#9813 = EDGE_LOOP('',(#9814));
#9814 = ORIENTED_EDGE('',*,*,#9815,.T.);
#9815 = EDGE_CURVE('',#9816,#9816,#9818,.T.);
#9816 = VERTEX_POINT('',#9817);
#9817 = CARTESIAN_POINT('',(173.65,-39.29,1.51));
#9818 = CIRCLE('',#9819,0.5);
#9819 = AXIS2_PLACEMENT_3D('',#9820,#9821,#9822);
#9820 = CARTESIAN_POINT('',(173.65,-38.79,1.51));
#9821 = DIRECTION('',(-0.,0.,-1.));
#9822 = DIRECTION('',(-0.,-1.,0.));
#9823 = FACE_BOUND('',#9824,.T.);
#9824 = EDGE_LOOP('',(#9825));
#9825 = ORIENTED_EDGE('',*,*,#9826,.T.);
#9826 = EDGE_CURVE('',#9827,#9827,#9829,.T.);
#9827 = VERTEX_POINT('',#9828);
#9828 = CARTESIAN_POINT('',(176.19,-39.29,1.51));
#9829 = CIRCLE('',#9830,0.5);
#9830 = AXIS2_PLACEMENT_3D('',#9831,#9832,#9833);
#9831 = CARTESIAN_POINT('',(176.19,-38.79,1.51));
#9832 = DIRECTION('',(-0.,0.,-1.));
#9833 = DIRECTION('',(-0.,-1.,0.));
#9834 = FACE_BOUND('',#9835,.T.);
#9835 = EDGE_LOOP('',(#9836));
#9836 = ORIENTED_EDGE('',*,*,#9837,.T.);
#9837 = EDGE_CURVE('',#9838,#9838,#9840,.T.);
#9838 = VERTEX_POINT('',#9839);
#9839 = CARTESIAN_POINT('',(185.4,-40.96,1.51));
#9840 = CIRCLE('',#9841,0.51);
#9841 = AXIS2_PLACEMENT_3D('',#9842,#9843,#9844);
#9842 = CARTESIAN_POINT('',(185.4,-40.45,1.51));
#9843 = DIRECTION('',(-0.,0.,-1.));
#9844 = DIRECTION('',(5.57288420204E-14,-1.,-0.));
#9845 = FACE_BOUND('',#9846,.T.);
#9846 = EDGE_LOOP('',(#9847));
#9847 = ORIENTED_EDGE('',*,*,#9848,.T.);
#9848 = EDGE_CURVE('',#9849,#9849,#9851,.T.);
#9849 = VERTEX_POINT('',#9850);
#9850 = CARTESIAN_POINT('',(160.9,-37.,1.51));
#9851 = CIRCLE('',#9852,1.1);
#9852 = AXIS2_PLACEMENT_3D('',#9853,#9854,#9855);
#9853 = CARTESIAN_POINT('',(160.9,-35.9,1.51));
#9854 = DIRECTION('',(-0.,0.,-1.));
#9855 = DIRECTION('',(-0.,-1.,0.));
#9856 = FACE_BOUND('',#9857,.T.);
#9857 = EDGE_LOOP('',(#9858,#9869,#9877,#9886));
#9858 = ORIENTED_EDGE('',*,*,#9859,.T.);
#9859 = EDGE_CURVE('',#9860,#9862,#9864,.T.);
#9860 = VERTEX_POINT('',#9861);
#9861 = CARTESIAN_POINT('',(170.55,-35.6,1.51));
#9862 = VERTEX_POINT('',#9863);
#9863 = CARTESIAN_POINT('',(170.55,-36.1,1.51));
#9864 = CIRCLE('',#9865,0.25);
#9865 = AXIS2_PLACEMENT_3D('',#9866,#9867,#9868);
#9866 = CARTESIAN_POINT('',(170.55,-35.85,1.51));
#9867 = DIRECTION('',(-0.,0.,-1.));
#9868 = DIRECTION('',(-0.,-1.,0.));
#9869 = ORIENTED_EDGE('',*,*,#9870,.T.);
#9870 = EDGE_CURVE('',#9862,#9871,#9873,.T.);
#9871 = VERTEX_POINT('',#9872);
#9872 = CARTESIAN_POINT('',(170.25,-36.1,1.51));
#9873 = LINE('',#9874,#9875);
#9874 = CARTESIAN_POINT('',(85.125,-36.1,1.51));
#9875 = VECTOR('',#9876,1.);
#9876 = DIRECTION('',(-1.,0.,0.));
#9877 = ORIENTED_EDGE('',*,*,#9878,.T.);
#9878 = EDGE_CURVE('',#9871,#9879,#9881,.T.);
#9879 = VERTEX_POINT('',#9880);
#9880 = CARTESIAN_POINT('',(170.25,-35.6,1.51));
#9881 = CIRCLE('',#9882,0.25);
#9882 = AXIS2_PLACEMENT_3D('',#9883,#9884,#9885);
#9883 = CARTESIAN_POINT('',(170.25,-35.85,1.51));
#9884 = DIRECTION('',(-0.,0.,-1.));
#9885 = DIRECTION('',(0.,1.,0.));
#9886 = ORIENTED_EDGE('',*,*,#9887,.T.);
#9887 = EDGE_CURVE('',#9879,#9860,#9888,.T.);
#9888 = LINE('',#9889,#9890);
#9889 = CARTESIAN_POINT('',(85.275,-35.6,1.51));
#9890 = VECTOR('',#9891,1.);
#9891 = DIRECTION('',(1.,0.,-0.));
#9892 = FACE_BOUND('',#9893,.T.);
#9893 = EDGE_LOOP('',(#9894,#9905,#9913,#9922));
#9894 = ORIENTED_EDGE('',*,*,#9895,.T.);
#9895 = EDGE_CURVE('',#9896,#9898,#9900,.T.);
#9896 = VERTEX_POINT('',#9897);
#9897 = CARTESIAN_POINT('',(173.05,-35.6,1.51));
#9898 = VERTEX_POINT('',#9899);
#9899 = CARTESIAN_POINT('',(173.05,-36.1,1.51));
#9900 = CIRCLE('',#9901,0.25);
#9901 = AXIS2_PLACEMENT_3D('',#9902,#9903,#9904);
#9902 = CARTESIAN_POINT('',(173.05,-35.85,1.51));
#9903 = DIRECTION('',(-0.,0.,-1.));
#9904 = DIRECTION('',(-0.,-1.,0.));
#9905 = ORIENTED_EDGE('',*,*,#9906,.T.);
#9906 = EDGE_CURVE('',#9898,#9907,#9909,.T.);
#9907 = VERTEX_POINT('',#9908);
#9908 = CARTESIAN_POINT('',(172.75,-36.1,1.51));
#9909 = LINE('',#9910,#9911);
#9910 = CARTESIAN_POINT('',(86.375,-36.1,1.51));
#9911 = VECTOR('',#9912,1.);
#9912 = DIRECTION('',(-1.,0.,0.));
#9913 = ORIENTED_EDGE('',*,*,#9914,.T.);
#9914 = EDGE_CURVE('',#9907,#9915,#9917,.T.);
#9915 = VERTEX_POINT('',#9916);
#9916 = CARTESIAN_POINT('',(172.75,-35.6,1.51));
#9917 = CIRCLE('',#9918,0.25);
#9918 = AXIS2_PLACEMENT_3D('',#9919,#9920,#9921);
#9919 = CARTESIAN_POINT('',(172.75,-35.85,1.51));
#9920 = DIRECTION('',(-0.,0.,-1.));
#9921 = DIRECTION('',(0.,1.,0.));
#9922 = ORIENTED_EDGE('',*,*,#9923,.T.);
#9923 = EDGE_CURVE('',#9915,#9896,#9924,.T.);
#9924 = LINE('',#9925,#9926);
#9925 = CARTESIAN_POINT('',(86.525,-35.6,1.51));
#9926 = VECTOR('',#9927,1.);
#9927 = DIRECTION('',(1.,0.,-0.));
#9928 = FACE_BOUND('',#9929,.T.);
#9929 = EDGE_LOOP('',(#9930,#9941,#9949,#9958));
#9930 = ORIENTED_EDGE('',*,*,#9931,.T.);
#9931 = EDGE_CURVE('',#9932,#9934,#9936,.T.);
#9932 = VERTEX_POINT('',#9933);
#9933 = CARTESIAN_POINT('',(175.55,-35.6,1.51));
#9934 = VERTEX_POINT('',#9935);
#9935 = CARTESIAN_POINT('',(175.55,-36.1,1.51));
#9936 = CIRCLE('',#9937,0.25);
#9937 = AXIS2_PLACEMENT_3D('',#9938,#9939,#9940);
#9938 = CARTESIAN_POINT('',(175.55,-35.85,1.51));
#9939 = DIRECTION('',(-0.,0.,-1.));
#9940 = DIRECTION('',(-0.,-1.,0.));
#9941 = ORIENTED_EDGE('',*,*,#9942,.T.);
#9942 = EDGE_CURVE('',#9934,#9943,#9945,.T.);
#9943 = VERTEX_POINT('',#9944);
#9944 = CARTESIAN_POINT('',(175.25,-36.1,1.51));
#9945 = LINE('',#9946,#9947);
#9946 = CARTESIAN_POINT('',(87.625,-36.1,1.51));
#9947 = VECTOR('',#9948,1.);
#9948 = DIRECTION('',(-1.,0.,0.));
#9949 = ORIENTED_EDGE('',*,*,#9950,.T.);
#9950 = EDGE_CURVE('',#9943,#9951,#9953,.T.);
#9951 = VERTEX_POINT('',#9952);
#9952 = CARTESIAN_POINT('',(175.25,-35.6,1.51));
#9953 = CIRCLE('',#9954,0.25);
#9954 = AXIS2_PLACEMENT_3D('',#9955,#9956,#9957);
#9955 = CARTESIAN_POINT('',(175.25,-35.85,1.51));
#9956 = DIRECTION('',(-0.,0.,-1.));
#9957 = DIRECTION('',(0.,1.,0.));
#9958 = ORIENTED_EDGE('',*,*,#9959,.T.);
#9959 = EDGE_CURVE('',#9951,#9932,#9960,.T.);
#9960 = LINE('',#9961,#9962);
#9961 = CARTESIAN_POINT('',(87.775,-35.6,1.51));
#9962 = VECTOR('',#9963,1.);
#9963 = DIRECTION('',(1.,0.,-0.));
#9964 = FACE_BOUND('',#9965,.T.);
#9965 = EDGE_LOOP('',(#9966));
#9966 = ORIENTED_EDGE('',*,*,#9967,.T.);
#9967 = EDGE_CURVE('',#9968,#9968,#9970,.T.);
#9968 = VERTEX_POINT('',#9969);
#9969 = CARTESIAN_POINT('',(230.2,-40.96,1.51));
#9970 = CIRCLE('',#9971,0.51);
#9971 = AXIS2_PLACEMENT_3D('',#9972,#9973,#9974);
#9972 = CARTESIAN_POINT('',(230.2,-40.45,1.51));
#9973 = DIRECTION('',(-0.,0.,-1.));
#9974 = DIRECTION('',(-0.,-1.,0.));
#9975 = PLANE('',#9976);
#9976 = AXIS2_PLACEMENT_3D('',#9977,#9978,#9979);
#9977 = CARTESIAN_POINT('',(0.,0.,1.51));
#9978 = DIRECTION('',(0.,0.,1.));
#9979 = DIRECTION('',(1.,0.,-0.));
#9980 = ADVANCED_FACE('',(#9981),#9987,.T.);
#9981 = FACE_BOUND('',#9982,.T.);
#9982 = EDGE_LOOP('',(#9983,#9984,#9985,#9986));
#9983 = ORIENTED_EDGE('',*,*,#9426,.T.);
#9984 = ORIENTED_EDGE('',*,*,#9718,.T.);
#9985 = ORIENTED_EDGE('',*,*,#9386,.F.);
#9986 = ORIENTED_EDGE('',*,*,#9450,.F.);
#9987 = PLANE('',#9988);
#9988 = AXIS2_PLACEMENT_3D('',#9989,#9990,#9991);
#9989 = CARTESIAN_POINT('',(158.1,-33.1,0.));
#9990 = DIRECTION('',(0.,1.,0.));
#9991 = DIRECTION('',(1.,0.,0.));
#9992 = ADVANCED_FACE('',(#9993),#10004,.F.);
#9993 = FACE_BOUND('',#9994,.T.);
#9994 = EDGE_LOOP('',(#9995,#9996,#10002,#10003));
#9995 = ORIENTED_EDGE('',*,*,#9459,.T.);
#9996 = ORIENTED_EDGE('',*,*,#9997,.T.);
#9997 = EDGE_CURVE('',#9460,#9728,#9998,.T.);
#9998 = LINE('',#9999,#10000);
#9999 = CARTESIAN_POINT('',(171.15,-46.91,-4.6E-02));
#10000 = VECTOR('',#10001,1.);
#10001 = DIRECTION('',(0.,0.,1.));
#10002 = ORIENTED_EDGE('',*,*,#9727,.F.);
#10003 = ORIENTED_EDGE('',*,*,#9997,.F.);
#10004 = CYLINDRICAL_SURFACE('',#10005,0.5);
#10005 = AXIS2_PLACEMENT_3D('',#10006,#10007,#10008);
#10006 = CARTESIAN_POINT('',(171.15,-46.41,-4.6E-02));
#10007 = DIRECTION('',(-0.,-0.,-1.));
#10008 = DIRECTION('',(-0.,-1.,0.));
#10009 = ADVANCED_FACE('',(#10010),#10021,.F.);
#10010 = FACE_BOUND('',#10011,.T.);
#10011 = EDGE_LOOP('',(#10012,#10013,#10019,#10020));
#10012 = ORIENTED_EDGE('',*,*,#9470,.T.);
#10013 = ORIENTED_EDGE('',*,*,#10014,.T.);
#10014 = EDGE_CURVE('',#9471,#9739,#10015,.T.);
#10015 = LINE('',#10016,#10017);
#10016 = CARTESIAN_POINT('',(173.65,-46.91,-4.6E-02));
#10017 = VECTOR('',#10018,1.);
#10018 = DIRECTION('',(0.,0.,1.));
#10019 = ORIENTED_EDGE('',*,*,#9738,.F.);
#10020 = ORIENTED_EDGE('',*,*,#10014,.F.);
#10021 = CYLINDRICAL_SURFACE('',#10022,0.5);
#10022 = AXIS2_PLACEMENT_3D('',#10023,#10024,#10025);
#10023 = CARTESIAN_POINT('',(173.65,-46.41,-4.6E-02));
#10024 = DIRECTION('',(-0.,-0.,-1.));
#10025 = DIRECTION('',(-0.,-1.,0.));
#10026 = ADVANCED_FACE('',(#10027),#10038,.F.);
#10027 = FACE_BOUND('',#10028,.T.);
#10028 = EDGE_LOOP('',(#10029,#10030,#10036,#10037));
#10029 = ORIENTED_EDGE('',*,*,#9481,.T.);
#10030 = ORIENTED_EDGE('',*,*,#10031,.T.);
#10031 = EDGE_CURVE('',#9482,#9750,#10032,.T.);
#10032 = LINE('',#10033,#10034);
#10033 = CARTESIAN_POINT('',(176.19,-46.91,-4.6E-02));
#10034 = VECTOR('',#10035,1.);
#10035 = DIRECTION('',(0.,0.,1.));
#10036 = ORIENTED_EDGE('',*,*,#9749,.F.);
#10037 = ORIENTED_EDGE('',*,*,#10031,.F.);
#10038 = CYLINDRICAL_SURFACE('',#10039,0.5);
#10039 = AXIS2_PLACEMENT_3D('',#10040,#10041,#10042);
#10040 = CARTESIAN_POINT('',(176.19,-46.41,-4.6E-02));
#10041 = DIRECTION('',(-0.,-0.,-1.));
#10042 = DIRECTION('',(-0.,-1.,0.));
#10043 = ADVANCED_FACE('',(#10044),#10055,.F.);
#10044 = FACE_BOUND('',#10045,.T.);
#10045 = EDGE_LOOP('',(#10046,#10047,#10053,#10054));
#10046 = ORIENTED_EDGE('',*,*,#9492,.T.);
#10047 = ORIENTED_EDGE('',*,*,#10048,.T.);
#10048 = EDGE_CURVE('',#9493,#9761,#10049,.T.);
#10049 = LINE('',#10050,#10051);
#10050 = CARTESIAN_POINT('',(160.7,-45.165,-4.6E-02));
#10051 = VECTOR('',#10052,1.);
#10052 = DIRECTION('',(0.,0.,1.));
#10053 = ORIENTED_EDGE('',*,*,#9760,.F.);
#10054 = ORIENTED_EDGE('',*,*,#10048,.F.);
#10055 = CYLINDRICAL_SURFACE('',#10056,0.365);
#10056 = AXIS2_PLACEMENT_3D('',#10057,#10058,#10059);
#10057 = CARTESIAN_POINT('',(160.7,-44.8,-4.6E-02));
#10058 = DIRECTION('',(-0.,-0.,-1.));
#10059 = DIRECTION('',(-0.,-1.,0.));
#10060 = ADVANCED_FACE('',(#10061),#10072,.F.);
#10061 = FACE_BOUND('',#10062,.T.);
#10062 = EDGE_LOOP('',(#10063,#10064,#10070,#10071));
#10063 = ORIENTED_EDGE('',*,*,#9503,.T.);
#10064 = ORIENTED_EDGE('',*,*,#10065,.T.);
#10065 = EDGE_CURVE('',#9504,#9772,#10066,.T.);
#10066 = LINE('',#10067,#10068);
#10067 = CARTESIAN_POINT('',(162.2,-45.165,-4.6E-02));
#10068 = VECTOR('',#10069,1.);
#10069 = DIRECTION('',(0.,0.,1.));
#10070 = ORIENTED_EDGE('',*,*,#9771,.F.);
#10071 = ORIENTED_EDGE('',*,*,#10065,.F.);
#10072 = CYLINDRICAL_SURFACE('',#10073,0.365);
#10073 = AXIS2_PLACEMENT_3D('',#10074,#10075,#10076);
#10074 = CARTESIAN_POINT('',(162.2,-44.8,-4.6E-02));
#10075 = DIRECTION('',(-0.,-0.,-1.));
#10076 = DIRECTION('',(-0.,-1.,0.));
#10077 = ADVANCED_FACE('',(#10078),#10089,.F.);
#10078 = FACE_BOUND('',#10079,.T.);
#10079 = EDGE_LOOP('',(#10080,#10081,#10087,#10088));
#10080 = ORIENTED_EDGE('',*,*,#9514,.T.);
#10081 = ORIENTED_EDGE('',*,*,#10082,.T.);
#10082 = EDGE_CURVE('',#9515,#9783,#10083,.T.);
#10083 = LINE('',#10084,#10085);
#10084 = CARTESIAN_POINT('',(163.7,-45.165,-4.6E-02));
#10085 = VECTOR('',#10086,1.);
#10086 = DIRECTION('',(0.,0.,1.));
#10087 = ORIENTED_EDGE('',*,*,#9782,.F.);
#10088 = ORIENTED_EDGE('',*,*,#10082,.F.);
#10089 = CYLINDRICAL_SURFACE('',#10090,0.365);
#10090 = AXIS2_PLACEMENT_3D('',#10091,#10092,#10093);
#10091 = CARTESIAN_POINT('',(163.7,-44.8,-4.6E-02));
#10092 = DIRECTION('',(-0.,-0.,-1.));
#10093 = DIRECTION('',(-0.,-1.,0.));
#10094 = ADVANCED_FACE('',(#10095),#10106,.F.);
#10095 = FACE_BOUND('',#10096,.T.);
#10096 = EDGE_LOOP('',(#10097,#10098,#10104,#10105));
#10097 = ORIENTED_EDGE('',*,*,#9525,.T.);
#10098 = ORIENTED_EDGE('',*,*,#10099,.T.);
#10099 = EDGE_CURVE('',#9526,#9794,#10100,.T.);
#10100 = LINE('',#10101,#10102);
#10101 = CARTESIAN_POINT('',(236.3,-46.4,-4.6E-02));
#10102 = VECTOR('',#10103,1.);
#10103 = DIRECTION('',(0.,0.,1.));
#10104 = ORIENTED_EDGE('',*,*,#9793,.F.);
#10105 = ORIENTED_EDGE('',*,*,#10099,.F.);
#10106 = CYLINDRICAL_SURFACE('',#10107,1.1);
#10107 = AXIS2_PLACEMENT_3D('',#10108,#10109,#10110);
#10108 = CARTESIAN_POINT('',(236.3,-45.3,-4.6E-02));
#10109 = DIRECTION('',(-0.,-0.,-1.));
#10110 = DIRECTION('',(-0.,-1.,0.));
#10111 = ADVANCED_FACE('',(#10112),#10123,.F.);
#10112 = FACE_BOUND('',#10113,.T.);
#10113 = EDGE_LOOP('',(#10114,#10115,#10121,#10122));
#10114 = ORIENTED_EDGE('',*,*,#9536,.T.);
#10115 = ORIENTED_EDGE('',*,*,#10116,.T.);
#10116 = EDGE_CURVE('',#9537,#9805,#10117,.T.);
#10117 = LINE('',#10118,#10119);
#10118 = CARTESIAN_POINT('',(171.11,-39.29,-4.6E-02));
#10119 = VECTOR('',#10120,1.);
#10120 = DIRECTION('',(0.,0.,1.));
#10121 = ORIENTED_EDGE('',*,*,#9804,.F.);
#10122 = ORIENTED_EDGE('',*,*,#10116,.F.);
#10123 = CYLINDRICAL_SURFACE('',#10124,0.5);
#10124 = AXIS2_PLACEMENT_3D('',#10125,#10126,#10127);
#10125 = CARTESIAN_POINT('',(171.11,-38.79,-4.6E-02));
#10126 = DIRECTION('',(-0.,-0.,-1.));
#10127 = DIRECTION('',(-0.,-1.,0.));
#10128 = ADVANCED_FACE('',(#10129),#10140,.F.);
#10129 = FACE_BOUND('',#10130,.T.);
#10130 = EDGE_LOOP('',(#10131,#10132,#10138,#10139));
#10131 = ORIENTED_EDGE('',*,*,#9547,.T.);
#10132 = ORIENTED_EDGE('',*,*,#10133,.T.);
#10133 = EDGE_CURVE('',#9548,#9816,#10134,.T.);
#10134 = LINE('',#10135,#10136);
#10135 = CARTESIAN_POINT('',(173.65,-39.29,-4.6E-02));
#10136 = VECTOR('',#10137,1.);
#10137 = DIRECTION('',(0.,0.,1.));
#10138 = ORIENTED_EDGE('',*,*,#9815,.F.);
#10139 = ORIENTED_EDGE('',*,*,#10133,.F.);
#10140 = CYLINDRICAL_SURFACE('',#10141,0.5);
#10141 = AXIS2_PLACEMENT_3D('',#10142,#10143,#10144);
#10142 = CARTESIAN_POINT('',(173.65,-38.79,-4.6E-02));
#10143 = DIRECTION('',(-0.,-0.,-1.));
#10144 = DIRECTION('',(-0.,-1.,0.));
#10145 = ADVANCED_FACE('',(#10146),#10157,.F.);
#10146 = FACE_BOUND('',#10147,.T.);
#10147 = EDGE_LOOP('',(#10148,#10149,#10155,#10156));
#10148 = ORIENTED_EDGE('',*,*,#9558,.T.);
#10149 = ORIENTED_EDGE('',*,*,#10150,.T.);
#10150 = EDGE_CURVE('',#9559,#9827,#10151,.T.);
#10151 = LINE('',#10152,#10153);
#10152 = CARTESIAN_POINT('',(176.19,-39.29,-4.6E-02));
#10153 = VECTOR('',#10154,1.);
#10154 = DIRECTION('',(0.,0.,1.));
#10155 = ORIENTED_EDGE('',*,*,#9826,.F.);
#10156 = ORIENTED_EDGE('',*,*,#10150,.F.);
#10157 = CYLINDRICAL_SURFACE('',#10158,0.5);
#10158 = AXIS2_PLACEMENT_3D('',#10159,#10160,#10161);
#10159 = CARTESIAN_POINT('',(176.19,-38.79,-4.6E-02));
#10160 = DIRECTION('',(-0.,-0.,-1.));
#10161 = DIRECTION('',(-0.,-1.,0.));
#10162 = ADVANCED_FACE('',(#10163),#10174,.F.);
#10163 = FACE_BOUND('',#10164,.T.);
#10164 = EDGE_LOOP('',(#10165,#10166,#10172,#10173));
#10165 = ORIENTED_EDGE('',*,*,#9569,.T.);
#10166 = ORIENTED_EDGE('',*,*,#10167,.T.);
#10167 = EDGE_CURVE('',#9570,#9838,#10168,.T.);
#10168 = LINE('',#10169,#10170);
#10169 = CARTESIAN_POINT('',(185.4,-40.96,-4.6E-02));
#10170 = VECTOR('',#10171,1.);
#10171 = DIRECTION('',(0.,0.,1.));
#10172 = ORIENTED_EDGE('',*,*,#9837,.F.);
#10173 = ORIENTED_EDGE('',*,*,#10167,.F.);
#10174 = CYLINDRICAL_SURFACE('',#10175,0.51);
#10175 = AXIS2_PLACEMENT_3D('',#10176,#10177,#10178);
#10176 = CARTESIAN_POINT('',(185.4,-40.45,-4.6E-02));
#10177 = DIRECTION('',(-0.,0.,-1.));
#10178 = DIRECTION('',(5.57288420204E-14,-1.,-0.));
#10179 = ADVANCED_FACE('',(#10180),#10191,.F.);
#10180 = FACE_BOUND('',#10181,.T.);
#10181 = EDGE_LOOP('',(#10182,#10183,#10189,#10190));
#10182 = ORIENTED_EDGE('',*,*,#9580,.T.);
#10183 = ORIENTED_EDGE('',*,*,#10184,.T.);
#10184 = EDGE_CURVE('',#9581,#9849,#10185,.T.);
#10185 = LINE('',#10186,#10187);
#10186 = CARTESIAN_POINT('',(160.9,-37.,-4.6E-02));
#10187 = VECTOR('',#10188,1.);
#10188 = DIRECTION('',(0.,0.,1.));
#10189 = ORIENTED_EDGE('',*,*,#9848,.F.);
#10190 = ORIENTED_EDGE('',*,*,#10184,.F.);
#10191 = CYLINDRICAL_SURFACE('',#10192,1.1);
#10192 = AXIS2_PLACEMENT_3D('',#10193,#10194,#10195);
#10193 = CARTESIAN_POINT('',(160.9,-35.9,-4.6E-02));
#10194 = DIRECTION('',(-0.,-0.,-1.));
#10195 = DIRECTION('',(-0.,-1.,0.));
#10196 = ADVANCED_FACE('',(#10197),#10213,.F.);
#10197 = FACE_BOUND('',#10198,.T.);
#10198 = EDGE_LOOP('',(#10199,#10200,#10206,#10207));
#10199 = ORIENTED_EDGE('',*,*,#9591,.T.);
#10200 = ORIENTED_EDGE('',*,*,#10201,.T.);
#10201 = EDGE_CURVE('',#9594,#9862,#10202,.T.);
#10202 = LINE('',#10203,#10204);
#10203 = CARTESIAN_POINT('',(170.55,-36.1,-4.6E-02));
#10204 = VECTOR('',#10205,1.);
#10205 = DIRECTION('',(0.,0.,1.));
#10206 = ORIENTED_EDGE('',*,*,#9859,.F.);
#10207 = ORIENTED_EDGE('',*,*,#10208,.F.);
#10208 = EDGE_CURVE('',#9592,#9860,#10209,.T.);
#10209 = LINE('',#10210,#10211);
#10210 = CARTESIAN_POINT('',(170.55,-35.6,-4.6E-02));
#10211 = VECTOR('',#10212,1.);
#10212 = DIRECTION('',(0.,0.,1.));
#10213 = CYLINDRICAL_SURFACE('',#10214,0.25);
#10214 = AXIS2_PLACEMENT_3D('',#10215,#10216,#10217);
#10215 = CARTESIAN_POINT('',(170.55,-35.85,-4.6E-02));
#10216 = DIRECTION('',(-0.,-0.,-1.));
#10217 = DIRECTION('',(-0.,-1.,0.));
#10218 = ADVANCED_FACE('',(#10219),#10230,.T.);
#10219 = FACE_BOUND('',#10220,.T.);
#10220 = EDGE_LOOP('',(#10221,#10222,#10223,#10224));
#10221 = ORIENTED_EDGE('',*,*,#9619,.T.);
#10222 = ORIENTED_EDGE('',*,*,#10208,.T.);
#10223 = ORIENTED_EDGE('',*,*,#9887,.F.);
#10224 = ORIENTED_EDGE('',*,*,#10225,.F.);
#10225 = EDGE_CURVE('',#9611,#9879,#10226,.T.);
#10226 = LINE('',#10227,#10228);
#10227 = CARTESIAN_POINT('',(170.25,-35.6,-4.6E-02));
#10228 = VECTOR('',#10229,1.);
#10229 = DIRECTION('',(0.,0.,1.));
#10230 = PLANE('',#10231);
#10231 = AXIS2_PLACEMENT_3D('',#10232,#10233,#10234);
#10232 = CARTESIAN_POINT('',(170.55,-35.6,-4.6E-02));
#10233 = DIRECTION('',(0.,-1.,0.));
#10234 = DIRECTION('',(-1.,0.,0.));
#10235 = ADVANCED_FACE('',(#10236),#10247,.F.);
#10236 = FACE_BOUND('',#10237,.T.);
#10237 = EDGE_LOOP('',(#10238,#10239,#10240,#10241));
#10238 = ORIENTED_EDGE('',*,*,#9610,.T.);
#10239 = ORIENTED_EDGE('',*,*,#10225,.T.);
#10240 = ORIENTED_EDGE('',*,*,#9878,.F.);
#10241 = ORIENTED_EDGE('',*,*,#10242,.F.);
#10242 = EDGE_CURVE('',#9603,#9871,#10243,.T.);
#10243 = LINE('',#10244,#10245);
#10244 = CARTESIAN_POINT('',(170.25,-36.1,-4.6E-02));
#10245 = VECTOR('',#10246,1.);
#10246 = DIRECTION('',(0.,0.,1.));
#10247 = CYLINDRICAL_SURFACE('',#10248,0.25);
#10248 = AXIS2_PLACEMENT_3D('',#10249,#10250,#10251);
#10249 = CARTESIAN_POINT('',(170.25,-35.85,-4.6E-02));
#10250 = DIRECTION('',(-0.,0.,-1.));
#10251 = DIRECTION('',(0.,1.,0.));
#10252 = ADVANCED_FACE('',(#10253),#10259,.T.);
#10253 = FACE_BOUND('',#10254,.T.);
#10254 = EDGE_LOOP('',(#10255,#10256,#10257,#10258));
#10255 = ORIENTED_EDGE('',*,*,#9602,.T.);
#10256 = ORIENTED_EDGE('',*,*,#10242,.T.);
#10257 = ORIENTED_EDGE('',*,*,#9870,.F.);
#10258 = ORIENTED_EDGE('',*,*,#10201,.F.);
#10259 = PLANE('',#10260);
#10260 = AXIS2_PLACEMENT_3D('',#10261,#10262,#10263);
#10261 = CARTESIAN_POINT('',(170.25,-36.1,-4.6E-02));
#10262 = DIRECTION('',(0.,1.,0.));
#10263 = DIRECTION('',(1.,0.,0.));
#10264 = ADVANCED_FACE('',(#10265),#10281,.F.);
#10265 = FACE_BOUND('',#10266,.T.);
#10266 = EDGE_LOOP('',(#10267,#10268,#10274,#10275));
#10267 = ORIENTED_EDGE('',*,*,#9627,.T.);
#10268 = ORIENTED_EDGE('',*,*,#10269,.T.);
#10269 = EDGE_CURVE('',#9630,#9898,#10270,.T.);
#10270 = LINE('',#10271,#10272);
#10271 = CARTESIAN_POINT('',(173.05,-36.1,-4.6E-02));
#10272 = VECTOR('',#10273,1.);
#10273 = DIRECTION('',(0.,0.,1.));
#10274 = ORIENTED_EDGE('',*,*,#9895,.F.);
#10275 = ORIENTED_EDGE('',*,*,#10276,.F.);
#10276 = EDGE_CURVE('',#9628,#9896,#10277,.T.);
#10277 = LINE('',#10278,#10279);
#10278 = CARTESIAN_POINT('',(173.05,-35.6,-4.6E-02));
#10279 = VECTOR('',#10280,1.);
#10280 = DIRECTION('',(0.,0.,1.));
#10281 = CYLINDRICAL_SURFACE('',#10282,0.25);
#10282 = AXIS2_PLACEMENT_3D('',#10283,#10284,#10285);
#10283 = CARTESIAN_POINT('',(173.05,-35.85,-4.6E-02));
#10284 = DIRECTION('',(-0.,-0.,-1.));
#10285 = DIRECTION('',(-0.,-1.,0.));
#10286 = ADVANCED_FACE('',(#10287),#10298,.T.);
#10287 = FACE_BOUND('',#10288,.T.);
#10288 = EDGE_LOOP('',(#10289,#10290,#10291,#10292));
#10289 = ORIENTED_EDGE('',*,*,#9655,.T.);
#10290 = ORIENTED_EDGE('',*,*,#10276,.T.);
#10291 = ORIENTED_EDGE('',*,*,#9923,.F.);
#10292 = ORIENTED_EDGE('',*,*,#10293,.F.);
#10293 = EDGE_CURVE('',#9647,#9915,#10294,.T.);
#10294 = LINE('',#10295,#10296);
#10295 = CARTESIAN_POINT('',(172.75,-35.6,-4.6E-02));
#10296 = VECTOR('',#10297,1.);
#10297 = DIRECTION('',(0.,0.,1.));
#10298 = PLANE('',#10299);
#10299 = AXIS2_PLACEMENT_3D('',#10300,#10301,#10302);
#10300 = CARTESIAN_POINT('',(173.05,-35.6,-4.6E-02));
#10301 = DIRECTION('',(0.,-1.,0.));
#10302 = DIRECTION('',(-1.,0.,0.));
#10303 = ADVANCED_FACE('',(#10304),#10315,.F.);
#10304 = FACE_BOUND('',#10305,.T.);
#10305 = EDGE_LOOP('',(#10306,#10307,#10308,#10309));
#10306 = ORIENTED_EDGE('',*,*,#9646,.T.);
#10307 = ORIENTED_EDGE('',*,*,#10293,.T.);
#10308 = ORIENTED_EDGE('',*,*,#9914,.F.);
#10309 = ORIENTED_EDGE('',*,*,#10310,.F.);
#10310 = EDGE_CURVE('',#9639,#9907,#10311,.T.);
#10311 = LINE('',#10312,#10313);
#10312 = CARTESIAN_POINT('',(172.75,-36.1,-4.6E-02));
#10313 = VECTOR('',#10314,1.);
#10314 = DIRECTION('',(0.,0.,1.));
#10315 = CYLINDRICAL_SURFACE('',#10316,0.25);
#10316 = AXIS2_PLACEMENT_3D('',#10317,#10318,#10319);
#10317 = CARTESIAN_POINT('',(172.75,-35.85,-4.6E-02));
#10318 = DIRECTION('',(-0.,0.,-1.));
#10319 = DIRECTION('',(0.,1.,0.));
#10320 = ADVANCED_FACE('',(#10321),#10327,.T.);
#10321 = FACE_BOUND('',#10322,.T.);
#10322 = EDGE_LOOP('',(#10323,#10324,#10325,#10326));
#10323 = ORIENTED_EDGE('',*,*,#9638,.T.);
#10324 = ORIENTED_EDGE('',*,*,#10310,.T.);
#10325 = ORIENTED_EDGE('',*,*,#9906,.F.);
#10326 = ORIENTED_EDGE('',*,*,#10269,.F.);
#10327 = PLANE('',#10328);
#10328 = AXIS2_PLACEMENT_3D('',#10329,#10330,#10331);
#10329 = CARTESIAN_POINT('',(172.75,-36.1,-4.6E-02));
#10330 = DIRECTION('',(0.,1.,0.));
#10331 = DIRECTION('',(1.,0.,0.));
#10332 = ADVANCED_FACE('',(#10333),#10349,.F.);
#10333 = FACE_BOUND('',#10334,.T.);
#10334 = EDGE_LOOP('',(#10335,#10336,#10342,#10343));
#10335 = ORIENTED_EDGE('',*,*,#9663,.T.);
#10336 = ORIENTED_EDGE('',*,*,#10337,.T.);
#10337 = EDGE_CURVE('',#9666,#9934,#10338,.T.);
#10338 = LINE('',#10339,#10340);
#10339 = CARTESIAN_POINT('',(175.55,-36.1,-4.6E-02));
#10340 = VECTOR('',#10341,1.);
#10341 = DIRECTION('',(0.,0.,1.));
#10342 = ORIENTED_EDGE('',*,*,#9931,.F.);
#10343 = ORIENTED_EDGE('',*,*,#10344,.F.);
#10344 = EDGE_CURVE('',#9664,#9932,#10345,.T.);
#10345 = LINE('',#10346,#10347);
#10346 = CARTESIAN_POINT('',(175.55,-35.6,-4.6E-02));
#10347 = VECTOR('',#10348,1.);
#10348 = DIRECTION('',(0.,0.,1.));
#10349 = CYLINDRICAL_SURFACE('',#10350,0.25);
#10350 = AXIS2_PLACEMENT_3D('',#10351,#10352,#10353);
#10351 = CARTESIAN_POINT('',(175.55,-35.85,-4.6E-02));
#10352 = DIRECTION('',(-0.,-0.,-1.));
#10353 = DIRECTION('',(-0.,-1.,0.));
#10354 = ADVANCED_FACE('',(#10355),#10366,.T.);
#10355 = FACE_BOUND('',#10356,.T.);
#10356 = EDGE_LOOP('',(#10357,#10358,#10359,#10360));
#10357 = ORIENTED_EDGE('',*,*,#9691,.T.);
#10358 = ORIENTED_EDGE('',*,*,#10344,.T.);
#10359 = ORIENTED_EDGE('',*,*,#9959,.F.);
#10360 = ORIENTED_EDGE('',*,*,#10361,.F.);
#10361 = EDGE_CURVE('',#9683,#9951,#10362,.T.);
#10362 = LINE('',#10363,#10364);
#10363 = CARTESIAN_POINT('',(175.25,-35.6,-4.6E-02));
#10364 = VECTOR('',#10365,1.);
#10365 = DIRECTION('',(0.,0.,1.));
#10366 = PLANE('',#10367);
#10367 = AXIS2_PLACEMENT_3D('',#10368,#10369,#10370);
#10368 = CARTESIAN_POINT('',(175.55,-35.6,-4.6E-02));
#10369 = DIRECTION('',(0.,-1.,0.));
#10370 = DIRECTION('',(-1.,0.,0.));
#10371 = ADVANCED_FACE('',(#10372),#10383,.F.);
#10372 = FACE_BOUND('',#10373,.T.);
#10373 = EDGE_LOOP('',(#10374,#10375,#10376,#10377));
#10374 = ORIENTED_EDGE('',*,*,#9682,.T.);
#10375 = ORIENTED_EDGE('',*,*,#10361,.T.);
#10376 = ORIENTED_EDGE('',*,*,#9950,.F.);
#10377 = ORIENTED_EDGE('',*,*,#10378,.F.);
#10378 = EDGE_CURVE('',#9675,#9943,#10379,.T.);
#10379 = LINE('',#10380,#10381);
#10380 = CARTESIAN_POINT('',(175.25,-36.1,-4.6E-02));
#10381 = VECTOR('',#10382,1.);
#10382 = DIRECTION('',(0.,0.,1.));
#10383 = CYLINDRICAL_SURFACE('',#10384,0.25);
#10384 = AXIS2_PLACEMENT_3D('',#10385,#10386,#10387);
#10385 = CARTESIAN_POINT('',(175.25,-35.85,-4.6E-02));
#10386 = DIRECTION('',(-0.,0.,-1.));
#10387 = DIRECTION('',(0.,1.,0.));
#10388 = ADVANCED_FACE('',(#10389),#10395,.T.);
#10389 = FACE_BOUND('',#10390,.T.);
#10390 = EDGE_LOOP('',(#10391,#10392,#10393,#10394));
#10391 = ORIENTED_EDGE('',*,*,#9674,.T.);
#10392 = ORIENTED_EDGE('',*,*,#10378,.T.);
#10393 = ORIENTED_EDGE('',*,*,#9942,.F.);
#10394 = ORIENTED_EDGE('',*,*,#10337,.F.);
#10395 = PLANE('',#10396);
#10396 = AXIS2_PLACEMENT_3D('',#10397,#10398,#10399);
#10397 = CARTESIAN_POINT('',(175.25,-36.1,-4.6E-02));
#10398 = DIRECTION('',(0.,1.,0.));
#10399 = DIRECTION('',(1.,0.,0.));
#10400 = ADVANCED_FACE('',(#10401),#10412,.F.);
#10401 = FACE_BOUND('',#10402,.T.);
#10402 = EDGE_LOOP('',(#10403,#10404,#10410,#10411));
#10403 = ORIENTED_EDGE('',*,*,#9699,.T.);
#10404 = ORIENTED_EDGE('',*,*,#10405,.T.);
#10405 = EDGE_CURVE('',#9700,#9968,#10406,.T.);
#10406 = LINE('',#10407,#10408);
#10407 = CARTESIAN_POINT('',(230.2,-40.96,-4.6E-02));
#10408 = VECTOR('',#10409,1.);
#10409 = DIRECTION('',(0.,0.,1.));
#10410 = ORIENTED_EDGE('',*,*,#9967,.F.);
#10411 = ORIENTED_EDGE('',*,*,#10405,.F.);
#10412 = CYLINDRICAL_SURFACE('',#10413,0.51);
#10413 = AXIS2_PLACEMENT_3D('',#10414,#10415,#10416);
#10414 = CARTESIAN_POINT('',(230.2,-40.45,-4.6E-02));
#10415 = DIRECTION('',(-0.,-0.,-1.));
#10416 = DIRECTION('',(-0.,-1.,0.));
#10417 = ( GEOMETRIC_REPRESENTATION_CONTEXT(3) 
GLOBAL_UNCERTAINTY_ASSIGNED_CONTEXT((#10421)) 
GLOBAL_UNIT_ASSIGNED_CONTEXT((#10418,#10419,#10420)) 
REPRESENTATION_CONTEXT('Context #1',
  '3D Context with UNIT and UNCERTAINTY') );
#10418 = ( LENGTH_UNIT() NAMED_UNIT(*) SI_UNIT(.MILLI.,.METRE.) );
#10419 = ( NAMED_UNIT(*) PLANE_ANGLE_UNIT() SI_UNIT($,.RADIAN.) );
#10420 = ( NAMED_UNIT(*) SI_UNIT($,.STERADIAN.) SOLID_ANGLE_UNIT() );
#10421 = UNCERTAINTY_MEASURE_WITH_UNIT(LENGTH_MEASURE(1.E-07),#10418,
  'distance_accuracy_value','confusion accuracy');
#10422 = SHAPE_DEFINITION_REPRESENTATION(#10423,#9339);
#10423 = PRODUCT_DEFINITION_SHAPE('','',#10424);
#10424 = PRODUCT_DEFINITION('design','',#10425,#10428);
#10425 = PRODUCT_DEFINITION_FORMATION('','',#10426);
#10426 = PRODUCT('assemble_PCB_4','assemble_PCB_4','',(#10427));
#10427 = PRODUCT_CONTEXT('',#2,'mechanical');
#10428 = PRODUCT_DEFINITION_CONTEXT('part definition',#2,'design');
#10429 = CONTEXT_DEPENDENT_SHAPE_REPRESENTATION(#10430,#10432);
#10430 = ( REPRESENTATION_RELATIONSHIP('','',#9339,#10) 
REPRESENTATION_RELATIONSHIP_WITH_TRANSFORMATION(#10431) 
SHAPE_REPRESENTATION_RELATIONSHIP() );
#10431 = ITEM_DEFINED_TRANSFORMATION('','',#11,#27);
#10432 = PRODUCT_DEFINITION_SHAPE('Placement','Placement of an item',
  #10433);
#10433 = NEXT_ASSEMBLY_USAGE_OCCURRENCE('4','','',#5,#10424,$);
#10434 = PRODUCT_RELATED_PRODUCT_CATEGORY('part',$,(#10426));
#10435 = MECHANICAL_DESIGN_GEOMETRIC_PRESENTATION_REPRESENTATION('',(
    #10436),#10417);
#10436 = STYLED_ITEM('color',(#10437),#9340);
#10437 = PRESENTATION_STYLE_ASSIGNMENT((#10438));
#10438 = SURFACE_STYLE_USAGE(.BOTH.,#10439);
#10439 = SURFACE_SIDE_STYLE('',(#10440));
#10440 = SURFACE_STYLE_FILL_AREA(#10441);
#10441 = FILL_AREA_STYLE('',(#10442));
#10442 = FILL_AREA_STYLE_COLOUR('',#10443);
#10443 = COLOUR_RGB('',0.313304153717,0.484529207832,0.410020903123);
#10444 = MECHANICAL_DESIGN_GEOMETRIC_PRESENTATION_REPRESENTATION('',(
    #10445),#9321);
#10445 = STYLED_ITEM('color',(#10446),#8244);
#10446 = PRESENTATION_STYLE_ASSIGNMENT((#10447));
#10447 = SURFACE_STYLE_USAGE(.BOTH.,#10448);
#10448 = SURFACE_SIDE_STYLE('',(#10449));
#10449 = SURFACE_STYLE_FILL_AREA(#10450);
#10450 = FILL_AREA_STYLE('',(#10451));
#10451 = FILL_AREA_STYLE_COLOUR('',#10443);
#10452 = MECHANICAL_DESIGN_GEOMETRIC_PRESENTATION_REPRESENTATION('',(
    #10453),#8225);
#10453 = STYLED_ITEM('color',(#10454),#4141);
#10454 = PRESENTATION_STYLE_ASSIGNMENT((#10455));
#10455 = SURFACE_STYLE_USAGE(.BOTH.,#10456);
#10456 = SURFACE_SIDE_STYLE('',(#10457));
#10457 = SURFACE_STYLE_FILL_AREA(#10458);
#10458 = FILL_AREA_STYLE('',(#10459));
#10459 = FILL_AREA_STYLE_COLOUR('',#10443);
#10460 = MECHANICAL_DESIGN_GEOMETRIC_PRESENTATION_REPRESENTATION('',(
    #10461),#4122);
#10461 = STYLED_ITEM('color',(#10462),#38);
#10462 = PRESENTATION_STYLE_ASSIGNMENT((#10463));
#10463 = SURFACE_STYLE_USAGE(.BOTH.,#10464);
#10464 = SURFACE_SIDE_STYLE('',(#10465));
#10465 = SURFACE_STYLE_FILL_AREA(#10466);
#10466 = FILL_AREA_STYLE('',(#10467));
#10467 = FILL_AREA_STYLE_COLOUR('',#10443);
ENDSEC;
END-ISO-10303-21;
